"time","resistor.plug_p.reference.gamma","speed.phi"
0,1.5707963267949,0
0.0005,1.88483778242936,-0.0784809114774892
0.001,2.19864361861482,-0.15684401323047
0.0015,2.51221383535125,-0.23508930525894
0.002,2.82554843263866,-0.313216787562901
0.0025,3.13864741047705,-0.391226460142353
0.003,3.45151076886643,-0.469118322997295
0.0035,3.76413850780678,-0.546892376127727
0.004,4.07653062729811,-0.62454861953365
0.0045,4.38868712734043,-0.702087053215063
0.005,4.70060800793373,-0.779507677171966
0.0055,5.012293269078,-0.85681049140436
0.006,5.32374291077326,-0.933995495912244
0.0065,5.6349569330195,-1.01106269069562
0.007,5.94593533581672,-1.08801207575448
0.0075,6.25667811916492,-1.16484365108884
0.008,6.5671852830641,-1.24155741669869
0.0085,6.87745682751426,-1.31815337258402
0.009,7.18749275251541,-1.39463151874485
0.0095,7.49729305806753,-1.47099185518117
0.01,7.80685774417063,-1.54723438189297
0.0105,8.11618681082472,-1.62335909888027
0.011,8.42528025802978,-1.69936600614306
0.0115,8.73413808578583,-1.77525510368134
0.012,9.04276029409286,-1.85102639149511
0.0125,9.35114688295087,-1.92667986958436
0.013,9.65929785235986,-2.00221553794911
0.0135,9.96721320231983,-2.07763339658935
0.014,10.2748929328308,-2.15293344550508
0.0145,10.5823370438927,-2.22811568469631
0.015,10.8895455355056,-2.30318011416302
0.0155,11.1965184076695,-2.37812673390522
0.016,11.5032556603844,-2.45295554392291
0.0165,11.8097572936502,-2.52766654421609
0.017,12.1160233074671,-2.60225973478477
0.0175,12.4220537018349,-2.67673511562893
0.018,12.7278484767537,-2.75109268674858
0.0185,13.0334076322235,-2.82533244814373
0.019,13.3387311682442,-2.89945439981436
0.0195,13.643819084816,-2.97345854176048
0.02,13.9486713819387,-3.0473448739821
0.0205,14.2532880596124,-3.1211133964792
0.021,14.5576691178371,-3.1947641092518
0.0215,14.8618145566127,-3.26829701229989
0.022,15.1657243759394,-3.34171210562346
0.0225,15.469398575817,-3.41500938922253
0.023,15.7728371562456,-3.48818886309709
0.0235,16.0760401172252,-3.56125052724713
0.024,16.3790074587557,-3.63419438167267
0.0245,16.6817391808373,-3.7070204263737
0.025,16.9842352834698,-3.77972866135022
0.0255,17.2864957666533,-3.85231908660223
0.026,17.5885206303878,-3.92479170212973
0.0265,17.8903098746733,-3.99714650793272
0.027,18.1918634995097,-4.0693835040112
0.0275,18.4931815048972,-4.14150269036517
0.028,18.7942638908356,-4.21350406699463
0.0285,19.095110657325,-4.28538763389958
0.029,19.3957218043653,-4.35715339108002
0.0295,19.6960973319567,-4.42880133853596
0.03,19.996237240099,-4.50033147626738
0.0305,20.2961415287923,-4.57174380427429
0.031,20.5958101980366,-4.64303832255669
0.0315,20.8952432478319,-4.71421503111459
0.032,21.1944406781782,-4.78527392994797
0.0325,21.4934024890754,-4.85621501905685
0.033,21.7921286805236,-4.92703829844121
0.0335,22.0906192525228,-4.99774376810107
0.034,22.388874205073,-5.06833142803641
0.0345,22.6868935381742,-5.13880127824725
0.035,22.9846772518263,-5.20915331873358
0.0355,23.2822253460295,-5.27938754949539
0.036,23.5795378207836,-5.3495039705327
0.0365,23.8766146760886,-5.4195025818455
0.037,24.1734559119447,-5.48938338343379
0.0375,24.4700615283517,-5.55914637529756
0.038,24.7664315253098,-5.62879155743683
0.0385,25.0625659028188,-5.69831892985159
0.039,25.3584646608788,-5.76772849254184
0.0395,25.6541277994897,-5.83702024550758
0.04,25.9495553186517,-5.90619418874881
0.0405,26.2447472183646,-5.97525032226553
0.041,26.5397034986285,-6.04418864605774
0.0415,26.8344241594434,-6.11300916012545
0.042,27.1289092008093,-6.18171186446864
0.0425,27.4231586227262,-6.25029675908732
0.043,27.717172425194,-6.31876384398149
0.0435,28.0109506082128,-6.38711311915115
0.044,28.3044931717826,-6.45534458459631
0.0445,28.5978001159034,-6.52345824031695
0.045,28.8908714405751,-6.59145408631309
0.0455,29.1837071457979,-6.65933212258471
0.046,29.4763072315716,-6.72709234913182
0.0465,29.7686716978963,-6.79473476595443
0.047,30.060800544772,-6.86225937305252
0.0475,30.3526937721986,-6.92966617042611
0.048,30.6443513801763,-6.99695515807519
0.0485,30.9357733687049,-7.06412633599975
0.049,31.2269597377845,-7.13117970419981
0.0495,31.5179104874151,-7.19811526267536
0.05,31.8086256175967,-7.2649330114264
0.0505,32.0991051283292,-7.33163295045293
0.051,32.3893490196127,-7.39821507975494
0.0515,32.6793572914472,-7.46467939933245
0.052,32.9691299438327,-7.53102590918545
0.0525,33.2586669767692,-7.59725460931394
0.053,33.5479683902566,-7.66336549971792
0.0535,33.8370341842951,-7.72935858039739
0.054,34.1258643588845,-7.79523385135235
0.0545,34.4144589140249,-7.86099131258281
0.055,34.7028178497163,-7.92663096408875
0.0555,34.9909411659586,-7.99215280587018
0.056,35.278828862752,-8.0575568379271
0.0565,35.5664809400963,-8.12284306025952
0.057,35.8538973979916,-8.18801147286742
0.0575,36.1410782364378,-8.25306207575081
0.058,36.4280234554351,-8.3179948689097
0.0585,36.7147330549833,-8.38280985234407
0.059,37.0012070350826,-8.44750702605393
0.0595,37.2874453957328,-8.51208639003929
0.06,37.5734481369339,-8.57654794430014
0.0605,37.8592152586861,-8.64089168883647
0.061,38.1447467609892,-8.7051176236483
0.0615,38.4300426438434,-8.76922574873562
0.062,38.7151029072485,-8.83321606409842
0.0625,38.9999275512046,-8.89708856973672
0.063,39.2845165757116,-8.96084326565051
0.0635,39.5688699807697,-9.02448015183979
0.064,39.8529877663787,-9.08799922830455
0.0645,40.1368699325387,-9.15140049504481
0.065,40.4205164792497,-9.21468395206056
0.0655,40.7039274065117,-9.27784959935181
0.066,40.9871027143246,-9.34089743691854
0.0665,41.2700424026885,-9.40382746476075
0.067,41.5527464716034,-9.46663968287847
0.0675,41.8352149210693,-9.52933409127167
0.068,42.1174477510862,-9.59191068994036
0.0685,42.3994449616541,-9.65436947888454
0.069,42.6812065527729,-9.71671045810421
0.0695,42.9627325244427,-9.77893362759938
0.07,43.2440228766635,-9.84103898737003
0.0705,43.5250776094353,-9.90302653741617
0.071,43.805896722758,-9.96489627773781
0.0715,44.0864802166318,-10.0266482083349
0.072,44.3668280910565,-10.0882823292075
0.0725,44.6469403460322,-10.1497986403556
0.073,44.9268169815589,-10.2111971417792
0.0735,45.2064579976365,-10.2724778334783
0.074,45.4858633942652,-10.3336407154529
0.0745,45.7650331714448,-10.394685787703
0.075,46.0439673291754,-10.4556130502285
0.0755,46.322665867457,-10.5164225030296
0.076,46.6011287862896,-10.5771141461061
0.0765,46.8793560856731,-10.6376879794581
0.077,47.1573477656076,-10.6981440030857
0.0775,47.4351038260931,-10.7584822169887
0.078,47.7126242671296,-10.8187026211672
0.0785,47.9899090887171,-10.8788052156212
0.079,48.2669582908556,-10.9387900003506
0.0795,48.543771873545,-10.9986569753556
0.08,48.8203498367854,-11.0584061406361
0.0805,49.0966921805768,-11.118037496192
0.081,49.3727989049192,-11.1775510420235
0.0815,49.6486700098125,-11.2369467781304
0.082,49.9243054952569,-11.2962247045128
0.0825,50.1997053612522,-11.3553848211707
0.083,50.4748696077985,-11.4144271281041
0.0835,50.7497982348957,-11.473351625313
0.084,51.024491242544,-11.5321583127974
0.0845,51.2989486307432,-11.5908471905573
0.085,51.5731703994935,-11.6494182585927
0.0855,51.8471565487947,-11.7078715169035
0.086,52.1209070786468,-11.7662069654899
0.0865,52.39442198905,-11.8244246043517
0.087,52.6677012800041,-11.882524433489
0.0875,52.9407449515093,-11.9405064529018
0.088,53.2135530035654,-11.9983706625901
0.0885,53.4861254361724,-12.0561170625539
0.089,53.7584622493305,-12.1137456527932
0.0895,54.0305634430396,-12.171256433308
0.09,54.3024290172996,-12.2286494040983
0.0905,54.5740589721106,-12.285924565164
0.091,54.8454533074726,-12.3430819165053
0.0915,55.1166120233855,-12.400121458122
0.092,55.3875351198495,-12.4570431900143
0.0925,55.6582225968644,-12.513847112182
0.093,55.9286744544303,-12.5705332246252
0.0935,56.1988906925472,-12.6271015273439
0.094,56.4688713112151,-12.6835520203381
0.0945,56.738616310434,-12.7398847036078
0.095,57.0081256902038,-12.7960995771529
0.0955,57.2773994505246,-12.8521966409736
0.096,57.5464375913964,-12.9081758950697
0.0965,57.8152401128192,-12.9640373394414
0.097,58.0838070147929,-13.0197809740885
0.0975,58.3521382973177,-13.0754067990111
0.098,58.6202339603934,-13.1309148142093
0.0985,58.8880940040201,-13.1863050196829
0.099,59.1557184281978,-13.241577415432
0.0995,59.4231072329264,-13.2967320014565
0.1,59.6902604182061,-13.3517687777566
0.1005,59.9571779840367,-13.4066877443322
0.101,60.2238599304183,-13.4614889011832
0.1015,60.4903062573509,-13.5161722483098
0.102,60.7565169648345,-13.5707377857118
0.1025,61.022492052869,-13.6251855133894
0.103,61.2882315214545,-13.6795154313424
0.1035,61.553735370591,-13.7337275395709
0.104,61.8190036002785,-13.7878218380749
0.1045,62.084036210517,-13.8417983268544
0.105,62.3488332013064,-13.8956570059094
0.1055,62.6133945726469,-13.9493978752398
0.106,62.8777203245383,-14.0030209348458
0.1065,63.1418104569807,-14.0565261847272
0.107,63.4056649699741,-14.1099136248842
0.1075,63.6692838635184,-14.1631832553166
0.108,63.9326671376137,-14.2163350760245
0.1085,64.1958147922601,-14.2693690870079
0.109,64.4587268274574,-14.3222852882669
0.1095,64.7214032432056,-14.3750836798012
0.11,64.9838440395049,-14.4277642616111
0.1105,65.2460492163551,-14.4803270336965
0.111,65.5080187737563,-14.5327719960574
0.1115,65.7697527117085,-14.5850991486937
0.112,66.0312510302117,-14.6373084916056
0.1125,66.2925137292659,-14.6894000247929
0.113,66.553540808871,-14.7413737482557
0.1135,66.8143322690271,-14.793229661994
0.114,67.0748881097342,-14.8449677660079
0.1145,67.3352083309923,-14.8965880602971
0.115,67.5952929328014,-14.9480905448619
0.1155,67.8551419151614,-14.9994752197022
0.116,68.1147552780725,-15.050742084818
0.1165,68.3741330215345,-15.1018911402092
0.117,68.6332751455475,-15.152922385876
0.1175,68.8921816501114,-15.2038358218182
0.118,69.1508525352264,-15.254631448036
0.1185,69.4092878008923,-15.3053092645292
0.119,69.6674874471092,-15.3558692712979
0.1195,69.9254514738771,-15.4063114683421
0.12,70.183179881196,-15.4566358556618
0.1205,70.4406726690658,-15.506842433257
0.121,70.6979298374867,-15.5569312011276
0.1215,70.9549513864585,-15.6069021592738
0.122,71.2117373159813,-15.6567553076955
0.1225,71.4682876260551,-15.7064906463926
0.123,71.7246023166798,-15.7561081753652
0.1235,71.9806813878556,-15.8056078946134
0.124,72.2365248395823,-15.854989804137
0.1245,72.49213267186,-15.9042539039361
0.125,72.7475048846887,-15.9534001940107
0.1255,73.0026414780683,-16.0024286743608
0.126,73.257542451999,-16.0513393449863
0.1265,73.5122078064806,-16.1001322058874
0.127,73.7666375415132,-16.148807257064
0.1275,74.0208316570968,-16.197364498516
0.128,74.2747901532313,-16.2458039302435
0.1285,74.5285130299169,-16.2941255522466
0.129,74.7820002871534,-16.3423293645251
0.1295,75.0352519249409,-16.3904153670791
0.13,75.2882679432794,-16.4383835599086
0.1305,75.5410483421689,-16.4862339430136
0.131,75.7935931216093,-16.5339665163941
0.1315,76.0459022816008,-16.58158128005
0.132,76.2979758221432,-16.6290782339815
0.1325,76.5498137432366,-16.6764573781884
0.133,76.801416044881,-16.7237187126709
0.1335,77.0527827270763,-16.7708622374288
0.134,77.3039137898226,-16.8178879524622
0.1345,77.5548092331199,-16.8647958577712
0.135,77.8054690569682,-16.9115859533556
0.1355,78.0558932613675,-16.9582582392154
0.136,78.3060818463178,-17.0048127153508
0.1365,78.556034811819,-17.0512493817617
0.137,78.8057521578712,-17.0975682384481
0.1375,79.0552338844744,-17.1437692854099
0.138,79.3044799916286,-17.1898525226473
0.1385,79.5534904793338,-17.2358179501601
0.139,79.8022653475899,-17.2816655679484
0.1395,80.050804596397,-17.3273953760123
0.14,80.2991082257551,-17.3730073743516
0.1405,80.5471762356642,-17.4185015629664
0.141,80.7950086261243,-17.4638779418566
0.1415,81.0426053971353,-17.5091365110224
0.142,81.2899665486974,-17.5542772704637
0.1425,81.5370920808104,-17.5993002201805
0.143,81.7839819934744,-17.6442053601727
0.1435,82.0306362866893,-17.6889926904404
0.144,82.2770549604553,-17.7336622109837
0.1445,82.5232380147722,-17.7782139218024
0.145,82.7691854496401,-17.8226478228966
0.1455,83.014897265059,-17.8669639142663
0.146,83.2603734610289,-17.9111621959115
0.1465,83.5056140375497,-17.9552426678322
0.147,83.7506189946216,-17.9992053300283
0.1475,83.9953883322444,-18.0430501825
0.148,84.2399220504182,-18.0867772252472
0.1485,84.484220149143,-18.1303864582698
0.149,84.7282826284187,-18.1738778815679
0.1495,84.9721094882455,-18.2172514951416
0.15,85.2157007286232,-18.2605072989907
0.1505,85.4590563495519,-18.3036452931153
0.151,85.7021763510315,-18.3466654775154
0.1515,85.9450607330622,-18.389567852191
0.152,86.1877094956438,-18.432352417142
0.1525,86.4301226387765,-18.4750191723686
0.153,86.6723001624601,-18.5175681178707
0.1535,86.9142420666947,-18.5599992536482
0.154,87.1559483514802,-18.6023125797012
0.1545,87.3974190168168,-18.6445080960298
0.155,87.6386540627043,-18.6865858026338
0.1555,87.8796534891428,-18.7285456995133
0.156,88.1204172961323,-18.7703877866683
0.1565,88.3609454836728,-18.8121120640988
0.157,88.6012380517642,-18.8537185318048
0.1575,88.8412950004066,-18.8952071897862
0.158,89.0811163296001,-18.9365780380432
0.1585,89.3207020393444,-18.9778310765757
0.159,89.5600521296398,-19.0189663053836
0.1595,89.7991666004862,-19.059983724467
0.16,90.0380454518835,-19.1008833338259
0.1605,90.2766886838318,-19.1416651334604
0.161,90.5150962963311,-19.1823291233703
0.1615,90.7532682893814,-19.2228753035557
0.162,90.9912046629827,-19.2633036740165
0.1625,91.2289054171349,-19.3036142347529
0.163,91.4663705518381,-19.3438069857648
0.1635,91.7036000670923,-19.3838819270521
0.164,91.9405939628975,-19.423839058615
0.1645,92.1773522392536,-19.4636783804533
0.165,92.4138748961608,-19.5033998925671
0.1655,92.6501619336189,-19.5430035949565
0.166,92.886213351628,-19.5824894876213
0.1665,93.1220291501881,-19.6218575705616
0.167,93.3576093292992,-19.6611078437773
0.1675,93.5929538889612,-19.7002403072686
0.168,93.8280628291742,-19.7392549610354
0.1685,94.0629361499382,-19.7781518050777
0.169,94.2975738512532,-19.8169308393954
0.1695,94.5319759331192,-19.8555920639886
0.17,94.7661423955361,-19.8941354788574
0.1705,95.0000732385041,-19.9325610840016
0.171,95.233768462023,-19.9708688794213
0.1715,95.4672280660929,-20.0090588651165
0.172,95.7004520507137,-20.0471310410872
0.1725,95.9334404158856,-20.0850854073334
0.173,96.1661931616084,-20.122921963855
0.1735,96.3987102878823,-20.1606407106522
0.174,96.630991794707,-20.1982416477249
0.1745,96.8630376820828,-20.235724775073
0.175,97.0948479500096,-20.2730900926966
0.1755,97.3264225984873,-20.3103376005958
0.176,97.557761627516,-20.3474672987704
0.1765,97.7888650370957,-20.3844791872205
0.177,98.0197328272264,-20.4213732659461
0.1775,98.2503649979081,-20.4581495349472
0.178,98.4807615491407,-20.4948079942237
0.1785,98.7109224809243,-20.5313486437758
0.179,98.9408477932589,-20.5677714836034
0.1795,99.1705374861445,-20.6040765137064
0.18,99.3999915595811,-20.6402637340849
0.1805,99.6292100135686,-20.676333144739
0.181,99.8581928481071,-20.7122847456685
0.1815,100.086940063197,-20.7481185368735
0.182,100.315451658837,-20.783834518354
0.1825,100.543727635029,-20.81943269011
0.183,100.771767991771,-20.8549130521415
0.1835,100.999572729064,-20.8902756044484
0.184,101.227141846909,-20.9255203470309
0.1845,101.454475345304,-20.9606472798888
0.185,101.681573224251,-20.9956564030223
0.1855,101.908435483748,-21.0305477164312
0.186,102.135062123796,-21.0653212201156
0.1865,102.361453144396,-21.0999769140756
0.187,102.587608545546,-21.134514798311
0.1875,102.813528327247,-21.1689348728219
0.188,103.039212489499,-21.2032371376082
0.1885,103.264661032303,-21.2374215926701
0.189,103.489873955657,-21.2714882380075
0.1895,103.714851259562,-21.3054370736203
0.19,103.939592944018,-21.3392680995087
0.1905,104.164099009026,-21.3729813156725
0.191,104.388369454584,-21.4065767221118
0.1915,104.612404280693,-21.4400543188267
0.192,104.836203487353,-21.473414105817
0.1925,105.059767074564,-21.5066560830828
0.193,105.283095042326,-21.539780250624
0.1935,105.506187390639,-21.5727866084408
0.194,105.729044119503,-21.6056751565331
0.1945,105.951665228918,-21.6384458949008
0.195,106.174050718884,-21.6710988235441
0.1955,106.396200589401,-21.7036339424628
0.196,106.618114840469,-21.7360512516571
0.1965,106.839793472088,-21.7683507511268
0.197,107.061236484258,-21.800532440872
0.1975,107.282443876979,-21.8325963208927
0.198,107.503415650251,-21.8645423911889
0.1985,107.724151804073,-21.8963706517606
0.199,107.944652338447,-21.9280811026077
0.1995,108.164917253372,-21.9596737437304
0.2,108.384946548848,-21.9911485751286
0.2005,108.604740224875,-22.0225055968022
0.201,108.824298281452,-22.0537448087513
0.2015,109.043620718581,-22.084866210976
0.202,109.262707536261,-22.1158698034761
0.2025,109.481558734492,-22.1467555862517
0.203,109.700174313273,-22.1775235593028
0.2035,109.918554272606,-22.2081737226294
0.204,110.13669861249,-22.2387060762314
0.2045,110.354607332924,-22.269120620109
0.205,110.57228043391,-22.2994173542621
0.2055,110.789717915446,-22.3295962786906
0.206,111.006919777534,-22.3596573933946
0.2065,111.223886020172,-22.3896006983742
0.207,111.440616643362,-22.4194261936292
0.2075,111.657111647103,-22.4491338791597
0.208,111.873371031394,-22.4787237549657
0.2085,112.089394796236,-22.5081958210472
0.209,112.30518294163,-22.5375500774042
0.2095,112.520735467574,-22.5667865240366
0.21,112.73605237407,-22.5959051609446
0.2105,112.951133661116,-22.624905988128
0.211,113.165979328714,-22.653789005587
0.2115,113.380589376862,-22.6825542133214
0.212,113.594963805561,-22.7112016113313
0.2125,113.809102614812,-22.7397311996167
0.213,114.023005804613,-22.7681429781777
0.2135,114.236673374965,-22.796436947014
0.214,114.450105325868,-22.8246131061259
0.2145,114.663301657323,-22.8526714555133
0.215,114.876262369328,-22.8806119951762
0.2155,115.088987461884,-22.9084347251145
0.216,115.301476934991,-22.9361396453284
0.2165,115.513730788649,-22.9637267558177
0.217,115.725749022858,-22.9911960565825
0.2175,115.937531637619,-23.0185475476228
0.218,116.14907863293,-23.0457812289387
0.2185,116.360390008792,-23.0728971005299
0.219,116.571465765205,-23.0998951623967
0.2195,116.782305902169,-23.126775414539
0.22,116.992910419684,-23.1535378569568
0.2205,117.20327931775,-23.18018248965
0.221,117.413412596367,-23.2067093126188
0.2215,117.623310255535,-23.233118325863
0.222,117.832972295254,-23.2594095293828
0.2225,118.042398715524,-23.285582923178
0.223,118.251589516345,-23.3116385072487
0.2235,118.460544697717,-23.3375762815949
0.224,118.669264259639,-23.3633962462166
0.2245,118.877748202113,-23.3890984011138
0.225,119.085996525138,-23.4146827462864
0.2255,119.294009228714,-23.4401492817346
0.226,119.501786312841,-23.4654980074582
0.2265,119.709327777519,-23.4907289234574
0.227,119.916633622747,-23.515842029732
0.2275,120.123703848527,-23.5408373262821
0.228,120.330538454858,-23.5657148131078
0.2285,120.537137441739,-23.5904744902089
0.229,120.743500809172,-23.6151163575855
0.2295,120.949628557156,-23.6396404152375
0.23,121.15552068569,-23.6640466631651
0.2305,121.361177194776,-23.6883351013682
0.231,121.566598084413,-23.7125057298467
0.2315,121.7717833546,-23.7365585486008
0.232,121.976733005339,-23.7604935576303
0.2325,122.181447036628,-23.7843107569354
0.233,122.385925448469,-23.8080101465159
0.2335,122.59016824086,-23.8315917263719
0.234,122.794175413803,-23.8550554965034
0.2345,122.997946967296,-23.8784014569104
0.235,123.201482901341,-23.9016296075928
0.2355,123.404783215936,-23.9247399485508
0.236,123.607847911083,-23.9477324797843
0.2365,123.81067698678,-23.9706072012932
0.237,124.013270443028,-23.9933641130777
0.2375,124.215628279828,-24.0160032151376
0.238,124.417750497178,-24.038524507473
0.2385,124.619637095079,-24.0609279900839
0.239,124.821288073532,-24.0832136629703
0.2395,125.022703432535,-24.1053815261322
0.24,125.223883172089,-24.1274315795696
0.2405,125.424827292194,-24.1493638232825
0.241,125.625535792851,-24.1711782572709
0.2415,125.826008674058,-24.1928748815347
0.242,126.026245935816,-24.2144536960741
0.2425,126.226247578125,-24.2359147008889
0.243,126.426013600985,-24.2572578959792
0.2435,126.625544004396,-24.278483281345
0.244,126.824838788359,-24.2995908569863
0.2445,127.023897952872,-24.3205806229031
0.245,127.222721497936,-24.3414525790954
0.2455,127.421309423551,-24.3622067255632
0.246,127.619661729717,-24.3828430623065
0.2465,127.817778416434,-24.4033615893252
0.247,128.015659483702,-24.4237623066195
0.2475,128.213304931521,-24.4440452141892
0.248,128.410714759891,-24.4642103120344
0.2485,128.607888968812,-24.4842576001552
0.249,128.804827558284,-24.5041870785514
0.2495,129.001530528306,-24.5239987472231
0.25,129.19799787888,-24.5436926061703
0.2505,129.394229610005,-24.5632686553929
0.251,129.590225721681,-24.5827268948911
0.2515,129.785986213908,-24.6020673246648
0.252,129.981511086686,-24.6212899447139
0.2525,130.176800340014,-24.6403947550386
0.253,130.371853973894,-24.6593817556387
0.2535,130.566671988325,-24.6782509465143
0.254,130.761254383307,-24.6970023276654
0.2545,130.955601158839,-24.715635899092
0.255,131.149712314923,-24.7341516607941
0.2555,131.343587851558,-24.7525496127717
0.256,131.537227768743,-24.7708297550248
0.2565,131.73063206648,-24.7889920875534
0.257,131.923800744767,-24.8070366103574
0.2575,132.116733803606,-24.824963323437
0.258,132.309431242996,-24.842772226792
0.2585,132.501893062936,-24.8604633204225
0.259,132.694119263428,-24.8780366043286
0.2595,132.88610984447,-24.8954920785101
0.26,133.077864806064,-24.9128297429671
0.2605,133.269384148208,-24.9300495976996
0.261,133.460667870904,-24.9471516427075
0.2615,133.65171597415,-24.964135877991
0.262,133.842528457947,-24.98100230355
0.2625,134.033105322296,-24.9977509193844
0.263,134.223446567195,-25.0143817254944
0.2635,134.413552192646,-25.0308947218798
0.264,134.603422198647,-25.0472899085407
0.2645,134.793056585199,-25.0635672854771
0.265,134.982455352302,-25.079726852689
0.2655,135.171618499957,-25.0957686101764
0.266,135.360546028162,-25.1116925579393
0.2665,135.549237936918,-25.1274986959777
0.267,135.737694226225,-25.1431870242915
0.2675,135.925914896084,-25.1587575428809
0.268,136.113899946493,-25.1742102517457
0.2685,136.301649377453,-25.1895451508861
0.269,136.489163188964,-25.2047622403019
0.2695,136.676441381026,-25.2198615199932
0.27,136.863483953639,-25.23484298996
0.2705,137.050290906803,-25.2497066502023
0.271,137.236862240519,-25.2644525007201
0.2715,137.423197954785,-25.2790805415134
0.272,137.609298049602,-25.2935907725821
0.2725,137.79516252497,-25.3079831939264
0.273,137.980791380889,-25.3222578055462
0.2735,138.166184617359,-25.3364146074414
0.274,138.35134223438,-25.3504535996121
0.2745,138.536264231951,-25.3643747820583
0.275,138.720950610074,-25.37817815478
0.2755,138.905401368748,-25.3918637177773
0.276,139.089616507973,-25.4054314710499
0.2765,139.273596027749,-25.4188814145981
0.277,139.457339928076,-25.4322135484218
0.2775,139.640848208954,-25.445427872521
0.278,139.824120870382,-25.4585243868956
0.2785,140.007157912362,-25.4715030915458
0.279,140.189959334893,-25.4843639864714
0.2795,140.372525137975,-25.4971070716725
0.28,140.554855321607,-25.5097323471491
0.2805,140.736949885791,-25.5222398129012
0.281,140.918808830526,-25.5346294689288
0.2815,141.100432155811,-25.5469013152319
0.282,141.281819861648,-25.5590553518105
0.2825,141.462971948036,-25.5710915786646
0.283,141.643888414974,-25.5830099957941
0.2835,141.824569262464,-25.5948106031992
0.284,142.005014490504,-25.6064934008797
0.2845,142.185224099096,-25.6180583888357
0.285,142.365198088239,-25.6295055670672
0.2855,142.544936457932,-25.6408349355742
0.286,142.724439208177,-25.6520464943567
0.2865,142.903706338972,-25.6631402434147
0.287,143.082737850318,-25.6741161827482
0.2875,143.261533742216,-25.6849743123572
0.288,143.440094014664,-25.6957146322416
0.2885,143.618418667664,-25.7063371424016
0.289,143.796507701214,-25.716841842837
0.2895,143.974361115315,-25.727228733548
0.29,144.151978909968,-25.7374978145344
0.2905,144.329361085171,-25.7476490857963
0.291,144.506507640925,-25.7576825473337
0.2915,144.683418577231,-25.7675981991466
0.292,144.860093894087,-25.777396041235
0.2925,145.036533591494,-25.7870760735988
0.293,145.212737669452,-25.7966382962382
0.2935,145.388706127961,-25.8060827091531
0.294,145.564438967022,-25.8154093123434
0.2945,145.739936186633,-25.8246181058092
0.295,145.915197786795,-25.8337090895506
0.2955,146.090223767508,-25.8426822635674
0.296,146.265014128772,-25.8515376278597
0.2965,146.439568870587,-25.8602751824275
0.297,146.613887992953,-25.8688949272708
0.2975,146.78797149587,-25.8773968623896
0.298,146.961819379338,-25.8857809877838
0.2985,147.135431643357,-25.8940473034536
0.299,147.308808287927,-25.9021958093988
0.2995,147.481949313048,-25.9102265056196
0.3,147.65485471872,-25.9181393921158
0.3005,147.827524504943,-25.9259344688875
0.301,147.999958671717,-25.9336117359347
0.3015,148.172157219042,-25.9411711932574
0.302,148.344120146918,-25.9486128408556
0.3025,148.515847455345,-25.9559366787293
0.303,148.687339144323,-25.9631427068785
0.3035,148.858595213851,-25.9702309253031
0.304,149.029615663931,-25.9772013340033
0.3045,149.200400494562,-25.9840539329789
0.305,149.370949705744,-25.9907887222301
0.3055,149.541263297476,-25.9974057017567
0.306,149.71134126976,-26.0039048715588
0.3065,149.881183622595,-26.0102862316364
0.307,150.050790355981,-26.0165497819895
0.3075,150.220161469917,-26.0226955226181
0.308,150.389296964405,-26.0287234535222
0.3085,150.558196839443,-26.0346335747017
0.309,150.726861095033,-26.0404258861568
0.3095,150.895289731174,-26.0461003878873
0.31,151.063482747865,-26.0516570798934
0.3105,151.231440145108,-26.0570959621749
0.311,151.399161922901,-26.0624170347319
0.3115,151.566648081246,-26.0676202975644
0.312,151.733898620141,-26.0727057506724
0.3125,151.900913539588,-26.0776733940559
0.313,152.067692839585,-26.0825232277149
0.3135,152.234236520134,-26.0872552516494
0.314,152.400544581233,-26.0918694658593
0.3145,152.566617022883,-26.0963658703448
0.315,152.732453845085,-26.1007444651057
0.3155,152.898055047837,-26.1050052501421
0.316,153.063420631141,-26.1091482254541
0.3165,153.228550594995,-26.1131733910415
0.317,153.3934449394,-26.1170807469044
0.3175,153.558103664356,-26.1208702930428
0.318,153.722526769864,-26.1245420294566
0.3185,153.886714255922,-26.128095956146
0.319,154.050666122531,-26.1315320731109
0.3195,154.214382369691,-26.1348503803512
0.32,154.377862997402,-26.1380508778671
0.3205,154.541108005665,-26.1411335656584
0.321,154.704117394478,-26.1440984437252
0.3215,154.866891163842,-26.1469455120676
0.322,155.029429313757,-26.1496747706854
0.3225,155.191731844223,-26.1522862195787
0.323,155.35379875524,-26.1547798587474
0.3235,155.515630046808,-26.1571556881917
0.324,155.677225718927,-26.1594137079115
0.3245,155.838585771597,-26.1615539179068
0.325,155.999710204818,-26.1635763181775
0.3255,156.16059901859,-26.1654809087237
0.326,156.321252212913,-26.1672676895455
0.3265,156.481669787787,-26.1689366606427
0.327,156.641851743212,-26.1704878220154
0.3275,156.801798079188,-26.1719211736636
0.328,156.961508795715,-26.1732367155873
0.3285,157.120983892793,-26.1744344477865
0.329,157.280223370421,-26.1755143702611
0.3295,157.439227228601,-26.1764764830113
0.33,157.597995467332,-26.177320786037
0.3305,157.756528086614,-26.1780472793381
0.331,157.914825086447,-26.1786559629147
0.3315,158.07288646683,-26.1791468367669
0.332,158.230712227765,-26.1795199008945
0.3325,158.388302369251,-26.1797751552976
0.333,158.545656891287,-26.1799125999762
0.3335,158.702775793875,-26.1799322349302
0.334,158.859659077014,-26.1798340601598
0.3345,159.016306740703,-26.1796180756649
0.335,159.172718784944,-26.1792842814454
0.3355,159.328895209735,-26.1788326775015
0.336,159.484836015078,-26.178263263833
0.3365,159.640541200972,-26.1775760404401
0.337,159.796010767416,-26.1767710073226
0.3375,159.951244714412,-26.1758481644806
0.338,160.106243041958,-26.1748075119141
0.3385,160.261005750056,-26.1736490496231
0.339,160.415532838704,-26.1723727776075
0.3395,160.569824307903,-26.1709786958675
0.34,160.723880157654,-26.169466804403
0.3405,160.877700387955,-26.1678371032139
0.341,161.031284998808,-26.1660895923004
0.3415,161.184633990211,-26.1642242716623
0.342,161.337747362165,-26.1622411412997
0.3425,161.490625114671,-26.1601402012126
0.343,161.643267247727,-26.157921451401
0.3435,161.795673761334,-26.1555848918649
0.344,161.947844655492,-26.1531305226043
0.3445,162.099779930202,-26.1505583436192
0.345,162.251479585462,-26.1478683549096
0.3455,162.402943621273,-26.1450605564754
0.346,162.554172037635,-26.1421349483167
0.3465,162.705164834548,-26.1390915304336
0.347,162.855922012013,-26.1359303028259
0.3475,163.006443570028,-26.1326512654937
0.348,163.156729508594,-26.129254418437
0.3485,163.306779827711,-26.1257397616558
0.349,163.456594527379,-26.1221072951501
0.3495,163.606173607598,-26.1183570189199
0.35,163.755517068368,-26.1144889329652
0.3505,163.904624909689,-26.1105030372859
0.351,164.053497131561,-26.1063993318822
0.3515,164.202133733984,-26.1021778167539
0.352,164.350534716958,-26.0978384919011
0.3525,164.498700080483,-26.0933813573239
0.353,164.646629824559,-26.0888064130221
0.3535,164.794323949186,-26.0841136589958
0.354,164.941782454364,-26.079303095245
0.3545,165.089005340092,-26.0743747217696
0.355,165.235992606372,-26.0693285385698
0.3555,165.382744253203,-26.0641645456455
0.356,165.529260280585,-26.0588827429966
0.3565,165.675540688518,-26.0534831306233
0.357,165.821585477001,-26.0479657085254
0.3575,165.967394646036,-26.042330476703
0.358,166.112968195622,-26.0365774351561
0.3585,166.258306125758,-26.0307065838847
0.359,166.403408436446,-26.0247179228888
0.3595,166.548275127685,-26.0186114521684
0.36,166.692906199474,-26.0123871717235
0.3605,166.837301651815,-26.0060450815541
0.361,166.981461484707,-25.9995851816601
0.3615,167.125385698149,-25.9930074720417
0.362,167.269074292143,-25.9863119526987
0.3625,167.412527266687,-25.9794986236312
0.363,167.555744621783,-25.9725674848392
0.3635,167.698726357429,-25.9655185363228
0.364,167.841472473627,-25.9583517780817
0.3645,167.983982970375,-25.9510672101162
0.365,168.126257847675,-25.9436648324262
0.3655,168.268297105525,-25.9361446450117
0.366,168.410100743927,-25.9285066478726
0.3665,168.551668762879,-25.9207508410091
0.367,168.693001162382,-25.912877224421
0.3675,168.834097942437,-25.9048857981085
0.368,168.974959103042,-25.8967765620714
0.3685,169.115584644198,-25.8885495163098
0.369,169.255974565906,-25.8802046608237
0.3695,169.396128868164,-25.8717419956131
0.37,169.536047550973,-25.863161520678
0.3705,169.675730614333,-25.8544632360183
0.371,169.815178058245,-25.8456471416342
0.3715,169.954389882707,-25.8367132375256
0.372,170.09336608772,-25.8276615236924
0.3725,170.232106673284,-25.8184920001347
0.373,170.370611639399,-25.8092046668526
0.3735,170.508880986065,-25.7997995238459
0.374,170.646914713283,-25.7902765711147
0.3745,170.784712821051,-25.780635808659
0.375,170.92227530937,-25.7708772364788
0.3755,171.05960217824,-25.761000854574
0.376,171.196693427661,-25.7510066629448
0.3765,171.333549057633,-25.7408946615911
0.377,171.470169068156,-25.7306648505128
0.3775,171.60655345923,-25.7203172297101
0.378,171.742702230855,-25.7098517991828
0.3785,171.878615383031,-25.699268558931
0.379,172.014292915758,-25.6885675089547
0.3795,172.149734829035,-25.6777486492539
0.38,172.284941122864,-25.6668119798286
0.3805,172.419911797244,-25.6557575006788
0.381,172.554646852175,-25.6445852118045
0.3815,172.689146287657,-25.6332951132056
0.382,172.82341010369,-25.6218872048823
0.3825,172.957438300273,-25.6103614868344
0.383,173.091230877408,-25.5987179590621
0.3835,173.224787835094,-25.5869566215652
0.384,173.358109173331,-25.5750774743438
0.3845,173.491194892118,-25.5630805173979
0.385,173.624044991457,-25.5509657507275
0.3855,173.756659471347,-25.5387331743326
0.386,173.889038331787,-25.5263827882132
0.3865,174.021181572779,-25.5139145923692
0.387,174.153089194321,-25.5013285868008
0.3875,174.284761196415,-25.4886247715078
0.388,174.41619757906,-25.4758031464904
0.3885,174.547398342255,-25.4628637117484
0.389,174.678363486002,-25.4498064672819
0.3895,174.809093010299,-25.4366314130909
0.39,174.939586915148,-25.4233385491754
0.3905,175.069845200547,-25.4099278755354
0.391,175.199867866498,-25.3963993921709
0.3915,175.329654912999,-25.3827530990818
0.392,175.459206340051,-25.3689889962683
0.3925,175.588522147655,-25.3551070837302
0.393,175.717602335809,-25.3411073614677
0.3935,175.846446904515,-25.3269898294806
0.394,175.975055853771,-25.312754487769
0.3945,176.103429183578,-25.298401336333
0.395,176.231566893936,-25.2839303751724
0.3955,176.359468984846,-25.2693416042872
0.396,176.487135456306,-25.2546350236776
0.3965,176.614566308317,-25.2398106333435
0.397,176.741761540879,-25.2248684332849
0.3975,176.868721153993,-25.2098084235017
0.398,176.995445147657,-25.1946306039941
0.3985,177.121933521872,-25.1793349747619
0.399,177.248186276638,-25.1639215358052
0.3995,177.374203411955,-25.148390287124
0.4,177.499984927823,-25.1327412287183
0.4005,177.625530824242,-25.1169743605881
0.401,177.750841101213,-25.1010896827334
0.4015,177.875915758734,-25.0850871951542
0.402,178.000754796806,-25.0689668978505
0.4025,178.125358215429,-25.0527287908222
0.403,178.249726014603,-25.0363728740695
0.4035,178.373858194328,-25.0198991475922
0.404,178.497754754603,-25.0033076113904
0.4045,178.62141569543,-24.9865982654642
0.405,178.744841016808,-24.9697711098134
0.4055,178.868030718737,-24.9528261444381
0.406,178.990984801217,-24.9357633693383
0.4065,179.113703264248,-24.9185827845139
0.407,179.23618610783,-24.9012843899651
0.4075,179.358433331963,-24.8838681856918
0.408,179.480444936646,-24.8663341716939
0.4085,179.602220921881,-24.8486823479716
0.409,179.723761287667,-24.8309127145247
0.4095,179.845066034004,-24.8130252713533
0.41,179.966135160891,-24.7950200184574
0.4105,180.08696866833,-24.776896955837
0.411,180.20756655632,-24.7586560834921
0.4115,180.32792882486,-24.7402974014227
0.412,180.448055473952,-24.7218209096288
0.4125,180.567946503595,-24.7032266081104
0.413,180.687601913788,-24.6845144968674
0.4135,180.807021704533,-24.6656845759
0.414,180.926205875828,-24.646736845208
0.4145,181.045154427675,-24.6276713047915
0.415,181.163867360072,-24.6084879546505
0.4155,181.282344673021,-24.5891867947851
0.416,181.40058636652,-24.5697678251951
0.4165,181.518592440571,-24.5502310458805
0.417,181.636362895172,-24.5305764568415
0.4175,181.753897730325,-24.510804058078
0.418,181.871196946028,-24.49091384959
0.4185,181.988260542283,-24.4709058313774
0.419,182.105088519088,-24.4507800034403
0.4195,182.221680876444,-24.4305363657788
0.42,182.338037614352,-24.4101749183927
0.4205,182.45415873281,-24.3896956612821
0.421,182.570044231819,-24.369098594447
0.4215,182.68569411138,-24.3483837178874
0.422,182.801108371491,-24.3275510316033
0.4225,182.916287012153,-24.3066005355947
0.423,183.031230033366,-24.2855322298615
0.4235,183.14593743513,-24.2643461144039
0.424,183.260409217446,-24.2430421892217
0.4245,183.374645380312,-24.2216204543151
0.425,183.488645923729,-24.2000809096839
0.4255,183.602410847697,-24.1784235553282
0.426,183.715940152216,-24.156648391248
0.4265,183.829233837286,-24.1347554174433
0.427,183.942291902907,-24.1127446339141
0.4275,184.055114349079,-24.0906160406604
0.428,184.167701175802,-24.0683696376821
0.4285,184.280052383076,-24.0460054249794
0.429,184.392167970901,-24.0235234025521
0.4295,184.504047939277,-24.0009235704004
0.43,184.615692288204,-23.9782059285241
0.4305,184.727101017682,-23.9553704769233
0.431,184.838274127711,-23.932417215598
0.4315,184.949211618291,-23.9093461445482
0.432,185.059913489422,-23.8861572637739
0.4325,185.170379741104,-23.8628505732751
0.433,185.280610373336,-23.8394260730518
0.4335,185.39060538612,-23.8158837631039
0.434,185.500364779455,-23.7922236434316
0.4345,185.609888553341,-23.7684457140347
0.435,185.719176707778,-23.7445499749134
0.4355,185.828229242765,-23.7205364260675
0.436,185.937046158304,-23.6964050674971
0.4365,186.045627454394,-23.6721558992022
0.437,186.153973131034,-23.6477889211828
0.4375,186.262083188226,-23.6233041334389
0.438,186.369957625969,-23.5987015359705
0.4385,186.477596444262,-23.5739811287775
0.439,186.584999643107,-23.5491429118601
0.4395,186.692167222503,-23.5241868852181
0.44,186.799099182449,-23.4991130488517
0.4405,186.905795522947,-23.4739214027607
0.441,187.012256243995,-23.4486119469452
0.4415,187.118481345595,-23.4231846814052
0.442,187.224470827745,-23.3976396061407
0.4425,187.330224690447,-23.3719767211517
0.443,187.435742933699,-23.3461960264382
0.4435,187.541025557503,-23.3202975220001
0.444,187.646072561857,-23.2942812078376
0.4445,187.750883946762,-23.2681470839505
0.445,187.855459712219,-23.241895150339
0.4455,187.959799858226,-23.2155254070029
0.446,188.063904384784,-23.1890378539423
0.4465,188.167773291894,-23.1624324911573
0.447,188.271406579554,-23.1357093186477
0.4475,188.374804247765,-23.1088683364135
0.448,188.477966296528,-23.0819095444549
0.4485,188.580892725841,-23.0548329427718
0.449,188.683583535705,-23.0276385313642
0.4495,188.78603872612,-23.000326310232
0.45,188.888258297086,-22.9728962793754
0.4505,188.990242248603,-22.9453484387942
0.451,189.091990580672,-22.9176827884885
0.4515,189.193503293291,-22.8898993284583
0.452,189.294780386461,-22.8619980587036
0.4525,189.395821860182,-22.8339789792244
0.453,189.496627714454,-22.8058420900207
0.4535,189.597197949277,-22.7775873910925
0.454,189.697532564651,-22.7492148824398
0.4545,189.797631560576,-22.7207245640625
0.455,189.897494937052,-22.6921164359608
0.4555,189.997122694079,-22.6633904981345
0.456,190.096514831657,-22.6345467505837
0.4565,190.195671349786,-22.6055851933085
0.457,190.294592248466,-22.5765058263087
0.4575,190.393277527697,-22.5473086495844
0.458,190.491727187479,-22.5179936631356
0.4585,190.589941227811,-22.4885608669622
0.459,190.687919648695,-22.4590102610644
0.4595,190.78566245013,-22.4293418454421
0.46,190.883169632116,-22.3995556200952
0.4605,190.980441194653,-22.3696515850239
0.461,191.07747713774,-22.339629740228
0.4615,191.174277461379,-22.3094900857076
0.462,191.270842165569,-22.2792326214627
0.4625,191.36717125031,-22.2488573474933
0.463,191.463264715601,-22.2183642637994
0.4635,191.559122561444,-22.187753370381
0.464,191.654744787838,-22.1570246672381
0.4645,191.750131394782,-22.1261781543707
0.465,191.845282382278,-22.0952138317787
0.4655,191.940197750324,-22.0641316994623
0.466,192.034877498922,-22.0329317574213
0.4665,192.12932162807,-22.0016140056558
0.467,192.22353013777,-21.9701784441658
0.4675,192.31750302802,-21.9386250729513
0.468,192.411240298822,-21.9069538920123
0.4685,192.504741950174,-21.8751649013488
0.469,192.598007982078,-21.8432581009608
0.4695,192.691038394532,-21.8112334908483
0.47,192.783833187538,-21.7790910710112
0.4705,192.876392361094,-21.7468308414497
0.471,192.968715915201,-21.7144528021636
0.4715,193.06080384986,-21.6819569531531
0.472,193.152656165069,-21.649343294418
0.4725,193.244272860829,-21.6166118259584
0.473,193.335653937141,-21.5837625477743
0.4735,193.426799394003,-21.5507954598657
0.474,193.517709231416,-21.5177105622326
0.4745,193.608383449381,-21.4845078548749
0.475,193.698822047896,-21.4511873377928
0.4755,193.789025026962,-21.4177490109862
0.476,193.878992386579,-21.384192874455
0.4765,193.968724126747,-21.3505189281993
0.477,194.058220247466,-21.3167271722192
0.4775,194.147480748737,-21.2828176065145
0.478,194.236505630558,-21.2487902310853
0.4785,194.32529489293,-21.2146450459316
0.479,194.413848535853,-21.1803820510534
0.4795,194.502166559327,-21.1460012464506
0.48,194.590248963352,-21.1115026321234
0.4805,194.678095747928,-21.0768862080717
0.481,194.765706913055,-21.0421519742954
0.4815,194.853082458733,-21.0072999307947
0.482,194.940222384962,-20.9723300775694
0.4825,195.027126691742,-20.9372424146196
0.483,195.113795379073,-20.9020369419453
0.4835,195.200228446954,-20.8667136595465
0.484,195.286425895387,-20.8312725674232
0.4845,195.372387724371,-20.7957136655754
0.485,195.458113933906,-20.7600369540031
0.4855,195.543604523992,-20.7242424327062
0.486,195.628859494629,-20.6883301016849
0.4865,195.713878845816,-20.652299960939
0.487,195.798662577555,-20.6161520104686
0.4875,195.883210689845,-20.5798862502738
0.488,195.967523182686,-20.5435026803544
0.4885,196.051600056077,-20.5070013007105
0.489,196.13544131002,-20.4703821113421
0.4895,196.219046944514,-20.4336451122492
0.49,196.302416959558,-20.3967903034317
0.4905,196.385551355154,-20.3598176848898
0.491,196.468450131301,-20.3227272566234
0.4915,196.551113287998,-20.2855190186324
0.492,196.633540825247,-20.2481929709169
0.4925,196.715732743046,-20.210749113477
0.493,196.797689041397,-20.1731874463125
0.4935,196.879409720298,-20.1355079694235
0.494,196.960894779751,-20.09771068281
0.4945,197.042144219754,-20.059795586472
0.495,197.123158040309,-20.0217626804095
0.4955,197.203936241414,-19.9836119646224
0.496,197.28447882307,-19.9453434391109
0.4965,197.364785785278,-19.9069571038748
0.497,197.444857128036,-19.8684529589143
0.4975,197.524692851346,-19.8298310042292
0.498,197.604292955206,-19.7910912398196
0.4985,197.683657439617,-19.7522336656855
0.499,197.762786304579,-19.7132582818269
0.4995,197.841679550093,-19.6741650882438
0.5,197.920337176157,-19.6349540849362
0.5005,197.998759182772,-19.5956252719041
0.501,198.076945569938,-19.5561786491474
0.5015,198.154896337656,-19.5166142166663
0.502,198.232611485924,-19.4769319744606
0.5025,198.310091014743,-19.4371319225305
0.503,198.387334924113,-19.3972140608758
0.5035,198.464343214034,-19.3571783894966
0.504,198.541115884506,-19.3170249083929
0.5045,198.617652935529,-19.2767536175647
0.505,198.693954367103,-19.236364517012
0.5055,198.770020179229,-19.1958576067348
0.506,198.845850371905,-19.155232886733
0.5065,198.921444945132,-19.1144903570068
0.507,198.99680389891,-19.073630017556
0.5075,199.071927233239,-19.0326518683808
0.508,199.146814948118,-18.991555909481
0.5085,199.221467043549,-18.9503421408567
0.509,199.295883519531,-18.9090105625079
0.5095,199.370064376064,-18.8675611744346
0.51,199.444009613148,-18.8259939766368
0.5105,199.517719230783,-18.7843089691145
0.511,199.591193228969,-18.7425061518677
0.5115,199.664431607706,-18.7005855248963
0.512,199.737434366993,-18.6585470882005
0.5125,199.810201506832,-18.6163908417801
0.513,199.882733027222,-18.5741167856353
0.5135,199.955028928163,-18.5317249197659
0.514,200.027089209654,-18.489215244172
0.5145,200.098913871697,-18.4465877588536
0.515,200.170502914291,-18.4038424638107
0.5155,200.241856337435,-18.3609793590433
0.516,200.312974141131,-18.3179984445514
0.5165,200.383856325378,-18.2748997203349
0.517,200.454502890175,-18.231683186394
0.5175,200.524913835524,-18.1883488427285
0.518,200.595089161423,-18.1448966893386
0.5185,200.665028867874,-18.1013267262241
0.519,200.734732954875,-18.0576389533851
0.5195,200.804201422428,-18.0138333708216
0.52,200.873434270531,-17.9699099785336
0.5205,200.942431499186,-17.9258687765211
0.521,201.011193108391,-17.8817097647841
0.5215,201.079719098148,-17.8374329433226
0.522,201.148009468455,-17.7930383121365
0.5225,201.216064219314,-17.748525871226
0.523,201.283883350723,-17.7038956205909
0.5235,201.351466862683,-17.6591475602313
0.524,201.418814755195,-17.6142816901473
0.5245,201.485927028257,-17.5692980103387
0.525,201.55280368187,-17.5241965208056
0.5255,201.619444716034,-17.478977221548
0.526,201.68585013075,-17.4336401125658
0.5265,201.752019926016,-17.3881851938592
0.527,201.817954101833,-17.3426124654281
0.5275,201.883652658201,-17.2969219272724
0.528,201.949115595121,-17.2511135793923
0.5285,202.014342912591,-17.2051874217876
0.529,202.079334610612,-17.1591434544584
0.5295,202.144090689184,-17.1129816774048
0.53,202.208611148307,-17.0667020906266
0.5305,202.272895987981,-17.0203046941239
0.531,202.336945208206,-16.9737894878966
0.5315,202.400758808982,-16.9271564719449
0.532,202.464336790309,-16.8804056462687
0.5325,202.527679152187,-16.8335370108679
0.533,202.590785894616,-16.7865505657427
0.5335,202.653657017596,-16.7394463108929
0.534,202.716292521127,-16.6922242463187
0.5345,202.778692405209,-16.6448843720199
0.535,202.840856669842,-16.5974266879966
0.5355,202.902785315026,-16.5498511942488
0.536,202.964478340761,-16.5021578907765
0.5365,203.025935747047,-16.4543467775796
0.537,203.087157533883,-16.4064178546583
0.5375,203.148143701271,-16.3583711220125
0.538,203.20889424921,-16.3102065796421
0.5385,203.2694091777,-16.2619242275473
0.539,203.329688486741,-16.2135240657279
0.5395,203.389732176332,-16.165006094184
0.54,203.449540246475,-16.1163703129156
0.5405,203.509112697169,-16.0676167219228
0.541,203.568449528413,-16.0187453212053
0.5415,203.627550740209,-15.9697561107634
0.542,203.686416332556,-15.920649090597
0.5425,203.745046305453,-15.8714242607061
0.543,203.803440658902,-15.8220816210906
0.5435,203.861599392902,-15.7726211717507
0.544,203.919522507452,-15.7230429126862
0.5445,203.977210002554,-15.6733468438972
0.545,204.034661878206,-15.6235329653837
0.5455,204.09187813441,-15.5736012771458
0.546,204.148858771164,-15.5235517791833
0.5465,204.20560378847,-15.4733844714962
0.547,204.262113186326,-15.4230993540847
0.5475,204.318386964733,-15.3726964269487
0.548,204.374425123692,-15.3221756900881
0.5485,204.430227663201,-15.2715371435031
0.549,204.485794583262,-15.2207807871935
0.5495,204.541125883873,-15.1699066211595
0.55,204.596221565035,-15.1189146454009
0.5505,204.651081626749,-15.0678048599178
0.551,204.705706069013,-15.0165772647102
0.5515,204.760094891828,-14.9652318597781
0.552,204.814248095194,-14.9137686451215
0.5525,204.868165679112,-14.8621876207404
0.553,204.92184764358,-14.8104887866347
0.5535,204.975293988599,-14.7586721428046
0.554,205.028504714169,-14.7067376892499
0.5545,205.08147982029,-14.6546854259707
0.555,205.134219306963,-14.6025153529671
0.5555,205.186723174186,-14.5502274702389
0.556,205.23899142196,-14.4978217777862
0.5565,205.291024050285,-14.445298275609
0.557,205.342821059161,-14.3926569637073
0.5575,205.394382448588,-14.339897842081
0.558,205.445708218566,-14.2870209107303
0.5585,205.496798369095,-14.2340261696551
0.559,205.547652900175,-14.1809136188553
0.5595,205.598271811806,-14.127683258331
0.56,205.648655103988,-14.0743350880823
0.5605,205.698802776721,-14.020869108109
0.561,205.748714830005,-13.9672853184112
0.5615,205.79839126384,-13.9135837189889
0.562,205.847832078226,-13.8597643098421
0.5625,205.897037273162,-13.8058270909708
0.563,205.94600684865,-13.7517720623749
0.5635,205.994740804689,-13.6975992240546
0.564,206.043239141279,-13.6433085760098
0.5645,206.09150185842,-13.5889001182404
0.565,206.139528956111,-13.5343738507465
0.5655,206.187320434354,-13.4797297735282
0.566,206.234876293148,-13.4249678865853
0.5665,206.282196532492,-13.3700881899179
0.567,206.329281152388,-13.315090683526
0.5675,206.376130152835,-13.2599753674095
0.568,206.422743533832,-13.2047422415686
0.5685,206.469121295381,-13.1493913060032
0.569,206.515263437481,-13.0939225607132
0.5695,206.561169960131,-13.0383360056988
0.57,206.606840863333,-12.9826316409598
0.5705,206.652276147085,-12.9268094664964
0.571,206.697475811389,-12.8708694823084
0.5715,206.742439856243,-12.8148116883959
0.572,206.787168281649,-12.7586360847589
0.5725,206.831661087605,-12.7023426713974
0.573,206.875918274113,-12.6459314483113
0.5735,206.919939841171,-12.5894024155008
0.574,206.963725788781,-12.5327555729658
0.5745,207.007276116941,-12.4759909207062
0.575,207.050590825652,-12.4191084587222
0.5755,207.093669914915,-12.3621081870136
0.576,207.136513384728,-12.3049901055805
0.5765,207.179121235092,-12.2477542144229
0.577,207.221493466008,-12.1904005135408
0.5775,207.263630077474,-12.1329290029342
0.578,207.305531069491,-12.0753396826031
0.5785,207.347196442059,-12.0176325525475
0.579,207.388626195179,-11.9598076127673
0.5795,207.429820328849,-11.9018648632627
0.58,207.47077884307,-11.8438043040335
0.5805,207.511501737842,-11.7856259350799
0.581,207.551989013165,-11.7273297564017
0.5815,207.592240669039,-11.668915767999
0.582,207.632256705464,-11.6103839698718
0.5825,207.672037122441,-11.5517343620201
0.583,207.711581919968,-11.4929669444439
0.5835,207.750891098046,-11.4340817171432
0.584,207.789964656675,-11.3750786801179
0.5845,207.828802595855,-11.3159578333682
0.585,207.867404915586,-11.2567191768939
0.5855,207.905771615868,-11.1973627106952
0.586,207.943902696701,-11.1378884347719
0.5865,207.981798158085,-11.0782963491241
0.587,208.019458000019,-11.0185864537518
0.5875,208.056882222505,-10.958758748655
0.588,208.094070825542,-10.8988132338337
0.5885,208.13102380913,-10.8387499092879
0.589,208.167741173269,-10.7785687750176
0.5895,208.204222917959,-10.7182698310227
0.59,208.240469043199,-10.6578530773034
0.5905,208.276479548991,-10.5973185138595
0.591,208.312254435334,-10.5366661406911
0.5915,208.347793702228,-10.4758959577983
0.592,208.383097349672,-10.4150079651809
0.5925,208.418165377668,-10.354002162839
0.593,208.452997786215,-10.2928785507726
0.5935,208.487594575312,-10.2316371289817
0.594,208.521955744961,-10.1702778974662
0.5945,208.556081295161,-10.1088008562263
0.595,208.589971225911,-10.0472060052619
0.5955,208.623625537213,-9.9854933445729
0.596,208.657044229065,-9.92366287415945
0.5965,208.690227301469,-9.86171459402147
0.597,208.723174754424,-9.799648504159
0.5975,208.755886587929,-9.737464604572
0.598,208.788362801986,-9.6751628952605
0.5985,208.820603396593,-9.61274337622448
0.599,208.852608371751,-9.55020604746395
0.5995,208.884377727461,-9.48755090897893
0.6,208.915911463721,-9.42477796076939
0.6005,208.947209580533,-9.36188720283533
0.601,208.978272077895,-9.29887863517677
0.6015,209.009098955808,-9.23575225779369
0.602,209.039690214273,-9.17250807068613
0.6025,209.070045853288,-9.10914607385403
0.603,209.100165872854,-9.04566626729743
0.6035,209.130050272972,-8.98206865101632
0.604,209.15969905364,-8.91835322501071
0.6045,209.189112214859,-8.85451998928058
0.605,209.218289756629,-8.79056894382595
0.6055,209.24723167895,-8.72650008864679
0.606,209.275937981823,-8.66231342374314
0.6065,209.304408665246,-8.59800894911497
0.607,209.33264372922,-8.53358666476231
0.6075,209.360643173745,-8.46904657068512
0.608,209.388406998821,-8.40438866688342
0.6085,209.415935204448,-8.33961295335721
0.609,209.443227790626,-8.27471943010651
0.6095,209.470284757355,-8.20970809713128
0.61,209.497106104635,-8.14457895443155
0.6105,209.523691832466,-8.0793320020073
0.611,209.550041940848,-8.01396723985854
0.6115,209.576156429781,-7.94848466798529
0.612,209.602035299265,-7.88288428638752
0.6125,209.6276785493,-7.81716609506523
0.613,209.653086179886,-7.75133009401844
0.6135,209.678258191023,-7.68537628324713
0.614,209.703194582711,-7.61930466275133
0.6145,209.72789535495,-7.553115232531
0.615,209.75236050774,-7.48680799258619
0.6155,209.77659004108,-7.42038294291683
0.616,209.800583954972,-7.35384008352299
0.6165,209.824342249415,-7.28717941440463
0.617,209.847864924409,-7.22040093556178
0.6175,209.871151979953,-7.15350464699439
0.618,209.894203416049,-7.0864905487025
0.6185,209.917019232696,-7.0193586406861
0.619,209.939599429894,-6.95210892294521
0.6195,209.961944007642,-6.88474139547978
0.62,209.984052965942,-6.81725605828986
0.6205,210.005926304792,-6.74965291137541
0.621,210.027564024194,-6.68193195473648
0.6215,210.048966124147,-6.61409318837302
0.622,210.07013260465,-6.54613661228506
0.6225,210.091063465705,-6.47806222647258
0.623,210.11175870731,-6.40987003093559
0.6235,210.132218329467,-6.34156002567411
0.624,210.152442332174,-6.2731322106881
0.6245,210.172430715433,-6.20458658597758
0.625,210.192183479242,-6.13592315154258
0.6255,210.211700623603,-6.06714190738302
0.626,210.230982148514,-5.99824285349899
0.6265,210.250028053976,-5.92922598989044
0.627,210.26883833999,-5.86009131655739
0.6275,210.287413006554,-5.7908388334998
0.628,210.305752053669,-5.72146854071774
0.6285,210.323855481336,-5.65198043821114
0.629,210.341723289553,-5.58237452598005
0.6295,210.359355478321,-5.51265080402444
0.63,210.376752047641,-5.44280927234433
0.6305,210.393912997511,-5.37284993093968
0.631,210.410838327932,-5.30277277981056
0.6315,210.427528038904,-5.23257781895691
0.632,210.443982130427,-5.16226504837875
0.6325,210.460200602502,-5.09183446807608
0.633,210.476183455127,-5.02128607804891
0.6335,210.491930688303,-4.95061987829722
0.634,210.50744230203,-4.87983586882103
0.6345,210.522718296308,-4.80893404962032
0.635,210.537758671137,-4.7379144206951
0.6355,210.552563426517,-4.66677698204538
0.636,210.567132562448,-4.59552173367115
0.6365,210.58146607893,-4.5241486755724
0.637,210.595563975963,-4.45265780774916
0.6375,210.609426253547,-4.38104913020138
0.638,210.623052911682,-4.30932264292912
0.6385,210.636443950368,-4.23747834593233
0.639,210.649599369605,-4.16551623921105
0.6395,210.662519169393,-4.09343632276525
0.64,210.675203349732,-4.02123859659493
0.6405,210.687651910621,-3.94892306070013
0.641,210.699864852062,-3.87648971508079
0.6415,210.711842174054,-3.80393855973695
0.642,210.723583876597,-3.73126959466861
0.6425,210.735089959691,-3.65848281987574
0.643,210.746360423335,-3.58557823535838
0.6435,210.757395267531,-3.5125558411165
0.644,210.768194492278,-3.4394156371501
0.6445,210.778758097576,-3.36615762345922
0.645,210.789086083424,-3.29278180004379
0.6455,210.799178449824,-3.21928816690389
0.646,210.809035196775,-3.14567672403946
0.6465,210.818656324276,-3.07194747145054
0.647,210.828041832329,-2.99810040913709
0.6475,210.837191720932,-2.92413553709913
0.648,210.846105990087,-2.85005285533666
0.6485,210.854784639792,-2.7758523638497
0.649,210.863227670049,-2.70153406263821
0.6495,210.871435080856,-2.62709795170223
0.65,210.879406872215,-2.5525440310417
0.6505,210.887143044124,-2.47787230065671
0.651,210.894643596585,-2.40308276054718
0.6515,210.901908529596,-2.32817541071315
0.652,210.908937843159,-2.25315025115461
0.6525,210.915731537272,-2.17800728187156
0.653,210.922289611936,-2.10274650286399
0.6535,210.928612067152,-2.02736791413192
0.654,210.934698902918,-1.95187151567535
0.6545,210.940550119235,-1.87625730749426
0.655,210.946165716104,-1.80052528958865
0.6555,210.951545693523,-1.72467546195855
0.656,210.956690051493,-1.64870782460392
0.6565,210.961598790014,-1.57262237752481
0.657,210.966271909087,-1.49641912072116
0.6575,210.97070940871,-1.42009805419302
0.658,210.974911288884,-1.34365917794035
0.6585,210.978877549609,-1.2671024919632
0.659,210.982608190885,-1.19042799626151
0.6595,210.986103212712,-1.11363569083534
0.66,210.989362615091,-1.03672557568463
0.6605,210.99238639802,-0.959697650809437
0.661,210.9951745615,-0.882551916209714
0.6615,210.997727105531,-0.805288371885505
0.662,211.000044030113,-0.727907017836747
0.6625,211.002125335246,-0.65040785406352
0.663,211.00397102093,-0.57279088056576
0.6635,211.005581087165,-0.495056097343499
0.664,211.006955533951,-0.417203504396733
0.6645,211.008094361288,-0.339233101725453
0.665,211.008997569176,-0.261144889329653
0.6655,211.009665157614,-0.182938867209353
0.666,211.010097126604,-0.104615035364533
0.6665,211.010293476145,-0.0261733937952293
0.667,211.010254206237,0.0523860574986088
0.6675,211.00997931688,0.131063318516951
0.668,211.009468808074,0.209858389259807
0.6685,211.008722679818,0.28877126972715
0.669,211.007740932114,0.367801959919024
0.6695,211.006523564961,0.446950459835403
0.67,211.005070578359,0.526216769476298
0.6705,211.003381972307,0.60560088884168
0.671,211.001457746807,0.685102817931595
0.6715,210.999297901858,0.764722556745994
0.672,210.996902437459,0.844460105284947
0.6725,210.994271353612,0.924315463548366
0.673,210.991404650315,1.00428863153632
0.6735,210.98830232757,1.08437960924876
0.674,210.984964385376,1.16458839668573
0.6745,210.981390823732,1.24491499384721
0.675,210.97758164264,1.3253594007332
0.6755,210.973536842098,1.40592161734369
0.676,210.969256422108,1.48660164367868
0.6765,210.964740382668,1.5673994797382
0.677,210.959988723779,1.64831512552223
0.6775,210.955001445442,1.72934858103076
0.678,210.949778547655,1.81049984626381
0.6785,210.94432003042,1.89176892122134
0.679,210.938625893735,1.97315580590341
0.6795,210.932696137601,2.05466050030998
0.68,210.926530762019,2.13628300444107
0.6805,210.920129766987,2.21802331829664
0.681,210.913493152506,2.29988144187675
0.6815,210.906620918577,2.38185737518134
0.682,210.899513065198,2.46395111821049
0.6825,210.89216959237,2.5461626709641
0.683,210.884590500093,2.62849203344224
0.6835,210.876775788368,2.71093920564488
0.684,210.868725457193,2.79350418757204
0.6845,210.860439506569,2.87618697922371
0.685,210.851917936496,2.95898758059989
0.6855,210.843160746974,3.04190599170057
0.686,210.834167938003,3.12494221252577
0.6865,210.824939509583,3.20809624307546
0.687,210.815475461714,3.29136808334969
0.6875,210.805775794396,3.37475773334841
0.688,210.795840507629,3.45826519307165
0.6885,210.785669601413,3.54189046251938
0.689,210.775263075748,3.62563354169164
0.6895,210.764620930634,3.7094944305884
0.69,210.753743166071,3.79347312920968
0.6905,210.742629782059,3.87756963755545
0.691,210.731280778598,3.96178395562575
0.6915,210.719696155688,4.04611608342054
0.692,210.707875913329,4.13056602093987
0.6925,210.695820051521,4.21513376818368
0.693,210.683528570264,4.29981932515202
0.6935,210.671001469557,4.38462269184484
0.694,210.658238749402,4.46954386826221
0.6945,210.645240409798,4.55458285440405
0.695,210.632006450745,4.63973965027043
0.6955,210.618536872242,4.7250142558613
0.696,210.604831674291,4.81040667117669
0.6965,210.590890856891,4.89591689621658
0.697,210.576714420042,4.981544930981
0.6975,210.562302363743,5.06729077546991
0.698,210.547654687996,5.15315442968334
0.6985,210.532771392799,5.23913589362127
0.699,210.517652478154,5.32523516728373
0.6995,210.50229794406,5.41145225067067
0.7,210.486707790516,5.49778714378215
0.7005,210.470882017524,5.58423984661811
0.701,210.454820625082,5.6708103591786
0.7015,210.438523613192,5.75749868146359
0.702,210.421990981852,5.8443048134731
0.7025,210.405222731064,5.9312287552071
0.703,210.388218860826,6.01827050666564
0.7035,210.37097937114,6.10543006784865
0.704,210.353504262004,6.19270743875618
0.7045,210.335793533419,6.28010261938825
0.705,210.317847185386,6.3676156097448
0.7055,210.299665217903,6.45524640982588
0.706,210.281247630971,6.54299501963145
0.7065,210.262594424591,6.63086143916155
0.707,210.243705598761,6.71884566841615
0.7075,210.224581153482,6.80694770739526
0.708,210.205221088755,6.89516755609886
0.7085,210.185625404578,6.983505214527
0.709,210.165794100952,7.07196068267964
0.7095,210.145727177877,7.16053396055679
0.71,210.125424635353,7.24922504815844
0.7105,210.104886473381,7.33803394548461
0.711,210.084112691959,7.42696065253527
0.7115,210.063103291088,7.51600516931048
0.712,210.041858270768,7.60516749581017
0.7125,210.020377630999,7.69444763203438
0.713,209.998661371781,7.78384557798308
0.7135,209.976709493114,7.87336133365631
0.714,209.954521994998,7.96299489905405
0.7145,209.932098877433,8.0527462741763
0.715,209.909440140419,8.14261545902304
0.7155,209.886545783956,8.2326024535943
0.716,209.863415808044,8.32270725789007
0.7165,209.840050212683,8.41292987191037
0.717,209.816448997873,8.50327029565515
0.7175,209.792612163614,8.59372852912446
0.718,209.768539709906,8.68430457231825
0.7185,209.744231636748,8.77499842523658
0.719,209.719687944142,8.86581008787941
0.7195,209.694908632087,8.95673956024676
0.72,209.669893700583,9.0477868423386
0.7205,209.64464314963,9.13895193415496
0.721,209.619156979227,9.23023483569582
0.7215,209.593435189376,9.32163554696122
0.722,209.567477780076,9.41315406795109
0.7225,209.541284751326,9.50479039866549
0.723,209.514856103128,9.59654453910439
0.7235,209.488191835481,9.68841648926782
0.724,209.461291948384,9.78040624915574
0.7245,209.434156441839,9.87251381876819
0.725,209.406785315845,9.96473919810512
0.7255,209.379178570401,10.0570823871666
0.726,209.351336205509,10.1495433859525
0.7265,209.323258221167,10.242122194463
0.727,209.294944617377,10.334818812698
0.7275,209.266395394137,10.4276332406575
0.728,209.237610551449,10.5205654783415
0.7285,209.208590089311,10.61361552575
0.729,209.179334007725,10.706783382883
0.7295,209.149842306689,10.8000690497406
0.73,209.120114986205,10.8934725263226
0.7305,209.090152046271,10.9869938126292
0.731,209.059953486888,11.0806329086602
0.7315,209.029519308057,11.1743898144158
0.732,208.998849509776,11.2682645298959
0.7325,208.967944092046,11.3622570551005
0.733,208.936803054868,11.4563673900296
0.7335,208.90542639824,11.5505955346832
0.734,208.873814122163,11.6449414890613
0.7345,208.841966226637,11.7394052531639
0.735,208.809882711663,11.833986826991
0.7355,208.777563577239,11.9286862105427
0.736,208.745008823366,12.0235034038188
0.7365,208.712218450044,12.1184384068195
0.737,208.679192457273,12.2134912195447
0.7375,208.645930845053,12.3086618419944
0.738,208.612433613385,12.4039502741686
0.7385,208.578700762267,12.4993565160673
0.739,208.5447322917,12.5948805676905
0.7395,208.510528201684,12.6905224290382
0.74,208.476088492219,12.7862821001104
0.7405,208.441413163305,12.8821595809072
0.741,208.406502214942,12.9781548714285
0.7415,208.37135564713,13.0742679716742
0.742,208.335973459869,13.1704988816445
0.7425,208.300355653159,13.2668476013393
0.743,208.264502226999,13.3633141307586
0.7435,208.228413181391,13.4598984699024
0.744,208.192088516334,13.5566006187707
0.7445,208.155528231828,13.6534205773635
0.745,208.118732327873,13.7503583456808
0.7455,208.081700804469,13.8474139237227
0.746,208.044433661615,13.944587311489
0.7465,208.006930899313,14.0418785089799
0.747,207.969192517562,14.1392875161952
0.7475,207.931218516362,14.2368143331351
0.748,207.893008895712,14.3344589597995
0.7485,207.854563655614,14.4322213961884
0.749,207.815882796067,14.5301016423018
0.7495,207.77696631707,14.6280996981397
0.75,207.737814218625,14.7262155637022
0.7505,207.698426500731,14.8244492389891
0.751,207.658803163387,14.9228007240005
0.7515,207.618944206595,15.0212700187365
0.752,207.578849630353,15.119857123197
0.7525,207.538519434663,15.2185620373819
0.753,207.497953619524,15.3173847612914
0.7535,207.457152184935,15.4163252949254
0.754,207.416115130898,15.5153836382839
0.7545,207.374842457411,15.6145597913669
0.755,207.333334164475,15.7138537541744
0.7555,207.291590252091,15.8132655267065
0.756,207.249610720257,15.912795108963
0.7565,207.207395568975,16.0124425009441
0.757,207.164944798243,16.1122077026496
0.7575,207.122258408062,16.2120907140797
0.758,207.079336398433,16.3120915352343
0.7585,207.036178769354,16.4122101661134
0.759,206.992785520826,16.512446606717
0.7595,206.94915665285,16.6128008570451
0.76,206.905292165424,16.7132729170977
0.7605,206.861192058549,16.8138627868748
0.761,206.816856332225,16.9145704663765
0.7615,206.772284986452,17.0153959556026
0.762,206.727478021231,17.1163392545533
0.7625,206.68243543656,17.2174003632284
0.763,206.63715723244,17.3185792816281
0.7635,206.591643408871,17.4198760097523
0.764,206.545893965853,17.521290547601
0.7645,206.499908903386,17.6228228951742
0.765,206.45368822147,17.7244730524719
0.7655,206.407231920105,17.8262410194941
0.766,206.360539999291,17.9281267962409
0.7665,206.313612459028,18.0301303827121
0.767,206.266449299316,18.1322517789079
0.7675,206.219050520155,18.2344909848281
0.768,206.171416121545,18.3368480004729
0.7685,206.123546103486,18.4393228258422
0.769,206.075440465978,18.541915460936
0.7695,206.027099209021,18.6446259057543
0.77,205.978522332615,18.7474541602971
0.7705,205.92970983676,18.8504002245644
0.771,205.880661721456,18.9534640985562
0.7715,205.831377986702,19.0566457822726
0.772,205.7818586325,19.1599452757134
0.7725,205.732103658849,19.2633625788788
0.773,205.682113065749,19.3668976917687
0.7735,205.631886853199,19.470550614383
0.774,205.581425021201,19.5743213467219
0.7745,205.530727569754,19.6782098887853
0.775,205.479794498857,19.7822162405732
0.7755,205.428625808512,19.8863404020856
0.776,205.377221498718,19.9905823733226
0.7765,205.325581569474,20.094942154284
0.777,205.273706020782,20.19941974497
0.7775,205.221594852641,20.3040151453804
0.778,205.16924806505,20.4087283555154
0.7785,205.116665658011,20.5135593753748
0.779,205.063847631522,20.6185082049588
0.7795,205.010793985585,20.7235748442673
0.78,204.957504720198,20.8287592933003
0.7805,204.903979835363,20.9340615520578
0.781,204.850219331078,21.0394816205399
0.7815,204.796223207344,21.1450194987464
0.782,204.741991464162,21.2506751866774
0.7825,204.68752410153,21.356448684333
0.783,204.63282111945,21.4623399917131
0.7835,204.57788251792,21.5683491088176
0.784,204.522708296941,21.6744760356467
0.7845,204.467298456514,21.7807207722003
0.785,204.411652996637,21.8870833184784
0.7855,204.355771917311,21.993563674481
0.786,204.299655218536,22.1001618402081
0.7865,204.243302900313,22.2068778156597
0.787,204.18671496264,22.3137116008359
0.7875,204.129891405518,22.4206631957365
0.788,204.072832228947,22.5277326003617
0.7885,204.015537432927,22.6349198147114
0.789,203.958007017459,22.7422248387855
0.7895,203.900240982541,22.8496476725842
0.79,203.842239328174,22.9571883161074
0.7905,203.784002054358,23.0648467693551
0.791,203.725529161093,23.1726230323273
0.7915,203.666820648379,23.2805171050241
0.792,203.607876516216,23.3885289874453
0.7925,203.548696764604,23.496658679591
0.793,203.489281393543,23.6049061814613
0.7935,203.429630403033,23.7132714930561
0.794,203.369743793074,23.8217546143753
0.7945,203.309621563666,23.9303555454191
0.795,203.249263714809,24.0390742861874
0.7955,203.188670246503,24.1479108366802
0.796,203.127841158747,24.2568651968975
0.7965,203.066776451543,24.3659373668393
0.797,203.00547612489,24.4751273465057
0.7975,202.943940178788,24.5844351358965
0.798,202.882168613237,24.6938607350119
0.7985,202.820161428237,24.8034041438517
0.799,202.757918623787,24.9130653624161
0.7995,202.695440199889,25.022844390705
0.8,202.632726156542,25.1327412287184
0.8005,202.569776493745,25.2427558764562
0.801,202.5065912115,25.3528883339187
0.8015,202.443170309806,25.4631386011056
0.802,202.379513788662,25.573506678017
0.8025,202.31562164807,25.6839925646529
0.803,202.251493888029,25.7945962610134
0.8035,202.187130508538,25.9053177670983
0.804,202.122531509599,26.0161570829078
0.8045,202.05769689121,26.1271142084418
0.805,201.992626653373,26.2381891437003
0.8055,201.927320796086,26.3493818886832
0.806,201.861779319351,26.4606924433908
0.8065,201.796002223166,26.5721208078228
0.807,201.729989507533,26.6836669819793
0.8075,201.66374117245,26.7953309658603
0.808,201.597257217919,26.9071127594659
0.8085,201.530537643938,27.0190123627959
0.809,201.463582450508,27.1310297758505
0.8095,201.39639163763,27.2431649986295
0.81,201.328965205302,27.3554180311331
0.8105,201.261303153525,27.4677888733612
0.811,201.1934054823,27.5802775253138
0.8115,201.125272191625,27.6928839869909
0.812,201.056903281501,27.8056082583926
0.8125,200.988298751928,27.9184503395187
0.813,200.919458602907,28.0314102303693
0.8135,200.850382834436,28.1444879309445
0.814,200.781071446516,28.2576834412441
0.8145,200.711524439147,28.3709967612683
0.815,200.641741812329,28.484427891017
0.8155,200.571723566062,28.5979768304901
0.816,200.501469700346,28.7116435796878
0.8165,200.430980215181,28.82542813861
0.817,200.360255110568,28.9393305072568
0.8175,200.289294386505,29.053350685628
0.818,200.218098042993,29.1674886737237
0.8185,200.146666080032,29.281744471544
0.819,200.074998497622,29.3961180790887
0.8195,200.003095295763,29.510609496358
0.82,199.930956474454,29.6252187233518
0.8205,199.858582033697,29.73994576007
0.821,199.785971973491,29.8547906065128
0.8215,199.713126293836,29.9697532626801
0.822,199.640044994732,30.0848337285719
0.8225,199.566728076179,30.2000320041883
0.823,199.493175538177,30.3153480895291
0.8235,199.419387380726,30.4307819845944
0.824,199.345363603825,30.5463336893843
0.8245,199.271104207476,30.6620032038986
0.825,199.196609191678,30.7777905281375
0.8255,199.121878556431,30.8936956621009
0.826,199.046912301734,31.0097186057888
0.8265,198.971710427589,31.1258593592012
0.827,198.896272933995,31.2421179223381
0.8275,198.820599820951,31.3584942951995
0.828,198.744691088459,31.4749884777854
0.8285,198.668546736518,31.5916004700959
0.829,198.592166765127,31.7083302721308
0.8295,198.515551174288,31.8251778838903
0.83,198.438699963999,31.9421433053742
0.8305,198.361613134262,32.0592265365827
0.831,198.284290685075,32.1764275775157
0.8315,198.20673261644,32.2937464281732
0.832,198.128938928355,32.4111830885552
0.8325,198.050909620822,32.5287375586617
0.833,197.972644693839,32.6464098384927
0.8335,197.894144147408,32.7641999280482
0.834,197.815407981527,32.8821078273283
0.8345,197.736436196198,33.0001335363328
0.835,197.657228791419,33.1182770550619
0.8355,197.577785767191,33.2365383835155
0.836,197.498107123515,33.3549175216935
0.8365,197.418192860389,33.4734144695961
0.837,197.338042977814,33.5920292272232
0.8375,197.25765747579,33.7107617945749
0.838,197.177036354318,33.829612171651
0.8385,197.096179613396,33.9485803584516
0.839,197.015087253025,34.0676663549767
0.8395,196.933759273205,34.1868701612264
0.84,196.852195673936,34.3061917772005
0.8405,196.770396455219,34.4256312028992
0.841,196.688361617052,34.5451884383224
0.8415,196.606091159436,34.6648634834701
0.842,196.523585082371,34.7846563383423
0.8425,196.440843385857,34.904567002939
0.843,196.357866069894,35.0245954772602
0.8435,196.274653134482,35.1447417613059
0.844,196.191204579621,35.2650058550761
0.8445,196.107520405311,35.3853877585709
0.845,196.023600611552,35.5058874717901
0.8455,195.939445198344,35.6265049947339
0.846,195.855054165687,35.7472403274022
0.8465,195.770427513581,35.868093469795
0.847,195.685565242026,35.9890644219122
0.8475,195.600467351022,36.1101531837541
0.848,195.515133840569,36.2313597553204
0.8485,195.429564710667,36.3526841366112
0.849,195.343759961315,36.4741263276265
0.8495,195.257719592515,36.5956863283664
0.85,195.171443604266,36.7173641388307
0.8505,195.084931996568,36.8391597590196
0.851,194.99818476942,36.9610731889329
0.8515,194.911201922824,37.0831044285708
0.852,194.823983456779,37.2052534779332
0.8525,194.736529371285,37.3275203370201
0.853,194.648839666341,37.4499050058315
0.8535,194.560914341949,37.5724074843674
0.854,194.472753398108,37.6950277726278
0.8545,194.384356834817,37.8177658706128
0.855,194.295724652078,37.9406217783222
0.8555,194.206856849889,38.0635954957562
0.856,194.117753428252,38.1866870229146
0.8565,194.028414387165,38.3098963597976
0.857,193.93883972663,38.4332235064051
0.8575,193.849029446645,38.5566684627371
0.858,193.758983547212,38.6802312287936
0.8585,193.668702028329,38.8039118045746
0.859,193.578184889998,38.9277101900801
0.8595,193.487432132217,39.0516263853102
0.86,193.396443754988,39.1756603902647
0.8605,193.305219758309,39.2998122049438
0.861,193.213760142181,39.4240818293473
0.8615,193.122064906605,39.5484692634754
0.862,193.030134051579,39.672974507328
0.8625,192.937967577104,39.7975975609051
0.863,192.845565483181,39.9223384242067
0.8635,192.752927769808,40.0471970972328
0.864,192.660054436986,40.1721735799834
0.8645,192.566945484715,40.2972678724585
0.865,192.473600912996,40.4224799746582
0.8655,192.380020721827,40.5478098865823
0.866,192.286204911209,40.673257608231
0.8665,192.192153481142,40.7988231396042
0.867,192.097866431626,40.9245064807018
0.8675,192.003343762661,41.050307631524
0.868,191.908585474248,41.1762265920707
0.8685,191.813591566385,41.3022633623419
0.869,191.718362039073,41.4284179423376
0.8695,191.622896892312,41.5546903320579
0.87,191.527196126102,41.6810805315026
0.8705,191.431259740443,41.8075885406718
0.871,191.335087735335,41.9342143595656
0.8715,191.238680110778,42.0609579881839
0.872,191.142036866772,42.1878194265266
0.8725,191.045158003317,42.3147986745939
0.873,190.948043520413,42.4418957323857
0.8735,190.850693418059,42.569110599902
0.874,190.753107696257,42.6964432771428
0.8745,190.655286355006,42.8238937641081
0.875,190.557229394306,42.951462060798
0.8755,190.458936814157,43.0791481672123
0.876,190.360408614559,43.2069520833511
0.8765,190.261644795511,43.3348738092145
0.877,190.162645357015,43.4629133448024
0.8775,190.06341029907,43.5910706901148
0.878,189.963939621676,43.7193458451516
0.8785,189.864233324832,43.8477388099131
0.879,189.76429140854,43.9762495843989
0.8795,189.664113872799,44.1048781686094
0.88,189.563700717608,44.2336245625443
0.8805,189.463051942969,44.3624887662037
0.881,189.36216754888,44.4914707795877
0.8815,189.261047535343,44.6205706026961
0.882,189.159691902356,44.7497882355291
0.8825,189.058100649921,44.8791236780866
0.883,188.956273778037,45.0085769303686
0.8835,188.854211286703,45.1381479923751
0.884,188.751913175921,45.267836864106
0.8845,188.649379445689,45.3976435455616
0.885,188.546610096008,45.5275680367416
0.8855,188.443605126879,45.6576103376461
0.886,188.3403645383,45.7877704482752
0.8865,188.236888330273,45.9180483686287
0.887,188.133176502796,46.0484440987068
0.8875,188.02922905587,46.1789576385094
0.888,187.925045989496,46.3095889880364
0.8885,187.820627303672,46.440338147288
0.889,187.715972998399,46.5712051162641
0.8895,187.611083073678,46.7021898949647
0.89,187.505957529507,46.8332924833898
0.8905,187.400596365887,46.9645128815395
0.891,187.294999582818,47.0958510894136
0.8915,187.1891671803,47.2273071070123
0.892,187.083099158334,47.3588809343354
0.8925,186.976795516918,47.4905725713831
0.893,186.870256256053,47.6223820181553
0.8935,186.763481375739,47.754309274652
0.894,186.656470875976,47.8863543408731
0.8945,186.549224756764,48.0185172168189
0.895,186.441743018103,48.1507979024891
0.8955,186.334025659993,48.2831963978838
0.896,186.226072682434,48.415712703003
0.8965,186.117884085426,48.5483468178467
0.897,186.009459868969,48.681098742415
0.8975,185.900800033063,48.8139684767078
0.898,185.791904577708,48.9469560207251
0.8985,185.682773502904,49.0800613744668
0.899,185.573406808651,49.2132845379331
0.8995,185.463804494949,49.3466255111239
0.9,185.353966561798,49.4800842940392
0.9005,185.243893009198,49.6136608866791
0.901,185.133583837149,49.7473552890434
0.9015,185.02303904565,49.8811675011322
0.902,184.912258634703,50.0150975229456
0.9025,184.801242604307,50.1491453544834
0.903,184.689990954462,50.2833109957458
0.9035,184.578503685167,50.4175944467327
0.904,184.466780796424,50.5519957074441
0.9045,184.354822288232,50.68651477788
0.905,184.24262816059,50.8211516580404
0.9055,184.1301984135,50.9559063479253
0.906,184.017533046961,51.0907788475347
0.9065,183.904632060972,51.2257691568687
0.907,183.791495455535,51.3608772759271
0.9075,183.678123230649,51.4961032047101
0.908,183.564515386313,51.6314469432175
0.9085,183.450671922529,51.7669084914495
0.909,183.336592839295,51.902487849406
0.9095,183.222278136613,52.038185017087
0.91,183.107727814481,52.1739999944925
0.9105,182.992941872901,52.3099327816225
0.911,182.877920311871,52.445983378477
0.9115,182.762663131392,52.5821517850561
0.912,182.647170331465,52.7184380013596
0.9125,182.531441912088,52.8548420273876
0.913,182.415477873263,52.9913638631402
0.9135,182.299278214988,53.1280035086173
0.914,182.182842937264,53.2647609638189
0.9145,182.066172040092,53.401636228745
0.915,181.94926552347,53.5386293033956
0.9155,181.832123387399,53.6757401877707
0.916,181.714745631879,53.8129688818703
0.9165,181.597132256911,53.9503153856944
0.917,181.479283262493,54.0877796992431
0.9175,181.361198648626,54.2253618225162
0.918,181.24287841531,54.3630617555139
0.9185,181.124322562545,54.500879498236
0.919,181.005531090332,54.6388150506827
0.9195,180.886503998669,54.7768684128539
0.92,180.767241287557,54.9150395847496
0.9205,180.647742956996,55.0533285663698
0.921,180.528009006986,55.1917353577145
0.9215,180.408039437527,55.3302599587837
0.922,180.287834248619,55.4689023695775
0.9225,180.167393440262,55.6076625900957
0.923,180.046717012456,55.7465406203385
0.9235,179.925804965201,55.8855364603057
0.924,179.804657298497,56.0246501099975
0.9245,179.683274012344,56.1638815694138
0.925,179.561655106742,56.3032308385546
0.9255,179.439800581691,56.4426979174199
0.926,179.31771043719,56.5822828060097
0.9265,179.195384673241,56.721985504324
0.927,179.072823289843,56.8618060123628
0.9275,178.950026286996,57.0017443301262
0.928,178.8269936647,57.141800457614
0.9285,178.703725422954,57.2819743948264
0.929,178.58022156176,57.4222661417633
0.9295,178.456482081117,57.5626756984246
0.93,178.332506981025,57.7032030648105
0.9305,178.208296261483,57.8438482409209
0.931,178.083849922493,57.9846112267559
0.9315,177.959167964054,58.1254920223152
0.932,177.834250386165,58.2664906275992
0.9325,177.709097188828,58.4076070426076
0.933,177.583708372042,58.5488412673406
0.9335,177.458083935806,58.690193301798
0.934,177.332223880122,58.83166314598
0.9345,177.206128204988,58.9732507998865
0.935,177.079796910406,59.1149562635175
0.9355,176.953229996374,59.2567795368729
0.936,176.826427462894,59.398720619953
0.9365,176.699389309964,59.5407795127574
0.937,176.572115537586,59.6829562152865
0.9375,176.444606145758,59.82525072754
0.938,176.316861134481,59.9676630495181
0.9385,176.188880503756,60.1101931812206
0.939,176.060664253581,60.2528411226477
0.9395,175.932212383958,60.3956068737992
0.94,175.803524894885,60.5384904346753
0.9405,175.674601786363,60.6814918052759
0.941,175.545443058392,60.824610985601
0.9415,175.416048710973,60.9678479756506
0.942,175.286418744104,61.1112027754248
0.9425,175.156553157786,61.2546753849234
0.943,175.026451952019,61.3982658041465
0.9435,174.896115126804,61.5419740330941
0.944,174.765542682139,61.6858000717663
0.9445,174.634734618025,61.829743920163
0.945,174.503690934462,61.9738055782842
0.9455,174.37241163145,62.1179850461298
0.946,174.240896708989,62.2622823237001
0.9465,174.109146167079,62.4066974109947
0.947,173.97716000572,62.551230308014
0.9475,173.844938224912,62.6958810147577
0.948,173.712480824655,62.8406495312259
0.9485,173.57978780495,62.9855358574187
0.949,173.446859165794,63.1305399933359
0.9495,173.31369490719,63.2756619389777
0.95,173.180295029137,63.420901694344
0.9505,173.046659531635,63.5662592594347
0.951,172.912788414684,63.71173463425
0.9515,172.778681678284,63.8573278187898
0.952,172.644339322435,64.0030388130542
0.9525,172.509761347137,64.148867617043
0.953,172.37494775239,64.2948142307563
0.9535,172.239898538193,64.4408786541941
0.954,172.104613704548,64.5870608873565
0.9545,171.969093251454,64.7333609302433
0.955,171.833337178911,64.8797787828547
0.9555,171.697345486918,65.0263144451906
0.956,171.561118175477,65.172967917251
0.9565,171.424655244587,65.3197391990359
0.957,171.287956694248,65.4666282905453
0.9575,171.151022524459,65.6136351917792
0.958,171.013852735222,65.7607599027376
0.9585,170.876447326535,65.9080024234206
0.959,170.7388062984,66.055362753828
0.9595,170.600929650816,66.20284089396
0.96,170.462817383782,66.3504368438164
0.9605,170.3244694973,66.4981506033974
0.961,170.185885991368,66.6459821727029
0.9615,170.047066865988,66.7939315517329
0.962,169.908012121158,66.9419987404874
0.9625,169.76872175688,67.0901837389664
0.963,169.629195773152,67.2384865471699
0.9635,169.489434169976,67.386907165098
0.964,169.34943694735,67.5354455927505
0.9645,169.209204105275,67.6841018301276
0.965,169.068735643752,67.8328758772291
0.9655,168.928031562779,67.9817677340552
0.966,168.787091862357,68.1307774006058
0.9665,168.645916542487,68.2799048768809
0.967,168.504505603167,68.4291501628805
0.9675,168.362859044398,68.5785132586046
0.968,168.220976866181,68.7279941640532
0.9685,168.078859068514,68.8775928792263
0.969,167.936505651398,69.027309404124
0.9695,167.793916614833,69.1771437387461
0.97,167.651091958819,69.3270958830928
0.9705,167.508031683357,69.4771658371639
0.971,167.364735788445,69.6273536009596
0.9715,167.221204274084,69.7776591744798
0.972,167.077437140274,69.9280825577245
0.9725,166.933434387015,70.0786237506937
0.973,166.789196014307,70.2292827533874
0.9735,166.64472202215,70.3800595658057
0.974,166.500012410544,70.5309541879484
0.9745,166.355067179489,70.6819666198156
0.975,166.209886328985,70.8330968614074
0.9755,166.064469859032,70.9843449127236
0.976,165.91881776963,71.1357107737644
0.9765,165.772930060779,71.2871944445297
0.977,165.626806732479,71.4387959250195
0.9775,165.48044778473,71.5905152152338
0.978,165.333853217532,71.7423523151726
0.9785,165.187023030884,71.8943072248359
0.979,165.039957224788,72.0463799442237
0.9795,164.892655799243,72.1985704733361
0.98,164.745118754249,72.3508788121729
0.9805,164.597346089806,72.5033049607343
0.981,164.449337805913,72.6558489190202
0.9815,164.301093902572,72.8085106870306
0.982,164.152614379782,72.9612902647654
0.9825,164.003899237542,73.1141876522248
0.983,163.854948475854,73.2672028494087
0.9835,163.705762094717,73.4203358563172
0.984,163.55634009413,73.5735866729501
0.9845,163.406682474095,73.7269552993075
0.985,163.256789234611,73.8804417353895
0.9855,163.106660375677,74.0340459811959
0.986,162.956295897295,74.1877680367269
0.9865,162.805695799463,74.3416079019824
0.987,162.654860082183,74.4955655769623
0.9875,162.503788745453,74.6496410616669
0.988,162.352481789275,74.8038343560958
0.9885,162.200939213647,74.9581454602494
0.989,162.049161018571,75.1125743741274
0.9895,161.897147204045,75.2671210977299
0.99,161.744897770071,75.421785631057
0.9905,161.592412716647,75.5765679741085
0.991,161.439692043774,75.7314681268846
0.9915,161.286735751453,75.8864860893852
0.992,161.133543839682,76.0416218616102
0.9925,160.980116308462,76.1968754435598
0.993,160.826453157794,76.3522468352339
0.9935,160.672554387676,76.5077360366326
0.994,160.518419998109,76.6633430477556
0.9945,160.364049989093,76.8190678686033
0.995,160.209444360629,76.9749104991754
0.9955,160.054603112715,77.1308709394721
0.996,159.899526245352,77.2869491894932
0.9965,159.74421375854,77.4431452492389
0.997,159.588665652279,77.5994591187091
0.9975,159.432881926569,77.7558907979038
0.998,159.27686258141,77.9124402868229
0.9985,159.120607616802,78.0691075854667
0.999,158.964117032746,78.2258926938349
0.9995,158.80739082924,78.3827956119276
1,158.650429006285,78.5398163397448
1,158.650429006285,78.5398163397448
