"time","hollowCylinderAxialOuter.port_p.reference.gamma"
0,0
0.00050000000000000001,0.15707963267948966
0.001,0.31415926535897942
0.0015,0.47123889803846908
0.002,0.62831853071795885
0.0025000000000000001,0.7853981633974485
0.0030000000000000001,0.94247779607693816
0.0035000000000000001,1.0995574287564276
0.0040000000000000001,1.2566370614359172
0.0045000000000000005,1.4137166941154071
0.0050000000000000001,1.5707963267948966
0.0054999999999999997,1.7278759594743862
0.0060000000000000001,1.8849555921538761
0.0065000000000000006,2.042035224833366
0.0070000000000000001,2.1991148575128561
0.0074999999999999997,2.3561944901923457
0.0080000000000000002,2.5132741228718354
0.0085000000000000006,2.670353755551325
0.0090000000000000011,2.8274333882308151
0.0094999999999999998,2.9845130209103043
0.01,3.141592653589794
0.010500000000000001,3.2986722862692837
0.010999999999999999,3.4557519189487733
0.0115,3.612831551628263
0.012,3.7699111843077526
0.012500000000000001,3.9269908169872423
0.013000000000000001,4.0840704496667319
0.0135,4.2411500823462198
0.014,4.3982297150257104
0.014500000000000001,4.5553093477051991
0.014999999999999999,4.7123889803846897
0.0155,4.8694686130641784
0.016,5.026548245743669
0.016500000000000001,5.1836278784231578
0.017000000000000001,5.3407075111026483
0.017500000000000002,5.497787143782138
0.018000000000000002,5.6548667764616276
0.018499999999999999,5.8119464091411164
0.019,5.9690260418206069
0.0195,6.1261056745000957
0.02,6.2831853071795862
0.020500000000000001,6.4402649398590759
0.021000000000000001,6.5973445725385655
0.021500000000000002,6.7544242052180552
0.021999999999999999,6.911503837897544
0.022499999999999999,7.0685834705770336
0.023,7.2256631032565242
0.0235,7.3827427359360129
0.024,7.5398223686155035
0.024500000000000001,7.6969020012949931
0.025000000000000001,7.8539816339744828
0.025500000000000002,8.0110612666539733
0.026000000000000002,8.1681408993334621
0.026499999999999999,8.3252205320129509
0.027,8.4823001646924379
0.0275,8.6393797973719284
0.028000000000000001,8.7964594300514172
0.028500000000000001,8.9535390627309077
0.029000000000000001,9.1106186954103983
0.029500000000000002,9.267698328089887
0.029999999999999999,9.4247779607693758
0.030499999999999999,9.5818575934488663
0.031,9.7389372261283569
0.0315,9.8960168588078439
0.032000000000000001,10.053096491487334
0.032500000000000001,10.210176124166825
0.033000000000000002,10.367255756846316
0.033500000000000002,10.524335389525804
0.034000000000000002,10.681415022205293
0.034500000000000003,10.838494654884784
0.035000000000000003,10.995574287564274
0.035500000000000004,11.152653920243765
0.036000000000000004,11.309733552923253
0.036499999999999998,11.466813185602742
0.036999999999999998,11.623892818282231
0.037499999999999999,11.78097245096172
0.037999999999999999,11.93805208364121
0.0385,12.095131716320701
0.039,12.252211349000191
0.0395,12.40929098167968
0.040000000000000001,12.566370614359169
0.040500000000000001,12.723450247038659
0.041000000000000002,12.88052987971815
0.041500000000000002,13.037609512397639
0.042000000000000003,13.194689145077129
0.042500000000000003,13.351768777756618
0.043000000000000003,13.508848410436109
0.043500000000000004,13.665928043115597
0.043999999999999997,13.823007675795086
0.044499999999999998,13.980087308474575
0.044999999999999998,14.137166941154065
0.045499999999999999,14.294246573833554
0.045999999999999999,14.451326206513045
0.0465,14.608405839192535
0.047,14.765485471872024
0.047500000000000001,14.922565104551515
0.048000000000000001,15.079644737231003
0.048500000000000001,15.236724369910494
0.049000000000000002,15.393804002589984
0.049500000000000002,15.550883635269473
0.050000000000000003,15.707963267948964
0.050500000000000003,15.865042900628453
0.051000000000000004,16.022122533307943
0.051500000000000004,16.179202165987434
0.052000000000000005,16.336281798666924
0.052499999999999998,16.493361431346411
0.052999999999999999,16.650441064025902
0.053499999999999999,16.807520696705389
0.053999999999999999,16.964600329384879
0.0545,17.121679962064366
0.055,17.278759594743857
0.055500000000000001,17.435839227423347
0.056000000000000001,17.592918860102834
0.056500000000000002,17.749998492782325
0.057000000000000002,17.907078125461815
0.057500000000000002,18.064157758141306
0.058000000000000003,18.221237390820797
0.058500000000000003,18.378317023500287
0.059000000000000004,18.535396656179778
0.059500000000000004,18.692476288859268
0.059999999999999998,18.849555921538752
0.060499999999999998,19.006635554218242
0.060999999999999999,19.163715186897733
0.061499999999999999,19.320794819577223
0.062,19.477874452256714
0.0625,19.634954084936204
0.063,19.792033717615695
0.063500000000000001,19.949113350295185
0.064000000000000001,20.106192982974672
0.064500000000000002,20.263272615654159
0.065000000000000002,20.42035224833365
0.065500000000000003,20.57743188101314
0.066000000000000003,20.734511513692631
0.066500000000000004,20.891591146372122
0.067000000000000004,21.048670779051612
0.067500000000000004,21.205750411731103
0.068000000000000005,21.362830044410593
0.068500000000000005,21.519909677090084
0.069000000000000006,21.676989309769567
0.069500000000000006,21.834068942449058
0.070000000000000007,21.991148575128548
0.070500000000000007,22.148228207808039
0.071000000000000008,22.305307840487529
0.071500000000000008,22.46238747316702
0.072000000000000008,22.61946710584651
0.072499999999999995,22.776546738525994
0.072999999999999995,22.933626371205484
0.073499999999999996,23.090706003884975
0.073999999999999996,23.247785636564466
0.074499999999999997,23.404865269243956
0.074999999999999997,23.561944901923443
0.075499999999999998,23.719024534602934
0.075999999999999998,23.876104167282424
0.076499999999999999,24.033183799961911
0.076999999999999999,24.190263432641402
0.077499999999999999,24.347343065320892
0.078,24.504422698000383
0.0785,24.661502330679873
0.079000000000000001,24.818581963359364
0.079500000000000001,24.975661596038854
0.080000000000000002,25.132741228718341
0.080500000000000002,25.289820861397832
0.081000000000000003,25.446900494077319
0.081500000000000003,25.603980126756809
0.082000000000000003,25.7610597594363
0.082500000000000004,25.918139392115791
0.083000000000000004,26.075219024795281
0.083500000000000005,26.232298657474772
0.084000000000000005,26.389378290154262
0.084500000000000006,26.546457922833749
0.085000000000000006,26.70353755551324
0.085500000000000007,26.86061718819273
0.086000000000000007,27.017696820872217
0.086500000000000007,27.174776453551708
0.087000000000000008,27.331856086231198
0.087500000000000008,27.488935718910689
0.087999999999999995,27.646015351590172
0.088499999999999995,27.803094984269663
0.088999999999999996,27.960174616949153
0.089499999999999996,28.117254249628644
0.089999999999999997,28.274333882308134
0.090499999999999997,28.431413514987621
0.090999999999999998,28.588493147667112
0.091499999999999998,28.745572780346603
0.091999999999999998,28.902652413026093
0.092499999999999999,29.05973204570558
0.092999999999999999,29.216811678385071
0.0935,29.373891311064561
0.094,29.530970943744052
0.094500000000000001,29.688050576423542
0.095000000000000001,29.845130209103033
0.095500000000000002,30.00220984178252
0.096000000000000002,30.15928947446201
0.096500000000000002,30.316369107141501
0.097000000000000003,30.473448739820991
0.097500000000000003,30.630528372500478
0.098000000000000004,30.787608005179969
0.098500000000000004,30.94468763785946
0.099000000000000005,31.10176727053895
0.099500000000000005,31.258846903218441
0.10000000000000001,31.415926535897928
0.10050000000000001,31.573006168577418
0.10100000000000001,31.730085801256909
0.10150000000000001,31.887165433936399
0.10200000000000001,32.044245066615886
0.10250000000000001,32.201324699295377
0.10300000000000001,32.358404331974867
0.10350000000000001,32.515483964654358
0.10400000000000001,32.672563597333848
0.1045,32.829643230013332
0.105,32.986722862692822
0.1055,33.143802495372313
0.106,33.300882128051803
0.1065,33.457961760731294
0.107,33.61504139341077
0.1075,33.772121026090261
0.108,33.929200658769751
0.1085,34.086280291449235
0.109,34.243359924128733
0.1095,34.400439556808216
0.11,34.557519189487714
0.1105,34.714598822167197
0.111,34.871678454846688
0.1115,35.028758087526178
0.112,35.185837720205669
0.1125,35.342917352885152
0.113,35.49999698556465
0.1135,35.657076618244133
0.114,35.814156250923631
0.1145,35.971235883603114
0.115,36.128315516282612
0.11550000000000001,36.285395148962095
0.11600000000000001,36.442474781641593
0.11650000000000001,36.599554414321076
0.11700000000000001,36.75663404700056
0.11750000000000001,36.913713679680058
0.11800000000000001,37.070793312359541
0.11850000000000001,37.227872945039039
0.11900000000000001,37.384952577718522
0.11950000000000001,37.54203221039802
0.12,37.699111843077503
0.1205,37.856191475756987
0.121,38.013271108436484
0.1215,38.170350741115968
0.122,38.327430373795465
0.1225,38.484510006474949
0.123,38.641589639154439
0.1235,38.79866927183393
0.124,38.95574890451342
0.1245,39.112828537192911
0.125,39.269908169872394
0.1255,39.426987802551892
0.126,39.584067435231375
0.1265,39.741147067910873
0.127,39.898226700590357
0.1275,40.055306333269854
0.128,40.212385965949338
0.1285,40.369465598628828
0.129,40.526545231308319
0.1295,40.683624863987802
0.13,40.8407044966673
0.1305,40.997784129346783
0.13100000000000001,41.154863762026281
0.13150000000000001,41.311943394705764
0.13200000000000001,41.469023027385262
0.13250000000000001,41.626102660064745
0.13300000000000001,41.783182292744236
0.13350000000000001,41.940261925423727
0.13400000000000001,42.09734155810321
0.13450000000000001,42.254421190782708
0.13500000000000001,42.411500823462191
0.13550000000000001,42.568580456141689
0.13600000000000001,42.725660088821172
0.13650000000000001,42.88273972150067
0.13700000000000001,43.039819354180153
0.13750000000000001,43.196898986859651
0.13800000000000001,43.353978619539134
0.13850000000000001,43.511058252218618
0.13900000000000001,43.668137884898115
0.13950000000000001,43.825217517577599
0.14000000000000001,43.982297150257097
0.14050000000000001,44.13937678293658
0.14100000000000001,44.296456415616078
0.14150000000000001,44.453536048295561
0.14200000000000002,44.610615680975059
0.14250000000000002,44.767695313654542
0.14300000000000002,44.924774946334026
0.14350000000000002,45.081854579013523
0.14400000000000002,45.238934211693007
0.14449999999999999,45.39601384437249
0.14499999999999999,45.553093477051981
0.14549999999999999,45.710173109731471
0.14599999999999999,45.867252742410962
0.14649999999999999,46.024332375090452
0.14699999999999999,46.181412007769943
0.14749999999999999,46.338491640449433
0.14799999999999999,46.495571273128917
0.14849999999999999,46.652650905808414
0.14899999999999999,46.809730538487898
0.14949999999999999,46.966810171167396
0.14999999999999999,47.123889803846879
0.15049999999999999,47.28096943652637
0.151,47.43804906920586
0.1515,47.595128701885351
0.152,47.752208334564841
0.1525,47.909287967244332
0.153,48.066367599923822
0.1535,48.223447232603306
0.154,48.380526865282803
0.1545,48.537606497962287
0.155,48.694686130641777
0.1555,48.851765763321268
0.156,49.008845396000758
0.1565,49.165925028680249
0.157,49.323004661359739
0.1575,49.48008429403923
0.158,49.637163926718713
0.1585,49.794243559398211
0.159,49.951323192077695
0.1595,50.108402824757185
0.16,50.265482457436676
0.1605,50.422562090116166
0.161,50.579641722795657
0.1615,50.736721355475147
0.16200000000000001,50.893800988154638
0.16250000000000001,51.050880620834121
0.16300000000000001,51.207960253513619
0.16350000000000001,51.365039886193102
0.16400000000000001,51.522119518872593
0.16450000000000001,51.679199151552083
0.16500000000000001,51.836278784231574
0.16550000000000001,51.993358416911065
0.16600000000000001,52.150438049590555
0.16650000000000001,52.307517682270046
0.16700000000000001,52.464597314949529
0.16750000000000001,52.621676947629027
0.16800000000000001,52.77875658030851
0.16850000000000001,52.935836212988008
0.16900000000000001,53.092915845667491
0.16950000000000001,53.249995478346982
0.17000000000000001,53.407075111026472
0.17050000000000001,53.564154743705963
0.17100000000000001,53.721234376385453
0.17150000000000001,53.878314009064944
0.17200000000000001,54.035393641744434
0.17250000000000001,54.192473274423918
0.17300000000000001,54.349552907103416
0.17350000000000002,54.506632539782899
0.17400000000000002,54.66371217246239
0.17450000000000002,54.82079180514188
0.17500000000000002,54.977871437821371
0.17550000000000002,55.134951070500861
0.17599999999999999,55.292030703180345
0.17649999999999999,55.449110335859828
0.17699999999999999,55.606189968539319
0.17749999999999999,55.763269601218809
0.17799999999999999,55.9203492338983
0.17849999999999999,56.07742886657779
0.17899999999999999,56.234508499257281
0.17949999999999999,56.391588131936771
0.17999999999999999,56.548667764616262
0.18049999999999999,56.705747397295752
0.18099999999999999,56.862827029975236
0.18149999999999999,57.019906662654726
0.182,57.176986295334217
0.1825,57.334065928013707
0.183,57.491145560693198
0.1835,57.648225193372689
0.184,57.805304826052179
0.1845,57.96238445873167
0.185,58.11946409141116
0.1855,58.276543724090651
0.186,58.433623356770134
0.1865,58.590702989449625
0.187,58.747782622129115
0.1875,58.904862254808606
0.188,59.061941887488096
0.1885,59.219021520167587
0.189,59.376101152847077
0.1895,59.533180785526568
0.19,59.690260418206059
0.1905,59.847340050885549
0.191,60.004419683565033
0.1915,60.161499316244523
0.192,60.318578948924014
0.1925,60.475658581603504
0.193,60.632738214282995
0.19350000000000001,60.789817846962485
0.19400000000000001,60.946897479641976
0.19450000000000001,61.103977112321466
0.19500000000000001,61.261056745000957
0.19550000000000001,61.41813637768044
0.19600000000000001,61.575216010359931
0.19650000000000001,61.732295643039421
0.19700000000000001,61.889375275718912
0.19750000000000001,62.046454908398402
0.19800000000000001,62.203534541077893
0.19850000000000001,62.360614173757384
0.19900000000000001,62.517693806436874
0.19950000000000001,62.674773439116365
0.20000000000000001,62.831853071795848
0.20050000000000001,62.988932704475339
0.20100000000000001,63.146012337154829
0.20150000000000001,63.30309196983432
0.20200000000000001,63.46017160251381
0.20250000000000001,63.617251235193301
0.20300000000000001,63.774330867872791
0.20350000000000001,63.931410500552282
0.20400000000000001,64.088490133231772
0.20450000000000002,64.245569765911256
0.20500000000000002,64.402649398590754
0.20550000000000002,64.559729031270237
0.20600000000000002,64.716808663949735
0.20650000000000002,64.873888296629218
0.20700000000000002,65.030967929308702
0.20750000000000002,65.188047561988199
0.20800000000000002,65.345127194667683
0.20849999999999999,65.502206827347166
0.20899999999999999,65.659286460026664
0.20949999999999999,65.816366092706147
0.20999999999999999,65.973445725385645
0.21049999999999999,66.130525358065128
0.21099999999999999,66.287604990744612
0.21149999999999999,66.444684623424109
0.21199999999999999,66.601764256103593
0.21249999999999999,66.75884388878309
0.21299999999999999,66.915923521462574
0.2135,67.073003154142071
0.214,67.230082786821541
0.2145,67.387162419501024
0.215,67.544242052180508
0.2155,67.701321684860005
0.216,67.858401317539489
0.2165,68.015480950218986
0.217,68.17256058289847
0.2175,68.329640215577953
0.218,68.486719848257451
0.2185,68.643799480936948
0.219,68.800879113616432
0.2195,68.957958746295915
0.22,69.115038378975413
0.2205,69.272118011654896
0.221,69.429197644334394
0.2215,69.586277277013878
0.222,69.743356909693375
0.2225,69.900436542372859
0.223,70.057516175052356
0.2235,70.21459580773184
0.224,70.371675440411337
0.22450000000000001,70.528755073090821
0.22500000000000001,70.685834705770304
0.22550000000000001,70.842914338449788
0.22600000000000001,70.9999939711293
0.22650000000000001,71.157073603808783
0.22700000000000001,71.314153236488266
0.22750000000000001,71.47123286916775
0.22800000000000001,71.628312501847262
0.22850000000000001,71.785392134526745
0.22900000000000001,71.942471767206229
0.22950000000000001,72.099551399885712
0.23000000000000001,72.256631032565195
0.23050000000000001,72.413710665244707
0.23100000000000001,72.570790297924191
0.23150000000000001,72.727869930603674
0.23200000000000001,72.884949563283158
0.23250000000000001,73.04202919596267
0.23300000000000001,73.199108828642153
0.23350000000000001,73.356188461321636
0.23400000000000001,73.51326809400112
0.23450000000000001,73.670347726680603
0.23500000000000001,73.827427359360115
0.23550000000000001,73.984506992039599
0.23600000000000002,74.141586624719082
0.23650000000000002,74.298666257398565
0.23700000000000002,74.455745890078077
0.23750000000000002,74.612825522757561
0.23800000000000002,74.769905155437044
0.23850000000000002,74.926984788116528
0.23900000000000002,75.084064420796011
0.23950000000000002,75.241144053475523
0.23999999999999999,75.398223686155006
0.24049999999999999,75.55530331883449
0.24099999999999999,75.712382951513973
0.24149999999999999,75.869462584193457
0.24199999999999999,76.026542216872954
0.24249999999999999,76.183621849552452
0.24299999999999999,76.340701482231935
0.24349999999999999,76.497781114911419
0.24399999999999999,76.654860747590917
0.2445,76.811940380270414
0.245,76.969020012949898
0.2455,77.126099645629381
0.246,77.283179278308864
0.2465,77.440258910988362
0.247,77.59733854366786
0.2475,77.754418176347343
0.248,77.911497809026827
0.2485,78.068577441706324
0.249,78.225657074385822
0.2495,78.382736707065305
0.25,78.539816339744789
0.2505,78.696895972424272
0.251,78.85397560510377
0.2515,79.011055237783268
0.252,79.168134870462751
0.2525,79.325214503142234
0.253,79.482294135821732
0.2535,79.63937376850123
0.254,79.796453401180713
0.2545,79.953533033860197
0.255,80.11061266653968
0.2555,80.267692299219192
0.25600000000000001,80.424771931898675
0.25650000000000001,80.581851564578159
0.25700000000000001,80.738931197257642
0.25750000000000001,80.89601082993714
0.25800000000000001,81.053090462616638
0.25850000000000001,81.210170095296121
0.25900000000000001,81.367249727975604
0.25950000000000001,81.524329360655088
0.26000000000000001,81.6814089933346
0.26050000000000001,81.838488626014083
0.26100000000000001,81.995568258693567
0.26150000000000001,82.15264789137305
0.26200000000000001,82.309727524052548
0.26250000000000001,82.466807156732045
0.26300000000000001,82.623886789411529
0.26350000000000001,82.780966422091012
0.26400000000000001,82.938046054770496
0.26450000000000001,83.095125687450007
0.26500000000000001,83.252205320129491
0.26550000000000001,83.409284952808974
0.26600000000000001,83.566364585488458
0.26650000000000001,83.723444218167955
0.26700000000000002,83.880523850847453
0.26750000000000002,84.037603483526937
0.26800000000000002,84.19468311620642
0.26850000000000002,84.351762748885903
0.26900000000000002,84.508842381565415
0.26950000000000002,84.665922014244899
0.27000000000000002,84.823001646924382
0.27050000000000002,84.980081279603866
0.27100000000000002,85.137160912283363
0.27150000000000002,85.294240544962861
0.27200000000000002,85.451320177642344
0.27250000000000002,85.608399810321828
0.27300000000000002,85.765479443001311
0.27350000000000002,85.922559075680823
0.27400000000000002,86.079638708360307
0.27450000000000002,86.23671834103979
0.27500000000000002,86.393797973719273
0.27550000000000002,86.550877606398757
0.27600000000000002,86.707957239078269
0.27650000000000002,86.865036871757752
0.27700000000000002,87.022116504437236
0.27750000000000002,87.179196137116719
0.27800000000000002,87.336275769796231
0.27850000000000003,87.493355402475714
0.27900000000000003,87.650435035155198
0.27950000000000003,87.807514667834681
0.28000000000000003,87.964594300514193
0.28050000000000003,88.121673933193676
0.28100000000000003,88.27875356587316
0.28150000000000003,88.435833198552643
0.28200000000000003,88.592912831232127
0.28250000000000003,88.749992463911639
0.28300000000000003,88.907072096591122
0.28350000000000003,89.064151729270606
0.28400000000000003,89.221231361950089
0.28450000000000003,89.378310994629601
0.28500000000000003,89.535390627309084
0.28550000000000003,89.692470259988568
0.28600000000000003,89.849549892668051
0.28650000000000003,90.006629525347535
0.28700000000000003,90.163709158027046
0.28750000000000003,90.32078879070653
0.28800000000000003,90.477868423386013
0.28849999999999998,90.634948056065497
0.28899999999999998,90.79202768874498
0.28949999999999998,90.949107321424464
0.28999999999999998,91.106186954103961
0.29049999999999998,91.263266586783445
0.29099999999999998,91.420346219462942
0.29149999999999998,91.577425852142426
0.29199999999999998,91.734505484821909
0.29249999999999998,91.891585117501407
0.29299999999999998,92.048664750180905
0.29349999999999998,92.205744382860388
0.29399999999999998,92.362824015539871
0.29449999999999998,92.519903648219369
0.29499999999999998,92.676983280898853
0.29549999999999998,92.83406291357835
0.29599999999999999,92.991142546257834
0.29649999999999999,93.148222178937317
0.29699999999999999,93.305301811616815
0.29749999999999999,93.462381444296312
0.29799999999999999,93.619461076975796
0.29849999999999999,93.776540709655279
0.29899999999999999,93.933620342334777
0.29949999999999999,94.09069997501426
0.29999999999999999,94.247779607693758
0.30049999999999999,94.404859240373241
0.30099999999999999,94.561938873052739
0.30149999999999999,94.719018505732222
0.30199999999999999,94.87609813841172
0.30249999999999999,95.033177771091204
0.30299999999999999,95.190257403770687
0.30349999999999999,95.347337036450185
0.30399999999999999,95.504416669129682
0.30449999999999999,95.661496301809166
0.30499999999999999,95.818575934488649
0.30549999999999999,95.975655567168147
0.30599999999999999,96.13273519984763
0.30649999999999999,96.289814832527128
0.307,96.446894465206611
0.3075,96.603974097886095
0.308,96.761053730565592
0.3085,96.91813336324509
0.309,97.075212995924574
0.3095,97.232292628604057
0.31,97.389372261283555
0.3105,97.546451893963038
0.311,97.703531526642536
0.3115,97.860611159322019
0.312,98.017690792001503
0.3125,98.174770424681
0.313,98.331850057360498
0.3135,98.488929690039981
0.314,98.646009322719465
0.3145,98.803088955398962
0.315,98.960168588078446
0.3155,99.117248220757943
0.316,99.274327853437427
0.3165,99.43140748611691
0.317,99.588487118796408
0.3175,99.745566751475906
0.318,99.902646384155389
0.31850000000000001,100.05972601683487
0.31900000000000001,100.21680564951437
0.31950000000000001,100.37388528219385
0.32000000000000001,100.53096491487335
0.32050000000000001,100.68804454755283
0.32100000000000001,100.84512418023232
0.32150000000000001,101.00220381291182
0.32200000000000001,101.15928344559131
0.32250000000000001,101.3163630782708
0.32300000000000001,101.47344271095028
0.32350000000000001,101.63052234362978
0.32400000000000001,101.78760197630926
0.32450000000000001,101.94468160898876
0.32500000000000001,102.10176124166824
0.32550000000000001,102.25884087434773
0.32600000000000001,102.41592050702722
0.32650000000000001,102.57300013970672
0.32700000000000001,102.7300797723862
0.32750000000000001,102.88715940506569
0.32800000000000001,103.04423903774519
0.32850000000000001,103.20131867042467
0.32900000000000001,103.35839830310417
0.32950000000000002,103.51547793578365
0.33000000000000002,103.67255756846313
0.33050000000000002,103.82963720114263
0.33100000000000002,103.98671683382213
0.33150000000000002,104.14379646650161
0.33200000000000002,104.3008760991811
0.33250000000000002,104.45795573186059
0.33300000000000002,104.61503536454008
0.33350000000000002,104.77211499721957
0.33400000000000002,104.92919462989906
0.33450000000000002,105.08627426257854
0.33500000000000002,105.24335389525804
0.33550000000000002,105.40043352793754
0.33600000000000002,105.55751316061702
0.33650000000000002,105.7145927932965
0.33700000000000002,105.871672425976
0.33750000000000002,106.02875205865548
0.33800000000000002,106.18583169133498
0.33850000000000002,106.34291132401447
0.33900000000000002,106.49999095669395
0.33950000000000002,106.65707058937345
0.34000000000000002,106.81415022205294
0.34050000000000002,106.97122985473243
0.34100000000000003,107.12830948741191
0.34150000000000003,107.28538912009141
0.34200000000000003,107.44246875277091
0.34250000000000003,107.59954838545039
0.34300000000000003,107.75662801812987
0.34350000000000003,107.91370765080937
0.34400000000000003,108.07078728348885
0.34450000000000003,108.22786691616835
0.34500000000000003,108.38494654884784
0.34550000000000003,108.54202618152732
0.34600000000000003,108.69910581420682
0.34650000000000003,108.85618544688631
0.34700000000000003,109.0132650795658
0.34750000000000003,109.17034471224528
0.34800000000000003,109.32742434492478
0.34850000000000003,109.48450397760426
0.34900000000000003,109.64158361028376
0.34950000000000003,109.79866324296324
0.35000000000000003,109.95574287564273
0.35050000000000003,110.11282250832222
0.35100000000000003,110.26990214100172
0.35150000000000003,110.42698177368121
0.35199999999999998,110.58406140636068
0.35249999999999998,110.74114103904017
0.35299999999999998,110.89822067171966
0.35349999999999998,111.05530030439914
0.35399999999999998,111.21237993707864
0.35449999999999998,111.36945956975812
0.35499999999999998,111.52653920243762
0.35549999999999998,111.6836188351171
0.35599999999999998,111.8406984677966
0.35649999999999998,111.99777810047608
0.35699999999999998,112.15485773315558
0.35749999999999998,112.31193736583506
0.35799999999999998,112.46901699851455
0.35849999999999999,112.62609663119405
0.35899999999999999,112.78317626387353
0.35949999999999999,112.94025589655303
0.35999999999999999,113.09733552923251
0.36049999999999999,113.25441516191201
0.36099999999999999,113.41149479459149
0.36149999999999999,113.56857442727099
0.36199999999999999,113.72565405995047
0.36249999999999999,113.88273369262996
0.36299999999999999,114.03981332530945
0.36349999999999999,114.19689295798894
0.36399999999999999,114.35397259066843
0.36449999999999999,114.51105222334792
0.36499999999999999,114.66813185602741
0.36549999999999999,114.8252114887069
0.36599999999999999,114.9822911213864
0.36649999999999999,115.13937075406588
0.36699999999999999,115.29645038674536
0.36749999999999999,115.45353001942486
0.36799999999999999,115.61060965210434
0.36849999999999999,115.76768928478384
0.36899999999999999,115.92476891746333
0.3695,116.08184855014282
0.37,116.23892818282231
0.3705,116.3960078155018
0.371,116.55308744818129
0.3715,116.71016708086077
0.372,116.86724671354027
0.3725,117.02432634621975
0.373,117.18140597889925
0.3735,117.33848561157873
0.374,117.49556524425823
0.3745,117.65264487693771
0.375,117.80972450961721
0.3755,117.9668041422967
0.376,118.12388377497618
0.3765,118.28096340765568
0.377,118.43804304033517
0.3775,118.59512267301466
0.378,118.75220230569414
0.3785,118.90928193837364
0.379,119.06636157105312
0.3795,119.22344120373262
0.38,119.3805208364121
0.3805,119.53760046909159
0.38100000000000001,119.69468010177108
0.38150000000000001,119.85175973445058
0.38200000000000001,120.00883936713007
0.38250000000000001,120.16591899980955
0.38300000000000001,120.32299863248905
0.38350000000000001,120.48007826516853
0.38400000000000001,120.63715789784803
0.38450000000000001,120.79423753052751
0.38500000000000001,120.95131716320701
0.38550000000000001,121.10839679588649
0.38600000000000001,121.26547642856599
0.38650000000000001,121.42255606124547
0.38700000000000001,121.57963569392496
0.38750000000000001,121.73671532660445
0.38800000000000001,121.89379495928394
0.38850000000000001,122.05087459196344
0.38900000000000001,122.20795422464292
0.38950000000000001,122.36503385732242
0.39000000000000001,122.5221134900019
0.39050000000000001,122.6791931226814
0.39100000000000001,122.83627275536088
0.39150000000000001,122.99335238804036
0.39200000000000002,123.15043202071986
0.39250000000000002,123.30751165339935
0.39300000000000002,123.46459128607884
0.39350000000000002,123.62167091875833
0.39400000000000002,123.77875055143782
0.39450000000000002,123.93583018411731
0.39500000000000002,124.0929098167968
0.39550000000000002,124.24998944947629
0.39600000000000002,124.40706908215577
0.39650000000000002,124.56414871483527
0.39700000000000002,124.72122834751475
0.39750000000000002,124.87830798019425
0.39800000000000002,125.03538761287373
0.39850000000000002,125.19246724555323
0.39900000000000002,125.34954687823272
0.39950000000000002,125.50662651091221
0.40000000000000002,125.6637061435917
0.40050000000000002,125.82078577627118
0.40100000000000002,125.97786540895068
0.40150000000000002,126.13494504163016
0.40200000000000002,126.29202467430966
0.40250000000000002,126.44910430698914
0.40300000000000002,126.60618393966864
0.40350000000000003,126.76326357234812
0.40400000000000003,126.92034320502762
0.40450000000000003,127.0774228377071
0.40500000000000003,127.23450247038659
0.40550000000000003,127.39158210306609
0.40600000000000003,127.54866173574557
0.40650000000000003,127.70574136842507
0.40700000000000003,127.86282100110455
0.40750000000000003,128.01990063378403
0.40800000000000003,128.17698026646354
0.40850000000000003,128.33405989914303
0.40900000000000003,128.49113953182251
0.40950000000000003,128.648219164502
0.41000000000000003,128.80529879718148
0.41050000000000003,128.96237842986099
0.41100000000000003,129.11945806254047
0.41150000000000003,129.27653769521996
0.41200000000000003,129.43361732789944
0.41250000000000003,129.59069696057895
0.41300000000000003,129.74777659325844
0.41350000000000003,129.90485622593792
0.41400000000000003,130.0619358586174
0.41450000000000004,130.21901549129689
0.41500000000000004,130.3760951239764
0.41550000000000004,130.53317475665588
0.41600000000000004,130.69025438933537
0.41649999999999998,130.84733402201485
0.41699999999999998,131.00441365469433
0.41749999999999998,131.16149328737382
0.41799999999999998,131.3185729200533
0.41849999999999998,131.47565255273281
0.41899999999999998,131.63273218541229
0.41949999999999998,131.78981181809178
0.41999999999999998,131.94689145077126
0.42049999999999998,132.10397108345077
0.42099999999999999,132.26105071613026
0.42149999999999999,132.41813034880974
0.42199999999999999,132.57520998148922
0.42249999999999999,132.73228961416871
0.42299999999999999,132.88936924684822
0.42349999999999999,133.0464488795277
0.42399999999999999,133.20352851220719
0.42449999999999999,133.36060814488667
0.42499999999999999,133.51768777756618
0.42549999999999999,133.67476741024566
0.42599999999999999,133.83184704292515
0.42649999999999999,133.98892667560463
0.42699999999999999,134.14600630828411
0.42749999999999999,134.30308594096365
0.42799999999999999,134.46016557364317
0.42849999999999999,134.61724520632265
0.42899999999999999,134.77432483900213
0.42949999999999999,134.93140447168162
0.42999999999999999,135.0884841043611
0.43049999999999999,135.24556373704061
0.43099999999999999,135.4026433697201
0.43149999999999999,135.55972300239958
0.432,135.71680263507906
0.4325,135.87388226775855
0.433,136.03096190043806
0.4335,136.18804153311754
0.434,136.34512116579702
0.4345,136.50220079847654
0.435,136.65928043115599
0.4355,136.8163600638355
0.436,136.97343969651499
0.4365,137.13051932919447
0.437,137.28759896187398
0.4375,137.44467859455347
0.438,137.60175822723295
0.4385,137.75883785991243
0.439,137.91591749259192
0.4395,138.07299712527143
0.44,138.23007675795091
0.4405,138.38715639063039
0.441,138.54423602330988
0.4415,138.70131565598936
0.442,138.85839528866887
0.4425,139.01547492134836
0.443,139.17255455402784
0.44350000000000001,139.32963418670735
0.44400000000000001,139.48671381938681
0.44450000000000001,139.64379345206632
0.44500000000000001,139.8008730847458
0.44550000000000001,139.95795271742529
0.44600000000000001,140.1150323501048
0.44650000000000001,140.27211198278428
0.44700000000000001,140.42919161546376
0.44750000000000001,140.58627124814325
0.44800000000000001,140.74335088082273
0.44850000000000001,140.90043051350222
0.44900000000000001,141.05751014618173
0.44950000000000001,141.21458977886124
0.45000000000000001,141.37166941154072
0.45050000000000001,141.52874904422021
0.45100000000000001,141.68582867689969
0.45150000000000001,141.84290830957917
0.45200000000000001,141.99998794225866
0.45250000000000001,142.15706757493814
0.45300000000000001,142.31414720761765
0.45350000000000001,142.47122684029711
0.45400000000000001,142.62830647297662
0.45450000000000002,142.78538610565613
0.45500000000000002,142.94246573833561
0.45550000000000002,143.0995453710151
0.45600000000000002,143.25662500369458
0.45650000000000002,143.41370463637406
0.45700000000000002,143.57078426905355
0.45750000000000002,143.72786390173303
0.45800000000000002,143.88494353441254
0.45850000000000002,144.04202316709205
0.45900000000000002,144.19910279977154
0.45950000000000002,144.35618243245102
0.46000000000000002,144.5132620651305
0.46050000000000002,144.67034169780999
0.46100000000000002,144.82742133048947
0.46150000000000002,144.98450096316895
0.46200000000000002,145.14158059584847
0.46250000000000002,145.29866022852792
0.46300000000000002,145.45573986120743
0.46350000000000002,145.61281949388695
0.46400000000000002,145.76989912656643
0.46450000000000002,145.92697875924591
0.46500000000000002,146.0840583919254
0.46550000000000002,146.24113802460488
0.46600000000000003,146.39821765728436
0.46650000000000003,146.55529728996385
0.46700000000000003,146.71237692264336
0.46750000000000003,146.86945655532287
0.46800000000000003,147.02653618800235
0.46850000000000003,147.18361582068184
0.46900000000000003,147.34069545336132
0.46950000000000003,147.4977750860408
0.47000000000000003,147.65485471872029
0.47050000000000003,147.81193435139977
0.47100000000000003,147.96901398407928
0.47150000000000003,148.12609361675879
0.47200000000000003,148.28317324943825
0.47250000000000003,148.44025288211776
0.47300000000000003,148.59733251479724
0.47350000000000003,148.75441214747673
0.47400000000000003,148.91149178015621
0.47450000000000003,149.06857141283569
0.47500000000000003,149.22565104551518
0.47550000000000003,149.38273067819466
0.47600000000000003,149.53981031087417
0.47650000000000003,149.69688994355369
0.47700000000000004,149.85396957623317
0.47750000000000004,150.01104920891265
0.47800000000000004,150.16812884159214
0.47850000000000004,150.32520847427162
0.47900000000000004,150.4822881069511
0.47950000000000004,150.63936773963059
0.47999999999999998,150.79644737231007
0.48049999999999998,150.95352700498955
0.48099999999999998,151.11060663766904
0.48149999999999998,151.26768627034855
0.48199999999999998,151.42476590302803
0.48249999999999998,151.58184553570754
0.48299999999999998,151.73892516838703
0.48349999999999999,151.89600480106651
0.48399999999999999,152.05308443374599
0.48449999999999999,152.21016406642548
0.48499999999999999,152.36724369910496
0.48549999999999999,152.52432333178447
0.48599999999999999,152.68140296446396
0.48649999999999999,152.83848259714344
0.48699999999999999,152.99556222982292
0.48749999999999999,153.15264186250243
0.48799999999999999,153.30972149518192
0.48849999999999999,153.4668011278614
0.48899999999999999,153.62388076054089
0.48949999999999999,153.78096039322037
0.48999999999999999,153.93804002589985
0.49049999999999999,154.09511965857936
0.49099999999999999,154.25219929125885
0.49149999999999999,154.40927892393836
0.49199999999999999,154.56635855661784
0.49249999999999999,154.72343818929733
0.49299999999999999,154.88051782197681
0.49349999999999999,155.03759745465629
0.49399999999999999,155.19467708733578
0.4945,155.35175672001529
0.495,155.50883635269477
0.4955,155.66591598537428
0.496,155.82299561805374
0.4965,155.98007525073325
0.497,156.13715488341273
0.4975,156.29423451609222
0.498,156.4513141487717
0.4985,156.60839378145118
0.499,156.76547341413067
0.4995,156.92255304681018
0.5,157.07963267948966
0.50050000000000006,157.23671231216917
0.501,157.39379194484866
0.50150000000000006,157.55087157752814
0.502,157.70795121020763
0.50250000000000006,157.86503084288711
0.503,158.02211047556659
0.50350000000000006,158.17919010824613
0.504,158.33626974092559
0.50450000000000006,158.4933493736051
0.505,158.65042900628455
0.50550000000000006,158.80750863896407
0.50600000000000001,158.96458827164355
0.50650000000000006,159.12166790432303
0.50700000000000001,159.27874753700252
0.50750000000000006,159.43582716968203
0.50800000000000001,159.59290680236148
0.50850000000000006,159.74998643504102
0.50900000000000001,159.90706606772048
0.50950000000000006,160.06414570039999
0.51000000000000001,160.22122533307947
0.51050000000000006,160.37830496575896
0.51100000000000001,160.53538459843844
0.51150000000000007,160.69246423111792
0.51200000000000001,160.84954386379741
0.51249999999999996,161.00662349647689
0.51300000000000001,161.1637031291564
0.51349999999999996,161.32078276183589
0.51400000000000001,161.4778623945154
0.51449999999999996,161.63494202719485
0.51500000000000001,161.79202165987437
0.51549999999999996,161.94910129255385
0.51600000000000001,162.10618092523333
0.51649999999999996,162.26326055791282
0.51700000000000002,162.42034019059233
0.51749999999999996,162.57741982327178
0.51800000000000002,162.73449945595129
0.51849999999999996,162.89157908863078
0.51900000000000002,163.04865872131029
0.51949999999999996,163.20573835398977
0.52000000000000002,163.36281798666926
0.52049999999999996,163.51989761934874
0.52100000000000002,163.67697725202822
0.52149999999999996,163.83405688470771
0.52200000000000002,163.99113651738722
0.52249999999999996,164.1482161500667
0.52300000000000002,164.30529578274621
0.52349999999999997,164.46237541542567
0.52400000000000002,164.61945504810518
0.52449999999999997,164.77653468078466
0.52500000000000002,164.93361431346415
0.52549999999999997,165.09069394614363
0.52600000000000002,165.24777357882314
0.52649999999999997,165.4048532115026
0.52700000000000002,165.56193284418211
0.52749999999999997,165.71901247686159
0.52800000000000002,165.8760921095411
0.52849999999999997,166.03317174222059
0.52900000000000003,166.19025137490007
0.52949999999999997,166.34733100757956
0.53000000000000003,166.50441064025904
0.53049999999999997,166.66149027293852
0.53100000000000003,166.81856990561803
0.53149999999999997,166.97564953829752
0.53200000000000003,167.13272917097703
0.53249999999999997,167.28980880365648
0.53300000000000003,167.446888436336
0.53349999999999997,167.60396806901548
0.53400000000000003,167.76104770169496
0.53449999999999998,167.91812733437445
0.53500000000000003,168.07520696705396
0.53549999999999998,168.23228659973341
0.53600000000000003,168.38936623241293
0.53649999999999998,168.54644586509241
0.53700000000000003,168.70352549777192
0.53749999999999998,168.8606051304514
0.53800000000000003,169.01768476313089
0.53849999999999998,169.17476439581037
0.53900000000000003,169.33184402848985
0.53949999999999998,169.48892366116934
0.54000000000000004,169.64600329384885
0.54049999999999998,169.80308292652833
0.54100000000000004,169.96016255920784
0.54149999999999998,170.1172421918873
0.54200000000000004,170.27432182456681
0.54249999999999998,170.4314014572463
0.54300000000000004,170.58848108992578
0.54349999999999998,170.74556072260526
0.54400000000000004,170.90264035528477
0.54449999999999998,171.05971998796423
0.54500000000000004,171.21679962064374
0.54549999999999998,171.37387925332322
0.54600000000000004,171.53095888600274
0.54649999999999999,171.68803851868222
0.54700000000000004,171.8451181513617
0.54749999999999999,172.00219778404119
0.54800000000000004,172.15927741672067
0.54849999999999999,172.31635704940015
0.54900000000000004,172.47343668207967
0.54949999999999999,172.63051631475915
0.55000000000000004,172.78759594743866
0.55049999999999999,172.94467558011812
0.55100000000000005,173.10175521279763
0.55149999999999999,173.25883484547711
0.55200000000000005,173.41591447815659
0.55249999999999999,173.57299411083608
0.55300000000000005,173.73007374351559
0.55349999999999999,173.88715337619504
0.55400000000000005,174.04423300887456
0.55449999999999999,174.20131264155404
0.55500000000000005,174.35839227423355
0.55549999999999999,174.51547190691304
0.55600000000000005,174.67255153959252
0.55649999999999999,174.829631172272
0.55700000000000005,174.98671080495149
0.5575,175.14379043763097
0.55800000000000005,175.30087007031048
0.5585,175.45794970298996
0.55900000000000005,175.61502933566948
0.5595,175.77210896834896
0.56000000000000005,175.92918860102844
0.5605,176.08626823370793
0.56100000000000005,176.24334786638741
0.5615,176.40042749906689
0.56200000000000006,176.55750713174641
0.5625,176.71458676442589
0.56300000000000006,176.8716663971054
0.5635,177.02874602978486
0.56400000000000006,177.18582566246437
0.5645,177.34290529514385
0.56500000000000006,177.49998492782333
0.5655,177.65706456050282
0.56600000000000006,177.81414419318233
0.5665,177.97122382586178
0.56700000000000006,178.1283034585413
0.5675,178.28538309122078
0.56800000000000006,178.44246272390029
0.56850000000000001,178.59954235657978
0.56900000000000006,178.75662198925926
0.56950000000000001,178.91370162193874
0.57000000000000006,179.07078125461823
0.57050000000000001,179.22786088729771
0.57100000000000006,179.38494051997722
0.57150000000000001,179.5420201526567
0.57200000000000006,179.69909978533622
0.57250000000000001,179.85617941801567
0.57300000000000006,180.01325905069518
0.57350000000000001,180.17033868337467
0.57400000000000007,180.32741831605415
0.57450000000000001,180.48449794873363
0.57500000000000007,180.64157758141315
0.57550000000000001,180.7986572140926
0.57600000000000007,180.95573684677211
0.57650000000000001,181.1128164794516
0.57699999999999996,181.26989611213105
0.57750000000000001,181.42697574481059
0.57799999999999996,181.58405537749002
0.57850000000000001,181.74113501016956
0.57899999999999996,181.89821464284904
0.57950000000000002,182.05529427552852
0.57999999999999996,182.21237390820801
0.58050000000000002,182.36945354088752
0.58099999999999996,182.52653317356697
0.58150000000000002,182.68361280624649
0.58199999999999996,182.84069243892594
0.58250000000000002,182.99777207160548
0.58299999999999996,183.15485170428497
0.58350000000000002,183.31193133696445
0.58399999999999996,183.46901096964393
0.58450000000000002,183.62609060232342
0.58499999999999996,183.7831702350029
0.58550000000000002,183.94024986768241
0.58599999999999997,184.09732950036187
0.58650000000000002,184.25440913304141
0.58699999999999997,184.41148876572083
0.58750000000000002,184.56856839840037
0.58799999999999997,184.72564803107986
0.58850000000000002,184.88272766375934
0.58899999999999997,185.03980729643882
0.58950000000000002,185.19688692911831
0.58999999999999997,185.35396656179779
0.59050000000000002,185.5110461944773
0.59099999999999997,185.66812582715676
0.59150000000000003,185.8252054598363
0.59199999999999997,185.98228509251575
0.59250000000000003,186.13936472519526
0.59299999999999997,186.29644435787475
0.59350000000000003,186.45352399055423
0.59399999999999997,186.61060362323371
0.59450000000000003,186.76768325591323
0.59499999999999997,186.92476288859268
0.59550000000000003,187.08184252127222
0.59599999999999997,187.23892215395165
0.59650000000000003,187.39600178663119
0.59699999999999998,187.55308141931067
0.59750000000000003,187.71016105199016
0.59799999999999998,187.86724068466964
0.59850000000000003,188.02432031734912
0.59899999999999998,188.18139995002861
0.59950000000000003,188.33847958270812
0.59999999999999998,188.49555921538757
0.60050000000000003,188.65263884806711
0.60099999999999998,188.80971848074657
0.60150000000000003,188.96679811342608
0.60199999999999998,189.12387774610556
0.60250000000000004,189.28095737878505
0.60299999999999998,189.43803701146453
0.60350000000000004,189.59511664414404
0.60399999999999998,189.7521962768235
0.60450000000000004,189.90927590950304
0.60499999999999998,190.06635554218249
0.60550000000000004,190.223435174862
0.60599999999999998,190.38051480754149
0.60650000000000004,190.53759444022097
0.60699999999999998,190.69467407290045
0.60750000000000004,190.85175370557994
0.60799999999999998,191.00883333825942
0.60850000000000004,191.16591297093896
0.60899999999999999,191.32299260361839
0.60950000000000004,191.48007223629793
0.60999999999999999,191.63715186897738
0.61050000000000004,191.7942315016569
0.61099999999999999,191.95131113433638
0.61150000000000004,192.10839076701586
0.61199999999999999,192.26547039969535
0.61250000000000004,192.42255003237486
0.61299999999999999,192.57962966505431
0.61350000000000005,192.73670929773385
0.61399999999999999,192.89378893041331
0.61450000000000005,193.05086856309282
0.61499999999999999,193.2079481957723
0.61550000000000005,193.36502782845179
0.61599999999999999,193.52210746113127
0.61650000000000005,193.67918709381075
0.61699999999999999,193.83626672649024
0.61750000000000005,193.99334635916978
0.61799999999999999,194.1504259918492
0.61850000000000005,194.30750562452874
0.61899999999999999,194.4645852572082
0.61950000000000005,194.62166488988771
0.62,194.77874452256719
0.62050000000000005,194.93582415524668
0.621,195.09290378792616
0.62150000000000005,195.24998342060567
0.622,195.40706305328513
0.62250000000000005,195.56414268596467
0.623,195.72122231864412
0.62350000000000005,195.87830195132364
0.624,196.03538158400312
0.62450000000000006,196.1924612166826
0.625,196.34954084936209
0.62550000000000006,196.50662048204157
0.626,196.66370011472105
0.62650000000000006,196.82077974740059
0.627,196.97785938008002
0.62750000000000006,197.13493901275956
0.628,197.29201864543901
0.62850000000000006,197.44909827811853
0.629,197.60617791079801
0.62950000000000006,197.76325754347749
0.63,197.92033717615698
0.63050000000000006,198.07741680883649
0.63100000000000001,198.23449644151594
0.63150000000000006,198.39157607419548
0.63200000000000001,198.54865570687494
0.63250000000000006,198.70573533955445
0.63300000000000001,198.86281497223393
0.63350000000000006,199.01989460491342
0.63400000000000001,199.1769742375929
0.63450000000000006,199.33405387027238
0.63500000000000001,199.49113350295187
0.63550000000000006,199.64821313563141
0.63600000000000001,199.80529276831084
0.63650000000000007,199.96237240099038
0.63700000000000001,200.11945203366983
0.63750000000000007,200.27653166634934
0.63800000000000001,200.43361129902883
0.63850000000000007,200.59069093170831
0.63900000000000001,200.74777056438779
0.63950000000000007,200.9048501970673
0.64000000000000001,201.06192982974676
0.64049999999999996,201.21900946242624
0.64100000000000001,201.37608909510575
0.64149999999999996,201.53316872778521
0.64200000000000002,201.69024836046475
0.64249999999999996,201.84732799314421
0.64300000000000002,202.00440762582372
0.64349999999999996,202.1614872585032
0.64400000000000002,202.31856689118268
0.64449999999999996,202.47564652386217
0.64500000000000002,202.63272615654168
0.64549999999999996,202.78980578922113
0.64600000000000002,202.94688542190065
0.64649999999999996,203.10396505458013
0.64700000000000002,203.26104468725964
0.64749999999999996,203.41812431993912
0.64800000000000002,203.57520395261861
0.64849999999999997,203.73228358529809
0.64900000000000002,203.88936321797758
0.64949999999999997,204.04644285065706
0.65000000000000002,204.20352248333657
0.65049999999999997,204.36060211601603
0.65100000000000002,204.51768174869557
0.65149999999999997,204.67476138137502
0.65200000000000002,204.83184101405453
0.65249999999999997,204.98892064673402
0.65300000000000002,205.1460002794135
0.65349999999999997,205.30307991209298
0.65400000000000003,205.46015954477249
0.65449999999999997,205.61723917745195
0.65500000000000003,205.77431881013146
0.65549999999999997,205.93139844281094
0.65600000000000003,206.08847807549046
0.65649999999999997,206.24555770816991
0.65700000000000003,206.40263734084942
0.65749999999999997,206.55971697352891
0.65800000000000003,206.71679660620839
0.65849999999999997,206.87387623888787
0.65900000000000003,207.03095587156739
0.65949999999999998,207.18803550424687
0.66000000000000003,207.34511513692638
0.66049999999999998,207.50219476960584
0.66100000000000003,207.65927440228535
0.66149999999999998,207.81635403496483
0.66200000000000003,207.97343366764431
0.66249999999999998,208.1305133003238
0.66300000000000003,208.28759293300331
0.66349999999999998,208.44467256568277
0.66400000000000003,208.60175219836231
0.66449999999999998,208.75883183104176
0.66500000000000004,208.91591146372127
0.66549999999999998,209.07299109640073
0.66600000000000004,209.23007072908024
0.66649999999999998,209.38715036175972
0.66700000000000004,209.54422999443923
0.66749999999999998,209.70130962711869
0.66800000000000004,209.8583892597982
0.66849999999999998,210.01546889247768
0.66900000000000004,210.1725485251572
0.66949999999999998,210.32962815783665
0.67000000000000004,210.48670779051616
0.67049999999999998,210.64378742319565
0.67100000000000004,210.80086705587513
0.67149999999999999,210.95794668855461
0.67200000000000004,211.11502632123413
0.67249999999999999,211.27210595391358
0.67300000000000004,211.42918558659312
0.67349999999999999,211.58626521927258
0.67400000000000004,211.74334485195209
0.67449999999999999,211.90042448463154
0.67500000000000004,212.05750411731105
0.67549999999999999,212.21458374999054
0.67600000000000005,212.37166338267005
0.67649999999999999,212.52874301534951
0.67700000000000005,212.68582264802902
0.67749999999999999,212.8429022807085
0.67800000000000005,212.99998191338801
0.67849999999999999,213.15706154606747
0.67900000000000005,213.31414117874698
0.67949999999999999,213.47122081142646
0.68000000000000005,213.62830044410595
0.68049999999999999,213.78538007678543
0.68100000000000005,213.94245970946494
0.68149999999999999,214.0995393421444
0.68200000000000005,214.25661897482394
0.6825,214.41369860750339
0.68300000000000005,214.5707782401829
0.6835,214.72785787286239
0.68400000000000005,214.88493750554187
0.6845,215.04201713822135
0.68500000000000005,215.19909677090087
0.6855,215.35617640358032
0.68600000000000005,215.51325603625983
0.6865,215.67033566893932
0.68700000000000006,215.82741530161883
0.6875,215.98449493429828
0.68800000000000006,216.14157456697779
0.6885,216.29865419965728
0.68900000000000006,216.45573383233676
0.6895,216.61281346501625
0.69000000000000006,216.76989309769576
0.6905,216.92697273037521
0.69100000000000006,217.08405236305475
0.6915,217.24113199573421
0.69200000000000006,217.39821162841372
0.6925,217.5552912610932
0.69300000000000006,217.71237089377269
0.69350000000000001,217.86945052645217
0.69400000000000006,218.02653015913168
0.69450000000000001,218.18360979181114
0.69500000000000006,218.34068942449065
0.69550000000000001,218.49776905717013
0.69600000000000006,218.65484868984964
0.69650000000000001,218.8119283225291
0.69700000000000006,218.96900795520861
0.69750000000000001,219.12608758788809
0.69800000000000006,219.28316722056758
0.69850000000000001,219.44024685324706
0.69900000000000007,219.59732648592657
0.69950000000000001,219.75440611860603
0.70000000000000007,219.91148575128557
0.70050000000000001,220.06856538396502
0.70100000000000007,220.22564501664453
0.70150000000000001,220.38272464932402
0.70200000000000007,220.5398042820035
0.70250000000000001,220.69688391468299
0.70300000000000007,220.8539635473625
0.70350000000000001,221.01104318004195
0.70399999999999996,221.16812281272144
0.70450000000000002,221.32520244540095
0.70499999999999996,221.4822820780804
0.70550000000000002,221.63936171075991
0.70599999999999996,221.7964413434394
0.70650000000000002,221.95352097611891
0.70699999999999996,222.11060060879839
0.70750000000000002,222.26768024147788
0.70799999999999996,222.42475987415736
0.70850000000000002,222.58183950683684
0.70899999999999996,222.73891913951633
0.70950000000000002,222.89599877219584
0.70999999999999996,223.05307840487532
0.71050000000000002,223.21015803755483
0.71099999999999997,223.36723767023429
0.71150000000000002,223.5243173029138
0.71199999999999997,223.68139693559328
0.71250000000000002,223.83847656827277
0.71299999999999997,223.99555620095225
0.71350000000000002,224.15263583363176
0.71399999999999997,224.30971546631122
0.71450000000000002,224.46679509899073
0.71499999999999997,224.62387473167021
0.71550000000000002,224.78095436434972
0.71599999999999997,224.93803399702921
0.71650000000000003,225.09511362970869
0.71699999999999997,225.25219326238818
0.71750000000000003,225.40927289506766
0.71799999999999997,225.56635252774714
0.71850000000000003,225.72343216042665
0.71899999999999997,225.88051179310614
0.71950000000000003,226.03759142578565
0.71999999999999997,226.1946710584651
0.72050000000000003,226.35175069114462
0.72099999999999997,226.5088303238241
0.72150000000000003,226.66590995650358
0.72199999999999998,226.82298958918307
0.72250000000000003,226.98006922186258
0.72299999999999998,227.13714885454203
0.72350000000000003,227.29422848722155
0.72399999999999998,227.45130811990103
0.72450000000000003,227.60838775258054
0.72499999999999998,227.76546738526002
0.72550000000000003,227.92254701793951
0.72599999999999998,228.07962665061899
0.72650000000000003,228.2367062832985
0.72699999999999998,228.39378591597796
0.72750000000000004,228.55086554865747
0.72799999999999998,228.70794518133695
0.72850000000000004,228.86502481401646
0.72899999999999998,229.02210444669592
0.72950000000000004,229.17918407937543
0.72999999999999998,229.33626371205492
0.73050000000000004,229.4933433447344
0.73099999999999998,229.65042297741388
0.73150000000000004,229.80750261009339
0.73199999999999998,229.96458224277288
0.73250000000000004,230.12166187545239
0.73299999999999998,230.27874150813184
0.73350000000000004,230.43582114081136
0.73399999999999999,230.59290077349084
0.73450000000000004,230.74998040617032
0.73499999999999999,230.90706003884981
0.73550000000000004,231.06413967152932
0.73599999999999999,231.22121930420877
0.73650000000000004,231.37829893688829
0.73699999999999999,231.53537856956777
0.73750000000000004,231.69245820224728
0.73799999999999999,231.84953783492674
0.73850000000000005,232.00661746760625
0.73899999999999999,232.16369710028573
0.73950000000000005,232.32077673296521
0.73999999999999999,232.4778563656447
0.74050000000000005,232.63493599832421
0.74099999999999999,232.79201563100369
0.74150000000000005,232.9490952636832
0.74199999999999999,233.10617489636266
0.74250000000000005,233.26325452904217
0.74299999999999999,233.42033416172166
0.74350000000000005,233.57741379440114
0.74399999999999999,233.73449342708062
0.74450000000000005,233.89157305976013
0.745,234.04865269243959
0.74550000000000005,234.2057323251191
0.746,234.36281195779858
0.74650000000000005,234.5198915904781
0.747,234.67697122315755
0.74750000000000005,234.83405085583706
0.748,234.99113048851655
0.74850000000000005,235.14821012119603
0.749,235.30528975387551
0.74950000000000006,235.46236938655503
0.75,235.61944901923451
0.75050000000000006,235.77652865191402
0.751,235.93360828459348
0.75150000000000006,236.09068791727299
0.752,236.24776754995247
0.75250000000000006,236.40484718263195
0.753,236.56192681531144
0.75350000000000006,236.71900644799095
0.754,236.8760860806704
0.75450000000000006,237.03316571334992
0.755,237.1902453460294
0.75550000000000006,237.34732497870891
0.75600000000000001,237.50440461138837
0.75650000000000006,237.66148424406788
0.75700000000000001,237.81856387674736
0.75750000000000006,237.97564350942687
0.75800000000000001,238.13272314210633
0.75850000000000006,238.28980277478584
0.75900000000000001,238.44688240746532
0.75950000000000006,238.60396204014484
0.76000000000000001,238.76104167282429
0.76050000000000006,238.9181213055038
0.76100000000000001,239.07520093818329
0.76150000000000007,239.23228057086277
0.76200000000000001,239.38936020354225
0.76250000000000007,239.54643983622177
0.76300000000000001,239.70351946890122
0.76350000000000007,239.86059910158073
0.76400000000000001,240.01767873426022
0.76450000000000007,240.17475836693973
0.76500000000000001,240.33183799961918
0.76550000000000007,240.48891763229869
0.76600000000000001,240.64599726497818
0.76650000000000007,240.80307689765769
0.76700000000000002,240.96015653033714
0.76750000000000007,241.11723616301666
0.76800000000000002,241.27431579569614
0.76849999999999996,241.43139542837559
0.76900000000000002,241.58847506105511
0.76949999999999996,241.74555469373459
0.77000000000000002,241.9026343264141
0.77049999999999996,242.05971395909356
0.77100000000000002,242.21679359177307
0.77149999999999996,242.37387322445255
0.77200000000000002,242.53095285713204
0.77249999999999996,242.68803248981152
0.77300000000000002,242.84511212249103
0.77349999999999997,243.00219175517049
0.77400000000000002,243.15927138785
0.77449999999999997,243.31635102052948
0.77500000000000002,243.47343065320899
0.77549999999999997,243.63051028588848
0.77600000000000002,243.78758991856796
0.77649999999999997,243.94466955124744
0.77700000000000002,244.10174918392696
0.77749999999999997,244.25882881660641
0.77800000000000002,244.41590844928592
0.77849999999999997,244.57298808196541
0.77900000000000003,244.73006771464492
0.77949999999999997,244.88714734732437
0.78000000000000003,245.04422698000388
0.78049999999999997,245.20130661268337
0.78100000000000003,245.35838624536285
0.78149999999999997,245.51546587804233
0.78200000000000003,245.67254551072185
0.78249999999999997,245.82962514340133
0.78300000000000003,245.98670477608081
0.78349999999999997,246.1437844087603
0.78400000000000003,246.30086404143981
0.78449999999999998,246.45794367411929
0.78500000000000003,246.61502330679878
0.78549999999999998,246.77210293947826
0.78600000000000003,246.92918257215777
0.78649999999999998,247.08626220483723
0.78700000000000003,247.24334183751674
0.78749999999999998,247.40042147019622
0.78800000000000003,247.55750110287573
0.78849999999999998,247.71458073555519
0.78900000000000003,247.8716603682347
0.78949999999999998,248.02874000091418
0.79000000000000004,248.1858196335937
0.79049999999999998,248.34289926627315
0.79100000000000004,248.49997889895266
0.79149999999999998,248.65705853163215
0.79200000000000004,248.81413816431163
0.79249999999999998,248.97121779699111
0.79300000000000004,249.12829742967062
0.79349999999999998,249.28537706235011
0.79400000000000004,249.44245669502959
0.79449999999999998,249.59953632770907
0.79500000000000004,249.75661596038859
0.79549999999999998,249.91369559306804
0.79600000000000004,250.07077522574755
0.79649999999999999,250.22785485842704
0.79700000000000004,250.38493449110655
0.79749999999999999,250.542014123786
0.79800000000000004,250.69909375646552
0.79849999999999999,250.856173389145
0.79900000000000004,251.01325302182451
0.79949999999999999,251.17033265450397
0.80000000000000004,251.32741228718348
0.80049999999999999,251.48449191986296
0.80100000000000005,251.64157155254244
0.80149999999999999,251.79865118522193
0.80200000000000005,251.95573081790144
0.80249999999999999,252.11281045058092
0.80300000000000005,252.26989008326041
0.80349999999999999,252.42696971593989
0.80400000000000005,252.5840493486194
0.80449999999999999,252.74112898129886
0.80500000000000005,252.89820861397837
0.80549999999999999,253.05528824665785
0.80600000000000005,253.21236787933736
0.80649999999999999,253.36944751201682
0.80700000000000005,253.52652714469633
0.8075,253.68360677737581
0.80800000000000005,253.84068641005533
0.8085,253.99776604273478
0.80900000000000005,254.15484567541429
0.8095,254.31192530809378
0.81000000000000005,254.46900494077329
0.8105,254.62608457345274
0.81100000000000005,254.78316420613226
0.8115,254.94024383881174
0.81200000000000006,255.09732347149122
0.8125,255.25440310417071
0.81300000000000006,255.41148273685022
0.8135,255.56856236952967
0.81400000000000006,255.72564200220918
0.8145,255.88272163488867
0.81500000000000006,256.03980126756818
0.8155,256.19688090024766
0.81600000000000006,256.35396053292715
0.8165,256.51104016560663
0.81700000000000006,256.66811979828611
0.8175,256.8251994309656
0.81800000000000006,256.98227906364514
0.81850000000000001,257.13935869632456
0.81900000000000006,257.2964383290041
0.81950000000000001,257.45351796168359
0.82000000000000006,257.61059759436307
0.82050000000000001,257.76767722704255
0.82100000000000006,257.92475685972204
0.82150000000000001,258.08183649240152
0.82200000000000006,258.238916125081
0.82250000000000001,258.39599575776049
0.82300000000000006,258.55307539044003
0.82350000000000001,258.71015502311946
0.82400000000000007,258.867234655799
0.82450000000000001,259.02431428847848
0.82500000000000007,259.18139392115796
0.82550000000000001,259.33847355383745
0.82600000000000007,259.49555318651693
0.82650000000000001,259.65263281919641
0.82700000000000007,259.80971245187595
0.82750000000000001,259.96679208455538
0.82800000000000007,260.12387171723492
0.82850000000000001,260.2809513499144
0.82900000000000007,260.43803098259389
0.82950000000000002,260.59511061527337
0.83000000000000007,260.75219024795285
0.83050000000000002,260.90926988063234
0.83100000000000007,261.06634951331182
0.83150000000000002,261.2234291459913
0.83200000000000007,261.38050877867084
0.83250000000000002,261.53758841135027
0.83299999999999996,261.69466804402975
0.83350000000000002,261.85174767670929
0.83399999999999996,262.00882730938872
0.83450000000000002,262.16590694206826
0.83499999999999996,262.32298657474774
0.83550000000000002,262.48006620742723
0.83599999999999997,262.63714584010671
0.83650000000000002,262.7942254727862
0.83699999999999997,262.95130510546568
0.83750000000000002,263.10838473814522
0.83799999999999997,263.26546437082465
0.83850000000000002,263.42254400350419
0.83899999999999997,263.57962363618367
0.83950000000000002,263.73670326886315
0.83999999999999997,263.89378290154264
0.84050000000000002,264.05086253422212
0.84099999999999997,264.2079421669016
0.84150000000000003,264.36502179958109
0.84199999999999997,264.52210143226057
0.84250000000000003,264.67918106494011
0.84299999999999997,264.83626069761959
0.84350000000000003,264.99334033029908
0.84399999999999997,265.15041996297856
0.84450000000000003,265.30749959565804
0.84499999999999997,265.46457922833753
0.84550000000000003,265.62165886101701
0.84599999999999997,265.77873849369649
0.84650000000000003,265.93581812637603
0.84699999999999998,266.09289775905546
0.84750000000000003,266.249977391735
0.84799999999999998,266.40705702441448
0.84850000000000003,266.56413665709397
0.84899999999999998,266.72121628977345
0.84950000000000003,266.87829592245293
0.84999999999999998,267.03537555513242
0.85050000000000003,267.1924551878119
0.85099999999999998,267.34953482049139
0.85150000000000003,267.50661445317093
0.85199999999999998,267.66369408585041
0.85250000000000004,267.82077371852989
0.85299999999999998,267.97785335120938
0.85350000000000004,268.13493298388886
0.85399999999999998,268.29201261656834
0.85450000000000004,268.44909224924783
0.85499999999999998,268.60617188192731
0.85550000000000004,268.76325151460679
0.85599999999999998,268.92033114728628
0.85650000000000004,269.07741077996582
0.85699999999999998,269.23449041264524
0.85750000000000004,269.39157004532478
0.85799999999999998,269.54864967800427
0.85850000000000004,269.70572931068375
0.85899999999999999,269.86280894336323
0.85950000000000004,270.01988857604272
0.85999999999999999,270.1769682087222
0.86050000000000004,270.33404784140168
0.86099999999999999,270.49112747408117
0.86150000000000004,270.64820710676071
0.86199999999999999,270.80528673944013
0.86250000000000004,270.96236637211967
0.86299999999999999,271.11944600479916
0.86350000000000005,271.27652563747864
0.86399999999999999,271.43360527015813
0.86450000000000005,271.59068490283761
0.86499999999999999,271.74776453551709
0.86550000000000005,271.90484416819663
0.86599999999999999,272.06192380087606
0.86650000000000005,272.2190034335556
0.86699999999999999,272.37608306623508
0.86750000000000005,272.53316269891457
0.86799999999999999,272.69024233159405
0.86850000000000005,272.84732196427353
0.86899999999999999,273.00440159695302
0.86950000000000005,273.1614812296325
0.87,273.31856086231198
0.87050000000000005,273.47564049499152
0.871,273.63272012767101
0.87150000000000005,273.78979976035049
0.872,273.94687939302997
0.87250000000000005,274.10395902570946
0.873,274.26103865838894
0.87350000000000005,274.41811829106842
0.874,274.57519792374791
0.87450000000000006,274.73227755642745
0.875,274.88935718910687
0.87550000000000006,275.04643682178641
0.876,275.2035164544659
0.87650000000000006,275.36059608714538
0.877,275.51767571982487
0.87750000000000006,275.67475535250435
0.878,275.83183498518383
0.87850000000000006,275.98891461786332
0.879,276.1459942505428
0.87950000000000006,276.30307388322234
0.88,276.46015351590182
0.88050000000000006,276.61723314858131
0.88100000000000001,276.77431278126079
0.88150000000000006,276.93139241394027
0.88200000000000001,277.08847204661976
0.88250000000000006,277.24555167929924
0.88300000000000001,277.40263131197872
0.88350000000000006,277.55971094465826
0.88400000000000001,277.71679057733769
0.88450000000000006,277.87387021001723
0.88500000000000001,278.03094984269671
0.88550000000000006,278.1880294753762
0.88600000000000001,278.34510910805568
0.88650000000000007,278.50218874073516
0.88700000000000001,278.65926837341465
0.88750000000000007,278.81634800609413
0.88800000000000001,278.97342763877361
0.88850000000000007,279.13050727145315
0.88900000000000001,279.28758690413264
0.88950000000000007,279.44466653681212
0.89000000000000001,279.60174616949161
0.89050000000000007,279.75882580217109
0.89100000000000001,279.91590543485057
0.89150000000000007,280.07298506753006
0.89200000000000002,280.23006470020954
0.89250000000000007,280.38714433288908
0.89300000000000002,280.54422396556851
0.89350000000000007,280.70130359824805
0.89400000000000002,280.85838323092753
0.89450000000000007,281.01546286360701
0.89500000000000002,281.1725424962865
0.89550000000000007,281.32962212896598
0.89600000000000002,281.48670176164546
0.89649999999999996,281.64378139432495
0.89700000000000002,281.80086102700443
0.89749999999999996,281.95794065968391
0.89800000000000002,282.11502029236345
0.89849999999999997,282.27209992504288
0.89900000000000002,282.42917955772242
0.89949999999999997,282.5862591904019
0.90000000000000002,282.74333882308139
0.90049999999999997,282.90041845576087
0.90100000000000002,283.05749808844035
0.90149999999999997,283.21457772111984
0.90200000000000002,283.37165735379932
0.90249999999999997,283.5287369864788
0.90300000000000002,283.68581661915835
0.90349999999999997,283.84289625183777
0.90400000000000003,283.99997588451731
0.90449999999999997,284.1570555171968
0.90500000000000003,284.31413514987628
0.90549999999999997,284.47121478255576
0.90600000000000003,284.62829441523525
0.90649999999999997,284.78537404791473
0.90700000000000003,284.94245368059427
0.90749999999999997,285.0995333132737
0.90800000000000003,285.25661294595324
0.90849999999999997,285.41369257863272
0.90900000000000003,285.5707722113122
0.90949999999999998,285.72785184399169
0.91000000000000003,285.88493147667117
0.91049999999999998,286.04201110935065
0.91100000000000003,286.19909074203019
0.91149999999999998,286.35617037470962
0.91200000000000003,286.51325000738916
0.91249999999999998,286.67032964006859
0.91300000000000003,286.82740927274813
0.91349999999999998,286.98448890542761
0.91400000000000003,287.14156853810709
0.91449999999999998,287.29864817078658
0.91500000000000004,287.45572780346606
0.91549999999999998,287.61280743614554
0.91600000000000004,287.76988706882508
0.91649999999999998,287.92696670150451
0.91700000000000004,288.08404633418405
0.91749999999999998,288.24112596686354
0.91800000000000004,288.39820559954302
0.91849999999999998,288.5552852322225
0.91900000000000004,288.71236486490199
0.91949999999999998,288.86944449758147
0.92000000000000004,289.02652413026101
0.92049999999999998,289.18360376294044
0.92100000000000004,289.34068339561998
0.92149999999999999,289.49776302829946
0.92200000000000004,289.65484266097894
0.92249999999999999,289.81192229365843
0.92300000000000004,289.96900192633791
0.92349999999999999,290.12608155901739
0.92400000000000004,290.28316119169688
0.92449999999999999,290.44024082437636
0.92500000000000004,290.5973204570559
0.92549999999999999,290.75440008973533
0.92600000000000005,290.91147972241487
0.92649999999999999,291.06855935509435
0.92700000000000005,291.22563898777383
0.92749999999999999,291.38271862045332
0.92800000000000005,291.5397982531328
0.92849999999999999,291.69687788581228
0.92900000000000005,291.85395751849182
0.92949999999999999,292.01103715117125
0.93000000000000005,292.16811678385079
0.93049999999999999,292.32519641653028
0.93100000000000005,292.48227604920976
0.93149999999999999,292.63935568188924
0.93200000000000005,292.79643531456873
0.9325,292.95351494724821
0.93300000000000005,293.11059457992769
0.9335,293.26767421260718
0.93400000000000005,293.42475384528672
0.9345,293.58183347796614
0.93500000000000005,293.73891311064568
0.9355,293.89599274332517
0.93600000000000005,294.05307237600465
0.9365,294.21015200868413
0.93700000000000006,294.36723164136362
0.9375,294.5243112740431
0.93800000000000006,294.68139090672264
0.9385,294.83847053940207
0.93900000000000006,294.99555017208161
0.9395,295.15262980476109
0.94000000000000006,295.30970943744057
0.9405,295.46678907012006
0.94100000000000006,295.62386870279954
0.9415,295.78094833547902
0.94200000000000006,295.93802796815851
0.9425,296.09510760083799
0.94300000000000006,296.25218723351753
0.94350000000000001,296.40926686619696
0.94400000000000006,296.5663464988765
0.94450000000000001,296.72342613155598
0.94500000000000006,296.88050576423547
0.94550000000000001,297.03758539691495
0.94600000000000006,297.19466502959443
0.94650000000000001,297.35174466227392
0.94700000000000006,297.50882429495346
0.94750000000000001,297.66590392763288
0.94800000000000006,297.82298356031242
0.94850000000000001,297.98006319299191
0.94900000000000007,298.13714282567139
0.94950000000000001,298.29422245835087
0.95000000000000007,298.45130209103036
0.95050000000000001,298.60838172370984
0.95100000000000007,298.76546135638932
0.95150000000000001,298.92254098906881
0.95200000000000007,299.07962062174835
0.95250000000000001,299.23670025442777
0.95300000000000007,299.39377988710731
0.95350000000000001,299.5508595197868
0.95400000000000007,299.70793915246628
0.95450000000000002,299.86501878514576
0.95500000000000007,300.02209841782525
0.95550000000000002,300.17917805050473
0.95600000000000007,300.33625768318427
0.95650000000000002,300.4933373158637
0.95700000000000007,300.65041694854324
0.95750000000000002,300.80749658122272
0.95800000000000007,300.96457621390221
0.95850000000000002,301.12165584658169
0.95900000000000007,301.27873547926117
0.95950000000000002,301.43581511194066
0.95999999999999996,301.59289474462014
0.96050000000000002,301.74997437729962
0.96099999999999997,301.90705400997911
0.96150000000000002,302.06413364265859
0.96199999999999997,302.22121327533807
0.96250000000000002,302.37829290801761
0.96299999999999997,302.53537254069704
0.96350000000000002,302.69245217337658
0.96399999999999997,302.84953180605606
0.96450000000000002,303.00661143873555
0.96499999999999997,303.16369107141503
0.96550000000000002,303.32077070409451
0.96599999999999997,303.477850336774
0.96650000000000003,303.63492996945354
0.96699999999999997,303.79200960213296
0.96750000000000003,303.9490892348125
0.96799999999999997,304.10616886749199
0.96850000000000003,304.26324850017147
0.96899999999999997,304.42032813285095
0.96950000000000003,304.57740776553044
0.96999999999999997,304.73448739820992
0.97050000000000003,304.89156703088941
0.97099999999999997,305.04864666356889
0.97150000000000003,305.20572629624843
0.97199999999999998,305.36280592892786
0.97250000000000003,305.5198855616074
0.97299999999999998,305.67696519428688
0.97350000000000003,305.83404482696636
0.97399999999999998,305.99112445964585
0.97450000000000003,306.14820409232533
0.97499999999999998,306.30528372500481
0.97550000000000003,306.46236335768435
0.97599999999999998,306.61944299036378
0.97650000000000003,306.77652262304332
0.97699999999999998,306.9336022557228
0.97750000000000004,307.09068188840229
0.97799999999999998,307.24776152108177
0.97850000000000004,307.40484115376125
0.97899999999999998,307.56192078644074
0.97950000000000004,307.71900041912022
0.97999999999999998,307.8760800517997
0.98050000000000004,308.03315968447924
0.98099999999999998,308.19023931715873
0.98150000000000004,308.34731894983821
0.98199999999999998,308.50439858251769
0.98250000000000004,308.66147821519718
0.98299999999999998,308.81855784787666
0.98350000000000004,308.97563748055614
0.98399999999999999,309.13271711323563
0.98450000000000004,309.28979674591517
0.98499999999999999,309.4468763785946
0.98550000000000004,309.60395601127414
0.98599999999999999,309.76103564395362
0.98650000000000004,309.9181152766331
0.98699999999999999,310.07519490931259
0.98750000000000004,310.23227454199207
0.98799999999999999,310.38935417467155
0.98850000000000005,310.54643380735104
0.98899999999999999,310.70351344003052
0.98950000000000005,310.86059307271006
0.98999999999999999,311.01767270538954
0.99050000000000005,311.17475233806903
0.99099999999999999,311.33183197074851
0.99150000000000005,311.48891160342799
0.99199999999999999,311.64599123610748
0.99250000000000005,311.80307086878696
0.99299999999999999,311.96015050146644
0.99350000000000005,312.11723013414598
0.99399999999999999,312.27430976682541
0.99450000000000005,312.43138939950495
0.995,312.58846903218443
0.99550000000000005,312.74554866486392
0.996,312.9026282975434
0.99650000000000005,313.05970793022288
0.997,313.21678756290237
0.99750000000000005,313.37386719558191
0.998,313.53094682826134
0.99850000000000005,313.68802646094088
0.999,313.84510609362036
0.99950000000000006,314.00218572629984
1,314.15926535897933
1,314.15926535897933
