"Time","inductor.i","hbridge.vDC2","hbridge.vDC1","hbridge.iDC2","meanVoltage.y","meanCurrent.y","hbridge.iDC1"
0,0,100,100,-0,0,0,0.0040000002
9.9999997e-05,0.0099501954,100,100,-0.0099501954,0,0,0.013950195
0.00019999999,0.019801402,100,100,-0.019801402,0,0,0.023801403
0.00030000001,0.029554565,100,100,-0.029554565,0,0,0.033554565
0.00039999999,0.039210655,100,100,-0.039210655,0,0,0.043210655
0.00050000002,0.048770662,100,100,-0.048770662,0,0,0.052770663
0.00060000003,0.058235537,100,100,-0.058235537,0,0,0.062235538
0.00060000003,0.058235537,-100,100,-0.058235537,0,0,-0.054235537
0.00069999998,0.047705885,-100,100,-0.047705885,0,0,-0.043705888
0.00079999998,0.037280984,-100,100,-0.037280984,0,0,-0.033280984
0.00089999998,0.026959838,-100,100,-0.026959838,0,0,-0.02295984
0.001,0.016741417,-100,100,-0.016741417,0,0,-0.012741417
0.001,0.016741417,100,100,-0.016741417,20,0.032585826,0.020741416
0.0011,0.026525032,100,100,-0.026525032,20,0.032585826,0.030525032
0.0012000001,0.036211319,100,100,-0.036211319,20,0.032585826,0.04021132
0.0013,0.0458012,100,100,-0.0458012,20,0.032585826,0.049801201
0.0014,0.055295635,100,100,-0.055295635,20,0.032585826,0.059295636
0.0015,0.064695597,100,100,-0.064695597,20,0.032585826,0.068695597
0.0016,0.074002013,100,100,-0.074002013,20,0.032585826,0.078002013
0.0016,0.074002013,-100,100,-0.074002013,20,0.032585826,-0.070002012
0.0017,0.063315481,-100,100,-0.063315481,20,0.032585826,-0.059315484
0.0018,0.052735262,-100,100,-0.052735262,20,0.032585826,-0.048735261
0.0019,0.042260345,-100,100,-0.042260345,20,0.032585826,-0.038260344
0.0020000001,0.031889677,-100,100,-0.031889677,20,0.032585826,-0.027889678
0.0020000001,0.031889677,100,100,-0.031889677,19.999998,0.048517369,0.035889678
0.0020999999,0.041522566,100,100,-0.041522566,19.999998,0.048517369,0.045522567
0.0022,0.051059626,100,100,-0.051059626,19.999998,0.048517369,0.055059627
0.0023000001,0.060501765,100,100,-0.060501765,19.999998,0.048517369,0.064501762
0.0024000001,0.069849931,100,100,-0.069849931,19.999998,0.048517369,0.073849931
0.0024999999,0.079105072,100,100,-0.079105072,19.999998,0.048517369,0.083105072
0.0026,0.088268116,100,100,-0.088268116,19.999998,0.048517369,0.092268109
0.0026,0.088268116,-100,100,-0.088268116,19.999998,0.048517369,-0.084268115
0.0027000001,0.077439629,-100,100,-0.077439629,19.999998,0.048517369,-0.073439628
0.0027999999,0.066718869,-100,100,-0.066718869,19.999998,0.048517369,-0.062718868
0.0029,0.056104813,-100,100,-0.056104813,19.999998,0.048517369,-0.052104812
0.003,0.045596395,-100,100,-0.045596395,19.999998,0.048517369,-0.041596394
0.003,0.045596395,100,100,-0.045596395,19.999998,0.062932827,0.049596395
0.0031000001,0.055092897,100,100,-0.055092897,19.999998,0.062932827,0.059092898
0.0031999999,0.06449493,100,100,-0.06449493,19.999998,0.062932827,0.068494931
0.0033,0.073803388,100,100,-0.073803388,19.999998,0.062932827,0.077803388
0.0034,0.083019197,100,100,-0.083019197,19.999998,0.062932827,0.087019198
0.0035000001,0.092143305,100,100,-0.092143305,19.999998,0.062932827,0.096143305
0.0035999999,0.10117661,100,100,-0.10117661,19.999998,0.062932827,0.10517661
0.0035999999,0.10117661,-100,100,-0.10117661,19.999998,0.062932827,-0.097176611
0.0037,0.090219691,-100,100,-0.090219691,19.999998,0.062932827,-0.086219691
0.0038000001,0.079371765,-100,100,-0.079371765,19.999998,0.062932827,-0.075371765
0.0038999999,0.068631813,-100,100,-0.068631813,19.999998,0.062932827,-0.064631812
0.0040000002,0.057998747,-100,100,-0.057998747,19.999998,0.062932827,-0.053998746
0.0040000002,0.057998747,100,100,-0.057998747,19.999998,0.075976476,0.061998744
0.0041,0.067371845,100,100,-0.067371845,19.999998,0.075976476,0.071371846
0.0041999999,0.0766517,100,100,-0.0766517,19.999998,0.075976476,0.0806517
0.0043000001,0.085839197,100,100,-0.085839197,19.999998,0.075976476,0.089839198
0.0044,0.094935246,100,100,-0.094935246,19.999998,0.075976476,0.098935246
0.0044999998,0.10394078,100,100,-0.10394078,19.999998,0.075976476,0.10794079
0.0046000001,0.11285671,100,100,-0.11285671,19.999998,0.075976476,0.11685671
0.0046000001,0.11285671,100,100,-0.11285671,19.999998,0.075976476,0.11685671
0.0046000001,0.11285671,-100,100,-0.11285671,19.999998,0.075976476,-0.10885671
0.0046999999,0.10178357,-100,100,-0.10178357,19.999998,0.075976476,-0.097783566
0.0048000002,0.090820581,-100,100,-0.090820581,19.999998,0.075976476,-0.08682058
0.0049000001,0.079966709,-100,100,-0.079966709,19.999998,0.075976476,-0.075966708
0.0049999999,0.069220856,-100,100,-0.069220856,19.999998,0.075976476,-0.065220855
0.0049999999,0.069220856,100,100,-0.069220856,19.999998,0.087778859,0.073220856
0.0051000002,0.078482293,100,100,-0.078482293,19.999998,0.087778859,0.082482293
0.0052,0.087651603,100,100,-0.087651603,19.999998,0.087778859,0.091651604
0.0052999998,0.096729644,100,100,-0.096729644,19.999998,0.087778859,0.10072964
0.0054000001,0.10571734,100,100,-0.10571734,19.999998,0.087778859,0.10971734
0.0055,0.1146156,100,100,-0.1146156,19.999998,0.087778859,0.1186156
0.0055999998,0.1234253,100,100,-0.1234253,19.999998,0.087778859,0.1274253
0.0055999998,0.1234253,100,100,-0.1234253,19.999998,0.087778859,0.1274253
0.0055999998,0.1234253,-100,100,-0.1234253,19.999998,0.087778859,-0.1194253
0.0057000001,0.112247,-100,100,-0.112247,19.999998,0.087778859,-0.108247
0.0057999999,0.1011799,-100,100,-0.1011799,19.999998,0.087778859,-0.097179897
0.0059000002,0.090222947,-100,100,-0.090222947,19.999998,0.087778859,-0.086222947
0.0060000001,0.079375044,-100,100,-0.079375044,19.999998,0.087778859,-0.075375043
0.0060000001,0.079375044,100,100,-0.079375044,19.999998,0.098458104,0.083375044
0.0060999999,0.088535443,100,100,-0.088535443,19.999998,0.098458104,0.092535444
0.0062000002,0.097604722,100,100,-0.097604722,19.999998,0.098458104,0.10160472
0.0063,0.10658374,100,100,-0.10658374,19.999998,0.098458104,0.11058374
0.0063999998,0.11547337,100,100,-0.11547337,19.999998,0.098458104,0.11947338
0.0065000001,0.12427456,100,100,-0.12427456,19.999998,0.098458104,0.12827456
0.0066,0.13298815,100,100,-0.13298815,19.999998,0.098458104,0.13698816
0.0066,0.13298815,100,100,-0.13298815,19.999998,0.098458104,0.13698816
0.0066,0.13298815,-100,100,-0.13298815,19.999998,0.098458104,-0.12898816
0.0066999998,0.1217147,-100,100,-0.1217147,19.999998,0.098458104,-0.1177147
0.0068000001,0.11055339,-100,100,-0.11055339,19.999998,0.098458104,-0.10655339
0.0068999999,0.099503174,-100,100,-0.099503174,19.999998,0.098458104,-0.095503174
0.0070000002,0.088562936,-100,100,-0.088562936,19.999998,0.098458104,-0.084562935
0.0070000002,0.088562936,100,100,-0.088562936,19.999998,0.10812107,0.092562936
0.0071,0.097631916,100,100,-0.097631916,19.999998,0.10812107,0.10163192
0.0071999999,0.10661068,100,100,-0.10661068,19.999998,0.10812107,0.11061068
0.0073000002,0.11550009,100,100,-0.11550009,19.999998,0.10812107,0.11950009
0.0074,0.12430101,100,100,-0.12430101,19.999998,0.10812107,0.12830101
0.0074999998,0.13301435,100,100,-0.13301435,19.999998,0.10812107,0.13701434
0.0076000001,0.14164099,100,100,-0.14164099,19.999998,0.10812107,0.14564098
0.0076000001,0.14164099,100,100,-0.14164099,19.999998,0.10812107,0.14564098
0.0076000001,0.14164099,-100,100,-0.14164099,19.999998,0.10812107,-0.13764098
0.0077,0.13028143,-100,100,-0.13028143,19.999998,0.10812107,-0.12628144
0.0077999998,0.11903489,-100,100,-0.11903489,19.999998,0.10812107,-0.11503489
0.0078999996,0.10790028,-100,100,-0.10790028,19.999998,0.10812107,-0.10390028
0.0080000004,0.09687648,-100,100,-0.09687648,19.999998,0.10812107,-0.092876479
0.0080000004,0.09687648,100,100,-0.09687648,19.999998,0.1168645,0.10087648
0.0081000002,0.10586274,100,100,-0.10586274,19.999998,0.1168645,0.10986274
0.0082,0.11475961,100,100,-0.11475961,19.999998,0.1168645,0.11875961
0.0082999999,0.12356793,100,100,-0.12356793,19.999998,0.1168645,0.12756793
0.0083999997,0.13228858,100,100,-0.13228858,19.999998,0.1168645,0.13628857
0.0085000005,0.14092244,100,100,-0.14092244,19.999998,0.1168645,0.14492245
0.0086000003,0.14947039,100,100,-0.14947039,19.999998,0.1168645,0.1534704
0.0086000003,0.14947039,100,100,-0.14947039,19.999998,0.1168645,0.1534704
0.0086000003,0.14947039,-100,100,-0.14947039,19.999998,0.1168645,-0.1454704
0.0087000001,0.13803294,-100,100,-0.13803294,19.999998,0.1168645,-0.13403293
0.0088,0.12670925,-100,100,-0.12670925,19.999998,0.1168645,-0.12270926
0.0088999998,0.11549829,-100,100,-0.11549829,19.999998,0.1168645,-0.11149829
0.0089999996,0.10439889,-100,100,-0.10439889,19.999998,0.1168645,-0.10039889
0.0089999996,0.10439889,100,100,-0.10439889,19.999998,0.12477588,0.10839889
0.0091000004,0.1133103,100,100,-0.1133103,19.999998,0.12477588,0.1173103
0.0092000002,0.12213307,100,100,-0.12213307,19.999998,0.12477588,0.12613307
0.0093,0.13086802,100,100,-0.13086802,19.999998,0.12477588,0.13486803
0.0093999999,0.13951603,100,100,-0.13951603,19.999998,0.12477588,0.14351603
0.0094999997,0.14807798,100,100,-0.14807798,19.999998,0.12477588,0.15207799
0.0096000005,0.15655473,100,100,-0.15655473,19.999998,0.12477588,0.16055474
0.0096000005,0.15655473,100,100,-0.15655473,19.999998,0.12477588,0.16055474
0.0096000005,0.15655473,-100,100,-0.15655473,19.999998,0.12477588,-0.15255474
0.0097000003,0.14504679,-100,100,-0.14504679,19.999998,0.12477588,-0.14104679
0.0098000001,0.13365331,-100,100,-0.13365331,19.999998,0.12477588,-0.12965332
0.0098999999,0.12237325,-100,100,-0.12237325,19.999998,0.12477588,-0.11837325
0.0099999998,0.11120545,-100,100,-0.11120545,19.999998,0.12477588,-0.10720545
0.0099999998,0.11120545,100,100,-0.11120545,19.999998,0.13193439,0.11520545
0.0101,0.12004913,100,100,-0.12004913,19.999998,0.13193439,0.12404913
0.0102,0.12880485,100,100,-0.12880485,19.999998,0.13193439,0.13280484
0.0103,0.13747342,100,100,-0.13747342,19.999998,0.13193439,0.14147341
0.0104,0.1460557,100,100,-0.1460557,19.999998,0.13193439,0.15005569
0.0105,0.15455258,100,100,-0.15455258,19.999998,0.13193439,0.15855259
0.0106,0.16296491,100,100,-0.16296491,19.999998,0.13193439,0.1669649
0.0106,0.16296491,100,100,-0.16296491,19.999998,0.13193439,0.1669649
0.0106,0.16296491,-100,100,-0.16296491,19.999998,0.13193439,-0.15896492
0.0107,0.15139318,-100,100,-0.15139318,19.999998,0.13193439,-0.14739318
0.0108,0.13993657,-100,100,-0.13993657,19.999998,0.13193439,-0.13593656
0.0109,0.12859398,-100,100,-0.12859398,19.999998,0.13193439,-0.12459398
0.011,0.11736428,-100,100,-0.11736428,19.999998,0.13193439,-0.11336428
0.011,0.11736428,100,100,-0.11736428,19.999998,0.13841167,0.12136428
0.0111,0.12614667,100,100,-0.12614667,19.999998,0.13841167,0.13014668
0.0112,0.13484173,100,100,-0.13484173,19.999998,0.13841167,0.13884172
0.0113,0.14345023,100,100,-0.14345023,19.999998,0.13841167,0.14745022
0.0114,0.15197304,100,100,-0.15197304,19.999998,0.13841167,0.15597303
0.0115,0.16041104,100,100,-0.16041104,19.999998,0.13841167,0.16441104
0.0116,0.16876508,100,100,-0.16876508,19.999998,0.13841167,0.17276508
0.0116,0.16876508,100,100,-0.16876508,19.999998,0.13841167,0.17276508
0.0116,0.16876508,-100,100,-0.16876508,19.999998,0.13841167,-0.16476507
0.0117,0.15713564,-100,100,-0.15713564,19.999998,0.13841167,-0.15313564
0.0118,0.14562188,-100,100,-0.14562188,19.999998,0.13841167,-0.14162189
0.0119,0.13422273,-100,100,-0.13422273,19.999998,0.13841167,-0.13022272
0.012,0.12293702,-100,100,-0.12293702,19.999998,0.13841167,-0.11893702
0.012,0.12293702,100,100,-0.12293702,19.999996,0.14427258,0.12693702
0.0121,0.13166396,100,100,-0.13166396,19.999996,0.14427258,0.13566397
0.0122,0.14030412,100,100,-0.14030412,19.999996,0.14427258,0.14430411
0.0123,0.14885826,100,100,-0.14885826,19.999996,0.14427258,0.15285826
0.0124,0.15732726,100,100,-0.15732726,19.999996,0.14427258,0.16132727
0.0125,0.165712,100,100,-0.165712,19.999996,0.14427258,0.16971199
0.0126,0.17401329,100,100,-0.17401329,19.999996,0.14427258,0.17801329
0.0126,0.17401329,100,100,-0.17401329,19.999996,0.14427258,0.17801329
0.0126,0.17401329,-100,100,-0.17401329,19.999996,0.14427258,-0.17001329
0.0127,0.16233163,-100,100,-0.16233163,19.999996,0.14427258,-0.15833162
0.0128,0.15076616,-100,100,-0.15076616,19.999996,0.14427258,-0.14676617
0.0129,0.13931583,-100,100,-0.13931583,19.999996,0.14427258,-0.13531582
0.013,0.12797944,-100,100,-0.12797944,19.999996,0.14427258,-0.12397944
0.013,0.12797944,100,100,-0.12797944,19.999996,0.14957574,0.13197944
0.0131,0.13665622,100,100,-0.13665622,19.999996,0.14957574,0.14065622
0.0132,0.14524668,100,100,-0.14524668,19.999996,0.14957574,0.14924669
0.0133,0.15375166,100,100,-0.15375166,19.999996,0.14957574,0.15775166
0.0134,0.16217197,100,100,-0.16217197,19.999996,0.14957574,0.16617198
0.0135,0.1705085,100,100,-0.1705085,19.999996,0.14957574,0.1745085
0.0136,0.17876206,100,100,-0.17876206,19.999996,0.14957574,0.18276207
0.0136,0.17876206,100,100,-0.17876206,19.999996,0.14957574,0.18276207
0.0136,0.17876206,-100,100,-0.17876206,19.999996,0.14957574,-0.17476207
0.0137,0.16703315,-100,100,-0.16703315,19.999996,0.14957574,-0.16303314
0.0138,0.15542091,-100,100,-0.15542091,19.999996,0.14957574,-0.15142091
0.0139,0.14392425,-100,100,-0.14392425,19.999996,0.14957574,-0.13992426
0.014,0.13254201,-100,100,-0.13254201,19.999996,0.14957574,-0.12854202
0.014,0.13254201,100,100,-0.13254201,19.999996,0.15437423,0.13654202
0.0141,0.14117339,100,100,-0.14117339,19.999996,0.15437423,0.1451734
0.0142,0.14971893,100,100,-0.14971893,19.999996,0.15437423,0.15371892
0.0143,0.15817939,100,100,-0.15817939,19.999996,0.15437423,0.1621794
0.0144,0.16655564,100,100,-0.16655564,19.999996,0.15437423,0.17055565
0.0145,0.17484856,100,100,-0.17484856,19.999996,0.15437423,0.17884855
0.0146,0.18305893,100,100,-0.18305893,19.999996,0.15437423,0.18705894
0.0146,0.18305893,100,100,-0.18305893,19.999996,0.15437423,0.18705894
0.0146,0.18305893,-100,100,-0.18305893,19.999996,0.15437423,-0.17905894
0.0147,0.17128727,-100,100,-0.17128727,19.999996,0.15437423,-0.16728726
0.0148,0.1596327,-100,100,-0.1596327,19.999996,0.15437423,-0.1556327
0.0149,0.14809413,-100,100,-0.14809413,19.999996,0.15437423,-0.14409414
0.015,0.13667041,-100,100,-0.13667041,19.999996,0.15437423,-0.1326704
0.015,0.13667041,100,100,-0.13667041,19.999996,0.15871608,0.1406704
0.0151,0.14526071,100,100,-0.14526071,19.999996,0.15871608,0.1492607
0.0152,0.15376556,100,100,-0.15376556,19.999996,0.15871608,0.15776557
0.0153,0.16218577,100,100,-0.16218577,19.999996,0.15871608,0.16618577
0.0154,0.17052217,100,100,-0.17052217,19.999996,0.15871608,0.17452216
0.0155,0.17877559,100,100,-0.17877559,19.999996,0.15871608,0.1827756
0.0156,0.1869469,100,100,-0.1869469,19.999996,0.15871608,0.19094691
0.0156,0.1869469,100,100,-0.1869469,19.999996,0.15871608,0.19094691
0.0156,0.1869469,-100,100,-0.1869469,19.999996,0.15871608,-0.18294691
0.015699999,0.17513655,-100,100,-0.17513655,19.999996,0.15871608,-0.17113656
0.015799999,0.16344368,-100,100,-0.16344368,19.999996,0.15871608,-0.15944368
0.015900001,0.1518672,-100,100,-0.1518672,19.999996,0.15871608,-0.1478672
0.016000001,0.14040592,-100,100,-0.14040592,19.999996,0.15871608,-0.13640593
0.016000001,0.14040592,100,100,-0.14040592,19.999996,0.16264477,0.14440593
0.016100001,0.14895906,100,100,-0.14895906,19.999996,0.16264477,0.15295905
0.0162,0.15742712,100,100,-0.15742712,19.999996,0.16264477,0.16142711
0.0163,0.16581088,100,100,-0.16581088,19.999996,0.16264477,0.16981089
0.0164,0.17411122,100,100,-0.17411122,19.999996,0.16264477,0.17811121
0.0165,0.18232894,100,100,-0.18232894,19.999996,0.16264477,0.18632893
0.0166,0.19046488,99.999992,100,-0.19046488,19.999996,0.16264477,0.19446489
0.0166,0.19046488,99.999992,100,-0.19046488,19.999996,0.16264477,0.19446489
0.0166,0.19046488,-100,100,-0.19046488,19.999996,0.16264477,-0.18646489
0.0167,0.17861953,-100,100,-0.17861953,19.999996,0.16264477,-0.17461953
0.016799999,0.16689201,-100,100,-0.16689201,19.999996,0.16264477,-0.162892
0.016899999,0.1552812,-100,100,-0.1552812,19.999996,0.16264477,-0.15128121
0.017000001,0.14378597,-100,100,-0.14378597,19.999996,0.16264477,-0.13978596
0.017000001,0.14378597,100,100,-0.14378597,19.999996,0.16619958,0.14778596
0.017100001,0.15230547,100,100,-0.15230547,19.999996,0.16619958,0.15630546
0.017200001,0.16074023,100,100,-0.16074023,19.999996,0.16619958,0.16474022
0.0173,0.16909103,100,100,-0.16909103,19.999996,0.16619958,0.17309102
0.0174,0.17735872,100,100,-0.17735872,19.999996,0.16619958,0.18135871
0.0175,0.18554413,100,100,-0.18554413,19.999996,0.16619958,0.18954413
0.0176,0.19364808,99.999992,100,-0.19364808,19.999996,0.16619958,0.19764809
0.0176,0.19364808,99.999992,100,-0.19364808,19.999996,0.16619958,0.19764809
0.0176,0.19364808,-100.00001,100,-0.19364808,19.999996,0.16619958,-0.18964809
0.0177,0.18177105,-100,100,-0.18177105,19.999996,0.16619958,-0.17777105
0.0178,0.17001218,-100,100,-0.17001218,19.999996,0.16619958,-0.16601217
0.017899999,0.15837033,-100,100,-0.15837033,19.999996,0.16619958,-0.15437032
0.017999999,0.14684434,-100,100,-0.14684434,19.999996,0.16619958,-0.14284435
0.017999999,0.14684434,100,100,-0.14684434,19.999996,0.16941611,0.15084435
0.018100001,0.15533341,100,100,-0.15533341,19.999996,0.16941611,0.15933342
0.018200001,0.16373804,100,100,-0.16373804,19.999996,0.16941611,0.16773805
0.018300001,0.17205903,100,100,-0.17205903,19.999996,0.16941611,0.17605902
0.0184,0.18029718,100,100,-0.18029718,19.999996,0.16941611,0.18429717
0.0185,0.18845336,100,100,-0.18845336,19.999996,0.16941611,0.19245335
0.0186,0.19652836,99.999992,100,-0.19652836,19.999996,0.16941611,0.20052837
0.0186,0.19652836,99.999992,100,-0.19652836,19.999996,0.16941611,0.20052837
0.0186,0.19652836,-100.00001,100,-0.19652836,19.999996,0.16941611,-0.19252837
0.0187,0.18462268,-100,100,-0.18462268,19.999996,0.16941611,-0.18062267
0.0188,0.17283542,-100,100,-0.17283542,19.999996,0.16941611,-0.16883542
0.0189,0.16116548,-100,100,-0.16116548,19.999996,0.16941611,-0.15716548
0.018999999,0.1496117,-100,100,-0.1496117,19.999996,0.16941611,-0.14561169
0.018999999,0.1496117,100,100,-0.1496117,19.999996,0.17232655,0.15361169
0.019099999,0.15807322,100,100,-0.15807322,19.999996,0.17232655,0.16207322
0.019200001,0.16645059,100,100,-0.16645059,19.999996,0.17232655,0.17045058
0.019300001,0.17474458,100,100,-0.17474458,19.999996,0.17232655,0.17874458
0.019400001,0.18295601,100,100,-0.18295601,19.999996,0.17232655,0.18695602
0.0195,0.19108573,99.999992,100,-0.19108573,19.999996,0.17232655,0.19508573
0.0196,0.19913456,99.999992,100,-0.19913456,19.999996,0.17232655,0.20313455
0.0196,0.19913456,99.999992,100,-0.19913456,19.999996,0.17232655,0.20313455
0.0196,0.19913456,-100.00001,100,-0.19913456,19.999996,0.17232655,-0.19513455
0.0197,0.18720293,-100,100,-0.18720293,19.999996,0.17232655,-0.18320292
0.0198,0.17538999,-100,100,-0.17538999,19.999996,0.17232655,-0.17139
0.0199,0.16369464,-100,100,-0.16369464,19.999996,0.17232655,-0.15969464
0.02,0.15211569,-100,100,-0.15211569,19.999996,0.17232655,-0.14811568
0.02,0.15211569,100,100,-0.15211569,19.999996,0.17496002,0.15611568
0.020099999,0.16055231,100,100,-0.16055231,19.999996,0.17496002,0.1645523
0.020199999,0.168905,100,100,-0.168905,19.999996,0.17496002,0.172905
0.020300001,0.17717457,100,100,-0.17717457,19.999996,0.17496002,0.18117458
0.020400001,0.18536183,100,100,-0.18536183,19.999996,0.17496002,0.18936183
0.020500001,0.1934676,99.999992,100,-0.1934676,19.999996,0.17496002,0.19746761
0.0206,0.20149273,99.999992,100,-0.20149273,19.999996,0.17496002,0.20549272
0.0206,0.20149273,99.999992,100,-0.20149273,19.999996,0.17496002,0.20549272
0.0206,0.20149273,-100.00001,100,-0.20149273,19.999996,0.17496002,-0.19749272
0.0207,0.18953763,-100,100,-0.18953763,19.999996,0.17496002,-0.18553764
0.0208,0.17770147,-100,100,-0.17770147,19.999996,0.17496002,-0.17370148
0.0209,0.16598313,-100,100,-0.16598313,19.999996,0.17496002,-0.16198312
0.021,0.15438139,-100,100,-0.15438139,19.999996,0.17496002,-0.15038139
0.021,0.15438139,100,100,-0.15438139,19.999996,0.17734289,0.15838139
0.0211,0.16279547,100,100,-0.16279547,19.999996,0.17734289,0.16679546
0.021199999,0.17112584,100,100,-0.17112584,19.999996,0.17734289,0.17512585
0.021299999,0.17937332,100,100,-0.17937332,19.999996,0.17734289,0.18337332
0.021400001,0.1875387,100,100,-0.1875387,19.999996,0.17734289,0.19153869
0.021500001,0.19562282,99.999992,100,-0.19562282,19.999996,0.17734289,0.19962281
0.021600001,0.20362648,99.999992,100,-0.20362648,19.999996,0.17734289,0.20762649
0.021600001,0.20362648,99.999992,100,-0.20362648,19.999996,0.17734289,0.20762649
0.021600001,0.20362648,-100.00001,100,-0.20362648,19.999996,0.17734289,-0.19962649
0.0217,0.19165017,-100,100,-0.19165017,19.999996,0.17734289,-0.18765017
0.0218,0.17979299,-100,100,-0.17979299,19.999996,0.17734289,-0.17579299
0.0219,0.16805382,-100,100,-0.16805382,19.999996,0.17734289,-0.16405383
0.022,0.1564315,-100,100,-0.1564315,19.999996,0.17734289,-0.15243149
0.022,0.1564315,100,100,-0.1564315,19.999996,0.17949899,0.16043149
0.0221,0.16482516,100,100,-0.16482516,19.999996,0.17949899,0.16882516
0.0222,0.17313536,100,100,-0.17313536,19.999996,0.17949899,0.17713535
0.022299999,0.18136282,100,100,-0.18136282,19.999996,0.17949899,0.18536283
0.022399999,0.18950841,99.999992,100,-0.18950841,19.999996,0.17949899,0.1935084
0.022500001,0.19757293,99.999992,100,-0.19757293,19.999996,0.17949899,0.20157292
0.022600001,0.2055572,99.999992,100,-0.2055572,19.999996,0.17949899,0.20955719
0.022600001,0.2055572,99.999992,100,-0.2055572,19.999996,0.17949899,0.20955719
0.022600001,0.2055572,-100.00001,100,-0.2055572,19.999996,0.17949899,-0.2015572
0.022700001,0.19356167,-100.00001,100,-0.19356167,19.999996,0.17949899,-0.18956167
0.0228,0.18168546,-100,100,-0.18168546,19.999996,0.17949899,-0.17768547
0.0229,0.16992746,-100,100,-0.16992746,19.999996,0.17949899,-0.16592747
0.023,0.1582865,-100,100,-0.1582865,19.999996,0.17949899,-0.15428649
0.023,0.1582865,100,100,-0.1582865,19.999996,0.18144992,0.16228649
0.0231,0.16666171,100,100,-0.16666171,19.999996,0.18144992,0.17066172
0.0232,0.17495362,100,100,-0.17495362,19.999996,0.18144992,0.17895362
0.0233,0.183163,100,100,-0.183163,19.999996,0.18144992,0.18716301
0.023399999,0.19129068,99.999992,100,-0.19129068,19.999996,0.18144992,0.19529067
0.023499999,0.19933747,99.999992,100,-0.19933747,19.999996,0.18144992,0.20333746
0.023600001,0.20730418,99.999992,100,-0.20730418,19.999996,0.18144992,0.21130417
0.023600001,0.20730418,99.999992,100,-0.20730418,19.999996,0.18144992,0.21130417
0.023600001,0.20730418,-100.00001,100,-0.20730418,19.999996,0.18144992,-0.20330417
0.023700001,0.19529127,-100.00001,100,-0.19529127,19.999996,0.18144992,-0.19129126
0.023800001,0.18339784,-100,100,-0.18339784,19.999996,0.18144992,-0.17939785
0.0239,0.17162281,-100,100,-0.17162281,19.999996,0.18144992,-0.16762282
0.024,0.15996498,-100,100,-0.15996498,19.999996,0.18144992,-0.15596497
0.024,0.15996498,100,100,-0.15996498,19.999996,0.18321519,0.16396497
0.0241,0.16832349,100,100,-0.16832349,19.999996,0.18321519,0.17232348
0.0242,0.17659886,100,100,-0.17659886,19.999996,0.18321519,0.18059887
0.0243,0.18479188,100,100,-0.18479188,19.999996,0.18321519,0.18879189
0.0244,0.19290334,99.999992,100,-0.19290334,19.999996,0.18321519,0.19690333
0.024499999,0.20093408,99.999992,100,-0.20093408,19.999996,0.18321519,0.20493408
0.024599999,0.20888491,99.999992,100,-0.20888491,19.999996,0.18321519,0.2128849
0.024599999,0.20888491,99.999992,100,-0.20888491,19.999996,0.18321519,0.2128849
0.024599999,0.20888491,-100.00001,100,-0.20888491,19.999996,0.18321519,-0.2048849
0.024700001,0.19685626,-100.00001,100,-0.19685626,19.999996,0.18321519,-0.19285627
0.024800001,0.18494728,-100,100,-0.18494728,19.999996,0.18321519,-0.18094727
0.024900001,0.17315683,-100,100,-0.17315683,19.999996,0.18321519,-0.16915683
0.025,0.16148372,-100,100,-0.16148372,19.999996,0.18321519,-0.15748373
0.025,0.16148372,100,100,-0.16148372,19.999996,0.18481247,0.16548373
0.0251,0.16982712,100,100,-0.16982712,19.999996,0.18481247,0.17382713
0.0252,0.17808753,100,100,-0.17808753,19.999996,0.18481247,0.18208754
0.0253,0.18626574,100,100,-0.18626574,19.999996,0.18481247,0.19026574
0.0254,0.19436254,99.999992,100,-0.19436254,19.999996,0.18481247,0.19836254
0.0255,0.20237876,99.999992,100,-0.20237876,19.999996,0.18481247,0.20637876
0.025599999,0.21031521,99.999992,100,-0.21031521,19.999996,0.18481247,0.21431521
0.025599999,0.21031521,99.999992,100,-0.21031521,19.999996,0.18481247,0.21431521
0.025599999,0.21031521,-100.00001,100,-0.21031521,19.999996,0.18481247,-0.2063152
0.025699999,0.19827233,-100.00001,100,-0.19827233,19.999996,0.18481247,-0.19427234
0.025800001,0.18634926,-100,100,-0.18634926,19.999996,0.18481247,-0.18234926
0.025900001,0.17454486,-100,100,-0.17454486,19.999996,0.18481247,-0.17054486
0.026000001,0.16285795,-100,100,-0.16285795,19.999996,0.18481247,-0.15885794
0.026000001,0.16285795,100,100,-0.16285795,19.999996,0.18625775,0.16685794
0.0261,0.17118767,100,100,-0.17118767,19.999996,0.18625775,0.17518768
0.0262,0.17943455,100,100,-0.17943455,19.999996,0.18625775,0.18343455
0.0263,0.18759935,100,100,-0.18759935,19.999996,0.18625775,0.19159935
0.0264,0.19568287,99.999992,100,-0.19568287,19.999996,0.18625775,0.19968288
0.0265,0.20368595,99.999992,100,-0.20368595,19.999996,0.18625775,0.20768596
0.0266,0.21160941,99.999992,100,-0.21160941,19.999996,0.18625775,0.2156094
0.0266,0.21160941,99.999992,100,-0.21160941,19.999996,0.18625775,0.2156094
0.0266,0.21160941,-100.00001,100,-0.21160941,19.999996,0.18625775,-0.2076094
0.026699999,0.19955365,-100.00001,100,-0.19955365,19.999996,0.18625775,-0.19555366
0.026799999,0.18761782,-100,100,-0.18761782,19.999996,0.18625775,-0.18361783
0.026900001,0.1758008,-100,100,-0.1758008,19.999996,0.18625775,-0.17180081
0.027000001,0.16410139,-100,100,-0.16410139,19.999996,0.18625775,-0.16010138
0.027000001,0.16410139,100,100,-0.16410139,19.999996,0.18756549,0.16810139
0.027100001,0.17241874,100,100,-0.17241874,19.999996,0.18756549,0.17641875
0.0272,0.18065338,100,100,-0.18065338,19.999996,0.18756549,0.18465337
0.0273,0.18880604,99.999992,100,-0.18880604,19.999996,0.18756549,0.19280605
0.0274,0.19687757,99.999992,100,-0.19687757,19.999996,0.18756549,0.20087756
0.0275,0.20486876,99.999992,100,-0.20486876,19.999996,0.18756549,0.20886876
0.0276,0.21278045,99.999992,100,-0.21278045,19.999996,0.18756549,0.21678044
0.0276,0.21278045,99.999992,100,-0.21278045,19.999996,0.18756549,0.21678044
0.0276,0.21278045,-100.00001,100,-0.21278045,19.999996,0.18756549,-0.20878044
0.0277,0.20071304,-100.00001,100,-0.20071304,19.999996,0.18756549,-0.19671303
0.027799999,0.18876567,-100,100,-0.18876567,19.999996,0.18756549,-0.18476568
0.027899999,0.17693724,-100,100,-0.17693724,19.999996,0.18756549,-0.17293723
0.028000001,0.1652265,-100,100,-0.1652265,19.999996,0.18756549,-0.16122651
0.028000001,0.1652265,100,100,-0.1652265,19.999996,0.18874879,0.16922651
0.028100001,0.17353266,100,100,-0.17353266,19.999996,0.18874879,0.17753267
0.028200001,0.18175621,100,100,-0.18175621,19.999996,0.18874879,0.18575621
0.0283,0.18989791,99.999992,100,-0.18989791,19.999996,0.18874879,0.19389792
0.0284,0.19795857,99.999992,100,-0.19795857,19.999996,0.18874879,0.20195857
0.0285,0.20593901,99.999992,100,-0.20593901,19.999996,0.18874879,0.209939
0.0286,0.21384004,99.999992,100,-0.21384004,19.999996,0.18874879,0.21784003
0.0286,0.21384004,99.999992,100,-0.21384004,19.999996,0.18874879,0.21784003
0.0286,0.21384004,-100.00001,100,-0.21384004,19.999996,0.18874879,-0.20984003
0.0287,0.2017621,-100.00001,100,-0.2017621,19.999996,0.18874879,-0.19776209
0.0288,0.18980429,-100,100,-0.18980429,19.999996,0.18874879,-0.18580429
0.028899999,0.17796551,-100,100,-0.17796551,19.999996,0.18874879,-0.17396551
0.028999999,0.16624455,-100,100,-0.16624455,19.999996,0.18874879,-0.16224456
0.028999999,0.16624455,100,100,-0.16624455,19.999996,0.18981947,0.17024456
0.029100001,0.17454059,100,100,-0.17454059,19.999996,0.18981947,0.17854059
0.029200001,0.1827541,100,100,-0.1827541,19.999996,0.18981947,0.18675411
0.029300001,0.19088587,99.999992,100,-0.19088587,19.999996,0.18981947,0.19488588
0.0294,0.1989367,99.999992,100,-0.1989367,19.999996,0.18981947,0.20293669
0.0295,0.20690741,99.999992,100,-0.20690741,19.999996,0.18981947,0.2109074
0.0296,0.21479879,99.999992,100,-0.21479879,19.999996,0.18981947,0.2187988
0.0296,0.21479879,99.999992,100,-0.21479879,19.999996,0.18981947,0.2187988
0.0296,0.21479879,-100.00001,100,-0.21479879,19.999996,0.18981947,-0.2107988
0.0297,0.20271131,-100.00001,100,-0.20271131,19.999996,0.18981947,-0.19871131
0.0298,0.19074407,-100,100,-0.19074407,19.999996,0.18981947,-0.18674406
0.029899999,0.17889594,-100,100,-0.17889594,19.999996,0.18981947,-0.17489594
0.029999999,0.16716573,-100,100,-0.16716573,19.999996,0.18981947,-0.16316572
0.029999999,0.16716573,100,100,-0.16716573,19.999996,0.19078828,0.17116572
0.030099999,0.17545259,100,100,-0.17545259,19.999996,0.19078828,0.1794526
0.030200001,0.18365704,100,100,-0.18365704,19.999996,0.19078828,0.18765703
0.030300001,0.19177982,99.999992,100,-0.19177982,19.999996,0.19078828,0.19577982
0.030400001,0.19982174,99.999992,100,-0.19982174,19.999996,0.19078828,0.20382175
0.0305,0.20778365,99.999992,100,-0.20778365,19.999996,0.19078828,0.21178365
0.0306,0.21566632,99.999992,100,-0.21566632,19.999996,0.19078828,0.21966632
0.0306,0.21566632,99.999992,100,-0.21566632,19.999996,0.19078828,0.21966632
0.0306,0.21566632,-100.00001,100,-0.21566632,19.999996,0.19078828,-0.21166632
0.0307,0.2035702,-100.00001,100,-0.2035702,19.999996,0.19078828,-0.19957021
0.0308,0.19159442,-100,100,-0.19159442,19.999996,0.19078828,-0.18759441
0.0309,0.17973782,-100,100,-0.17973782,19.999996,0.19078828,-0.17573783
0.030999999,0.16799924,-100,100,-0.16799924,19.999996,0.19078828,-0.16399923
0.030999999,0.16799924,100,100,-0.16799924,19.999996,0.19166489,0.17199923
0.031099999,0.1762778,100,100,-0.1762778,19.999996,0.19166489,0.18027781
0.031199999,0.18447404,100,100,-0.18447404,19.999996,0.19166489,0.18847403
0.031300001,0.19258869,99.999992,100,-0.19258869,19.999996,0.19166489,0.1965887
0.031399999,0.20062257,99.999992,100,-0.20062257,19.999996,0.19166489,0.20462257
0.031500001,0.2085765,99.999992,100,-0.2085765,19.999996,0.19166489,0.21257651
0.031599998,0.21645129,99.999992,100,-0.21645129,19.999996,0.19166489,0.2204513
0.031599998,0.21645129,-100.00001,100,-0.21645129,19.999996,0.19166489,-0.21245129
0.0317,0.20434736,-100.00001,100,-0.20434736,19.999996,0.19166489,-0.20034736
0.031800002,0.19236384,-100,100,-0.19236384,19.999996,0.19166489,-0.18836384
0.0319,0.1804996,-100,100,-0.1804996,19.999996,0.19166489,-0.17649959
0.032000002,0.16875342,-100,100,-0.16875342,19.999996,0.19166489,-0.16475342
0.032000002,0.16875342,100,100,-0.16875342,19.999996,0.19245808,0.17275342
0.032099999,0.17702448,100,100,-0.17702448,19.999996,0.19245808,0.18102449
0.032200001,0.18521328,100,100,-0.18521328,19.999996,0.19245808,0.18921329
0.032299999,0.19332059,99.999992,100,-0.19332059,19.999996,0.19245808,0.1973206
0.032400001,0.20134719,99.999992,100,-0.20134719,19.999996,0.19245808,0.2053472
0.032499999,0.20929392,99.999992,100,-0.20929392,19.999996,0.19245808,0.21329391
0.032600001,0.21716155,99.999992,100,-0.21716155,19.999996,0.19245808,0.22116156
0.032600001,0.21716155,-100.00001,100,-0.21716155,19.999996,0.19245808,-0.21316156
0.032699998,0.20505056,-100.00001,100,-0.20505056,19.999996,0.19245808,-0.20105056
0.0328,0.19306004,-100.00001,100,-0.19306004,19.999996,0.19245808,-0.18906005
0.032900002,0.18118887,-100,100,-0.18118887,19.999996,0.19245808,-0.17718887
0.033,0.16943584,-100,100,-0.16943584,19.999996,0.19245808,-0.16543584
0.033,0.16943584,100,100,-0.16943584,19.999996,0.19317578,0.17343584
0.033100002,0.17770012,100,100,-0.17770012,19.999996,0.19317578,0.18170013
0.033199999,0.1858822,100,100,-0.1858822,19.999996,0.19317578,0.18988219
0.033300001,0.19398284,99.999992,100,-0.19398284,19.999996,0.19317578,0.19798285
0.033399999,0.20200285,99.999992,100,-0.20200285,19.999996,0.19317578,0.20600285
0.033500001,0.20994306,99.999992,100,-0.20994306,19.999996,0.19317578,0.21394305
0.033599999,0.21780424,99.999992,100,-0.21780424,19.999996,0.19317578,0.22180423
0.033599999,0.21780424,-100.00001,100,-0.21780424,19.999996,0.19317578,-0.21380423
0.0337,0.20568684,-100.00001,100,-0.20568684,19.999996,0.19317578,-0.20168684
0.033799998,0.19369,-100.00001,100,-0.19369,19.999996,0.19317578,-0.18968999
0.0339,0.18181255,-100,100,-0.18181255,19.999996,0.19317578,-0.17781255
0.034000002,0.17005332,-100,100,-0.17005332,19.999996,0.19317578,-0.16605332
0.034000002,0.17005332,100,100,-0.17005332,19.999996,0.19382519,0.17405331
0.0341,0.17831145,100,100,-0.17831145,19.999996,0.19382519,0.18231145
0.034200002,0.18648745,100,100,-0.18648745,19.999996,0.19382519,0.19048744
0.034299999,0.19458207,99.999992,100,-0.19458207,19.999996,0.19382519,0.19858207
0.034400001,0.20259611,99.999992,100,-0.20259611,19.999996,0.19382519,0.20659612
0.034499999,0.21053042,99.999992,100,-0.21053042,19.999996,0.19382519,0.21453041
0.034600001,0.21838576,99.999992,100,-0.21838576,19.999996,0.19382519,0.22238575
0.034600001,0.21838576,99.999992,100,-0.21838576,19.999996,0.19382519,0.22238575
0.034600001,0.21838576,-100.00001,100,-0.21838576,19.999996,0.19382519,-0.21438575
0.034699999,0.20626257,-100.00001,100,-0.20626257,19.999996,0.19382519,-0.20226258
0.0348,0.19426,-100.00001,100,-0.19426,19.999996,0.19382519,-0.19025999
0.034899998,0.18237688,-100,100,-0.18237688,19.999996,0.19382519,-0.17837688
0.035,0.17061204,-100,100,-0.17061204,19.999996,0.19382519,-0.16661203
0.035,0.17061204,100,100,-0.17061204,19.999996,0.1944128,0.17461203
0.035100002,0.17886461,100,100,-0.17886461,19.999996,0.1944128,0.18286461
0.0352,0.1870351,100,100,-0.1870351,19.999996,0.1944128,0.19103511
0.035300002,0.19512427,99.999992,100,-0.19512427,19.999996,0.1944128,0.19912428
0.035399999,0.20313293,99.999992,100,-0.20313293,19.999996,0.1944128,0.20713292
0.035500001,0.21106188,99.999992,100,-0.21106188,19.999996,0.1944128,0.21506189
0.035599999,0.21891193,99.999992,100,-0.21891193,19.999996,0.1944128,0.22291194
0.035599999,0.21891193,99.999992,100,-0.21891193,19.999996,0.1944128,0.22291194
0.035599999,0.21891193,-100.00001,100,-0.21891193,19.999996,0.1944128,-0.21491194
0.035700001,0.20678352,-100.00001,100,-0.20678352,19.999996,0.1944128,-0.20278352
0.035799999,0.19477576,-100.00001,100,-0.19477576,19.999996,0.1944128,-0.19077577
0.0359,0.18288751,-100,100,-0.18288751,19.999996,0.1944128,-0.17888752
0.035999998,0.17111759,-100,100,-0.17111759,19.999996,0.1944128,-0.16711758
0.035999998,0.17111759,100,100,-0.17111759,19.999996,0.19494449,0.17511758
0.0361,0.17936513,100,100,-0.17936513,19.999996,0.19494449,0.18336512
0.036200002,0.18753064,100,100,-0.18753064,19.999996,0.19494449,0.19153064
0.0363,0.19561487,99.999992,100,-0.19561487,19.999996,0.19494449,0.19961488
0.036400001,0.20361865,99.999992,100,-0.20361865,19.999996,0.19494449,0.20761865
0.036499999,0.21154277,99.999992,100,-0.21154277,19.999996,0.19494449,0.21554278
0.036600001,0.21938804,99.999992,100,-0.21938804,19.999996,0.19494449,0.22338805
0.036600001,0.21938804,99.999992,100,-0.21938804,19.999996,0.19494449,0.22338805
0.036600001,0.21938804,-100.00001,100,-0.21938804,19.999996,0.19494449,-0.21538804
0.036699999,0.20725489,-100.00001,100,-0.20725489,19.999996,0.19494449,-0.20325489
0.036800001,0.19524243,-100.00001,100,-0.19524243,19.999996,0.19494449,-0.19124244
0.036899999,0.18334955,-100,100,-0.18334955,19.999996,0.19494449,-0.17934954
0.037,0.17157502,-100,100,-0.17157502,19.999996,0.19494449,-0.16757502
0.037,0.17157502,100,100,-0.17157502,19.999996,0.19542557,0.17557502
0.037099998,0.17981802,100,100,-0.17981802,19.999996,0.19542557,0.18381801
0.0372,0.18797901,100,100,-0.18797901,19.999996,0.19542557,0.19197902
0.037300002,0.19605879,99.999992,100,-0.19605879,19.999996,0.19542557,0.2000588
0.0374,0.20405816,99.999992,100,-0.20405816,19.999996,0.19542557,0.20805815
0.037500001,0.2119779,99.999992,100,-0.2119779,19.999996,0.19542557,0.21597791
0.037599999,0.21981885,99.999992,100,-0.21981885,19.999996,0.19542557,0.22381884
0.037599999,0.21981885,99.999992,100,-0.21981885,19.999996,0.19542557,0.22381884
0.037599999,0.21981885,-100.00001,100,-0.21981885,19.999996,0.19542557,-0.21581884
0.037700001,0.2076814,-100.00001,100,-0.2076814,19.999996,0.19542557,-0.20368141
0.037799999,0.1956647,-100.00001,100,-0.1956647,19.999996,0.19542557,-0.19166471
0.037900001,0.18376762,-100,100,-0.18376762,19.999996,0.19542557,-0.17976762
0.037999999,0.17198893,-100,100,-0.17198893,19.999996,0.19542557,-0.16798893
0.037999999,0.17198893,100,100,-0.17198893,19.999996,0.19586088,0.17598893
0.0381,0.1802278,100,100,-0.1802278,19.999996,0.19586088,0.18422781
0.038199998,0.18838473,100,100,-0.18838473,19.999996,0.19586088,0.19238473
0.0383,0.19646047,99.999992,100,-0.19646047,19.999996,0.19586088,0.20046048
0.038400002,0.20445584,99.999992,100,-0.20445584,19.999996,0.19586088,0.20845583
0.0385,0.21237162,99.999992,100,-0.21237162,19.999996,0.19586088,0.21637163
0.038600001,0.22020864,99.999992,100,-0.22020864,19.999996,0.19586088,0.22420864
0.038600001,0.22020864,-100.00001,100,-0.22020864,19.999996,0.19586088,-0.21620865
0.038699999,0.20806733,-100.00001,100,-0.20806733,19.999996,0.19586088,-0.20406733
0.038800001,0.1960468,-100.00001,100,-0.1960468,19.999996,0.19586088,-0.19204679
0.038899999,0.1841459,-100,100,-0.1841459,19.999996,0.19586088,-0.1801459
0.039000001,0.17236345,-100,100,-0.17236345,19.999996,0.19586088,-0.16836345
0.039000001,0.17236345,100,100,-0.17236345,19.999996,0.19625477,0.17636345
0.039099999,0.1805986,100,100,-0.1805986,19.999996,0.19625477,0.18459859
0.0392,0.18875183,99.999992,100,-0.18875183,19.999996,0.19625477,0.19275184
0.039299998,0.19682392,99.999992,100,-0.19682392,19.999996,0.19625477,0.20082393
0.0394,0.20481567,99.999992,100,-0.20481567,19.999996,0.19625477,0.20881566
0.039500002,0.21272787,99.999992,100,-0.21272787,19.999996,0.19625477,0.21672788
0.0396,0.22056136,99.999992,100,-0.22056136,19.999996,0.19625477,0.22456135
0.0396,0.22056136,-100.00001,100,-0.22056136,19.999996,0.19625477,-0.21656135
0.039700001,0.20841652,-100.00001,100,-0.20841652,19.999996,0.19625477,-0.20441653
0.039799999,0.19639252,-100.00001,100,-0.19639252,19.999996,0.19625477,-0.19239251
0.039900001,0.18448818,-100,100,-0.18448818,19.999996,0.19625477,-0.18048818
0.039999999,0.17270233,-100,100,-0.17270233,19.999996,0.19625477,-0.16870233
0.039999999,0.17270233,100,100,-0.17270233,19.999996,0.19661117,0.17670234
0.040100001,0.1809341,100,100,-0.1809341,19.999996,0.19661117,0.18493411
0.040199999,0.18908401,99.999992,100,-0.18908401,19.999996,0.19661117,0.193084
0.0403,0.19715279,99.999992,100,-0.19715279,19.999996,0.19661117,0.20115279
0.040399998,0.20514126,99.999992,100,-0.20514126,19.999996,0.19661117,0.20914125
0.0405,0.21305023,99.999992,100,-0.21305023,19.999996,0.19661117,0.21705022
0.040600002,0.22088049,99.999992,100,-0.22088049,19.999996,0.19661117,0.2248805
0.040600002,0.22088049,-100.00001,100,-0.22088049,19.999996,0.19661117,-0.2168805
0.0407,0.2087325,-100.00001,100,-0.2087325,19.999996,0.19661117,-0.20473249
0.040800001,0.19670534,-100.00001,100,-0.19670534,19.999996,0.19661117,-0.19270535
0.040899999,0.1847979,-100,100,-0.1847979,19.999996,0.19661117,-0.18079789
0.041000001,0.17300896,-100,100,-0.17300896,19.999996,0.19661117,-0.16900896
0.041000001,0.17300896,100,100,-0.17300896,19.999996,0.19693366,0.17700896
0.041099999,0.18123768,100,100,-0.18123768,19.999996,0.19693366,0.18523769
0.041200001,0.18938456,99.999992,100,-0.18938456,19.999996,0.19693366,0.19338456
0.041299999,0.19745035,99.999992,100,-0.19745035,19.999996,0.19693366,0.20145036
0.0414,0.20543587,99.999992,100,-0.20543587,19.999996,0.19693366,0.20943587
0.041499998,0.21334191,99.999992,100,-0.21334191,19.999996,0.19693366,0.2173419
0.0416,0.22116928,99.999992,100,-0.22116928,19.999996,0.19693366,0.22516927
0.0416,0.22116928,-100.00001,100,-0.22116928,19.999996,0.19693366,-0.21716927
0.041700002,0.20901839,-100.00001,100,-0.20901839,19.999996,0.19693366,-0.2050184
0.0418,0.1969884,-100.00001,100,-0.1969884,19.999996,0.19693366,-0.1929884
0.041900001,0.18507813,-100,100,-0.18507813,19.999996,0.19693366,-0.18107814
0.041999999,0.17328641,-100,100,-0.17328641,19.999996,0.19693366,-0.16928641
0.041999999,0.17328641,100,100,-0.17328641,19.999996,0.19722545,0.17728642
0.042100001,0.18151237,100,100,-0.18151237,19.999996,0.19722545,0.18551238
0.042199999,0.18965651,99.999992,100,-0.18965651,19.999996,0.19722545,0.19365652
0.042300001,0.1977196,99.999992,100,-0.1977196,19.999996,0.19722545,0.20171961
0.042399999,0.20570244,99.999992,100,-0.20570244,19.999996,0.19722545,0.20970243
0.0425,0.21360582,99.999992,100,-0.21360582,19.999996,0.19722545,0.21760583
0.042599998,0.22143057,99.999992,100,-0.22143057,19.999996,0.19722545,0.22543056
0.042599998,0.22143057,99.999992,100,-0.22143057,19.999996,0.19722545,0.22543056
0.042599998,0.22143057,-100.00001,100,-0.22143057,19.999996,0.19722545,-0.21743056
0.0427,0.20927709,-100.00001,100,-0.20927709,19.999996,0.19722545,-0.20527709
0.042800002,0.19724452,-100.00001,100,-0.19724452,19.999996,0.19722545,-0.19324452
0.0429,0.1853317,-100,100,-0.1853317,19.999996,0.19722545,-0.18133171
0.043000001,0.17353746,-100,100,-0.17353746,19.999996,0.19722545,-0.16953745
0.043000001,0.17353746,100,100,-0.17353746,19.999996,0.19748949,0.17753746
0.043099999,0.18176092,100,100,-0.18176092,19.999996,0.19748949,0.18576093
0.043200001,0.18990259,99.999992,100,-0.18990259,19.999996,0.19748949,0.1939026
0.043299999,0.19796324,99.999992,100,-0.19796324,19.999996,0.19748949,0.20196323
0.043400001,0.20594364,99.999992,100,-0.20594364,19.999996,0.19748949,0.20994364
0.043499999,0.21384463,99.999992,100,-0.21384463,19.999996,0.19748949,0.21784464
0.0436,0.22166699,99.999992,100,-0.22166699,19.999996,0.19748949,0.225667
0.0436,0.22166699,99.999992,100,-0.22166699,19.999996,0.19748949,0.225667
0.0436,0.22166699,-100.00001,100,-0.22166699,19.999996,0.19748949,-0.217667
0.043699998,0.20951116,-100.00001,100,-0.20951116,19.999996,0.19748949,-0.20551117
0.0438,0.19747627,-100.00001,100,-0.19747627,19.999996,0.19748949,-0.19347626
0.043900002,0.18556115,-100,100,-0.18556115,19.999996,0.19748949,-0.18156114
0.044,0.17376462,-100,100,-0.17376462,19.999996,0.19748949,-0.16976461
0.044,0.17376462,100,100,-0.17376462,19.999996,0.19772838,0.17776461
0.044100001,0.18198583,100,100,-0.18198583,19.999996,0.19772838,0.18598582
0.044199999,0.19012526,99.999992,100,-0.19012526,19.999996,0.19772838,0.19412525
0.044300001,0.19818369,99.999992,100,-0.19818369,19.999996,0.19772838,0.20218368
0.044399999,0.20616189,99.999992,100,-0.20616189,19.999996,0.19772838,0.21016189
0.044500001,0.21406071,99.999992,100,-0.21406071,19.999996,0.19772838,0.2180607
0.044599999,0.22188093,99.999992,100,-0.22188093,19.999996,0.19772838,0.22588092
0.044599999,0.22188093,99.999992,100,-0.22188093,19.999996,0.19772838,0.22588092
0.044599999,0.22188093,-100.00001,100,-0.22188093,19.999996,0.19772838,-0.21788092
0.0447,0.20972297,-100.00001,100,-0.20972297,19.999996,0.19772838,-0.20572297
0.044799998,0.19768596,-100.00001,100,-0.19768596,19.999996,0.19772838,-0.19368596
0.0449,0.18576875,-100,100,-0.18576875,19.999996,0.19772838,-0.18176876
0.045000002,0.17397016,-100,100,-0.17397016,19.999996,0.19772838,-0.16997015
0.045000002,0.17397016,100,100,-0.17397016,19.999996,0.19794454,0.17797016
0.0451,0.18218932,100,100,-0.18218932,19.999996,0.19794454,0.18618932
0.045200001,0.19032672,99.999992,100,-0.19032672,19.999996,0.19794454,0.19432673
0.045299999,0.19838315,99.999992,100,-0.19838315,19.999996,0.19794454,0.20238315
0.045400001,0.20635937,99.999992,100,-0.20635937,19.999996,0.19794454,0.21035938
0.045499999,0.21425623,99.999992,100,-0.21425623,19.999996,0.19794454,0.21825622
0.045600001,0.22207449,99.999992,100,-0.22207449,19.999996,0.19794454,0.22607449
0.045600001,0.22207449,99.999992,100,-0.22207449,19.999996,0.19794454,0.22607449
0.045600001,0.22207449,-100.00001,100,-0.22207449,19.999996,0.19794454,-0.2180745
0.045699999,0.20991461,-100.00001,100,-0.20991461,19.999996,0.19794454,-0.20591462
0.0458,0.19787569,-100.00001,100,-0.19787569,19.999996,0.19794454,-0.1938757
0.045899998,0.1859566,-100,100,-0.1859566,19.999996,0.19794454,-0.1819566
0.046,0.17415614,-100,100,-0.17415614,19.999996,0.19794454,-0.17015614
0.046,0.17415614,100,100,-0.17415614,19.999996,0.19814016,0.17815614
0.046100002,0.18237345,100,100,-0.18237345,19.999996,0.19814016,0.18637344
0.0462,0.19050902,99.999992,100,-0.19050902,19.999996,0.19814016,0.19450903
0.046300001,0.19856364,99.999992,100,-0.19856364,19.999996,0.19814016,0.20256363
0.046399999,0.20653807,99.999992,100,-0.20653807,19.999996,0.19814016,0.21053806
0.046500001,0.21443313,99.999992,100,-0.21443313,19.999996,0.19814016,0.21843314
0.046599999,0.22224964,99.999992,100,-0.22224964,19.999996,0.19814016,0.22624965
0.046599999,0.22224964,-100.00001,100,-0.22224964,19.999996,0.19814016,-0.21824965
0.046700001,0.21008801,-100.00001,100,-0.21008801,19.999996,0.19814016,-0.20608802
0.046799999,0.19804738,-100.00001,100,-0.19804738,19.999996,0.19814016,-0.19404738
0.0469,0.18612657,-100,100,-0.18612657,19.999996,0.19814016,-0.18212658
0.046999998,0.17432442,-100,100,-0.17432442,19.999996,0.19814016,-0.17032441
0.046999998,0.17432442,100,100,-0.17432442,19.999996,0.19831714,0.17832442
0.0471,0.18254006,100,100,-0.18254006,19.999996,0.19831714,0.18654005
0.047200002,0.19067398,99.999992,100,-0.19067398,19.999996,0.19831714,0.19467397
0.0473,0.19872694,99.999992,100,-0.19872694,19.999996,0.19831714,0.20272695
0.047400001,0.20669974,99.999992,100,-0.20669974,19.999996,0.19831714,0.21069975
0.047499999,0.21459322,99.999992,100,-0.21459322,19.999996,0.19831714,0.21859321
0.047600001,0.22240813,99.999992,100,-0.22240813,19.999996,0.19831714,0.22640812
0.047600001,0.22240813,-100.00001,100,-0.22240813,19.999996,0.19831714,-0.21840812
0.047699999,0.21024492,-100.00001,100,-0.21024492,19.999996,0.19831714,-0.20624493
0.047800001,0.19820273,-100.00001,100,-0.19820273,19.999996,0.19831714,-0.19420272
0.047899999,0.18628037,-100,100,-0.18628037,19.999996,0.19831714,-0.18228038
0.048,0.17447668,-100,100,-0.17447668,19.999996,0.19831714,-0.17047669
0.048,0.17447668,100,100,-0.17447668,19.999996,0.19847728,0.17847669
0.048099998,0.18269081,100,100,-0.18269081,19.999996,0.19847728,0.18669081
0.0482,0.19082323,99.999992,100,-0.19082323,19.999996,0.19847728,0.19482322
0.048300002,0.19887471,99.999992,100,-0.19887471,19.999996,0.19847728,0.20287471
0.0484,0.20684604,99.999992,100,-0.20684604,19.999996,0.19847728,0.21084604
0.048500001,0.21473806,99.999992,100,-0.21473806,19.999996,0.19847728,0.21873805
0.048599999,0.22255152,99.999992,100,-0.22255152,19.999996,0.19847728,0.22655153
0.048599999,0.22255152,-100.00001,100,-0.22255152,19.999996,0.19847728,-0.21855153
0.048700001,0.2103869,-100.00001,100,-0.2103869,19.999996,0.19847728,-0.20638689
0.048799999,0.19834328,-100.00001,100,-0.19834328,19.999996,0.19847728,-0.19434328
0.048900001,0.18641953,-100,100,-0.18641953,19.999996,0.19847728,-0.18241954
0.048999999,0.17461446,-100,100,-0.17461446,19.999996,0.19847728,-0.17061447
0.048999999,0.17461446,100,100,-0.17461446,19.999996,0.19862218,0.17861447
0.0491,0.18282722,100,100,-0.18282722,19.999996,0.19862218,0.18682721
0.049199998,0.19095828,99.999992,100,-0.19095828,19.999996,0.19862218,0.19495827
0.0493,0.19900842,99.999992,100,-0.19900842,19.999996,0.19862218,0.20300841
0.049400002,0.20697843,99.999992,100,-0.20697843,19.999996,0.19862218,0.21097842
0.0495,0.21486911,99.999992,100,-0.21486911,19.999996,0.19862218,0.2188691
0.049600001,0.22268128,99.999992,100,-0.22268128,19.999996,0.19862218,0.22668128
0.049600001,0.22268128,-100.00001,100,-0.22268128,19.999996,0.19862218,-0.21868128
0.049699999,0.21051537,-100.00001,100,-0.21051537,19.999996,0.19862218,-0.20651536
0.049800001,0.19847047,-100.00001,100,-0.19847047,19.999996,0.19862218,-0.19447047
0.049899999,0.18654546,-100,100,-0.18654546,19.999996,0.19862218,-0.18254545
0.050000001,0.17473914,-100,100,-0.17473914,19.999996,0.19862218,-0.17073913
0.050000001,0.17473914,100,100,-0.17473914,19.999996,0.1987533,0.17873913
0.050099999,0.18295065,100,100,-0.18295065,19.999996,0.1987533,0.18695064
0.0502,0.19108048,99.999992,100,-0.19108048,19.999996,0.1987533,0.19508047
0.050299998,0.1991294,99.999992,100,-0.1991294,19.999996,0.1987533,0.2031294
0.0504,0.2070982,99.999992,100,-0.2070982,19.999996,0.1987533,0.21109819
0.050500002,0.2149877,99.999992,100,-0.2149877,19.999996,0.1987533,0.2189877
0.0506,0.22279869,99.999992,100,-0.22279869,19.999996,0.1987533,0.22679868
0.0506,0.22279869,99.999992,100,-0.22279869,19.999996,0.1987533,0.22679868
0.0506,0.22279869,-100.00001,100,-0.22279869,19.999996,0.1987533,-0.21879868
0.050700001,0.21063159,-100.00001,100,-0.21063159,19.999996,0.1987533,-0.2066316
0.050799999,0.19858555,-100.00001,100,-0.19858555,19.999996,0.1987533,-0.19458555
0.050900001,0.1866594,-100,100,-0.1866594,19.999996,0.1987533,-0.18265939
0.050999999,0.17485194,-100,100,-0.17485194,19.999996,0.1987533,-0.17085193
0.050999999,0.17485194,100,100,-0.17485194,19.999996,0.19887193,0.17885193
0.051100001,0.18306231,100,100,-0.18306231,19.999996,0.19887193,0.18706232
0.051199999,0.19119105,99.999992,100,-0.19119105,19.999996,0.19887193,0.19519104
0.0513,0.19923887,99.999992,100,-0.19923887,19.999996,0.19887193,0.20323886
0.051399998,0.20720658,99.999992,100,-0.20720658,19.999996,0.19887193,0.21120657
0.0515,0.215095,99.999992,100,-0.215095,19.999996,0.19887193,0.21909499
0.051600002,0.22290492,99.999992,100,-0.22290492,19.999996,0.19887193,0.22690493
0.051600002,0.22290492,99.999992,100,-0.22290492,19.999996,0.19887193,0.22690493
0.051600002,0.22290492,-100.00001,100,-0.22290492,19.999996,0.19887193,-0.21890493
0.0517,0.21073678,-100.00001,100,-0.21073678,19.999996,0.19887193,-0.20673677
0.051800001,0.19868968,-100.00001,100,-0.19868968,19.999996,0.19887193,-0.19468968
0.051899999,0.18676248,-100,100,-0.18676248,19.999996,0.19887193,-0.18276249
0.052000001,0.174954,-100,100,-0.174954,19.999996,0.19887193,-0.170954
0.052000001,0.174954,100,100,-0.174954,19.999996,0.19897927,0.17895401
0.052099999,0.18316337,100,100,-0.18316337,19.999996,0.19897927,0.18716337
0.052200001,0.19129109,99.999992,100,-0.19129109,19.999996,0.19897927,0.19529109
0.052299999,0.19933791,99.999992,100,-0.19933791,19.999996,0.19897927,0.20333792
0.0524,0.20730464,99.999992,100,-0.20730464,19.999996,0.19897927,0.21130465
0.052499998,0.21519209,99.999992,100,-0.21519209,19.999996,0.19897927,0.21919209
0.0526,0.22300105,99.999992,100,-0.22300105,19.999996,0.19897927,0.22700104
0.0526,0.22300105,99.999992,100,-0.22300105,19.999996,0.19897927,0.22700104
0.0526,0.22300105,-100.00001,100,-0.22300105,19.999996,0.19897927,-0.21900104
0.052700002,0.21083194,-100.00001,100,-0.21083194,19.999996,0.19897927,-0.20683195
0.0528,0.1987839,-100.00001,100,-0.1987839,19.999996,0.19897927,-0.1947839
0.052900001,0.18685578,-100,100,-0.18685578,19.999996,0.19897927,-0.18285577
0.052999999,0.17504635,-100,100,-0.17504635,19.999996,0.19897927,-0.17104636
0.052999999,0.17504635,100,100,-0.17504635,19.999996,0.19907641,0.17904636
0.053100001,0.18325481,100,100,-0.18325481,19.999996,0.19907641,0.18725482
0.053199999,0.19138162,99.999992,100,-0.19138162,19.999996,0.19907641,0.19538161
0.053300001,0.19942755,99.999992,100,-0.19942755,19.999996,0.19907641,0.20342754
0.053399999,0.20739338,99.999992,100,-0.20739338,19.999996,0.19907641,0.21139337
0.0535,0.21527994,99.999992,100,-0.21527994,19.999996,0.19907641,0.21927994
0.053599998,0.22308803,99.999992,100,-0.22308803,19.999996,0.19907641,0.22708802
0.053599998,0.22308803,99.999992,100,-0.22308803,19.999996,0.19907641,0.22708802
0.053599998,0.22308803,-100.00001,100,-0.22308803,19.999996,0.19907641,-0.21908802
0.0537,0.21091805,-100.00001,100,-0.21091805,19.999996,0.19907641,-0.20691806
0.053800002,0.19886915,-100.00001,100,-0.19886915,19.999996,0.19907641,-0.19486916
0.0539,0.18694018,-100,100,-0.18694018,19.999996,0.19907641,-0.18294019
0.054000001,0.17512992,-100,100,-0.17512992,19.999996,0.19907641,-0.17112993
0.054000001,0.17512992,100,100,-0.17512992,19.999996,0.1991643,0.17912993
0.054099999,0.18333754,100,100,-0.18333754,19.999996,0.1991643,0.18733755
0.054200001,0.19146353,99.999992,100,-0.19146353,19.999996,0.1991643,0.19546352
0.054299999,0.19950864,99.999992,100,-0.19950864,19.999996,0.1991643,0.20350865
0.054400001,0.20747367,99.999992,100,-0.20747367,19.999996,0.1991643,0.21147367
0.054499999,0.21535943,99.999992,100,-0.21535943,19.999996,0.1991643,0.21935943
0.0546,0.22316672,99.999992,100,-0.22316672,19.999996,0.1991643,0.22716673
0.0546,0.22316672,-100.00001,100,-0.22316672,19.999996,0.1991643,-0.21916673
0.054699998,0.21099597,-100.00001,100,-0.21099597,19.999996,0.1991643,-0.20699598
0.0548,0.1989463,-100.00001,100,-0.1989463,19.999996,0.1991643,-0.1949463
0.054900002,0.18701655,-100,100,-0.18701655,19.999996,0.1991643,-0.18301655
0.055,0.17520554,-100,100,-0.17520554,19.999996,0.1991643,-0.17120554
0.055,0.17520554,100,100,-0.17520554,19.999996,0.19924381,0.17920554
0.055100001,0.1834124,100,100,-0.1834124,19.999996,0.19924381,0.18741241
0.055199999,0.19153765,99.999992,100,-0.19153765,19.999996,0.19924381,0.19553764
0.055300001,0.19958203,99.999992,100,-0.19958203,19.999996,0.19924381,0.20358202
0.055399999,0.20754632,99.999992,100,-0.20754632,19.999996,0.19924381,0.21154632
0.055500001,0.21543136,99.999992,100,-0.21543136,19.999996,0.19924381,0.21943136
0.055599999,0.22323793,99.999992,100,-0.22323793,19.999996,0.19924381,0.22723794
0.055599999,0.22323793,-100.00001,100,-0.22323793,19.999996,0.19924381,-0.21923794
0.0557,0.21106647,-100.00001,100,-0.21106647,19.999996,0.19924381,-0.20706648
0.055799998,0.19901609,-100.00001,100,-0.19901609,19.999996,0.19924381,-0.1950161
0.0559,0.18708566,-100,100,-0.18708566,19.999996,0.19924381,-0.18308567
0.056000002,0.17527395,-100,100,-0.17527395,19.999996,0.19924381,-0.17127396
0.056000002,0.17527395,100,100,-0.17527395,19.999996,0.19931577,0.17927396
0.0561,0.18348014,100,100,-0.18348014,19.999996,0.19931577,0.18748015
0.056200001,0.1916047,99.999992,100,-0.1916047,19.999996,0.19931577,0.19560471
0.056299999,0.19964841,99.999992,100,-0.19964841,19.999996,0.19931577,0.20364842
0.056400001,0.20761205,99.999992,100,-0.20761205,19.999996,0.19931577,0.21161205
0.056499999,0.21549644,99.999992,100,-0.21549644,19.999996,0.19931577,0.21949644
0.056600001,0.22330236,99.999992,100,-0.22330236,19.999996,0.19931577,0.22730237
0.056600001,0.22330236,-100.00001,100,-0.22330236,19.999996,0.19931577,-0.21930237
0.056699999,0.21113028,-100.00001,100,-0.21113028,19.999996,0.19931577,-0.20713027
0.0568,0.19907926,-100.00001,100,-0.19907926,19.999996,0.19931577,-0.19507925
0.056899998,0.18714818,-100,100,-0.18714818,19.999996,0.19931577,-0.18314819
0.057,0.17533587,-100,100,-0.17533587,19.999996,0.19931577,-0.17133586
0.057,0.17533587,100,100,-0.17533587,19.999996,0.19938089,0.17933586
0.057100002,0.18354143,100,100,-0.18354143,19.999996,0.19938089,0.18754144
0.0572,0.1916654,99.999992,100,-0.1916654,19.999996,0.19938089,0.19566539
0.057300001,0.19970849,99.999992,100,-0.19970849,19.999996,0.19938089,0.2037085
0.057399999,0.20767154,99.999992,100,-0.20767154,19.999996,0.19938089,0.21167153
0.057500001,0.21555533,99.999992,100,-0.21555533,19.999996,0.19938089,0.21955533
0.057599999,0.22336067,99.999992,100,-0.22336067,19.999996,0.19938089,0.22736067
0.057599999,0.22336067,-100.00001,100,-0.22336067,19.999996,0.19938089,-0.21936066
0.057700001,0.21118799,-100.00001,100,-0.21118799,19.999996,0.19938089,-0.207188
0.057799999,0.19913641,-100.00001,100,-0.19913641,19.999996,0.19938089,-0.1951364
0.0579,0.18720476,-100,100,-0.18720476,19.999996,0.19938089,-0.18320477
0.057999998,0.17539188,-100,100,-0.17539188,19.999996,0.19938089,-0.17139189
0.057999998,0.17539188,100,100,-0.17539188,19.999996,0.19943979,0.17939188
0.0581,0.18359689,100,100,-0.18359689,19.999996,0.19943979,0.1875969
0.058200002,0.19172029,99.999992,100,-0.19172029,19.999996,0.19943979,0.1957203
0.0583,0.19976285,99.999992,100,-0.19976285,19.999996,0.19943979,0.20376286
0.058400001,0.20772535,99.999992,100,-0.20772535,19.999996,0.19943979,0.21172535
0.058499999,0.21560861,99.999992,100,-0.21560861,19.999996,0.19943979,0.21960862
0.058600001,0.22341342,99.999992,100,-0.22341342,19.999996,0.19943979,0.22741343
0.058600001,0.22341342,-100.00001,100,-0.22341342,19.999996,0.19943979,-0.21941343
0.058699999,0.21124022,-100.00001,100,-0.21124022,19.999996,0.19943979,-0.20724022
0.058800001,0.19918811,-100.00001,100,-0.19918811,19.999996,0.19943979,-0.19518812
0.058899999,0.18725596,-100,100,-0.18725596,19.999996,0.19943979,-0.18325597
0.059,0.17544256,-100,100,-0.17544256,19.999996,0.19943979,-0.17144257
0.059,0.17544256,100,100,-0.17544256,19.999996,0.19949311,0.17944257
0.059099998,0.18364708,100,100,-0.18364708,19.999996,0.19949311,0.18764707
0.0592,0.19176999,99.999992,100,-0.19176999,19.999996,0.19949311,0.19576998
0.059300002,0.19981204,99.999992,100,-0.19981204,19.999996,0.19949311,0.20381205
0.0594,0.20777406,99.999992,100,-0.20777406,19.999996,0.19949311,0.21177405
0.059500001,0.21565683,99.999992,100,-0.21565683,19.999996,0.19949311,0.21965683
0.059599999,0.22346117,99.999992,100,-0.22346117,19.999996,0.19949311,0.22746116
0.059599999,0.22346117,99.999992,100,-0.22346117,19.999996,0.19949311,0.22746116
0.059599999,0.22346117,-100.00001,100,-0.22346117,19.999996,0.19949311,-0.21946116
0.059700001,0.21128748,-100.00001,100,-0.21128748,19.999996,0.19949311,-0.20728748
0.059799999,0.1992349,-100.00001,100,-0.1992349,19.999996,0.19949311,-0.19523491
0.059900001,0.18730229,-100,100,-0.18730229,19.999996,0.19949311,-0.18330228
0.059999999,0.17548843,-100,100,-0.17548843,19.999996,0.19949311,-0.17148843
0.059999999,0.17548843,100,100,-0.17548843,19.999996,0.19954133,0.17948844
0.0601,0.18369249,100,100,-0.18369249,19.999996,0.19954133,0.18769248
0.060199998,0.19181493,99.999992,100,-0.19181493,19.999996,0.19954133,0.19581494
0.0603,0.19985655,99.999992,100,-0.19985655,19.999996,0.19954133,0.20385656
0.060400002,0.20781812,99.999992,100,-0.20781812,19.999996,0.19954133,0.21181811
0.0605,0.21570045,99.999992,100,-0.21570045,19.999996,0.19954133,0.21970046
0.060600001,0.22350435,99.999992,100,-0.22350435,19.999996,0.19954133,0.22750436
0.060600001,0.22350435,99.999992,100,-0.22350435,19.999996,0.19954133,0.22750436
0.060600001,0.22350435,-100.00001,100,-0.22350435,19.999996,0.19954133,-0.21950436
0.060699999,0.21133024,-100.00001,100,-0.21133024,19.999996,0.19954133,-0.20733024
0.060800001,0.19927724,-100.00001,100,-0.19927724,19.999996,0.19954133,-0.19527724
0.060899999,0.18734421,-100,100,-0.18734421,19.999996,0.19954133,-0.1833442
0.061000001,0.17552993,-100,100,-0.17552993,19.999996,0.19954133,-0.17152993
0.061000001,0.17552993,100,100,-0.17552993,19.999996,0.19958498,0.17952994
0.061099999,0.18373357,100,100,-0.18373357,19.999996,0.19958498,0.18773358
0.0612,0.19185561,99.999992,100,-0.19185561,19.999996,0.19958498,0.19585562
0.061299998,0.19989683,99.999992,100,-0.19989683,19.999996,0.19958498,0.20389682
0.0614,0.20785798,99.999992,100,-0.20785798,19.999996,0.19958498,0.21185799
0.061500002,0.21573992,99.999992,100,-0.21573992,19.999996,0.19958498,0.21973993
0.0616,0.22354344,99.999992,100,-0.22354344,19.999996,0.19958498,0.22754343
0.0616,0.22354344,99.999992,100,-0.22354344,19.999996,0.19958498,0.22754343
0.0616,0.22354344,-100.00001,100,-0.22354344,19.999996,0.19958498,-0.21954343
0.061700001,0.21136893,-100.00001,100,-0.21136893,19.999996,0.19958498,-0.20736894
0.061799999,0.19931555,-100.00001,100,-0.19931555,19.999996,0.19958498,-0.19531555
0.061900001,0.18738213,-100,100,-0.18738213,19.999996,0.19958498,-0.18338212
0.061999999,0.17556748,-100,100,-0.17556748,19.999996,0.19958498,-0.17156748
0.061999999,0.17556748,100,100,-0.17556748,19.999996,0.19962448,0.17956747
0.062100001,0.18377075,100,100,-0.18377075,19.999996,0.19962448,0.18777074
0.062199999,0.19189242,99.999992,100,-0.19189242,19.999996,0.19962448,0.19589242
0.0623,0.19993326,99.999992,100,-0.19993326,19.999996,0.19962448,0.20393327
0.062399998,0.20789406,99.999992,100,-0.20789406,19.999996,0.19962448,0.21189407
0.0625,0.21577564,99.999992,100,-0.21577564,19.999996,0.19962448,0.21977565
0.062600002,0.2235788,99.999992,100,-0.2235788,19.999996,0.19962448,0.22757879
0.062600002,0.2235788,-100.00001,100,-0.2235788,19.999996,0.19962448,-0.21957879
0.062700003,0.21140395,-100.00001,100,-0.21140395,19.999996,0.19962448,-0.20740394
0.062799998,0.19935021,-100.00001,100,-0.19935021,19.999996,0.19962448,-0.19535021
0.062899999,0.18741645,-100,100,-0.18741645,19.999996,0.19962448,-0.18341644
0.063000001,0.17560145,-100,100,-0.17560145,19.999996,0.19962448,-0.17160146
0.063000001,0.17560145,100,100,-0.17560145,19.999996,0.19966021,0.17960146
0.063100003,0.18380438,100,100,-0.18380438,19.999996,0.19966021,0.18780439
0.063199997,0.19192572,99.999992,100,-0.19192572,19.999996,0.19966021,0.19592573
0.063299999,0.19996624,99.999992,100,-0.19996624,19.999996,0.19966021,0.20396623
0.0634,0.20792671,99.999992,100,-0.20792671,19.999996,0.19966021,0.21192671
0.063500002,0.21580796,99.999992,100,-0.21580796,19.999996,0.19966021,0.21980797
0.063600004,0.22361079,99.999992,100,-0.22361079,19.999996,0.19966021,0.2276108
0.063600004,0.22361079,-100.00001,100,-0.22361079,19.999996,0.19966021,-0.2196108
0.063699998,0.21143563,-100.00001,100,-0.21143563,19.999996,0.19966021,-0.20743562
0.0638,0.19938157,-100.00001,100,-0.19938157,19.999996,0.19966021,-0.19538157
0.063900001,0.1874475,-100,100,-0.1874475,19.999996,0.19966021,-0.1834475
0.064000003,0.17563219,-100,100,-0.17563219,19.999996,0.19966021,-0.1716322
0.064000003,0.17563219,100,100,-0.17563219,19.999996,0.19969253,0.1796322
0.064099997,0.18383482,100,100,-0.18383482,19.999996,0.19969253,0.18783481
0.064199999,0.19195585,99.999992,100,-0.19195585,19.999996,0.19969253,0.19595586
0.064300001,0.19999607,99.999992,100,-0.19999607,19.999996,0.19969253,0.20399606
0.064400002,0.20795624,99.999992,100,-0.20795624,19.999996,0.19969253,0.21195625
0.064499997,0.21583721,99.999992,100,-0.21583721,19.999996,0.19969253,0.2198372
0.064599998,0.22363974,99.999992,100,-0.22363974,19.999996,0.19969253,0.22763975
0.064599998,0.22363974,-100.00001,100,-0.22363974,19.999996,0.19969253,-0.21963975
0.0647,0.21146429,-100.00001,100,-0.21146429,19.999996,0.19969253,-0.20746429
0.064800002,0.19940995,-100.00001,100,-0.19940995,19.999996,0.19969253,-0.19540995
0.064900003,0.18747559,-100,100,-0.18747559,19.999996,0.19969253,-0.1834756
0.064999998,0.17566001,-100,100,-0.17566001,19.999996,0.19969253,-0.17166001
0.064999998,0.17566001,100,100,-0.17566001,19.999996,0.1997218,0.17966001
0.065099999,0.18386236,100,100,-0.18386236,19.999996,0.1997218,0.18786235
0.065200001,0.19198312,99.999992,100,-0.19198312,19.999996,0.1997218,0.19598313
0.065300003,0.20002306,99.999992,100,-0.20002306,19.999996,0.1997218,0.20402306
0.065399997,0.20798297,99.999992,100,-0.20798297,19.999996,0.1997218,0.21198297
0.065499999,0.21586366,99.999992,100,-0.21586366,19.999996,0.1997218,0.21986367
0.0656,0.22366594,99.999992,100,-0.22366594,19.999996,0.1997218,0.22766595
0.0656,0.22366594,-100.00001,100,-0.22366594,19.999996,0.1997218,-0.21966594
0.065700002,0.21149023,-100.00001,100,-0.21149023,19.999996,0.1997218,-0.20749022
0.065800004,0.19943564,-100.00001,100,-0.19943564,19.999996,0.1997218,-0.19543563
0.065899998,0.18750101,-100,100,-0.18750101,19.999996,0.1997218,-0.18350102
0.066,0.17568518,-100,100,-0.17568518,19.999996,0.1997218,-0.17168519
0.066,0.17568518,100,100,-0.17568518,19.999996,0.19974826,0.17968518
0.066100001,0.18388727,100,100,-0.18388727,19.999996,0.19974826,0.18788728
0.066200003,0.19200779,99.999992,100,-0.19200779,19.999996,0.19974826,0.19600779
0.066299997,0.20004749,99.999992,100,-0.20004749,19.999996,0.19974826,0.20404749
0.066399999,0.20800716,99.999992,100,-0.20800716,19.999996,0.19974826,0.21200715
0.066500001,0.21588761,99.999992,100,-0.21588761,19.999996,0.19974826,0.21988761
0.066600002,0.22368965,99.999992,100,-0.22368965,19.999996,0.19974826,0.22768964
0.066600002,0.22368965,-100.00001,100,-0.22368965,19.999996,0.19974826,-0.21968965
0.066699997,0.2115137,-100.00001,100,-0.2115137,19.999996,0.19974826,-0.20751369
0.066799998,0.19945887,-100.00001,100,-0.19945887,19.999996,0.19974826,-0.19545886
0.0669,0.18752402,-100,100,-0.18752402,19.999996,0.19974826,-0.18352401
0.067000002,0.17570795,-100,100,-0.17570795,19.999996,0.19974826,-0.17170796
0.067000002,0.17570795,100,100,-0.17570795,19.999996,0.19977221,0.17970796
0.067100003,0.18390982,100,100,-0.18390982,19.999996,0.19977221,0.18790983
0.067199998,0.19203012,99.999992,100,-0.19203012,19.999996,0.19977221,0.19603011
0.067299999,0.20006959,99.999992,100,-0.20006959,19.999996,0.19977221,0.20406958
0.067400001,0.20802903,99.999992,100,-0.20802903,19.999996,0.19977221,0.21202904
0.067500003,0.21590927,99.999992,100,-0.21590927,19.999996,0.19977221,0.21990927
0.067599997,0.22371109,99.999992,100,-0.22371109,19.999996,0.19977221,0.2277111
0.067599997,0.22371109,-100.00001,100,-0.22371109,19.999996,0.19977221,-0.2197111
0.067699999,0.21153493,-100.00001,100,-0.21153493,19.999996,0.19977221,-0.20753492
0.0678,0.19947989,-100.00001,100,-0.19947989,19.999996,0.19977221,-0.19547988
0.067900002,0.18754484,-100,100,-0.18754484,19.999996,0.19977221,-0.18354483
0.068000004,0.17572856,-100,100,-0.17572856,19.999996,0.19977221,-0.17172857
0.068000004,0.17572856,100,100,-0.17572856,19.999996,0.19979389,0.17972857
0.068099998,0.18393023,100,100,-0.18393023,19.999996,0.19979389,0.18793023
0.0682,0.19205031,99.999992,100,-0.19205031,19.999996,0.19979389,0.19605032
0.068300001,0.20008959,99.999992,100,-0.20008959,19.999996,0.19979389,0.20408958
0.068400003,0.20804884,99.999992,100,-0.20804884,19.999996,0.19979389,0.21204883
0.068499997,0.21592887,99.999992,100,-0.21592887,19.999996,0.19979389,0.21992888
0.068599999,0.2237305,99.999992,100,-0.2237305,19.999996,0.19979389,0.2277305
0.068599999,0.2237305,-100.00001,100,-0.2237305,19.999996,0.19979389,-0.2197305
0.068700001,0.21155414,-100.00001,100,-0.21155414,19.999996,0.19979389,-0.20755415
0.068800002,0.19949891,-100.00001,100,-0.19949891,19.999996,0.19979389,-0.19549891
0.068899997,0.18756367,-100,100,-0.18756367,19.999996,0.19979389,-0.18356366
0.068999998,0.17574722,-100,100,-0.17574722,19.999996,0.19979389,-0.17174721
0.068999998,0.17574722,100,100,-0.17574722,19.999996,0.1998135,0.17974721
0.0691,0.1839487,100,100,-0.1839487,19.999996,0.1998135,0.18794869
0.069200002,0.19206859,99.999992,100,-0.19206859,19.999996,0.1998135,0.19606858
0.069300003,0.20010768,99.999992,100,-0.20010768,19.999996,0.1998135,0.20410769
0.069399998,0.20806675,99.999992,100,-0.20806675,19.999996,0.1998135,0.21206675
0.069499999,0.21594661,99.999992,100,-0.21594661,19.999996,0.1998135,0.21994661
0.069600001,0.22374806,99.999992,100,-0.22374806,19.999996,0.1998135,0.22774807
0.069600001,0.22374806,-100.00001,100,-0.22374806,19.999996,0.1998135,-0.21974806
0.069700003,0.21157153,-100.00001,100,-0.21157153,19.999996,0.1998135,-0.20757152
0.069799997,0.19951612,-100.00001,100,-0.19951612,19.999996,0.1998135,-0.19551612
0.069899999,0.1875807,-100,100,-0.1875807,19.999996,0.1998135,-0.18358071
0.07,0.17576408,-100,100,-0.17576408,19.999996,0.1998135,-0.17176408
0.07,0.17576408,100,100,-0.17576408,19.999996,0.19983125,0.17976408
0.070100002,0.18396538,100,100,-0.18396538,19.999996,0.19983125,0.18796539
0.070200004,0.19208513,99.999992,100,-0.19208513,19.999996,0.19983125,0.19608513
0.070299998,0.20012406,99.999992,100,-0.20012406,19.999996,0.19983125,0.20412405
0.0704,0.20808296,99.999992,100,-0.20808296,19.999996,0.19983125,0.21208295
0.070500001,0.21596266,99.999992,100,-0.21596266,19.999996,0.19983125,0.21996266
0.070600003,0.22376394,99.999992,100,-0.22376394,19.999996,0.19983125,0.22776395
0.070600003,0.22376394,-100.00001,100,-0.22376394,19.999996,0.19983125,-0.21976395
0.070699997,0.21158727,-100.00001,100,-0.21158727,19.999996,0.19983125,-0.20758726
0.070799999,0.1995317,-100.00001,100,-0.1995317,19.999996,0.19983125,-0.1955317
0.070900001,0.18759613,-100,100,-0.18759613,19.999996,0.19983125,-0.18359613
0.071000002,0.17577934,-100,100,-0.17577934,19.999996,0.19983125,-0.17177935
0.071000002,0.17577934,100,100,-0.17577934,19.999996,0.1998473,0.17977935
0.071099997,0.18398051,100,100,-0.18398051,19.999996,0.1998473,0.1879805
0.071199998,0.19210009,99.999992,100,-0.19210009,19.999996,0.1998473,0.19610009
0.0713,0.20013887,99.999992,100,-0.20013887,19.999996,0.1998473,0.20413888
0.071400002,0.20809762,99.999992,100,-0.20809762,19.999996,0.1998473,0.21209763
0.071500003,0.21597718,99.999992,100,-0.21597718,19.999996,0.1998473,0.21997719
0.071599998,0.22377832,99.999992,100,-0.22377832,19.999996,0.1998473,0.22777833
0.071599998,0.22377832,99.999992,100,-0.22377832,19.999996,0.1998473,0.22777833
0.071599998,0.22377832,-100.00001,100,-0.22377832,19.999996,0.1998473,-0.21977833
0.071699999,0.2116015,-100.00001,100,-0.2116015,19.999996,0.1998473,-0.20760149
0.071800001,0.19954579,-100.00001,100,-0.19954579,19.999996,0.1998473,-0.19554579
0.071900003,0.18761007,-100,100,-0.18761007,19.999996,0.1998473,-0.18361008
0.071999997,0.17579316,-100,100,-0.17579316,19.999996,0.1998473,-0.17179316
0.071999997,0.17579316,100,100,-0.17579316,19.999996,0.19986182,0.17979316
0.072099999,0.18399419,100,100,-0.18399419,19.999996,0.19986182,0.18799418
0.0722,0.19211364,99.999992,100,-0.19211364,19.999996,0.19986182,0.19611363
0.072300002,0.20015228,99.999992,100,-0.20015228,19.999996,0.19986182,0.20415227
0.072400004,0.2081109,99.999992,100,-0.2081109,19.999996,0.19986182,0.21211089
0.072499998,0.21599032,99.999992,100,-0.21599032,19.999996,0.19986182,0.21999033
0.0726,0.22379133,99.999992,100,-0.22379133,19.999996,0.19986182,0.22779134
0.0726,0.22379133,99.999992,100,-0.22379133,19.999996,0.19986182,0.22779134
0.0726,0.22379133,-100.00001,100,-0.22379133,19.999996,0.19986182,-0.21979134
0.072700001,0.21161437,-100.00001,100,-0.21161437,19.999996,0.19986182,-0.20761438
0.072800003,0.19955854,-100.00001,100,-0.19955854,19.999996,0.19986182,-0.19555855
0.072899997,0.18762271,-100,100,-0.18762271,19.999996,0.19986182,-0.1836227
0.072999999,0.17580566,-100,100,-0.17580566,19.999996,0.19986182,-0.17180566
0.072999999,0.17580566,100,100,-0.17580566,19.999996,0.19987497,0.17980567
0.073100001,0.18400656,100,100,-0.18400656,19.999996,0.19987497,0.18800655
0.073200002,0.19212589,99.999992,100,-0.19212589,19.999996,0.19987497,0.19612588
0.073299997,0.20016441,99.999992,100,-0.20016441,19.999996,0.19987497,0.2041644
0.073399998,0.20812291,99.999992,100,-0.20812291,19.999996,0.19987497,0.2121229
0.0735,0.21600221,99.999992,100,-0.21600221,19.999996,0.19987497,0.2200022
0.073600002,0.2238031,99.999992,100,-0.2238031,19.999996,0.19987497,0.22780311
0.073600002,0.2238031,99.999992,100,-0.2238031,19.999996,0.19987497,0.22780311
0.073600002,0.2238031,-100.00001,100,-0.2238031,19.999996,0.19987497,-0.21980311
0.073700003,0.21162602,-100.00001,100,-0.21162602,19.999996,0.19987497,-0.20762603
0.073799998,0.19957007,-100.00001,100,-0.19957007,19.999996,0.19987497,-0.19557008
0.073899999,0.18763413,-100,100,-0.18763413,19.999996,0.19987497,-0.18363413
0.074000001,0.17581697,-100,100,-0.17581697,19.999996,0.19987497,-0.17181697
0.074000001,0.17581697,100,100,-0.17581697,19.999996,0.19988686,0.17981698
0.074100003,0.18401776,100,100,-0.18401776,19.999996,0.19988686,0.18801776
0.074199997,0.19213697,99.999992,100,-0.19213697,19.999996,0.19988686,0.19613697
0.074299999,0.20017537,99.999992,100,-0.20017537,19.999996,0.19988686,0.20417538
0.0744,0.20813377,99.999992,100,-0.20813377,19.999996,0.19988686,0.21213378
0.074500002,0.21601297,99.999992,100,-0.21601297,19.999996,0.19988686,0.22001296
0.074600004,0.22381376,99.999992,100,-0.22381376,19.999996,0.19988686,0.22781377
0.074600004,0.22381376,99.999992,100,-0.22381376,19.999996,0.19988686,0.22781377
0.074600004,0.22381376,-100.00001,100,-0.22381376,19.999996,0.19988686,-0.21981376
0.074699998,0.21163657,-100.00001,100,-0.21163657,19.999996,0.19988686,-0.20763656
0.0748,0.19958052,-100.00001,100,-0.19958052,19.999996,0.19988686,-0.19558053
0.074900001,0.18764447,-100,100,-0.18764447,19.999996,0.19988686,-0.18364446
0.075000003,0.17582721,-100,100,-0.17582721,19.999996,0.19988686,-0.1718272
0.075000003,0.17582721,100,100,-0.17582721,19.999996,0.19989763,0.1798272
0.075099997,0.18402788,100,100,-0.18402788,19.999996,0.19989763,0.18802789
0.075199999,0.192147,99.999992,100,-0.192147,19.999996,0.19989763,0.19614699
0.075300001,0.20018531,99.999992,100,-0.20018531,19.999996,0.19989763,0.20418531
0.075400002,0.20814361,99.999992,100,-0.20814361,19.999996,0.19989763,0.2121436
0.075499997,0.2160227,99.999992,100,-0.2160227,19.999996,0.19989763,0.22002271
0.075599998,0.2238234,99.999992,100,-0.2238234,19.999996,0.19989763,0.22782339
0.075599998,0.2238234,-100.00001,100,-0.2238234,19.999996,0.19989763,-0.21982339
0.0757,0.21164611,-100.00001,100,-0.21164611,19.999996,0.19989763,-0.20764612
0.075800002,0.19958997,-100.00001,100,-0.19958997,19.999996,0.19989763,-0.19558997
0.075900003,0.18765382,-100,100,-0.18765382,19.999996,0.19989763,-0.18365382
0.075999998,0.17583646,-100,100,-0.17583646,19.999996,0.19989763,-0.17183647
0.075999998,0.17583646,100,100,-0.17583646,19.999996,0.19990736,0.17983647
0.076099999,0.18403706,100,100,-0.18403706,19.999996,0.19990736,0.18803705
0.076200001,0.19215608,99.999992,100,-0.19215608,19.999996,0.19990736,0.19615607
0.076300003,0.2001943,99.999992,100,-0.2001943,19.999996,0.19990736,0.20419429
0.076399997,0.2081525,99.999992,100,-0.2081525,19.999996,0.19990736,0.2121525
0.076499999,0.21603151,99.999992,100,-0.21603151,19.999996,0.19990736,0.22003151
0.0766,0.22383212,99.999992,100,-0.22383212,19.999996,0.19990736,0.22783211
0.0766,0.22383212,-100.00001,100,-0.22383212,19.999996,0.19990736,-0.21983212
0.076700002,0.21165475,-100.00001,100,-0.21165475,19.999996,0.19990736,-0.20765474
0.076800004,0.19959852,-100.00001,100,-0.19959852,19.999996,0.19990736,-0.19559851
0.076899998,0.18766227,-100,100,-0.18766227,19.999996,0.19990736,-0.18366228
0.077,0.17584485,-100,100,-0.17584485,19.999996,0.19990736,-0.17184484
0.077,0.17584485,100,100,-0.17584485,19.999996,0.19991618,0.17984484
0.077100001,0.18404534,100,100,-0.18404534,19.999996,0.19991618,0.18804535
0.077200003,0.19216429,99.999992,100,-0.19216429,19.999996,0.19991618,0.1961643
0.077299997,0.20020244,99.999992,100,-0.20020244,19.999996,0.19991618,0.20420243
0.077399999,0.20816055,99.999992,100,-0.20816055,19.999996,0.19991618,0.21216056
0.077500001,0.21603948,99.999992,100,-0.21603948,19.999996,0.19991618,0.22003949
0.077600002,0.22384001,99.999992,100,-0.22384001,19.999996,0.19991618,0.22784001
0.077600002,0.22384001,-100.00001,100,-0.22384001,19.999996,0.19991618,-0.21984001
0.077699997,0.21166256,-100.00001,100,-0.21166256,19.999996,0.19991618,-0.20766255
0.077799998,0.19960625,-100.00001,100,-0.19960625,19.999996,0.19991618,-0.19560625
0.0779,0.18766993,-100,100,-0.18766993,19.999996,0.19991618,-0.18366994
0.078000002,0.17585242,-100,100,-0.17585242,19.999996,0.19991618,-0.17185242
0.078000002,0.17585242,100,100,-0.17585242,19.999996,0.19992416,0.17985243
0.078100003,0.18405285,100,100,-0.18405285,19.999996,0.19992416,0.18805285
0.078199998,0.19217172,99.999992,100,-0.19217172,19.999996,0.19992416,0.19617172
0.078299999,0.20020978,99.999992,100,-0.20020978,19.999996,0.19992416,0.20420979
0.078400001,0.20816784,99.999992,100,-0.20816784,19.999996,0.19992416,0.21216783
0.078500003,0.21604669,99.999992,100,-0.21604669,19.999996,0.19992416,0.2200467
0.078599997,0.22384715,99.999992,100,-0.22384715,19.999996,0.19992416,0.22784714
0.078599997,0.22384715,-100.00001,100,-0.22384715,19.999996,0.19992416,-0.21984714
0.078699999,0.21166962,-100.00001,100,-0.21166962,19.999996,0.19992416,-0.20766963
0.0788,0.19961324,-100.00001,100,-0.19961324,19.999996,0.19992416,-0.19561325
0.078900002,0.18767686,-100,100,-0.18767686,19.999996,0.19992416,-0.18367687
0.079000004,0.17585929,-100,100,-0.17585929,19.999996,0.19992416,-0.17185928
0.079000004,0.17585929,100,100,-0.17585929,19.999996,0.19993137,0.17985928
0.079099998,0.18405965,100,100,-0.18405965,19.999996,0.19993137,0.18805964
0.0792,0.19217844,99.999992,100,-0.19217844,19.999996,0.19993137,0.19617844
0.079300001,0.20021644,99.999992,100,-0.20021644,19.999996,0.19993137,0.20421644
0.079400003,0.20817442,99.999992,100,-0.20817442,19.999996,0.19993137,0.21217443
0.079499997,0.21605322,99.999992,100,-0.21605322,19.999996,0.19993137,0.22005321
0.079599999,0.2238536,99.999992,100,-0.2238536,19.999996,0.19993137,0.22785361
0.079599999,0.2238536,-100.00001,100,-0.2238536,19.999996,0.19993137,-0.21985361
0.079700001,0.21167602,-100.00001,100,-0.21167602,19.999996,0.19993137,-0.20767602
0.079800002,0.19961958,-100.00001,100,-0.19961958,19.999996,0.19993137,-0.19561958
0.079899997,0.18768314,-100,100,-0.18768314,19.999996,0.19993137,-0.18368314
0.079999998,0.17586549,-100,100,-0.17586549,19.999996,0.19993137,-0.17186549
0.079999998,0.17586549,100,100,-0.17586549,19.999996,0.19993789,0.17986549
0.0801,0.18406579,100,100,-0.18406579,19.999996,0.19993789,0.1880658
0.080200002,0.19218452,99.999992,100,-0.19218452,19.999996,0.19993789,0.19618453
0.080300003,0.20022246,99.999992,100,-0.20022246,19.999996,0.19993789,0.20422247
0.080399998,0.20818038,99.999992,100,-0.20818038,19.999996,0.19993789,0.21218039
0.080499999,0.21605912,99.999992,100,-0.21605912,19.999996,0.19993789,0.22005913
0.080600001,0.22385944,99.999992,100,-0.22385944,19.999996,0.19993789,0.22785945
0.080600001,0.22385944,-100.00001,100,-0.22385944,19.999996,0.19993789,-0.21985945
0.080700003,0.21168181,-100.00001,100,-0.21168181,19.999996,0.19993789,-0.2076818
0.080799997,0.19962531,-100.00001,100,-0.19962531,19.999996,0.19993789,-0.19562531
0.080899999,0.18768881,-100,100,-0.18768881,19.999996,0.19993789,-0.1836888
0.081,0.1758711,-100,100,-0.1758711,19.999996,0.19993789,-0.17187111
0.081,0.1758711,100,100,-0.1758711,19.999996,0.1999438,0.17987111
0.081100002,0.18407135,100,100,-0.18407135,19.999996,0.1999438,0.18807136
0.081200004,0.19219004,99.999992,100,-0.19219004,19.999996,0.1999438,0.19619003
0.081299998,0.20022792,99.999992,100,-0.20022792,19.999996,0.1999438,0.20422791
0.0814,0.20818579,99.999992,100,-0.20818579,19.999996,0.1999438,0.21218579
0.081500001,0.21606447,99.999992,100,-0.21606447,19.999996,0.1999438,0.22006446
0.081600003,0.22386473,99.999992,100,-0.22386473,19.999996,0.1999438,0.22786474
0.081600003,0.22386473,-100.00001,100,-0.22386473,19.999996,0.1999438,-0.21986474
0.081699997,0.21168704,-100.00001,100,-0.21168704,19.999996,0.1999438,-0.20768705
0.081799999,0.1996305,-100.00001,100,-0.1996305,19.999996,0.1999438,-0.19563049
0.081900001,0.18769394,-100,100,-0.18769394,19.999996,0.1999438,-0.18369395
0.082000002,0.17587619,-100,100,-0.17587619,19.999996,0.1999438,-0.17187619
0.082000002,0.17587619,100,100,-0.17587619,19.999996,0.19994915,0.17987619
0.082099997,0.18407638,100,100,-0.18407638,19.999996,0.19994915,0.18807638
0.082199998,0.19219501,99.999992,100,-0.19219501,19.999996,0.19994915,0.19619501
0.0823,0.20023285,99.999992,100,-0.20023285,19.999996,0.19994915,0.20423284
0.082400002,0.20819066,99.999992,100,-0.20819066,19.999996,0.19994915,0.21219067
0.082500003,0.2160693,99.999992,100,-0.2160693,19.999996,0.19994915,0.2200693
0.082599998,0.22386953,99.999992,100,-0.22386953,19.999996,0.19994915,0.22786953
0.082599998,0.22386953,-100.00001,100,-0.22386953,19.999996,0.19994915,-0.21986952
0.082699999,0.21169178,-100.00001,100,-0.21169178,19.999996,0.19994915,-0.20769179
0.082800001,0.19963518,-100.00001,100,-0.19963518,19.999996,0.19994915,-0.19563518
0.082900003,0.18769859,-100,100,-0.18769859,19.999996,0.19994915,-0.18369858
0.082999997,0.17588079,-100,100,-0.17588079,19.999996,0.19994915,-0.17188078
0.082999997,0.17588079,100,100,-0.17588079,19.999996,0.19995397,0.17988078
0.083099999,0.18408093,100,100,-0.18408093,19.999996,0.19995397,0.18808094
0.0832,0.19219951,99.999992,100,-0.19219951,19.999996,0.19995397,0.19619952
0.083300002,0.2002373,99.999992,100,-0.2002373,19.999996,0.19995397,0.20423731
0.083400004,0.20819509,99.999992,100,-0.20819509,19.999996,0.19995397,0.21219508
0.083499998,0.21607368,99.999992,100,-0.21607368,19.999996,0.19995397,0.22007367
0.0836,0.22387385,99.999992,100,-0.22387385,19.999996,0.19995397,0.22787386
0.0836,0.22387385,-100.00001,100,-0.22387385,19.999996,0.19995397,-0.21987386
0.083700001,0.21169607,-100.00001,100,-0.21169607,19.999996,0.19995397,-0.20769607
0.083800003,0.19963942,-100.00001,100,-0.19963942,19.999996,0.19995397,-0.19563943
0.083899997,0.18770279,-100,100,-0.18770279,19.999996,0.19995397,-0.18370278
0.083999999,0.17588495,-100,100,-0.17588495,19.999996,0.19995397,-0.17188494
0.083999999,0.17588495,100,100,-0.17588495,19.999996,0.19995835,0.17988494
0.084100001,0.18408506,100,100,-0.18408506,19.999996,0.19995835,0.18808505
0.084200002,0.1922036,99.999992,100,-0.1922036,19.999996,0.19995835,0.1962036
0.084299996,0.20024134,99.999992,100,-0.20024134,19.999996,0.19995835,0.20424135
0.084399998,0.20819908,99.999992,100,-0.20819908,19.999996,0.19995835,0.21219908
0.0845,0.21607763,99.999992,100,-0.21607763,19.999996,0.19995835,0.22007763
0.084600002,0.22387777,99.999992,100,-0.22387777,19.999996,0.19995835,0.22787778
0.084600002,0.22387777,-100.00001,100,-0.22387777,19.999996,0.19995835,-0.21987778
0.084700003,0.21169995,-100.00001,100,-0.21169995,19.999996,0.19995835,-0.20769995
0.084799998,0.19964327,-100.00001,100,-0.19964327,19.999996,0.19995835,-0.19564328
0.084899999,0.18770659,-100,100,-0.18770659,19.999996,0.19995835,-0.18370658
0.085000001,0.1758887,-100,100,-0.1758887,19.999996,0.19995835,-0.17188871
0.085000001,0.1758887,100,100,-0.1758887,19.999996,0.19996232,0.17988871
0.085100003,0.18408878,100,100,-0.18408878,19.999996,0.19996232,0.18808877
0.085199997,0.19220729,99.999992,100,-0.19220729,19.999996,0.19996232,0.19620728
0.085299999,0.20024499,99.999992,100,-0.20024499,19.999996,0.19996232,0.204245
0.0854,0.2082027,99.999992,100,-0.2082027,19.999996,0.19996232,0.2122027
0.085500002,0.2160812,99.999992,100,-0.2160812,19.999996,0.19996232,0.22008121
0.085600004,0.22388132,99.999992,100,-0.22388132,19.999996,0.19996232,0.22788131
0.085600004,0.22388132,-100.00001,100,-0.22388132,19.999996,0.19996232,-0.21988133
0.085699998,0.21170346,-100.00001,100,-0.21170346,19.999996,0.19996232,-0.20770346
0.0858,0.19964674,-100.00001,100,-0.19964674,19.999996,0.19996232,-0.19564675
0.085900001,0.18771003,-100,100,-0.18771003,19.999996,0.19996232,-0.18371002
0.086000003,0.17589211,-100,100,-0.17589211,19.999996,0.19996232,-0.17189212
0.086000003,0.17589211,100,100,-0.17589211,19.999996,0.19996589,0.17989212
0.086099997,0.18409215,100,100,-0.18409215,19.999996,0.19996589,0.18809216
0.086199999,0.19221063,99.999992,100,-0.19221063,19.999996,0.19996589,0.19621062
0.086300001,0.2002483,99.999992,100,-0.2002483,19.999996,0.19996589,0.20424831
0.086400002,0.20820597,99.999992,100,-0.20820597,19.999996,0.19996589,0.21220598
0.086499996,0.21608445,99.999992,100,-0.21608445,19.999996,0.19996589,0.22008444
0.086599998,0.22388452,99.999992,100,-0.22388452,19.999996,0.19996589,0.22788453
0.086599998,0.22388452,-100.00001,100,-0.22388452,19.999996,0.19996589,-0.21988453
0.0867,0.21170664,-100.00001,100,-0.21170664,19.999996,0.19996589,-0.20770663
0.086800002,0.19964989,-100.00001,100,-0.19964989,19.999996,0.19996589,-0.19564989
0.086900003,0.18771315,-100,100,-0.18771315,19.999996,0.19996589,-0.18371314
0.086999997,0.1758952,-100,100,-0.1758952,19.999996,0.19996589,-0.17189519
0.086999997,0.1758952,100,100,-0.1758952,19.999996,0.19996914,0.17989519
0.087099999,0.1840952,100,100,-0.1840952,19.999996,0.19996914,0.1880952
0.087200001,0.19221365,99.999992,100,-0.19221365,19.999996,0.19996914,0.19621365
0.087300003,0.2002513,99.999992,100,-0.2002513,19.999996,0.19996914,0.20425129
0.087399997,0.20820893,99.999992,100,-0.20820893,19.999996,0.19996914,0.21220893
0.087499999,0.21608739,99.999992,100,-0.21608739,19.999996,0.19996914,0.22008738
0.0876,0.22388743,99.999992,100,-0.22388743,19.999996,0.19996914,0.22788744
0.0876,0.22388743,99.999992,100,-0.22388743,19.999996,0.19996914,0.22788744
0.0876,0.22388743,-100.00001,100,-0.22388743,19.999996,0.19996914,-0.21988744
0.087700002,0.21170951,-100.00001,100,-0.21170951,19.999996,0.19996914,-0.20770951
0.087800004,0.19965273,-100.00001,100,-0.19965273,19.999996,0.19996914,-0.19565274
0.087899998,0.18771596,-100,100,-0.18771596,19.999996,0.19996914,-0.18371595
0.088,0.17589799,-100,100,-0.17589799,19.999996,0.19996914,-0.17189799
0.088,0.17589799,100,100,-0.17589799,19.999996,0.19997208,0.17989799
0.088100001,0.18409796,100,100,-0.18409796,19.999996,0.19997208,0.18809797
0.088200003,0.19221638,99.999992,100,-0.19221638,19.999996,0.19997208,0.19621639
0.088299997,0.20025401,99.999992,100,-0.20025401,19.999996,0.19997208,0.204254
0.088399999,0.20821162,99.999992,100,-0.20821162,19.999996,0.19997208,0.21221161
0.088500001,0.21609004,99.999992,100,-0.21609004,19.999996,0.19997208,0.22009003
0.088600002,0.22389005,99.999992,100,-0.22389005,19.999996,0.19997208,0.22789006
0.088600002,0.22389005,99.999992,100,-0.22389005,19.999996,0.19997208,0.22789006
0.088600002,0.22389005,-100.00001,100,-0.22389005,19.999996,0.19997208,-0.21989006
0.088699996,0.21171211,-100.00001,100,-0.21171211,19.999996,0.19997208,-0.20771211
0.088799998,0.19965531,-100.00001,100,-0.19965531,19.999996,0.19997208,-0.1956553
0.0889,0.18771851,-100,100,-0.18771851,19.999996,0.19997208,-0.1837185
0.089000002,0.1759005,-100,100,-0.1759005,19.999996,0.19997208,-0.17190051
0.089000002,0.1759005,100,100,-0.1759005,19.999996,0.19997472,0.17990051
0.089100003,0.18410046,100,100,-0.18410046,19.999996,0.19997472,0.18810046
0.089199997,0.19221886,99.999992,100,-0.19221886,19.999996,0.19997472,0.19621886
0.089299999,0.20025645,99.999992,100,-0.20025645,19.999996,0.19997472,0.20425646
0.089400001,0.20821404,99.999992,100,-0.20821404,19.999996,0.19997472,0.21221404
0.089500003,0.21609244,99.999992,100,-0.21609244,19.999996,0.19997472,0.22009243
0.089599997,0.22389244,99.999992,100,-0.22389244,19.999996,0.19997472,0.22789243
0.089599997,0.22389244,99.999992,100,-0.22389244,19.999996,0.19997472,0.22789243
0.089599997,0.22389244,-100.00001,100,-0.22389244,19.999996,0.19997472,-0.21989243
0.089699998,0.21171446,-100.00001,100,-0.21171446,19.999996,0.19997472,-0.20771447
0.0898,0.19965763,-100.00001,100,-0.19965763,19.999996,0.19997472,-0.19565764
0.089900002,0.18772082,-100,100,-0.18772082,19.999996,0.19997472,-0.18372081
0.090000004,0.1759028,-100,100,-0.1759028,19.999996,0.19997472,-0.17190279
0.090000004,0.1759028,100,100,-0.1759028,19.999996,0.19997711,0.17990279
0.090099998,0.18410273,100,100,-0.18410273,19.999996,0.19997711,0.18810272
0.0902,0.19222109,99.999992,100,-0.19222109,19.999996,0.19997711,0.1962211
0.090300001,0.20025867,99.999992,100,-0.20025867,19.999996,0.19997711,0.20425867
0.090400003,0.20821624,99.999992,100,-0.20821624,19.999996,0.19997711,0.21221623
0.090499997,0.21609461,99.999992,100,-0.21609461,19.999996,0.19997711,0.22009461
0.090599999,0.22389458,99.999992,100,-0.22389458,19.999996,0.19997711,0.22789459
0.090599999,0.22389458,99.999992,100,-0.22389458,19.999996,0.19997711,0.22789459
0.090599999,0.22389458,-100.00001,100,-0.22389458,19.999996,0.19997711,-0.21989459
0.090700001,0.21171659,-100.00001,100,-0.21171659,19.999996,0.19997711,-0.2077166
0.090800002,0.19965975,-100.00001,100,-0.19965975,19.999996,0.19997711,-0.19565974
0.090899996,0.18772291,-100,100,-0.18772291,19.999996,0.19997711,-0.1837229
0.090999998,0.17590486,-100,100,-0.17590486,19.999996,0.19997711,-0.17190486
0.090999998,0.17590486,100,100,-0.17590486,19.999996,0.19997931,0.17990486
0.0911,0.18410477,100,100,-0.18410477,19.999996,0.19997931,0.18810478
0.091200002,0.19222312,99.999992,100,-0.19222312,19.999996,0.19997931,0.19622312
0.091300003,0.20026067,99.999992,100,-0.20026067,19.999996,0.19997931,0.20426068
0.091399997,0.20821822,99.999992,100,-0.20821822,19.999996,0.19997931,0.21221823
0.091499999,0.21609658,99.999992,100,-0.21609658,19.999996,0.19997931,0.22009657
0.091600001,0.22389653,99.999992,100,-0.22389653,19.999996,0.19997931,0.22789653
0.091600001,0.22389653,-100.00001,100,-0.22389653,19.999996,0.19997931,-0.21989653
0.091700003,0.21171851,-100.00001,100,-0.21171851,19.999996,0.19997931,-0.20771852
0.091799997,0.19966166,-100.00001,100,-0.19966166,19.999996,0.19997931,-0.19566165
0.091899998,0.18772478,-100,100,-0.18772478,19.999996,0.19997931,-0.18372479
0.092,0.17590673,-100,100,-0.17590673,19.999996,0.19997931,-0.17190672
0.092,0.17590673,100,100,-0.17590673,19.999996,0.19998127,0.17990673
0.092100002,0.18410662,100,100,-0.18410662,19.999996,0.19998127,0.18810663
0.092200004,0.19222495,99.999992,100,-0.19222495,19.999996,0.19998127,0.19622496
0.092299998,0.20026249,99.999992,100,-0.20026249,19.999996,0.19998127,0.2042625
0.092399999,0.20822002,99.999992,100,-0.20822002,19.999996,0.19998127,0.21222001
0.092500001,0.21609835,99.999992,100,-0.21609835,19.999996,0.19998127,0.22009835
0.092600003,0.22389829,99.999992,100,-0.22389829,19.999996,0.19998127,0.22789828
0.092600003,0.22389829,-100.00001,100,-0.22389829,19.999996,0.19998127,-0.2198983
0.092699997,0.21172026,-100.00001,100,-0.21172026,19.999996,0.19998127,-0.20772026
0.092799999,0.19966339,-100.00001,100,-0.19966339,19.999996,0.19998127,-0.19566338
0.092900001,0.1877265,-100,100,-0.1877265,19.999996,0.19998127,-0.1837265
0.093000002,0.17590842,-100,100,-0.17590842,19.999996,0.19998127,-0.17190842
0.093000002,0.17590842,100,100,-0.17590842,19.999996,0.19998305,0.17990842
0.093099996,0.1841083,100,100,-0.1841083,19.999996,0.19998305,0.1881083
0.093199998,0.1922266,99.999992,100,-0.1922266,19.999996,0.19998305,0.19622661
0.0933,0.20026413,99.999992,100,-0.20026413,19.999996,0.19998305,0.20426413
0.093400002,0.20822164,99.999992,100,-0.20822164,19.999996,0.19998305,0.21222164
0.093500003,0.21609996,99.999992,100,-0.21609996,19.999996,0.19998305,0.22009996
0.093599997,0.22389989,99.999992,100,-0.22389989,19.999996,0.19998305,0.22789988
0.093599997,0.22389989,-100.00001,100,-0.22389989,19.999996,0.19998305,-0.21989988
0.093699999,0.21172184,-100.00001,100,-0.21172184,19.999996,0.19998305,-0.20772184
0.093800001,0.19966494,-100.00001,100,-0.19966494,19.999996,0.19998305,-0.19566494
0.093900003,0.18772805,-100,100,-0.18772805,19.999996,0.19998305,-0.18372804
0.093999997,0.17590995,-100,100,-0.17590995,19.999996,0.19998305,-0.17190996
0.093999997,0.17590995,100,100,-0.17590995,19.999996,0.19998465,0.17990996
0.094099998,0.18410981,100,100,-0.18410981,19.999996,0.19998465,0.18810982
0.0942,0.19222811,99.999992,100,-0.19222811,19.999996,0.19998465,0.19622812
0.094300002,0.20026562,99.999992,100,-0.20026562,19.999996,0.19998465,0.20426561
0.094400004,0.2082231,99.999992,100,-0.2082231,19.999996,0.19998465,0.21222311
0.094499998,0.21610142,99.999992,100,-0.21610142,19.999996,0.19998465,0.22010142
0.094599999,0.22390133,99.999992,100,-0.22390133,19.999996,0.19998465,0.22790132
0.094599999,0.22390133,-100.00001,100,-0.22390133,19.999996,0.19998465,-0.21990132
0.094700001,0.21172327,-100.00001,100,-0.21172327,19.999996,0.19998465,-0.20772326
0.094800003,0.19966635,-100.00001,100,-0.19966635,19.999996,0.19998465,-0.19566636
0.094899997,0.18772945,-100,100,-0.18772945,19.999996,0.19998465,-0.18372944
0.094999999,0.17591134,-100,100,-0.17591134,19.999996,0.19998465,-0.17191134
0.094999999,0.17591134,100,100,-0.17591134,19.999996,0.19998612,0.17991133
0.095100001,0.18411118,100,100,-0.18411118,19.999996,0.19998612,0.18811119
0.095200002,0.19222946,99.999992,100,-0.19222946,19.999996,0.19998612,0.19622947
0.095299996,0.20026696,99.999992,100,-0.20026696,19.999996,0.19998612,0.20426697
0.095399998,0.20822445,99.999992,100,-0.20822445,19.999996,0.19998612,0.21222444
0.0955,0.21610273,99.999992,100,-0.21610273,19.999996,0.19998612,0.22010273
0.095600002,0.22390263,99.999992,100,-0.22390263,19.999996,0.19998612,0.22790264
0.095600002,0.22390263,-100.00001,100,-0.22390263,19.999996,0.19998612,-0.21990263
0.095700003,0.21172456,-100.00001,100,-0.21172456,19.999996,0.19998612,-0.20772456
0.095799997,0.19966763,-100.00001,100,-0.19966763,19.999996,0.19998612,-0.19566764
0.095899999,0.18773071,-100,100,-0.18773071,19.999996,0.19998612,-0.18373071
0.096000001,0.17591259,-100,100,-0.17591259,19.999996,0.19998612,-0.1719126
0.096000001,0.17591259,100,100,-0.17591259,19.999996,0.19998743,0.1799126
0.096100003,0.18411243,100,100,-0.18411243,19.999996,0.19998743,0.18811242
0.096199997,0.1922307,99.999992,100,-0.1922307,19.999996,0.19998743,0.19623069
0.096299998,0.20026818,99.999992,100,-0.20026818,19.999996,0.19998743,0.20426817
0.0964,0.20822564,99.999992,100,-0.20822564,19.999996,0.19998743,0.21222565
0.096500002,0.21610393,99.999992,100,-0.21610393,19.999996,0.19998743,0.22010392
0.096600004,0.22390381,99.999992,100,-0.22390381,19.999996,0.19998743,0.22790381
0.096600004,0.22390381,-100.00001,100,-0.22390381,19.999996,0.19998743,-0.21990381
0.096699998,0.21172573,-100.00001,100,-0.21172573,19.999996,0.19998743,-0.20772573
0.096799999,0.19966879,-100.00001,100,-0.19966879,19.999996,0.19998743,-0.19566879
0.096900001,0.18773186,-100,100,-0.18773186,19.999996,0.19998743,-0.18373185
0.097000003,0.17591372,-100,100,-0.17591372,19.999996,0.19998743,-0.17191373
0.097000003,0.17591372,100,100,-0.17591372,19.999996,0.19998862,0.17991373
0.097099997,0.18411355,100,100,-0.18411355,19.999996,0.19998862,0.18811354
0.097199999,0.1922318,99.999992,100,-0.1922318,19.999996,0.19998862,0.19623181
0.0973,0.20026928,99.999992,100,-0.20026928,19.999996,0.19998862,0.20426928
0.097400002,0.20822673,99.999992,100,-0.20822673,19.999996,0.19998862,0.21222673
0.097499996,0.216105,99.999992,100,-0.216105,19.999996,0.19998862,0.22010501
0.097599998,0.22390488,99.999992,100,-0.22390488,19.999996,0.19998862,0.22790487
0.097599998,0.22390488,-100.00001,100,-0.22390488,19.999996,0.19998862,-0.21990488
0.0977,0.21172678,-100.00001,100,-0.21172678,19.999996,0.19998862,-0.20772678
0.097800002,0.19966984,-100.00001,100,-0.19966984,19.999996,0.19998862,-0.19566983
0.097900003,0.18773289,-100,100,-0.18773289,19.999996,0.19998862,-0.1837329
0.097999997,0.17591475,-100,100,-0.17591475,19.999996,0.19998862,-0.17191476
0.097999997,0.17591475,100,100,-0.17591475,19.999996,0.19998971,0.17991474
0.098099999,0.18411456,100,100,-0.18411456,19.999996,0.19998971,0.18811457
0.098200001,0.19223282,99.999992,100,-0.19223282,19.999996,0.19998971,0.19623281
0.098300003,0.20027027,99.999992,100,-0.20027027,19.999996,0.19998971,0.20427027
0.098399997,0.20822772,99.999992,100,-0.20822772,19.999996,0.19998971,0.21222772
0.098499998,0.21610598,99.999992,100,-0.21610598,19.999996,0.19998971,0.22010598
0.0986,0.22390585,99.999992,100,-0.22390585,19.999996,0.19998971,0.22790584
0.0986,0.22390585,-100.00001,100,-0.22390585,19.999996,0.19998971,-0.21990584
0.098700002,0.21172774,-100.00001,100,-0.21172774,19.999996,0.19998971,-0.20772775
0.098800004,0.19967078,-100.00001,100,-0.19967078,19.999996,0.19998971,-0.19567078
0.098899998,0.18773383,-100,100,-0.18773383,19.999996,0.19998971,-0.18373384
0.098999999,0.17591567,-100,100,-0.17591567,19.999996,0.19998971,-0.17191568
0.098999999,0.17591567,100,100,-0.17591567,19.999996,0.19999067,0.17991568
0.099100001,0.18411548,100,100,-0.18411548,19.999996,0.19999067,0.18811548
0.099200003,0.19223373,99.999992,100,-0.19223373,19.999996,0.19999067,0.19623372
0.099299997,0.20027117,99.999992,100,-0.20027117,19.999996,0.19999067,0.20427117
0.099399999,0.2082286,99.999992,100,-0.2082286,19.999996,0.19999067,0.21222861
0.0995,0.21610686,99.999992,100,-0.21610686,19.999996,0.19999067,0.22010687
0.099600002,0.22390671,99.999992,100,-0.22390671,19.999996,0.19999067,0.22790672
0.099600002,0.22390671,-100.00001,100,-0.22390671,19.999996,0.19999067,-0.21990672
0.099699996,0.2117286,-100.00001,100,-0.2117286,19.999996,0.19999067,-0.20772861
0.099799998,0.19967164,-100.00001,100,-0.19967164,19.999996,0.19999067,-0.19567163
0.0999,0.18773468,-100,100,-0.18773468,19.999996,0.19999067,-0.18373467
0.1,0.17591652,-100,100,-0.17591652,19.999996,0.19999067,-0.17191651
0.1,0.17591652,100,100,-0.17591652,19.999996,0.19999155,0.17991652
