"time","table.y"
0,0
0.002,0
0.0040000000000000001,0
0.0060000000000000001,0
0.0080000000000000002,0
0.01,0
0.012,0
0.014,0
0.016,0
0.018000000000000002,0
0.02,0
0.021999999999999999,0
0.024,0
0.026000000000000002,0
0.028000000000000001,0
0.029999999999999999,0
0.032000000000000001,0
0.034000000000000002,0
0.036000000000000004,0
0.037999999999999999,0
0.040000000000000001,0
0.042000000000000003,0
0.043999999999999997,0
0.045999999999999999,0
0.048000000000000001,0
0.050000000000000003,0
0.052000000000000005,0
0.053999999999999999,0
0.056000000000000001,0
0.058000000000000003,0
0.059999999999999998,0
0.062,0
0.064000000000000001,0
0.066000000000000003,0
0.068000000000000005,0
0.070000000000000007,0
0.072000000000000008,0
0.073999999999999996,0
0.075999999999999998,0
0.078,0
0.080000000000000002,0
0.082000000000000003,0
0.084000000000000005,0
0.086000000000000007,0
0.087999999999999995,0
0.089999999999999997,0
0.091999999999999998,0
0.094,0
0.096000000000000002,0
0.098000000000000004,0
0.10000000000000001,0
0.10200000000000001,0
0.10400000000000001,0
0.106,0
0.108,0
0.11,0
0.112,0
0.114,0
0.11600000000000001,0
0.11800000000000001,0
0.12,0
0.122,0
0.124,0
0.126,0
0.128,0
0.13,0
0.13200000000000001,0
0.13400000000000001,0
0.13600000000000001,0
0.13800000000000001,0
0.14000000000000001,0
0.14200000000000002,0
0.14400000000000002,0
0.14599999999999999,0
0.14799999999999999,0
0.14999999999999999,0
0.152,0
0.154,0
0.156,0
0.158,0
0.16,0
0.16200000000000001,0
0.16400000000000001,0
0.16600000000000001,0
0.16800000000000001,0
0.17000000000000001,0
0.17200000000000001,0
0.17400000000000002,0
0.17599999999999999,0
0.17799999999999999,0
0.17999999999999999,0
0.182,0
0.184,0
0.186,0
0.188,0
0.19,0
0.192,0
0.19400000000000001,0
0.19600000000000001,0
0.19800000000000001,0
0.20000000000000001,0
0.20200000000000001,0
0.20400000000000001,0
0.20600000000000002,0
0.20800000000000002,0
0.20999999999999999,0
0.21199999999999999,0
0.214,0
0.216,0
0.218,0
0.22,0
0.222,0
0.224,0
0.22600000000000001,0
0.22800000000000001,0
0.23000000000000001,0
0.23200000000000001,0
0.23400000000000001,0
0.23600000000000002,0
0.23800000000000002,0
0.23999999999999999,0
0.24199999999999999,0
0.24399999999999999,0
0.246,0
0.248,0
0.25,0
0.252,0
0.254,0
0.25600000000000001,0
0.25800000000000001,0
0.26000000000000001,0
0.26200000000000001,0
0.26400000000000001,0
0.26600000000000001,0
0.26800000000000002,0
0.27000000000000002,0
0.27200000000000002,0
0.27400000000000002,0
0.27600000000000002,0
0.27800000000000002,0
0.28000000000000003,0
0.28200000000000003,0
0.28400000000000003,0
0.28600000000000003,0
0.28800000000000003,0
0.28999999999999998,0
0.29199999999999998,0
0.29399999999999998,0
0.29599999999999999,0
0.29799999999999999,0
0.29999999999999999,0
0.30199999999999999,0
0.30399999999999999,0
0.30599999999999999,0
0.308,0
0.31,0
0.312,0
0.314,0
0.316,0
0.318,0
0.32000000000000001,0
0.32200000000000001,0
0.32400000000000001,0
0.32600000000000001,0
0.32800000000000001,0
0.33000000000000002,0
0.33200000000000002,0
0.33400000000000002,0
0.33600000000000002,0
0.33800000000000002,0
0.34000000000000002,0
0.34200000000000003,0
0.34400000000000003,0
0.34600000000000003,0
0.34800000000000003,0
0.35000000000000003,0
0.35199999999999998,0
0.35399999999999998,0
0.35599999999999998,0
0.35799999999999998,0
0.35999999999999999,0
0.36199999999999999,0
0.36399999999999999,0
0.36599999999999999,0
0.36799999999999999,0
0.37,0
0.372,0
0.374,0
0.376,0
0.378,0
0.38,0
0.38200000000000001,0
0.38400000000000001,0
0.38600000000000001,0
0.38800000000000001,0
0.39000000000000001,0
0.39200000000000002,0
0.39400000000000002,0
0.39600000000000002,0
0.39800000000000002,0
0.40000000000000002,0
0.40200000000000002,0
0.40400000000000003,0
0.40600000000000003,0
0.40800000000000003,0
0.41000000000000003,0
0.41200000000000003,0
0.41400000000000003,0
0.41600000000000004,0
0.41799999999999998,0
0.41999999999999998,0
0.42199999999999999,0
0.42399999999999999,0
0.42599999999999999,0
0.42799999999999999,0
0.42999999999999999,0
0.432,0
0.434,0
0.436,0
0.438,0
0.44,0
0.442,0
0.44400000000000001,0
0.44600000000000001,0
0.44800000000000001,0
0.45000000000000001,0
0.45200000000000001,0
0.45400000000000001,0
0.45600000000000002,0
0.45800000000000002,0
0.46000000000000002,0
0.46200000000000002,0
0.46400000000000002,0
0.46600000000000003,0
0.46800000000000003,0
0.47000000000000003,0
0.47200000000000003,0
0.47400000000000003,0
0.47600000000000003,0
0.47800000000000004,0
0.47999999999999998,0
0.48199999999999998,0
0.48399999999999999,0
0.48599999999999999,0
0.48799999999999999,0
0.48999999999999999,0
0.49199999999999999,0
0.49399999999999999,0
0.496,0
0.498,0
0.5,0
0.502,0
0.504,0
0.50600000000000001,0
0.50800000000000001,0
0.51000000000000001,0
0.51200000000000001,0
0.51400000000000001,0
0.51600000000000001,0
0.51800000000000002,0
0.52000000000000002,0
0.52200000000000002,0
0.52400000000000002,0
0.52600000000000002,0
0.52800000000000002,0
0.53000000000000003,0
0.53200000000000003,0
0.53400000000000003,0
0.53600000000000003,0
0.53800000000000003,0
0.54000000000000004,0
0.54200000000000004,0
0.54400000000000004,0
0.54600000000000004,0
0.54800000000000004,0
0.55000000000000004,0
0.55200000000000005,0
0.55400000000000005,0
0.55600000000000005,0
0.55800000000000005,0
0.56000000000000005,0
0.56200000000000006,0
0.56400000000000006,0
0.56600000000000006,0
0.56800000000000006,0
0.57000000000000006,0
0.57200000000000006,0
0.57400000000000007,0
0.57600000000000007,0
0.57799999999999996,0
0.57999999999999996,0
0.58199999999999996,0
0.58399999999999996,0
0.58599999999999997,0
0.58799999999999997,0
0.58999999999999997,0
0.59199999999999997,0
0.59399999999999997,0
0.59599999999999997,0
0.59799999999999998,0
0.59999999999999998,0
0.60199999999999998,0
0.60399999999999998,0
0.60599999999999998,0
0.60799999999999998,0
0.60999999999999999,0
0.61199999999999999,0
0.61399999999999999,0
0.61599999999999999,0
0.61799999999999999,0
0.62,0
0.622,0
0.624,0
0.626,0
0.628,0
0.63,0
0.63200000000000001,0
0.63400000000000001,0
0.63600000000000001,0
0.63800000000000001,0
0.64000000000000001,0
0.64200000000000002,0
0.64400000000000002,0
0.64600000000000002,0
0.64800000000000002,0
0.65000000000000002,0
0.65200000000000002,0
0.65400000000000003,0
0.65600000000000003,0
0.65800000000000003,0
0.66000000000000003,0
0.66200000000000003,0
0.66400000000000003,0
0.66600000000000004,0
0.66800000000000004,0
0.67000000000000004,0
0.67200000000000004,0
0.67400000000000004,0
0.67600000000000005,0
0.67800000000000005,0
0.68000000000000005,0
0.68200000000000005,0
0.68400000000000005,0
0.68600000000000005,0
0.68800000000000006,0
0.69000000000000006,0
0.69200000000000006,0
0.69400000000000006,0
0.69600000000000006,0
0.69800000000000006,0
0.70000000000000007,0
0.70200000000000007,0
0.70399999999999996,0
0.70599999999999996,0
0.70799999999999996,0
0.70999999999999996,0
0.71199999999999997,0
0.71399999999999997,0
0.71599999999999997,0
0.71799999999999997,0
0.71999999999999997,0
0.72199999999999998,0
0.72399999999999998,0
0.72599999999999998,0
0.72799999999999998,0
0.72999999999999998,0
0.73199999999999998,0
0.73399999999999999,0
0.73599999999999999,0
0.73799999999999999,0
0.73999999999999999,0
0.74199999999999999,0
0.74399999999999999,0
0.746,0
0.748,0
0.75,0
0.75,0
0.752,0
0.754,0
0.75600000000000001,0
0.75800000000000001,0
0.76000000000000001,0
0.76200000000000001,0
0.76400000000000001,0
0.76600000000000001,0
0.76800000000000002,0
0.77000000000000002,0
0.77200000000000002,0
0.77400000000000002,0
0.77600000000000002,0
0.77800000000000002,0
0.78000000000000003,0
0.78200000000000003,0
0.78400000000000003,0
0.78600000000000003,0
0.78800000000000003,0
0.79000000000000004,0
0.79200000000000004,0
0.79400000000000004,0
0.79600000000000004,0
0.79800000000000004,0
0.80000000000000004,0
0.80200000000000005,0
0.80400000000000005,0
0.80600000000000005,0
0.80800000000000005,0
0.81000000000000005,0
0.81200000000000006,0
0.81400000000000006,0
0.81600000000000006,0
0.81800000000000006,0
0.82000000000000006,0
0.82200000000000006,0
0.82400000000000007,0
0.82600000000000007,0
0.82800000000000007,0
0.83000000000000007,0
0.83200000000000007,0
0.83399999999999996,0
0.83599999999999997,0
0.83799999999999997,0
0.83999999999999997,0
0.84199999999999997,0
0.84399999999999997,0
0.84599999999999997,0
0.84799999999999998,0
0.84999999999999998,0
0.85199999999999998,0
0.85399999999999998,0
0.85599999999999998,0
0.85799999999999998,0
0.85999999999999999,0
0.86199999999999999,0
0.86399999999999999,0
0.86599999999999999,0
0.86799999999999999,0
0.87,0
0.872,0
0.874,0
0.876,0
0.878,0
0.88,0
0.88200000000000001,0
0.88400000000000001,0
0.88600000000000001,0
0.88800000000000001,0
0.89000000000000001,0
0.89200000000000002,0
0.89400000000000002,0
0.89600000000000002,0
0.89800000000000002,0
0.90000000000000002,0
0.90200000000000002,0
0.90400000000000003,0
0.90600000000000003,0
0.90800000000000003,0
0.91000000000000003,0
0.91200000000000003,0
0.91400000000000003,0
0.91600000000000004,0
0.91800000000000004,0
0.92000000000000004,0
0.92200000000000004,0
0.92400000000000004,0
0.92600000000000005,0
0.92800000000000005,0
0.93000000000000005,0
0.93200000000000005,0
0.93400000000000005,0
0.93600000000000005,0
0.93800000000000006,0
0.94000000000000006,0
0.94200000000000006,0
0.94400000000000006,0
0.94600000000000006,0
0.94800000000000006,0
0.95000000000000007,0
0.95200000000000007,0
0.95400000000000007,0
0.95600000000000007,0
0.95800000000000007,0
0.95999999999999996,0
0.96199999999999997,0
0.96399999999999997,0
0.96599999999999997,0
0.96799999999999997,0
0.96999999999999997,0
0.97199999999999998,0
0.97399999999999998,0
0.97599999999999998,0
0.97799999999999998,0
0.97999999999999998,0
0.98199999999999998,0
0.98399999999999999,0
0.98599999999999999,0
0.98799999999999999,0
0.98999999999999999,0
0.99199999999999999,0
0.99399999999999999,0
0.996,0
0.998,0
1,0
1.002,0
1.004,0
1.006,0
1.008,0
1.01,0
1.012,0
1.014,0
1.016,0
1.018,0
1.02,0
1.022,0
1.024,0
1.026,0
1.028,0
1.03,0
1.032,0
1.034,0
1.036,0
1.038,0
1.04,0
1.042,0
1.044,0
1.046,0
1.048,0
1.05,0
1.052,0
1.054,0
1.056,0
1.0580000000000001,0
1.0600000000000001,0
1.0620000000000001,0
1.0640000000000001,0
1.0660000000000001,0
1.0680000000000001,0
1.0700000000000001,0
1.0720000000000001,0
1.0740000000000001,0
1.0760000000000001,0
1.0780000000000001,0
1.0800000000000001,0
1.0820000000000001,0
1.0840000000000001,0
1.0860000000000001,0
1.0880000000000001,0
1.0900000000000001,0
1.0920000000000001,0
1.0940000000000001,0
1.0960000000000001,0
1.0980000000000001,0
1.1000000000000001,0
1.1020000000000001,0
1.1040000000000001,0
1.1060000000000001,0
1.1080000000000001,0
1.1100000000000001,0
1.1120000000000001,0
1.1140000000000001,0
1.1160000000000001,0
1.1180000000000001,0
1.1200000000000001,0
1.1220000000000001,0
1.1240000000000001,0
1.1260000000000001,0
1.1280000000000001,0
1.1300000000000001,0
1.1320000000000001,0
1.1340000000000001,0
1.1360000000000001,0
1.1380000000000001,0
1.1400000000000001,0
1.1420000000000001,0
1.1440000000000001,0
1.1460000000000001,0
1.1480000000000001,0
1.1500000000000001,0
1.1520000000000001,0
1.1539999999999999,0
1.1559999999999999,0
1.1579999999999999,0
1.1599999999999999,0
1.1619999999999999,0
1.1639999999999999,0
1.1659999999999999,0
1.1679999999999999,0
1.1699999999999999,0
1.1719999999999999,0
1.1739999999999999,0
1.1759999999999999,0
1.1779999999999999,0
1.1799999999999999,0
1.1819999999999999,0
1.1839999999999999,0
1.1859999999999999,0
1.1879999999999999,0
1.1899999999999999,0
1.1919999999999999,0
1.194,0
1.196,0
1.198,0
1.2,0
1.202,0
1.204,0
1.206,0
1.208,0
1.21,0
1.212,0
1.214,0
1.216,0
1.218,0
1.22,0
1.222,0
1.224,0
1.226,0
1.228,0
1.23,0
1.232,0
1.234,0
1.236,0
1.238,0
1.24,0
1.242,0
1.244,0
1.246,0
1.248,0
1.25,0
1.252,0
1.254,0
1.256,0
1.258,0
1.26,0
1.262,0
1.264,0
1.266,0
1.268,0
1.27,0
1.272,0
1.274,0
1.276,0
1.278,0
1.28,0
1.282,0
1.284,0
1.286,0
1.288,0
1.29,0
1.292,0
1.294,0
1.296,0
1.298,0
1.3,0
1.302,0
1.304,0
1.306,0
1.3080000000000001,0
1.3100000000000001,0
1.3120000000000001,0
1.3140000000000001,0
1.3160000000000001,0
1.3180000000000001,0
1.3200000000000001,0
1.3220000000000001,0
1.3240000000000001,0
1.3260000000000001,0
1.3280000000000001,0
1.3300000000000001,0
1.3320000000000001,0
1.3340000000000001,0
1.3360000000000001,0
1.3380000000000001,0
1.3400000000000001,0
1.3420000000000001,0
1.3440000000000001,0
1.3460000000000001,0
1.3480000000000001,0
1.3500000000000001,0
1.3520000000000001,0
1.3540000000000001,0
1.3560000000000001,0
1.3580000000000001,0
1.3600000000000001,0
1.3620000000000001,0
1.3640000000000001,0
1.3660000000000001,0
1.3680000000000001,0
1.3700000000000001,0
1.3720000000000001,0
1.3740000000000001,0
1.3760000000000001,0
1.3780000000000001,0
1.3800000000000001,0
1.3820000000000001,0
1.3840000000000001,0
1.3860000000000001,0
1.3880000000000001,0
1.3900000000000001,0
1.3920000000000001,0
1.3940000000000001,0
1.3960000000000001,0
1.3980000000000001,0
1.4000000000000001,0
1.4020000000000001,0
1.4040000000000001,0
1.4060000000000001,0
1.4079999999999999,0
1.4099999999999999,0
1.4119999999999999,0
1.4139999999999999,0
1.4159999999999999,0
1.4179999999999999,0
1.4199999999999999,0
1.4219999999999999,0
1.4239999999999999,0
1.4259999999999999,0
1.4279999999999999,0
1.4299999999999999,0
1.4319999999999999,0
1.4339999999999999,0
1.4359999999999999,0
1.4379999999999999,0
1.4399999999999999,0
1.4419999999999999,0
1.444,0
1.446,0
1.448,0
1.45,0
1.452,0
1.454,0
1.456,0
1.458,0
1.46,0
1.462,0
1.464,0
1.466,0
1.468,0
1.47,0
1.472,0
1.474,0
1.476,0
1.478,0
1.48,0
1.482,0
1.484,0
1.486,0
1.488,0
1.49,0
1.492,0
1.494,0
1.496,0
1.498,0
1.5,0
1.5,0
1.502,0
1.504,0
1.506,0
1.508,0
1.51,0
1.512,0
1.514,0
1.516,0
1.518,0
1.52,0
1.522,0
1.524,0
1.526,0
1.528,0
1.53,0
1.532,0
1.534,0
1.536,0
1.538,0
1.54,0
1.542,0
1.544,0
1.546,0
1.548,0
1.55,0
1.552,0
1.554,0
1.556,0
1.5580000000000001,0
1.5600000000000001,0
1.5620000000000001,0
1.5640000000000001,0
1.5660000000000001,0
1.5680000000000001,0
1.5700000000000001,0
1.5720000000000001,0
1.5740000000000001,0
1.5760000000000001,0
1.5780000000000001,0
1.5800000000000001,0
1.5820000000000001,0
1.5840000000000001,0
1.5860000000000001,0
1.5880000000000001,0
1.5900000000000001,0
1.5920000000000001,0
1.5940000000000001,0
1.5960000000000001,0
1.5980000000000001,0
1.6000000000000001,0
1.6020000000000001,0
1.6040000000000001,0
1.6060000000000001,0
1.6080000000000001,0
1.6100000000000001,0
1.6120000000000001,0
1.6140000000000001,0
1.6160000000000001,0
1.6180000000000001,0
1.6200000000000001,0
1.6220000000000001,0
1.6240000000000001,0
1.6260000000000001,0
1.6280000000000001,0
1.6300000000000001,0
1.6320000000000001,0
1.6340000000000001,0
1.6360000000000001,0
1.6380000000000001,0
1.6400000000000001,0
1.6420000000000001,0
1.6440000000000001,0
1.6460000000000001,0
1.6480000000000001,0
1.6500000000000001,0
1.6520000000000001,0
1.6540000000000001,0
1.6560000000000001,0
1.6580000000000001,0
1.6600000000000001,0
1.6620000000000001,0
1.6640000000000001,0
1.6659999999999999,0
1.6679999999999999,0
1.6699999999999999,0
1.6719999999999999,0
1.6739999999999999,0
1.6759999999999999,0
1.6779999999999999,0
1.6799999999999999,0
1.6819999999999999,0
1.6839999999999999,0
1.6859999999999999,0
1.6879999999999999,0
1.6899999999999999,0
1.6919999999999999,0
1.694,0
1.696,0
1.698,0
1.7,0
1.702,0
1.704,0
1.706,0
1.708,0
1.71,0
1.712,0
1.714,0
1.716,0
1.718,0
1.72,0
1.722,0
1.724,0
1.726,0
1.728,0
1.73,0
1.732,0
1.734,0
1.736,0
1.738,0
1.74,0
1.742,0
1.744,0
1.746,0
1.748,0
1.75,0
1.752,0
1.754,0
1.756,0
1.758,0
1.76,0
1.762,0
1.764,0
1.766,0
1.768,0
1.77,0
1.772,0
1.774,0
1.776,0
1.778,0
1.78,0
1.782,0
1.784,0
1.786,0
1.788,0
1.79,0
1.792,0
1.794,0
1.796,0
1.798,0
1.8,0
1.802,0
1.804,0
1.806,0
1.8080000000000001,0
1.8100000000000001,0
1.8120000000000001,0
1.8140000000000001,0
1.8160000000000001,0
1.8180000000000001,0
1.8200000000000001,0
1.8220000000000001,0
1.8240000000000001,0
1.8260000000000001,0
1.8280000000000001,0
1.8300000000000001,0
1.8320000000000001,0
1.8340000000000001,0
1.8360000000000001,0
1.8380000000000001,0
1.8400000000000001,0
1.8420000000000001,0
1.8440000000000001,0
1.8460000000000001,0
1.8480000000000001,0
1.8500000000000001,0
1.8520000000000001,0
1.8540000000000001,0
1.8560000000000001,0
1.8580000000000001,0
1.8600000000000001,0
1.8620000000000001,0
1.8640000000000001,0
1.8660000000000001,0
1.8680000000000001,0
1.8700000000000001,0
1.8720000000000001,0
1.8740000000000001,0
1.8760000000000001,0
1.8780000000000001,0
1.8800000000000001,0
1.8820000000000001,0
1.8840000000000001,0
1.8860000000000001,0
1.8880000000000001,0
1.8900000000000001,0
1.8920000000000001,0
1.8940000000000001,0
1.8960000000000001,0
1.8980000000000001,0
1.9000000000000001,0
1.9020000000000001,0
1.9040000000000001,0
1.9060000000000001,0
1.9080000000000001,0
1.9100000000000001,0
1.9120000000000001,0
1.9140000000000001,0
1.9160000000000001,0
1.9180000000000001,0
1.9199999999999999,0
1.9219999999999999,0
1.9239999999999999,0
1.9259999999999999,0
1.9279999999999999,0
1.9299999999999999,0
1.9319999999999999,0
1.9339999999999999,0
1.9359999999999999,0
1.9379999999999999,0
1.9399999999999999,0
1.9419999999999999,0
1.944,0
1.946,0
1.948,0
1.95,0
1.952,0
1.954,0
1.956,0
1.958,0
1.96,0
1.962,0
1.964,0
1.966,0
1.968,0
1.97,0
1.972,0
1.974,0
1.976,0
1.978,0
1.98,0
1.982,0
1.984,0
1.986,0
1.988,0
1.99,0
1.992,0
1.994,0
1.996,0
1.998,0
2,0
2,1
2.0020000000000002,1
2.004,1
2.0060000000000002,1
2.008,1
2.0100000000000002,1
2.012,1
2.0140000000000002,1
2.016,1
2.0180000000000002,1
2.02,1
2.0220000000000002,1
2.024,1
2.0260000000000002,1
2.028,1
2.0300000000000002,1
2.032,1
2.0340000000000003,1
2.036,1
2.0380000000000003,1
2.04,1
2.0420000000000003,1
2.044,1
2.0460000000000003,1
2.048,1
2.0499999999999998,1
2.052,1
2.0539999999999998,1
2.056,1
2.0579999999999998,1
2.0600000000000001,1
2.0619999999999998,1
2.0640000000000001,1
2.0659999999999998,1
2.0680000000000001,1
2.0699999999999998,1
2.0720000000000001,1
2.0739999999999998,1
2.0760000000000001,1
2.0779999999999998,1
2.0800000000000001,1
2.0819999999999999,1
2.0840000000000001,1
2.0859999999999999,1
2.0880000000000001,1
2.0899999999999999,1
2.0920000000000001,1
2.0939999999999999,1
2.0960000000000001,1
2.0979999999999999,1
2.1000000000000001,1
2.1019999999999999,1
2.1040000000000001,1
2.1059999999999999,1
2.1080000000000001,1
2.1099999999999999,1
2.1120000000000001,1
2.1139999999999999,1
2.1160000000000001,1
2.1179999999999999,1
2.1200000000000001,1
2.1219999999999999,1
2.1240000000000001,1
2.1259999999999999,1
2.1280000000000001,1
2.1299999999999999,1
2.1320000000000001,1
2.1339999999999999,1
2.1360000000000001,1
2.1379999999999999,1
2.1400000000000001,1
2.1419999999999999,1
2.1440000000000001,1
2.1459999999999999,1
2.1480000000000001,1
2.1499999999999999,1
2.1520000000000001,1
2.1539999999999999,1
2.1560000000000001,1
2.1579999999999999,1
2.1600000000000001,1
2.1619999999999999,1
2.1640000000000001,1
2.1659999999999999,1
2.1680000000000001,1
2.1699999999999999,1
2.1720000000000002,1
2.1739999999999999,1
2.1760000000000002,1
2.1779999999999999,1
2.1800000000000002,1
2.1819999999999999,1
2.1840000000000002,1
2.1859999999999999,1
2.1880000000000002,1
2.1899999999999999,1
2.1920000000000002,1
2.194,1
2.1960000000000002,1
2.198,1
2.2000000000000002,1
2.202,1
2.2040000000000002,1
2.206,1
2.2080000000000002,1
2.21,1
2.2120000000000002,1
2.214,1
2.2160000000000002,1
2.218,1
2.2200000000000002,1
2.222,1
2.2240000000000002,1
2.226,1
2.2280000000000002,1
2.23,1
2.2320000000000002,1
2.234,1
2.2360000000000002,1
2.238,1
2.2400000000000002,1
2.242,1
2.2440000000000002,1
2.246,1
2.2480000000000002,1
2.25,1
2.25,1
2.2520000000000002,1
2.254,1
2.2560000000000002,1
2.258,1
2.2600000000000002,1
2.262,1
2.2640000000000002,1
2.266,1
2.2680000000000002,1
2.27,1
2.2720000000000002,1
2.274,1
2.2760000000000002,1
2.278,1
2.2800000000000002,1
2.282,1
2.2840000000000003,1
2.286,1
2.2880000000000003,1
2.29,1
2.2920000000000003,1
2.294,1
2.2960000000000003,1
2.298,1
2.3000000000000003,1
2.302,1
2.3040000000000003,1
2.306,1
2.3079999999999998,1
2.3100000000000001,1
2.3119999999999998,1
2.3140000000000001,1
2.3159999999999998,1
2.3180000000000001,1
2.3199999999999998,1
2.3220000000000001,1
2.3239999999999998,1
2.3260000000000001,1
2.3279999999999998,1
2.3300000000000001,1
2.3319999999999999,1
2.3340000000000001,1
2.3359999999999999,1
2.3380000000000001,1
2.3399999999999999,1
2.3420000000000001,1
2.3439999999999999,1
2.3460000000000001,1
2.3479999999999999,1
2.3500000000000001,1
2.3519999999999999,1
2.3540000000000001,1
2.3559999999999999,1
2.3580000000000001,1
2.3599999999999999,1
2.3620000000000001,1
2.3639999999999999,1
2.3660000000000001,1
2.3679999999999999,1
2.3700000000000001,1
2.3719999999999999,1
2.3740000000000001,1
2.3759999999999999,1
2.3780000000000001,1
2.3799999999999999,1
2.3820000000000001,1
2.3839999999999999,1
2.3860000000000001,1
2.3879999999999999,1
2.3900000000000001,1
2.3919999999999999,1
2.3940000000000001,1
2.3959999999999999,1
2.3980000000000001,1
2.3999999999999999,1
2.4020000000000001,1
2.4039999999999999,1
2.4060000000000001,1
2.4079999999999999,1
2.4100000000000001,1
2.4119999999999999,1
2.4140000000000001,1
2.4159999999999999,1
2.4180000000000001,1
2.4199999999999999,1
2.4220000000000002,1
2.4239999999999999,1
2.4260000000000002,1
2.4279999999999999,1
2.4300000000000002,1
2.4319999999999999,1
2.4340000000000002,1
2.4359999999999999,1
2.4380000000000002,1
2.4399999999999999,1
2.4420000000000002,1
2.444,1
2.4460000000000002,1
2.448,1
2.4500000000000002,1
2.452,1
2.4540000000000002,1
2.456,1
2.4580000000000002,1
2.46,1
2.4620000000000002,1
2.464,1
2.4660000000000002,1
2.468,1
2.4700000000000002,1
2.472,1
2.4740000000000002,1
2.476,1
2.4780000000000002,1
2.48,1
2.4820000000000002,1
2.484,1
2.4860000000000002,1
2.488,1
2.4900000000000002,1
2.492,1
2.4940000000000002,1
2.496,1
2.4980000000000002,1
2.5,1
2.5020000000000002,1
2.504,1
2.5060000000000002,1
2.508,1
2.5100000000000002,1
2.512,1
2.5140000000000002,1
2.516,1
2.5180000000000002,1
2.52,1
2.5220000000000002,1
2.524,1
2.5260000000000002,1
2.528,1
2.5300000000000002,1
2.532,1
2.5340000000000003,1
2.536,1
2.5380000000000003,1
2.54,1
2.5420000000000003,1
2.544,1
2.5460000000000003,1
2.548,1
2.5500000000000003,1
2.552,1
2.5540000000000003,1
2.556,1
2.5580000000000003,1
2.5600000000000001,1
2.5619999999999998,1
2.5640000000000001,1
2.5659999999999998,1
2.5680000000000001,1
2.5699999999999998,1
2.5720000000000001,1
2.5739999999999998,1
2.5760000000000001,1
2.5779999999999998,1
2.5800000000000001,1
2.5819999999999999,1
2.5840000000000001,1
2.5859999999999999,1
2.5880000000000001,1
2.5899999999999999,1
2.5920000000000001,1
2.5939999999999999,1
2.5960000000000001,1
2.5979999999999999,1
2.6000000000000001,1
2.6019999999999999,1
2.6040000000000001,1
2.6059999999999999,1
2.6080000000000001,1
2.6099999999999999,1
2.6120000000000001,1
2.6139999999999999,1
2.6160000000000001,1
2.6179999999999999,1
2.6200000000000001,1
2.6219999999999999,1
2.6240000000000001,1
2.6259999999999999,1
2.6280000000000001,1
2.6299999999999999,1
2.6320000000000001,1
2.6339999999999999,1
2.6360000000000001,1
2.6379999999999999,1
2.6400000000000001,1
2.6419999999999999,1
2.6440000000000001,1
2.6459999999999999,1
2.6480000000000001,1
2.6499999999999999,1
2.6520000000000001,1
2.6539999999999999,1
2.6560000000000001,1
2.6579999999999999,1
2.6600000000000001,1
2.6619999999999999,1
2.6640000000000001,1
2.6659999999999999,1
2.6680000000000001,1
2.6699999999999999,1
2.6720000000000002,1
2.6739999999999999,1
2.6760000000000002,1
2.6779999999999999,1
2.6800000000000002,1
2.6819999999999999,1
2.6840000000000002,1
2.6859999999999999,1
2.6880000000000002,1
2.6899999999999999,1
2.6920000000000002,1
2.694,1
2.6960000000000002,1
2.698,1
2.7000000000000002,1
2.702,1
2.7040000000000002,1
2.706,1
2.7080000000000002,1
2.71,1
2.7120000000000002,1
2.714,1
2.7160000000000002,1
2.718,1
2.7200000000000002,1
2.722,1
2.7240000000000002,1
2.726,1
2.7280000000000002,1
2.73,1
2.7320000000000002,1
2.734,1
2.7360000000000002,1
2.738,1
2.7400000000000002,1
2.742,1
2.7440000000000002,1
2.746,1
2.7480000000000002,1
2.75,1
2.7520000000000002,1
2.754,1
2.7560000000000002,1
2.758,1
2.7600000000000002,1
2.762,1
2.7640000000000002,1
2.766,1
2.7680000000000002,1
2.77,1
2.7720000000000002,1
2.774,1
2.7760000000000002,1
2.778,1
2.7800000000000002,1
2.782,1
2.7840000000000003,1
2.786,1
2.7880000000000003,1
2.79,1
2.7920000000000003,1
2.794,1
2.7960000000000003,1
2.798,1
2.8000000000000003,1
2.802,1
2.8040000000000003,1
2.806,1
2.8080000000000003,1
2.8100000000000001,1
2.8120000000000003,1
2.8140000000000001,1
2.8159999999999998,1
2.8180000000000001,1
2.8199999999999998,1
2.8220000000000001,1
2.8239999999999998,1
2.8260000000000001,1
2.8279999999999998,1
2.8300000000000001,1
2.8319999999999999,1
2.8340000000000001,1
2.8359999999999999,1
2.8380000000000001,1
2.8399999999999999,1
2.8420000000000001,1
2.8439999999999999,1
2.8460000000000001,1
2.8479999999999999,1
2.8500000000000001,1
2.8519999999999999,1
2.8540000000000001,1
2.8559999999999999,1
2.8580000000000001,1
2.8599999999999999,1
2.8620000000000001,1
2.8639999999999999,1
2.8660000000000001,1
2.8679999999999999,1
2.8700000000000001,1
2.8719999999999999,1
2.8740000000000001,1
2.8759999999999999,1
2.8780000000000001,1
2.8799999999999999,1
2.8820000000000001,1
2.8839999999999999,1
2.8860000000000001,1
2.8879999999999999,1
2.8900000000000001,1
2.8919999999999999,1
2.8940000000000001,1
2.8959999999999999,1
2.8980000000000001,1
2.8999999999999999,1
2.9020000000000001,1
2.9039999999999999,1
2.9060000000000001,1
2.9079999999999999,1
2.9100000000000001,1
2.9119999999999999,1
2.9140000000000001,1
2.9159999999999999,1
2.9180000000000001,1
2.9199999999999999,1
2.9220000000000002,1
2.9239999999999999,1
2.9260000000000002,1
2.9279999999999999,1
2.9300000000000002,1
2.9319999999999999,1
2.9340000000000002,1
2.9359999999999999,1
2.9380000000000002,1
2.9399999999999999,1
2.9420000000000002,1
2.944,1
2.9460000000000002,1
2.948,1
2.9500000000000002,1
2.952,1
2.9540000000000002,1
2.956,1
2.9580000000000002,1
2.96,1
2.9620000000000002,1
2.964,1
2.9660000000000002,1
2.968,1
2.9700000000000002,1
2.972,1
2.9740000000000002,1
2.976,1
2.9780000000000002,1
2.98,1
2.9820000000000002,1
2.984,1
2.9860000000000002,1
2.988,1
2.9900000000000002,1
2.992,1
2.9940000000000002,1
2.996,1
2.9980000000000002,1
3,1
3,1
3.0020000000000002,1
3.004,1
3.0060000000000002,1
3.008,1
3.0100000000000002,1
3.012,1
3.0140000000000002,1
3.016,1
3.0180000000000002,1
3.02,1
3.0220000000000002,1
3.024,1
3.0260000000000002,1
3.028,1
3.0300000000000002,1
3.032,1
3.0340000000000003,1
3.036,1
3.0380000000000003,1
3.04,1
3.0420000000000003,1
3.044,1
3.0460000000000003,1
3.048,1
3.0500000000000003,1
3.052,1
3.0540000000000003,1
3.056,1
3.0580000000000003,1
3.0600000000000001,1
3.0620000000000003,1
3.0640000000000001,1
3.0660000000000003,1
3.0680000000000001,1
3.0700000000000003,1
3.0720000000000001,1
3.0739999999999998,1
3.0760000000000001,1
3.0779999999999998,1
3.0800000000000001,1
3.0819999999999999,1
3.0840000000000001,1
3.0859999999999999,1
3.0880000000000001,1
3.0899999999999999,1
3.0920000000000001,1
3.0939999999999999,1
3.0960000000000001,1
3.0979999999999999,1
3.1000000000000001,1
3.1019999999999999,1
3.1040000000000001,1
3.1059999999999999,1
3.1080000000000001,1
3.1099999999999999,1
3.1120000000000001,1
3.1139999999999999,1
3.1160000000000001,1
3.1179999999999999,1
3.1200000000000001,1
3.1219999999999999,1
3.1240000000000001,1
3.1259999999999999,1
3.1280000000000001,1
3.1299999999999999,1
3.1320000000000001,1
3.1339999999999999,1
3.1360000000000001,1
3.1379999999999999,1
3.1400000000000001,1
3.1419999999999999,1
3.1440000000000001,1
3.1459999999999999,1
3.1480000000000001,1
3.1499999999999999,1
3.1520000000000001,1
3.1539999999999999,1
3.1560000000000001,1
3.1579999999999999,1
3.1600000000000001,1
3.1619999999999999,1
3.1640000000000001,1
3.1659999999999999,1
3.1680000000000001,1
3.1699999999999999,1
3.1720000000000002,1
3.1739999999999999,1
3.1760000000000002,1
3.1779999999999999,1
3.1800000000000002,1
3.1819999999999999,1
3.1840000000000002,1
3.1859999999999999,1
3.1880000000000002,1
3.1899999999999999,1
3.1920000000000002,1
3.194,1
3.1960000000000002,1
3.198,1
3.2000000000000002,1
3.202,1
3.2040000000000002,1
3.206,1
3.2080000000000002,1
3.21,1
3.2120000000000002,1
3.214,1
3.2160000000000002,1
3.218,1
3.2200000000000002,1
3.222,1
3.2240000000000002,1
3.226,1
3.2280000000000002,1
3.23,1
3.2320000000000002,1
3.234,1
3.2360000000000002,1
3.238,1
3.2400000000000002,1
3.242,1
3.2440000000000002,1
3.246,1
3.2480000000000002,1
3.25,1
3.2520000000000002,1
3.254,1
3.2560000000000002,1
3.258,1
3.2600000000000002,1
3.262,1
3.2640000000000002,1
3.266,1
3.2680000000000002,1
3.27,1
3.2720000000000002,1
3.274,1
3.2760000000000002,1
3.278,1
3.2800000000000002,1
3.282,1
3.2840000000000003,1
3.286,1
3.2880000000000003,1
3.29,1
3.2920000000000003,1
3.294,1
3.2960000000000003,1
3.298,1
3.3000000000000003,1
3.302,1
3.3040000000000003,1
3.306,1
3.3080000000000003,1
3.3100000000000001,1
3.3120000000000003,1
3.3140000000000001,1
3.3160000000000003,1
3.3180000000000001,1
3.3200000000000003,1
3.3220000000000001,1
3.3240000000000003,1
3.3260000000000001,1
3.3280000000000003,1
3.3300000000000001,1
3.3319999999999999,1
3.3340000000000001,1
3.3359999999999999,1
3.3380000000000001,1
3.3399999999999999,1
3.3420000000000001,1
3.3439999999999999,1
3.3460000000000001,1
3.3479999999999999,1
3.3500000000000001,1
3.3519999999999999,1
3.3540000000000001,1
3.3559999999999999,1
3.3580000000000001,1
3.3599999999999999,1
3.3620000000000001,1
3.3639999999999999,1
3.3660000000000001,1
3.3679999999999999,1
3.3700000000000001,1
3.3719999999999999,1
3.3740000000000001,1
3.3759999999999999,1
3.3780000000000001,1
3.3799999999999999,1
3.3820000000000001,1
3.3839999999999999,1
3.3860000000000001,1
3.3879999999999999,1
3.3900000000000001,1
3.3919999999999999,1
3.3940000000000001,1
3.3959999999999999,1
3.3980000000000001,1
3.3999999999999999,1
3.4020000000000001,1
3.4039999999999999,1
3.4060000000000001,1
3.4079999999999999,1
3.4100000000000001,1
3.4119999999999999,1
3.4140000000000001,1
3.4159999999999999,1
3.4180000000000001,1
3.4199999999999999,1
3.4220000000000002,1
3.4239999999999999,1
3.4260000000000002,1
3.4279999999999999,1
3.4300000000000002,1
3.4319999999999999,1
3.4340000000000002,1
3.4359999999999999,1
3.4380000000000002,1
3.4399999999999999,1
3.4420000000000002,1
3.444,1
3.4460000000000002,1
3.448,1
3.4500000000000002,1
3.452,1
3.4540000000000002,1
3.456,1
3.4580000000000002,1
3.46,1
3.4620000000000002,1
3.464,1
3.4660000000000002,1
3.468,1
3.4700000000000002,1
3.472,1
3.4740000000000002,1
3.476,1
3.4780000000000002,1
3.48,1
3.4820000000000002,1
3.484,1
3.4860000000000002,1
3.488,1
3.4900000000000002,1
3.492,1
3.4940000000000002,1
3.496,1
3.4980000000000002,1
3.5,1
3.5020000000000002,1
3.504,1
3.5060000000000002,1
3.508,1
3.5100000000000002,1
3.512,1
3.5140000000000002,1
3.516,1
3.5180000000000002,1
3.52,1
3.5220000000000002,1
3.524,1
3.5260000000000002,1
3.528,1
3.5300000000000002,1
3.532,1
3.5340000000000003,1
3.536,1
3.5380000000000003,1
3.54,1
3.5420000000000003,1
3.544,1
3.5460000000000003,1
3.548,1
3.5500000000000003,1
3.552,1
3.5540000000000003,1
3.556,1
3.5580000000000003,1
3.5600000000000001,1
3.5620000000000003,1
3.5640000000000001,1
3.5660000000000003,1
3.5680000000000001,1
3.5700000000000003,1
3.5720000000000001,1
3.5740000000000003,1
3.5760000000000001,1
3.5780000000000003,1
3.5800000000000001,1
3.5820000000000003,1
3.5840000000000001,1
3.5859999999999999,1
3.5880000000000001,1
3.5899999999999999,1
3.5920000000000001,1
3.5939999999999999,1
3.5960000000000001,1
3.5979999999999999,1
3.6000000000000001,1
3.6019999999999999,1
3.6040000000000001,1
3.6059999999999999,1
3.6080000000000001,1
3.6099999999999999,1
3.6120000000000001,1
3.6139999999999999,1
3.6160000000000001,1
3.6179999999999999,1
3.6200000000000001,1
3.6219999999999999,1
3.6240000000000001,1
3.6259999999999999,1
3.6280000000000001,1
3.6299999999999999,1
3.6320000000000001,1
3.6339999999999999,1
3.6360000000000001,1
3.6379999999999999,1
3.6400000000000001,1
3.6419999999999999,1
3.6440000000000001,1
3.6459999999999999,1
3.6480000000000001,1
3.6499999999999999,1
3.6520000000000001,1
3.6539999999999999,1
3.6560000000000001,1
3.6579999999999999,1
3.6600000000000001,1
3.6619999999999999,1
3.6640000000000001,1
3.6659999999999999,1
3.6680000000000001,1
3.6699999999999999,1
3.6720000000000002,1
3.6739999999999999,1
3.6760000000000002,1
3.6779999999999999,1
3.6800000000000002,1
3.6819999999999999,1
3.6840000000000002,1
3.6859999999999999,1
3.6880000000000002,1
3.6899999999999999,1
3.6920000000000002,1
3.694,1
3.6960000000000002,1
3.698,1
3.7000000000000002,1
3.702,1
3.7040000000000002,1
3.706,1
3.7080000000000002,1
3.71,1
3.7120000000000002,1
3.714,1
3.7160000000000002,1
3.718,1
3.7200000000000002,1
3.722,1
3.7240000000000002,1
3.726,1
3.7280000000000002,1
3.73,1
3.7320000000000002,1
3.734,1
3.7360000000000002,1
3.738,1
3.7400000000000002,1
3.742,1
3.7440000000000002,1
3.746,1
3.7480000000000002,1
3.75,1
3.75,1
3.7520000000000002,1
3.754,1
3.7560000000000002,1
3.758,1
3.7600000000000002,1
3.762,1
3.7640000000000002,1
3.766,1
3.7680000000000002,1
3.77,1
3.7720000000000002,1
3.774,1
3.7760000000000002,1
3.778,1
3.7800000000000002,1
3.782,1
3.7840000000000003,1
3.786,1
3.7880000000000003,1
3.79,1
3.7920000000000003,1
3.794,1
3.7960000000000003,1
3.798,1
3.8000000000000003,1
3.802,1
3.8040000000000003,1
3.806,1
3.8080000000000003,1
3.8100000000000001,1
3.8120000000000003,1
3.8140000000000001,1
3.8160000000000003,1
3.8180000000000001,1
3.8200000000000003,1
3.8220000000000001,1
3.8240000000000003,1
3.8260000000000001,1
3.8280000000000003,1
3.8300000000000001,1
3.8320000000000003,1
3.8340000000000001,1
3.8360000000000003,1
3.8380000000000001,1
3.8399999999999999,1
3.8420000000000001,1
3.8439999999999999,1
3.8460000000000001,1
3.8479999999999999,1
3.8500000000000001,1
3.8519999999999999,1
3.8540000000000001,1
3.8559999999999999,1
3.8580000000000001,1
3.8599999999999999,1
3.8620000000000001,1
3.8639999999999999,1
3.8660000000000001,1
3.8679999999999999,1
3.8700000000000001,1
3.8719999999999999,1
3.8740000000000001,1
3.8759999999999999,1
3.8780000000000001,1
3.8799999999999999,1
3.8820000000000001,1
3.8839999999999999,1
3.8860000000000001,1
3.8879999999999999,1
3.8900000000000001,1
3.8919999999999999,1
3.8940000000000001,1
3.8959999999999999,1
3.8980000000000001,1
3.8999999999999999,1
3.9020000000000001,1
3.9039999999999999,1
3.9060000000000001,1
3.9079999999999999,1
3.9100000000000001,1
3.9119999999999999,1
3.9140000000000001,1
3.9159999999999999,1
3.9180000000000001,1
3.9199999999999999,1
3.9220000000000002,1
3.9239999999999999,1
3.9260000000000002,1
3.9279999999999999,1
3.9300000000000002,1
3.9319999999999999,1
3.9340000000000002,1
3.9359999999999999,1
3.9380000000000002,1
3.9399999999999999,1
3.9420000000000002,1
3.944,1
3.9460000000000002,1
3.948,1
3.9500000000000002,1
3.952,1
3.9540000000000002,1
3.956,1
3.9580000000000002,1
3.96,1
3.9620000000000002,1
3.964,1
3.9660000000000002,1
3.968,1
3.9700000000000002,1
3.972,1
3.9740000000000002,1
3.976,1
3.9780000000000002,1
3.98,1
3.9820000000000002,1
3.984,1
3.9860000000000002,1
3.988,1
3.9900000000000002,1
3.992,1
3.9940000000000002,1
3.996,1
3.9980000000000002,1
4,1
4,0
4.0019999999999998,0
4.0040000000000004,0
4.0060000000000002,0
4.008,0
4.0099999999999998,0
4.0120000000000005,0
4.0140000000000002,0
4.016,0
4.0179999999999998,0
4.0200000000000005,0
4.0220000000000002,0
4.024,0
4.0259999999999998,0
4.0280000000000005,0
4.0300000000000002,0
4.032,0
4.0339999999999998,0
4.0360000000000005,0
4.0380000000000003,0
4.04,0
4.0419999999999998,0
4.0440000000000005,0
4.0460000000000003,0
4.048,0
4.0499999999999998,0
4.0520000000000005,0
4.0540000000000003,0
4.056,0
4.0579999999999998,0
4.0600000000000005,0
4.0620000000000003,0
4.0640000000000001,0
4.0659999999999998,0
4.0680000000000005,0
4.0700000000000003,0
4.0720000000000001,0
4.0739999999999998,0
4.0760000000000005,0
4.0780000000000003,0
4.0800000000000001,0
4.0819999999999999,0
4.0840000000000005,0
4.0860000000000003,0
4.0880000000000001,0
4.0899999999999999,0
4.0920000000000005,0
4.0940000000000003,0
4.0960000000000001,0
4.0979999999999999,0
4.0999999999999996,0
4.1020000000000003,0
4.1040000000000001,0
4.1059999999999999,0
4.1079999999999997,0
4.1100000000000003,0
4.1120000000000001,0
4.1139999999999999,0
4.1159999999999997,0
4.1180000000000003,0
4.1200000000000001,0
4.1219999999999999,0
4.1239999999999997,0
4.1260000000000003,0
4.1280000000000001,0
4.1299999999999999,0
4.1319999999999997,0
4.1340000000000003,0
4.1360000000000001,0
4.1379999999999999,0
4.1399999999999997,0
4.1420000000000003,0
4.1440000000000001,0
4.1459999999999999,0
4.1479999999999997,0
4.1500000000000004,0
4.1520000000000001,0
4.1539999999999999,0
4.1559999999999997,0
4.1580000000000004,0
4.1600000000000001,0
4.1619999999999999,0
4.1639999999999997,0
4.1660000000000004,0
4.1680000000000001,0
4.1699999999999999,0
4.1719999999999997,0
4.1740000000000004,0
4.1760000000000002,0
4.1779999999999999,0
4.1799999999999997,0
4.1820000000000004,0
4.1840000000000002,0
4.1859999999999999,0
4.1879999999999997,0
4.1900000000000004,0
4.1920000000000002,0
4.194,0
4.1959999999999997,0
4.1980000000000004,0
4.2000000000000002,0
4.202,0
4.2039999999999997,0
4.2060000000000004,0
4.2080000000000002,0
4.21,0
4.2119999999999997,0
4.2140000000000004,0
4.2160000000000002,0
4.218,0
4.2199999999999998,0
4.2220000000000004,0
4.2240000000000002,0
4.226,0
4.2279999999999998,0
4.2300000000000004,0
4.2320000000000002,0
4.234,0
4.2359999999999998,0
4.2380000000000004,0
4.2400000000000002,0
4.242,0
4.2439999999999998,0
4.2460000000000004,0
4.2480000000000002,0
4.25,0
4.2519999999999998,0
4.2540000000000004,0
4.2560000000000002,0
4.258,0
4.2599999999999998,0
4.2620000000000005,0
4.2640000000000002,0
4.266,0
4.2679999999999998,0
4.2700000000000005,0
4.2720000000000002,0
4.274,0
4.2759999999999998,0
4.2780000000000005,0
4.2800000000000002,0
4.282,0
4.2839999999999998,0
4.2860000000000005,0
4.2880000000000003,0
4.29,0
4.2919999999999998,0
4.2940000000000005,0
4.2960000000000003,0
4.298,0
4.2999999999999998,0
4.3020000000000005,0
4.3040000000000003,0
4.306,0
4.3079999999999998,0
4.3100000000000005,0
4.3120000000000003,0
4.3140000000000001,0
4.3159999999999998,0
4.3180000000000005,0
4.3200000000000003,0
4.3220000000000001,0
4.3239999999999998,0
4.3260000000000005,0
4.3280000000000003,0
4.3300000000000001,0
4.3319999999999999,0
4.3340000000000005,0
4.3360000000000003,0
4.3380000000000001,0
4.3399999999999999,0
4.3420000000000005,0
4.3440000000000003,0
4.3460000000000001,0
4.3479999999999999,0
4.3500000000000005,0
4.3520000000000003,0
4.3540000000000001,0
4.3559999999999999,0
4.3579999999999997,0
4.3600000000000003,0
4.3620000000000001,0
4.3639999999999999,0
4.3659999999999997,0
4.3680000000000003,0
4.3700000000000001,0
4.3719999999999999,0
4.3739999999999997,0
4.3760000000000003,0
4.3780000000000001,0
4.3799999999999999,0
4.3819999999999997,0
4.3840000000000003,0
4.3860000000000001,0
4.3879999999999999,0
4.3899999999999997,0
4.3920000000000003,0
4.3940000000000001,0
4.3959999999999999,0
4.3979999999999997,0
4.4000000000000004,0
4.4020000000000001,0
4.4039999999999999,0
4.4059999999999997,0
4.4080000000000004,0
4.4100000000000001,0
4.4119999999999999,0
4.4139999999999997,0
4.4160000000000004,0
4.4180000000000001,0
4.4199999999999999,0
4.4219999999999997,0
4.4240000000000004,0
4.4260000000000002,0
4.4279999999999999,0
4.4299999999999997,0
4.4320000000000004,0
4.4340000000000002,0
4.4359999999999999,0
4.4379999999999997,0
4.4400000000000004,0
4.4420000000000002,0
4.444,0
4.4459999999999997,0
4.4480000000000004,0
4.4500000000000002,0
4.452,0
4.4539999999999997,0
4.4560000000000004,0
4.4580000000000002,0
4.46,0
4.4619999999999997,0
4.4640000000000004,0
4.4660000000000002,0
4.468,0
4.4699999999999998,0
4.4720000000000004,0
4.4740000000000002,0
4.476,0
4.4779999999999998,0
4.4800000000000004,0
4.4820000000000002,0
4.484,0
4.4859999999999998,0
4.4880000000000004,0
4.4900000000000002,0
4.492,0
4.4939999999999998,0
4.4960000000000004,0
4.4980000000000002,0
4.5,0
4.5,0
4.5019999999999998,0
4.5040000000000004,0
4.5060000000000002,0
4.508,0
4.5099999999999998,0
4.5120000000000005,0
4.5140000000000002,0
4.516,0
4.5179999999999998,0
4.5200000000000005,0
4.5220000000000002,0
4.524,0
4.5259999999999998,0
4.5280000000000005,0
4.5300000000000002,0
4.532,0
4.5339999999999998,0
4.5360000000000005,0
4.5380000000000003,0
4.54,0
4.5419999999999998,0
4.5440000000000005,0
4.5460000000000003,0
4.548,0
4.5499999999999998,0
4.5520000000000005,0
4.5540000000000003,0
4.556,0
4.5579999999999998,0
4.5600000000000005,0
4.5620000000000003,0
4.5640000000000001,0
4.5659999999999998,0
4.5680000000000005,0
4.5700000000000003,0
4.5720000000000001,0
4.5739999999999998,0
4.5760000000000005,0
4.5780000000000003,0
4.5800000000000001,0
4.5819999999999999,0
4.5840000000000005,0
4.5860000000000003,0
4.5880000000000001,0
4.5899999999999999,0
4.5920000000000005,0
4.5940000000000003,0
4.5960000000000001,0
4.5979999999999999,0
4.6000000000000005,0
4.6020000000000003,0
4.6040000000000001,0
4.6059999999999999,0
4.6080000000000005,0
4.6100000000000003,0
4.6120000000000001,0
4.6139999999999999,0
4.6159999999999997,0
4.6180000000000003,0
4.6200000000000001,0
4.6219999999999999,0
4.6239999999999997,0
4.6260000000000003,0
4.6280000000000001,0
4.6299999999999999,0
4.6319999999999997,0
4.6340000000000003,0
4.6360000000000001,0
4.6379999999999999,0
4.6399999999999997,0
4.6420000000000003,0
4.6440000000000001,0
4.6459999999999999,0
4.6479999999999997,0
4.6500000000000004,0
4.6520000000000001,0
4.6539999999999999,0
4.6559999999999997,0
4.6580000000000004,0
4.6600000000000001,0
4.6619999999999999,0
4.6639999999999997,0
4.6660000000000004,0
4.6680000000000001,0
4.6699999999999999,0
4.6719999999999997,0
4.6740000000000004,0
4.6760000000000002,0
4.6779999999999999,0
4.6799999999999997,0
4.6820000000000004,0
4.6840000000000002,0
4.6859999999999999,0
4.6879999999999997,0
4.6900000000000004,0
4.6920000000000002,0
4.694,0
4.6959999999999997,0
4.6980000000000004,0
4.7000000000000002,0
4.702,0
4.7039999999999997,0
4.7060000000000004,0
4.7080000000000002,0
4.71,0
4.7119999999999997,0
4.7140000000000004,0
4.7160000000000002,0
4.718,0
4.7199999999999998,0
4.7220000000000004,0
4.7240000000000002,0
4.726,0
4.7279999999999998,0
4.7300000000000004,0
4.7320000000000002,0
4.734,0
4.7359999999999998,0
4.7380000000000004,0
4.7400000000000002,0
4.742,0
4.7439999999999998,0
4.7460000000000004,0
4.7480000000000002,0
4.75,0
4.7519999999999998,0
4.7540000000000004,0
4.7560000000000002,0
4.758,0
4.7599999999999998,0
4.7620000000000005,0
4.7640000000000002,0
4.766,0
4.7679999999999998,0
4.7700000000000005,0
4.7720000000000002,0
4.774,0
4.7759999999999998,0
4.7780000000000005,0
4.7800000000000002,0
4.782,0
4.7839999999999998,0
4.7860000000000005,0
4.7880000000000003,0
4.79,0
4.7919999999999998,0
4.7940000000000005,0
4.7960000000000003,0
4.798,0
4.7999999999999998,0
4.8020000000000005,0
4.8040000000000003,0
4.806,0
4.8079999999999998,0
4.8100000000000005,0
4.8120000000000003,0
4.8140000000000001,0
4.8159999999999998,0
4.8180000000000005,0
4.8200000000000003,0
4.8220000000000001,0
4.8239999999999998,0
4.8260000000000005,0
4.8280000000000003,0
4.8300000000000001,0
4.8319999999999999,0
4.8340000000000005,0
4.8360000000000003,0
4.8380000000000001,0
4.8399999999999999,0
4.8420000000000005,0
4.8440000000000003,0
4.8460000000000001,0
4.8479999999999999,0
4.8500000000000005,0
4.8520000000000003,0
4.8540000000000001,0
4.8559999999999999,0
4.8580000000000005,0
4.8600000000000003,0
4.8620000000000001,0
4.8639999999999999,0
4.8659999999999997,0
4.8680000000000003,0
4.8700000000000001,0
4.8719999999999999,0
4.8739999999999997,0
4.8760000000000003,0
4.8780000000000001,0
4.8799999999999999,0
4.8819999999999997,0
4.8840000000000003,0
4.8860000000000001,0
4.8879999999999999,0
4.8899999999999997,0
4.8920000000000003,0
4.8940000000000001,0
4.8959999999999999,0
4.8979999999999997,0
4.9000000000000004,0
4.9020000000000001,0
4.9039999999999999,0
4.9059999999999997,0
4.9080000000000004,0
4.9100000000000001,0
4.9119999999999999,0
4.9139999999999997,0
4.9160000000000004,0
4.9180000000000001,0
4.9199999999999999,0
4.9219999999999997,0
4.9240000000000004,0
4.9260000000000002,0
4.9279999999999999,0
4.9299999999999997,0
4.9320000000000004,0
4.9340000000000002,0
4.9359999999999999,0
4.9379999999999997,0
4.9400000000000004,0
4.9420000000000002,0
4.944,0
4.9459999999999997,0
4.9480000000000004,0
4.9500000000000002,0
4.952,0
4.9539999999999997,0
4.9560000000000004,0
4.9580000000000002,0
4.96,0
4.9619999999999997,0
4.9640000000000004,0
4.9660000000000002,0
4.968,0
4.9699999999999998,0
4.9720000000000004,0
4.9740000000000002,0
4.976,0
4.9779999999999998,0
4.9800000000000004,0
4.9820000000000002,0
4.984,0
4.9859999999999998,0
4.9880000000000004,0
4.9900000000000002,0
4.992,0
4.9939999999999998,0
4.9960000000000004,0
4.9980000000000002,0
5,0
5.0019999999999998,0
5.0040000000000004,0
5.0060000000000002,0
5.008,0
5.0099999999999998,0
5.0120000000000005,0
5.0140000000000002,0
5.016,0
5.0179999999999998,0
5.0200000000000005,0
5.0220000000000002,0
5.024,0
5.0259999999999998,0
5.0280000000000005,0
5.0300000000000002,0
5.032,0
5.0339999999999998,0
5.0360000000000005,0
5.0380000000000003,0
5.04,0
5.0419999999999998,0
5.0440000000000005,0
5.0460000000000003,0
5.048,0
5.0499999999999998,0
5.0520000000000005,0
5.0540000000000003,0
5.056,0
5.0579999999999998,0
5.0600000000000005,0
5.0620000000000003,0
5.0640000000000001,0
5.0659999999999998,0
5.0680000000000005,0
5.0700000000000003,0
5.0720000000000001,0
5.0739999999999998,0
5.0760000000000005,0
5.0780000000000003,0
5.0800000000000001,0
5.0819999999999999,0
5.0840000000000005,0
5.0860000000000003,0
5.0880000000000001,0
5.0899999999999999,0
5.0920000000000005,0
5.0940000000000003,0
5.0960000000000001,0
5.0979999999999999,0
5.1000000000000005,0
5.1020000000000003,0
5.1040000000000001,0
5.1059999999999999,0
5.1080000000000005,0
5.1100000000000003,0
5.1120000000000001,0
5.1139999999999999,0
5.1160000000000005,0
5.1180000000000003,0
5.1200000000000001,0
5.1219999999999999,0
5.1239999999999997,0
5.1260000000000003,0
5.1280000000000001,0
5.1299999999999999,0
5.1319999999999997,0
5.1340000000000003,0
5.1360000000000001,0
5.1379999999999999,0
5.1399999999999997,0
5.1420000000000003,0
5.1440000000000001,0
5.1459999999999999,0
5.1479999999999997,0
5.1500000000000004,0
5.1520000000000001,0
5.1539999999999999,0
5.1559999999999997,0
5.1580000000000004,0
5.1600000000000001,0
5.1619999999999999,0
5.1639999999999997,0
5.1660000000000004,0
5.1680000000000001,0
5.1699999999999999,0
5.1719999999999997,0
5.1740000000000004,0
5.1760000000000002,0
5.1779999999999999,0
5.1799999999999997,0
5.1820000000000004,0
5.1840000000000002,0
5.1859999999999999,0
5.1879999999999997,0
5.1900000000000004,0
5.1920000000000002,0
5.194,0
5.1959999999999997,0
5.1980000000000004,0
5.2000000000000002,0
5.202,0
5.2039999999999997,0
5.2060000000000004,0
5.2080000000000002,0
5.21,0
5.2119999999999997,0
5.2140000000000004,0
5.2160000000000002,0
5.218,0
5.2199999999999998,0
5.2220000000000004,0
5.2240000000000002,0
5.226,0
5.2279999999999998,0
5.2300000000000004,0
5.2320000000000002,0
5.234,0
5.2359999999999998,0
5.2380000000000004,0
5.2400000000000002,0
5.242,0
5.2439999999999998,0
5.2460000000000004,0
5.2480000000000002,0
5.25,0
5.25,0
5.2519999999999998,0
5.2540000000000004,0
5.2560000000000002,0
5.258,0
5.2599999999999998,0
5.2620000000000005,0
5.2640000000000002,0
5.266,0
5.2679999999999998,0
5.2700000000000005,0
5.2720000000000002,0
5.274,0
5.2759999999999998,0
5.2780000000000005,0
5.2800000000000002,0
5.282,0
5.2839999999999998,0
5.2860000000000005,0
5.2880000000000003,0
5.29,0
5.2919999999999998,0
5.2940000000000005,0
5.2960000000000003,0
5.298,0
5.2999999999999998,0
5.3020000000000005,0
5.3040000000000003,0
5.306,0
5.3079999999999998,0
5.3100000000000005,0
5.3120000000000003,0
5.3140000000000001,0
5.3159999999999998,0
5.3180000000000005,0
5.3200000000000003,0
5.3220000000000001,0
5.3239999999999998,0
5.3260000000000005,0
5.3280000000000003,0
5.3300000000000001,0
5.3319999999999999,0
5.3340000000000005,0
5.3360000000000003,0
5.3380000000000001,0
5.3399999999999999,0
5.3420000000000005,0
5.3440000000000003,0
5.3460000000000001,0
5.3479999999999999,0
5.3500000000000005,0
5.3520000000000003,0
5.3540000000000001,0
5.3559999999999999,0
5.3580000000000005,0
5.3600000000000003,0
5.3620000000000001,0
5.3639999999999999,0
5.3660000000000005,0
5.3680000000000003,0
5.3700000000000001,0
5.3719999999999999,0
5.3740000000000006,0
5.3760000000000003,0
5.3780000000000001,0
5.3799999999999999,0
5.3819999999999997,0
5.3840000000000003,0
5.3860000000000001,0
5.3879999999999999,0
5.3899999999999997,0
5.3920000000000003,0
5.3940000000000001,0
5.3959999999999999,0
5.3979999999999997,0
5.4000000000000004,0
5.4020000000000001,0
5.4039999999999999,0
5.4059999999999997,0
5.4080000000000004,0
5.4100000000000001,0
5.4119999999999999,0
5.4139999999999997,0
5.4160000000000004,0
5.4180000000000001,0
5.4199999999999999,0
5.4219999999999997,0
5.4240000000000004,0
5.4260000000000002,0
5.4279999999999999,0
5.4299999999999997,0
5.4320000000000004,0
5.4340000000000002,0
5.4359999999999999,0
5.4379999999999997,0
5.4400000000000004,0
5.4420000000000002,0
5.444,0
5.4459999999999997,0
5.4480000000000004,0
5.4500000000000002,0
5.452,0
5.4539999999999997,0
5.4560000000000004,0
5.4580000000000002,0
5.46,0
5.4619999999999997,0
5.4640000000000004,0
5.4660000000000002,0
5.468,0
5.4699999999999998,0
5.4720000000000004,0
5.4740000000000002,0
5.476,0
5.4779999999999998,0
5.4800000000000004,0
5.4820000000000002,0
5.484,0
5.4859999999999998,0
5.4880000000000004,0
5.4900000000000002,0
5.492,0
5.4939999999999998,0
5.4960000000000004,0
5.4980000000000002,0
5.5,0
5.5019999999999998,0
5.5040000000000004,0
5.5060000000000002,0
5.508,0
5.5099999999999998,0
5.5120000000000005,0
5.5140000000000002,0
5.516,0
5.5179999999999998,0
5.5200000000000005,0
5.5220000000000002,0
5.524,0
5.5259999999999998,0
5.5280000000000005,0
5.5300000000000002,0
5.532,0
5.5339999999999998,0
5.5360000000000005,0
5.5380000000000003,0
5.54,0
5.5419999999999998,0
5.5440000000000005,0
5.5460000000000003,0
5.548,0
5.5499999999999998,0
5.5520000000000005,0
5.5540000000000003,0
5.556,0
5.5579999999999998,0
5.5600000000000005,0
5.5620000000000003,0
5.5640000000000001,0
5.5659999999999998,0
5.5680000000000005,0
5.5700000000000003,0
5.5720000000000001,0
5.5739999999999998,0
5.5760000000000005,0
5.5780000000000003,0
5.5800000000000001,0
5.5819999999999999,0
5.5840000000000005,0
5.5860000000000003,0
5.5880000000000001,0
5.5899999999999999,0
5.5920000000000005,0
5.5940000000000003,0
5.5960000000000001,0
5.5979999999999999,0
5.6000000000000005,0
5.6020000000000003,0
5.6040000000000001,0
5.6059999999999999,0
5.6080000000000005,0
5.6100000000000003,0
5.6120000000000001,0
5.6139999999999999,0
5.6160000000000005,0
5.6180000000000003,0
5.6200000000000001,0
5.6219999999999999,0
5.6240000000000006,0
5.6260000000000003,0
5.6280000000000001,0
5.6299999999999999,0
5.6319999999999997,0
5.6340000000000003,0
5.6360000000000001,0
5.6379999999999999,0
5.6399999999999997,0
5.6420000000000003,0
5.6440000000000001,0
5.6459999999999999,0
5.6479999999999997,0
5.6500000000000004,0
5.6520000000000001,0
5.6539999999999999,0
5.6559999999999997,0
5.6580000000000004,0
5.6600000000000001,0
5.6619999999999999,0
5.6639999999999997,0
5.6660000000000004,0
5.6680000000000001,0
5.6699999999999999,0
5.6719999999999997,0
5.6740000000000004,0
5.6760000000000002,0
5.6779999999999999,0
5.6799999999999997,0
5.6820000000000004,0
5.6840000000000002,0
5.6859999999999999,0
5.6879999999999997,0
5.6900000000000004,0
5.6920000000000002,0
5.694,0
5.6959999999999997,0
5.6980000000000004,0
5.7000000000000002,0
5.702,0
5.7039999999999997,0
5.7060000000000004,0
5.7080000000000002,0
5.71,0
5.7119999999999997,0
5.7140000000000004,0
5.7160000000000002,0
5.718,0
5.7199999999999998,0
5.7220000000000004,0
5.7240000000000002,0
5.726,0
5.7279999999999998,0
5.7300000000000004,0
5.7320000000000002,0
5.734,0
5.7359999999999998,0
5.7380000000000004,0
5.7400000000000002,0
5.742,0
5.7439999999999998,0
5.7460000000000004,0
5.7480000000000002,0
5.75,0
5.7519999999999998,0
5.7540000000000004,0
5.7560000000000002,0
5.758,0
5.7599999999999998,0
5.7620000000000005,0
5.7640000000000002,0
5.766,0
5.7679999999999998,0
5.7700000000000005,0
5.7720000000000002,0
5.774,0
5.7759999999999998,0
5.7780000000000005,0
5.7800000000000002,0
5.782,0
5.7839999999999998,0
5.7860000000000005,0
5.7880000000000003,0
5.79,0
5.7919999999999998,0
5.7940000000000005,0
5.7960000000000003,0
5.798,0
5.7999999999999998,0
5.8020000000000005,0
5.8040000000000003,0
5.806,0
5.8079999999999998,0
5.8100000000000005,0
5.8120000000000003,0
5.8140000000000001,0
5.8159999999999998,0
5.8180000000000005,0
5.8200000000000003,0
5.8220000000000001,0
5.8239999999999998,0
5.8260000000000005,0
5.8280000000000003,0
5.8300000000000001,0
5.8319999999999999,0
5.8340000000000005,0
5.8360000000000003,0
5.8380000000000001,0
5.8399999999999999,0
5.8420000000000005,0
5.8440000000000003,0
5.8460000000000001,0
5.8479999999999999,0
5.8500000000000005,0
5.8520000000000003,0
5.8540000000000001,0
5.8559999999999999,0
5.8580000000000005,0
5.8600000000000003,0
5.8620000000000001,0
5.8639999999999999,0
5.8660000000000005,0
5.8680000000000003,0
5.8700000000000001,0
5.8719999999999999,0
5.8740000000000006,0
5.8760000000000003,0
5.8780000000000001,0
5.8799999999999999,0
5.8820000000000006,0
5.8840000000000003,0
5.8860000000000001,0
5.8879999999999999,0
5.8899999999999997,0
5.8920000000000003,0
5.8940000000000001,0
5.8959999999999999,0
5.8979999999999997,0
5.9000000000000004,0
5.9020000000000001,0
5.9039999999999999,0
5.9059999999999997,0
5.9080000000000004,0
5.9100000000000001,0
5.9119999999999999,0
5.9139999999999997,0
5.9160000000000004,0
5.9180000000000001,0
5.9199999999999999,0
5.9219999999999997,0
5.9240000000000004,0
5.9260000000000002,0
5.9279999999999999,0
5.9299999999999997,0
5.9320000000000004,0
5.9340000000000002,0
5.9359999999999999,0
5.9379999999999997,0
5.9400000000000004,0
5.9420000000000002,0
5.944,0
5.9459999999999997,0
5.9480000000000004,0
5.9500000000000002,0
5.952,0
5.9539999999999997,0
5.9560000000000004,0
5.9580000000000002,0
5.96,0
5.9619999999999997,0
5.9640000000000004,0
5.9660000000000002,0
5.968,0
5.9699999999999998,0
5.9720000000000004,0
5.9740000000000002,0
5.976,0
5.9779999999999998,0
5.9800000000000004,0
5.9820000000000002,0
5.984,0
5.9859999999999998,0
5.9880000000000004,0
5.9900000000000002,0
5.992,0
5.9939999999999998,0
5.9960000000000004,0
5.9980000000000002,0
6,0
6,1
6.0019999999999998,1
6.0040000000000004,1
6.0060000000000002,1
6.008,1
6.0099999999999998,1
6.0120000000000005,1
6.0140000000000002,1
6.016,1
6.0179999999999998,1
6.0200000000000005,1
6.0220000000000002,1
6.024,1
6.0259999999999998,1
6.0280000000000005,1
6.0300000000000002,1
6.032,1
6.0339999999999998,1
6.0360000000000005,1
6.0380000000000003,1
6.04,1
6.0419999999999998,1
6.0440000000000005,1
6.0460000000000003,1
6.048,1
6.0499999999999998,1
6.0520000000000005,1
6.0540000000000003,1
6.056,1
6.0579999999999998,1
6.0600000000000005,1
6.0620000000000003,1
6.0640000000000001,1
6.0659999999999998,1
6.0680000000000005,1
6.0700000000000003,1
6.0720000000000001,1
6.0739999999999998,1
6.0760000000000005,1
6.0780000000000003,1
6.0800000000000001,1
6.0819999999999999,1
6.0840000000000005,1
6.0860000000000003,1
6.0880000000000001,1
6.0899999999999999,1
6.0920000000000005,1
6.0940000000000003,1
6.0960000000000001,1
6.0979999999999999,1
6.1000000000000005,1
6.1020000000000003,1
6.1040000000000001,1
6.1059999999999999,1
6.1080000000000005,1
6.1100000000000003,1
6.1120000000000001,1
6.1139999999999999,1
6.1160000000000005,1
6.1180000000000003,1
6.1200000000000001,1
6.1219999999999999,1
6.1240000000000006,1
6.1260000000000003,1
6.1280000000000001,1
6.1299999999999999,1
6.1320000000000006,1
6.1340000000000003,1
6.1360000000000001,1
6.1379999999999999,1
6.1400000000000006,1
6.1420000000000003,1
6.1440000000000001,1
6.1459999999999999,1
6.1479999999999997,1
6.1500000000000004,1
6.1520000000000001,1
6.1539999999999999,1
6.1559999999999997,1
6.1580000000000004,1
6.1600000000000001,1
6.1619999999999999,1
6.1639999999999997,1
6.1660000000000004,1
6.1680000000000001,1
6.1699999999999999,1
6.1719999999999997,1
6.1740000000000004,1
6.1760000000000002,1
6.1779999999999999,1
6.1799999999999997,1
6.1820000000000004,1
6.1840000000000002,1
6.1859999999999999,1
6.1879999999999997,1
6.1900000000000004,1
6.1920000000000002,1
6.194,1
6.1959999999999997,1
6.1980000000000004,1
6.2000000000000002,1
6.202,1
6.2039999999999997,1
6.2060000000000004,1
6.2080000000000002,1
6.21,1
6.2119999999999997,1
6.2140000000000004,1
6.2160000000000002,1
6.218,1
6.2199999999999998,1
6.2220000000000004,1
6.2240000000000002,1
6.226,1
6.2279999999999998,1
6.2300000000000004,1
6.2320000000000002,1
6.234,1
6.2359999999999998,1
6.2380000000000004,1
6.2400000000000002,1
6.242,1
6.2439999999999998,1
6.2460000000000004,1
6.2480000000000002,1
6.25,1
6.2519999999999998,1
6.2540000000000004,1
6.2560000000000002,1
6.258,1
6.2599999999999998,1
6.2620000000000005,1
6.2640000000000002,1
6.266,1
6.2679999999999998,1
6.2700000000000005,1
6.2720000000000002,1
6.274,1
6.2759999999999998,1
6.2780000000000005,1
6.2800000000000002,1
6.282,1
6.2839999999999998,1
6.2860000000000005,1
6.2880000000000003,1
6.29,1
6.2919999999999998,1
6.2940000000000005,1
6.2960000000000003,1
6.298,1
6.2999999999999998,1
6.3020000000000005,1
6.3040000000000003,1
6.306,1
6.3079999999999998,1
6.3100000000000005,1
6.3120000000000003,1
6.3140000000000001,1
6.3159999999999998,1
6.3180000000000005,1
6.3200000000000003,1
6.3220000000000001,1
6.3239999999999998,1
6.3260000000000005,1
6.3280000000000003,1
6.3300000000000001,1
6.3319999999999999,1
6.3340000000000005,1
6.3360000000000003,1
6.3380000000000001,1
6.3399999999999999,1
6.3420000000000005,1
6.3440000000000003,1
6.3460000000000001,1
6.3479999999999999,1
6.3500000000000005,1
6.3520000000000003,1
6.3540000000000001,1
6.3559999999999999,1
6.3580000000000005,1
6.3600000000000003,1
6.3620000000000001,1
6.3639999999999999,1
6.3660000000000005,1
6.3680000000000003,1
6.3700000000000001,1
6.3719999999999999,1
6.3740000000000006,1
6.3760000000000003,1
6.3780000000000001,1
6.3799999999999999,1
6.3820000000000006,1
6.3840000000000003,1
6.3860000000000001,1
6.3879999999999999,1
6.3900000000000006,1
6.3920000000000003,1
6.3940000000000001,1
6.3959999999999999,1
6.3980000000000006,1
6.4000000000000004,1
6.4020000000000001,1
6.4039999999999999,1
6.4059999999999997,1
6.4080000000000004,1
6.4100000000000001,1
6.4119999999999999,1
6.4139999999999997,1
6.4160000000000004,1
6.4180000000000001,1
6.4199999999999999,1
6.4219999999999997,1
6.4240000000000004,1
6.4260000000000002,1
6.4279999999999999,1
6.4299999999999997,1
6.4320000000000004,1
6.4340000000000002,1
6.4359999999999999,1
6.4379999999999997,1
6.4400000000000004,1
6.4420000000000002,1
6.444,1
6.4459999999999997,1
6.4480000000000004,1
6.4500000000000002,1
6.452,1
6.4539999999999997,1
6.4560000000000004,1
6.4580000000000002,1
6.46,1
6.4619999999999997,1
6.4640000000000004,1
6.4660000000000002,1
6.468,1
6.4699999999999998,1
6.4720000000000004,1
6.4740000000000002,1
6.476,1
6.4779999999999998,1
6.4800000000000004,1
6.4820000000000002,1
6.484,1
6.4859999999999998,1
6.4880000000000004,1
6.4900000000000002,1
6.492,1
6.4939999999999998,1
6.4960000000000004,1
6.4980000000000002,1
6.5,1
6.5019999999999998,1
6.5040000000000004,1
6.5060000000000002,1
6.508,1
6.5099999999999998,1
6.5120000000000005,1
6.5140000000000002,1
6.516,1
6.5179999999999998,1
6.5200000000000005,1
6.5220000000000002,1
6.524,1
6.5259999999999998,1
6.5280000000000005,1
6.5300000000000002,1
6.532,1
6.5339999999999998,1
6.5360000000000005,1
6.5380000000000003,1
6.54,1
6.5419999999999998,1
6.5440000000000005,1
6.5460000000000003,1
6.548,1
6.5499999999999998,1
6.5520000000000005,1
6.5540000000000003,1
6.556,1
6.5579999999999998,1
6.5600000000000005,1
6.5620000000000003,1
6.5640000000000001,1
6.5659999999999998,1
6.5680000000000005,1
6.5700000000000003,1
6.5720000000000001,1
6.5739999999999998,1
6.5760000000000005,1
6.5780000000000003,1
6.5800000000000001,1
6.5819999999999999,1
6.5840000000000005,1
6.5860000000000003,1
6.5880000000000001,1
6.5899999999999999,1
6.5920000000000005,1
6.5940000000000003,1
6.5960000000000001,1
6.5979999999999999,1
6.6000000000000005,1
6.6020000000000003,1
6.6040000000000001,1
6.6059999999999999,1
6.6080000000000005,1
6.6100000000000003,1
6.6120000000000001,1
6.6139999999999999,1
6.6160000000000005,1
6.6180000000000003,1
6.6200000000000001,1
6.6219999999999999,1
6.6240000000000006,1
6.6260000000000003,1
6.6280000000000001,1
6.6299999999999999,1
6.6320000000000006,1
6.6340000000000003,1
6.6360000000000001,1
6.6379999999999999,1
6.6400000000000006,1
6.6420000000000003,1
6.6440000000000001,1
6.6459999999999999,1
6.6480000000000006,1
6.6500000000000004,1
6.6520000000000001,1
6.6539999999999999,1
6.6560000000000006,1
6.6580000000000004,1
6.6600000000000001,1
6.6619999999999999,1
6.6639999999999997,1
6.6660000000000004,1
6.6680000000000001,1
6.6699999999999999,1
6.6719999999999997,1
6.6740000000000004,1
6.6760000000000002,1
6.6779999999999999,1
6.6799999999999997,1
6.6820000000000004,1
6.6840000000000002,1
6.6859999999999999,1
6.6879999999999997,1
6.6900000000000004,1
6.6920000000000002,1
6.694,1
6.6959999999999997,1
6.6980000000000004,1
6.7000000000000002,1
6.702,1
6.7039999999999997,1
6.7060000000000004,1
6.7080000000000002,1
6.71,1
6.7119999999999997,1
6.7140000000000004,1
6.7160000000000002,1
6.718,1
6.7199999999999998,1
6.7220000000000004,1
6.7240000000000002,1
6.726,1
6.7279999999999998,1
6.7300000000000004,1
6.7320000000000002,1
6.734,1
6.7359999999999998,1
6.7380000000000004,1
6.7400000000000002,1
6.742,1
6.7439999999999998,1
6.7460000000000004,1
6.7480000000000002,1
6.75,1
6.75,1
6.7519999999999998,1
6.7540000000000004,1
6.7560000000000002,1
6.758,1
6.7599999999999998,1
6.7620000000000005,1
6.7640000000000002,1
6.766,1
6.7679999999999998,1
6.7700000000000005,1
6.7720000000000002,1
6.774,1
6.7759999999999998,1
6.7780000000000005,1
6.7800000000000002,1
6.782,1
6.7839999999999998,1
6.7860000000000005,1
6.7880000000000003,1
6.79,1
6.7919999999999998,1
6.7940000000000005,1
6.7960000000000003,1
6.798,1
6.7999999999999998,1
6.8020000000000005,1
6.8040000000000003,1
6.806,1
6.8079999999999998,1
6.8100000000000005,1
6.8120000000000003,1
6.8140000000000001,1
6.8159999999999998,1
6.8180000000000005,1
6.8200000000000003,1
6.8220000000000001,1
6.8239999999999998,1
6.8260000000000005,1
6.8280000000000003,1
6.8300000000000001,1
6.8319999999999999,1
6.8340000000000005,1
6.8360000000000003,1
6.8380000000000001,1
6.8399999999999999,1
6.8420000000000005,1
6.8440000000000003,1
6.8460000000000001,1
6.8479999999999999,1
6.8500000000000005,1
6.8520000000000003,1
6.8540000000000001,1
6.8559999999999999,1
6.8580000000000005,1
6.8600000000000003,1
6.8620000000000001,1
6.8639999999999999,1
6.8660000000000005,1
6.8680000000000003,1
6.8700000000000001,1
6.8719999999999999,1
6.8740000000000006,1
6.8760000000000003,1
6.8780000000000001,1
6.8799999999999999,1
6.8820000000000006,1
6.8840000000000003,1
6.8860000000000001,1
6.8879999999999999,1
6.8900000000000006,1
6.8920000000000003,1
6.8940000000000001,1
6.8959999999999999,1
6.8980000000000006,1
6.9000000000000004,1
6.9020000000000001,1
6.9039999999999999,1
6.9060000000000006,1
6.9080000000000004,1
6.9100000000000001,1
6.9119999999999999,1
6.9139999999999997,1
6.9160000000000004,1
6.9180000000000001,1
6.9199999999999999,1
6.9219999999999997,1
6.9240000000000004,1
6.9260000000000002,1
6.9279999999999999,1
6.9299999999999997,1
6.9320000000000004,1
6.9340000000000002,1
6.9359999999999999,1
6.9379999999999997,1
6.9400000000000004,1
6.9420000000000002,1
6.944,1
6.9459999999999997,1
6.9480000000000004,1
6.9500000000000002,1
6.952,1
6.9539999999999997,1
6.9560000000000004,1
6.9580000000000002,1
6.96,1
6.9619999999999997,1
6.9640000000000004,1
6.9660000000000002,1
6.968,1
6.9699999999999998,1
6.9720000000000004,1
6.9740000000000002,1
6.976,1
6.9779999999999998,1
6.9800000000000004,1
6.9820000000000002,1
6.984,1
6.9859999999999998,1
6.9880000000000004,1
6.9900000000000002,1
6.992,1
6.9939999999999998,1
6.9960000000000004,1
6.9980000000000002,1
7,1
7.0019999999999998,1
7.0040000000000004,1
7.0060000000000002,1
7.008,1
7.0099999999999998,1
7.0120000000000005,1
7.0140000000000002,1
7.016,1
7.0179999999999998,1
7.0200000000000005,1
7.0220000000000002,1
7.024,1
7.0259999999999998,1
7.0280000000000005,1
7.0300000000000002,1
7.032,1
7.0339999999999998,1
7.0360000000000005,1
7.0380000000000003,1
7.04,1
7.0419999999999998,1
7.0440000000000005,1
7.0460000000000003,1
7.048,1
7.0499999999999998,1
7.0520000000000005,1
7.0540000000000003,1
7.056,1
7.0579999999999998,1
7.0600000000000005,1
7.0620000000000003,1
7.0640000000000001,1
7.0659999999999998,1
7.0680000000000005,1
7.0700000000000003,1
7.0720000000000001,1
7.0739999999999998,1
7.0760000000000005,1
7.0780000000000003,1
7.0800000000000001,1
7.0819999999999999,1
7.0840000000000005,1
7.0860000000000003,1
7.0880000000000001,1
7.0899999999999999,1
7.0920000000000005,1
7.0940000000000003,1
7.0960000000000001,1
7.0979999999999999,1
7.1000000000000005,1
7.1020000000000003,1
7.1040000000000001,1
7.1059999999999999,1
7.1080000000000005,1
7.1100000000000003,1
7.1120000000000001,1
7.1139999999999999,1
7.1160000000000005,1
7.1180000000000003,1
7.1200000000000001,1
7.1219999999999999,1
7.1240000000000006,1
7.1260000000000003,1
7.1280000000000001,1
7.1299999999999999,1
7.1320000000000006,1
7.1340000000000003,1
7.1360000000000001,1
7.1379999999999999,1
7.1400000000000006,1
7.1420000000000003,1
7.1440000000000001,1
7.1459999999999999,1
7.1480000000000006,1
7.1500000000000004,1
7.1520000000000001,1
7.1539999999999999,1
7.1560000000000006,1
7.1580000000000004,1
7.1600000000000001,1
7.1619999999999999,1
7.1640000000000006,1
7.1660000000000004,1
7.1680000000000001,1
7.1699999999999999,1
7.1719999999999997,1
7.1740000000000004,1
7.1760000000000002,1
7.1779999999999999,1
7.1799999999999997,1
7.1820000000000004,1
7.1840000000000002,1
7.1859999999999999,1
7.1879999999999997,1
7.1900000000000004,1
7.1920000000000002,1
7.194,1
7.1959999999999997,1
7.1980000000000004,1
7.2000000000000002,1
7.202,1
7.2039999999999997,1
7.2060000000000004,1
7.2080000000000002,1
7.21,1
7.2119999999999997,1
7.2140000000000004,1
7.2160000000000002,1
7.218,1
7.2199999999999998,1
7.2220000000000004,1
7.2240000000000002,1
7.226,1
7.2279999999999998,1
7.2300000000000004,1
7.2320000000000002,1
7.234,1
7.2359999999999998,1
7.2380000000000004,1
7.2400000000000002,1
7.242,1
7.2439999999999998,1
7.2460000000000004,1
7.2480000000000002,1
7.25,1
7.2519999999999998,1
7.2540000000000004,1
7.2560000000000002,1
7.258,1
7.2599999999999998,1
7.2620000000000005,1
7.2640000000000002,1
7.266,1
7.2679999999999998,1
7.2700000000000005,1
7.2720000000000002,1
7.274,1
7.2759999999999998,1
7.2780000000000005,1
7.2800000000000002,1
7.282,1
7.2839999999999998,1
7.2860000000000005,1
7.2880000000000003,1
7.29,1
7.2919999999999998,1
7.2940000000000005,1
7.2960000000000003,1
7.298,1
7.2999999999999998,1
7.3020000000000005,1
7.3040000000000003,1
7.306,1
7.3079999999999998,1
7.3100000000000005,1
7.3120000000000003,1
7.3140000000000001,1
7.3159999999999998,1
7.3180000000000005,1
7.3200000000000003,1
7.3220000000000001,1
7.3239999999999998,1
7.3260000000000005,1
7.3280000000000003,1
7.3300000000000001,1
7.3319999999999999,1
7.3340000000000005,1
7.3360000000000003,1
7.3380000000000001,1
7.3399999999999999,1
7.3420000000000005,1
7.3440000000000003,1
7.3460000000000001,1
7.3479999999999999,1
7.3500000000000005,1
7.3520000000000003,1
7.3540000000000001,1
7.3559999999999999,1
7.3580000000000005,1
7.3600000000000003,1
7.3620000000000001,1
7.3639999999999999,1
7.3660000000000005,1
7.3680000000000003,1
7.3700000000000001,1
7.3719999999999999,1
7.3740000000000006,1
7.3760000000000003,1
7.3780000000000001,1
7.3799999999999999,1
7.3820000000000006,1
7.3840000000000003,1
7.3860000000000001,1
7.3879999999999999,1
7.3900000000000006,1
7.3920000000000003,1
7.3940000000000001,1
7.3959999999999999,1
7.3980000000000006,1
7.4000000000000004,1
7.4020000000000001,1
7.4039999999999999,1
7.4060000000000006,1
7.4080000000000004,1
7.4100000000000001,1
7.4119999999999999,1
7.4140000000000006,1
7.4160000000000004,1
7.4180000000000001,1
7.4199999999999999,1
7.4220000000000006,1
7.4240000000000004,1
7.4260000000000002,1
7.4279999999999999,1
7.4299999999999997,1
7.4320000000000004,1
7.4340000000000002,1
7.4359999999999999,1
7.4379999999999997,1
7.4400000000000004,1
7.4420000000000002,1
7.444,1
7.4459999999999997,1
7.4480000000000004,1
7.4500000000000002,1
7.452,1
7.4539999999999997,1
7.4560000000000004,1
7.4580000000000002,1
7.46,1
7.4619999999999997,1
7.4640000000000004,1
7.4660000000000002,1
7.468,1
7.4699999999999998,1
7.4720000000000004,1
7.4740000000000002,1
7.476,1
7.4779999999999998,1
7.4800000000000004,1
7.4820000000000002,1
7.484,1
7.4859999999999998,1
7.4880000000000004,1
7.4900000000000002,1
7.492,1
7.4939999999999998,1
7.4960000000000004,1
7.4980000000000002,1
7.5,1
7.5,1
7.5019999999999998,1
7.5040000000000004,1
7.5060000000000002,1
7.508,1
7.5099999999999998,1
7.5120000000000005,1
7.5140000000000002,1
7.516,1
7.5179999999999998,1
7.5200000000000005,1
7.5220000000000002,1
7.524,1
7.5259999999999998,1
7.5280000000000005,1
7.5300000000000002,1
7.532,1
7.5339999999999998,1
7.5360000000000005,1
7.5380000000000003,1
7.54,1
7.5419999999999998,1
7.5440000000000005,1
7.5460000000000003,1
7.548,1
7.5499999999999998,1
7.5520000000000005,1
7.5540000000000003,1
7.556,1
7.5579999999999998,1
7.5600000000000005,1
7.5620000000000003,1
7.5640000000000001,1
7.5659999999999998,1
7.5680000000000005,1
7.5700000000000003,1
7.5720000000000001,1
7.5739999999999998,1
7.5760000000000005,1
7.5780000000000003,1
7.5800000000000001,1
7.5819999999999999,1
7.5840000000000005,1
7.5860000000000003,1
7.5880000000000001,1
7.5899999999999999,1
7.5920000000000005,1
7.5940000000000003,1
7.5960000000000001,1
7.5979999999999999,1
7.6000000000000005,1
7.6020000000000003,1
7.6040000000000001,1
7.6059999999999999,1
7.6080000000000005,1
7.6100000000000003,1
7.6120000000000001,1
7.6139999999999999,1
7.6160000000000005,1
7.6180000000000003,1
7.6200000000000001,1
7.6219999999999999,1
7.6240000000000006,1
7.6260000000000003,1
7.6280000000000001,1
7.6299999999999999,1
7.6320000000000006,1
7.6340000000000003,1
7.6360000000000001,1
7.6379999999999999,1
7.6400000000000006,1
7.6420000000000003,1
7.6440000000000001,1
7.6459999999999999,1
7.6480000000000006,1
7.6500000000000004,1
7.6520000000000001,1
7.6539999999999999,1
7.6560000000000006,1
7.6580000000000004,1
7.6600000000000001,1
7.6619999999999999,1
7.6640000000000006,1
7.6660000000000004,1
7.6680000000000001,1
7.6699999999999999,1
7.6720000000000006,1
7.6740000000000004,1
7.6760000000000002,1
7.6779999999999999,1
7.6799999999999997,1
7.6820000000000004,1
7.6840000000000002,1
7.6859999999999999,1
7.6879999999999997,1
7.6900000000000004,1
7.6920000000000002,1
7.694,1
7.6959999999999997,1
7.6980000000000004,1
7.7000000000000002,1
7.702,1
7.7039999999999997,1
7.7060000000000004,1
7.7080000000000002,1
7.71,1
7.7119999999999997,1
7.7140000000000004,1
7.7160000000000002,1
7.718,1
7.7199999999999998,1
7.7220000000000004,1
7.7240000000000002,1
7.726,1
7.7279999999999998,1
7.7300000000000004,1
7.7320000000000002,1
7.734,1
7.7359999999999998,1
7.7380000000000004,1
7.7400000000000002,1
7.742,1
7.7439999999999998,1
7.7460000000000004,1
7.7480000000000002,1
7.75,1
7.7519999999999998,1
7.7540000000000004,1
7.7560000000000002,1
7.758,1
7.7599999999999998,1
7.7620000000000005,1
7.7640000000000002,1
7.766,1
7.7679999999999998,1
7.7700000000000005,1
7.7720000000000002,1
7.774,1
7.7759999999999998,1
7.7780000000000005,1
7.7800000000000002,1
7.782,1
7.7839999999999998,1
7.7860000000000005,1
7.7880000000000003,1
7.79,1
7.7919999999999998,1
7.7940000000000005,1
7.7960000000000003,1
7.798,1
7.7999999999999998,1
7.8020000000000005,1
7.8040000000000003,1
7.806,1
7.8079999999999998,1
7.8100000000000005,1
7.8120000000000003,1
7.8140000000000001,1
7.8159999999999998,1
7.8180000000000005,1
7.8200000000000003,1
7.8220000000000001,1
7.8239999999999998,1
7.8260000000000005,1
7.8280000000000003,1
7.8300000000000001,1
7.8319999999999999,1
7.8340000000000005,1
7.8360000000000003,1
7.8380000000000001,1
7.8399999999999999,1
7.8420000000000005,1
7.8440000000000003,1
7.8460000000000001,1
7.8479999999999999,1
7.8500000000000005,1
7.8520000000000003,1
7.8540000000000001,1
7.8559999999999999,1
7.8580000000000005,1
7.8600000000000003,1
7.8620000000000001,1
7.8639999999999999,1
7.8660000000000005,1
7.8680000000000003,1
7.8700000000000001,1
7.8719999999999999,1
7.8740000000000006,1
7.8760000000000003,1
7.8780000000000001,1
7.8799999999999999,1
7.8820000000000006,1
7.8840000000000003,1
7.8860000000000001,1
7.8879999999999999,1
7.8900000000000006,1
7.8920000000000003,1
7.8940000000000001,1
7.8959999999999999,1
7.8980000000000006,1
7.9000000000000004,1
7.9020000000000001,1
7.9039999999999999,1
7.9060000000000006,1
7.9080000000000004,1
7.9100000000000001,1
7.9119999999999999,1
7.9140000000000006,1
7.9160000000000004,1
7.9180000000000001,1
7.9199999999999999,1
7.9220000000000006,1
7.9240000000000004,1
7.9260000000000002,1
7.9279999999999999,1
7.9300000000000006,1
7.9320000000000004,1
7.9340000000000002,1
7.9359999999999999,1
7.9379999999999997,1
7.9400000000000004,1
7.9420000000000002,1
7.944,1
7.9459999999999997,1
7.9480000000000004,1
7.9500000000000002,1
7.952,1
7.9539999999999997,1
7.9560000000000004,1
7.9580000000000002,1
7.96,1
7.9619999999999997,1
7.9640000000000004,1
7.9660000000000002,1
7.968,1
7.9699999999999998,1
7.9720000000000004,1
7.9740000000000002,1
7.976,1
7.9779999999999998,1
7.9800000000000004,1
7.9820000000000002,1
7.984,1
7.9859999999999998,1
7.9880000000000004,1
7.9900000000000002,1
7.992,1
7.9939999999999998,1
7.9960000000000004,1
7.9980000000000002,1
8,1
8,0
8.0020000000000007,0
8.0039999999999996,0
8.0060000000000002,0
8.0080000000000009,0
8.0099999999999998,0
8.0120000000000005,0
8.0139999999999993,0
8.016,0
8.0180000000000007,0
8.0199999999999996,0
8.0220000000000002,0
8.0240000000000009,0
8.0259999999999998,0
8.0280000000000005,0
8.0299999999999994,0
8.032,0
8.0340000000000007,0
8.0359999999999996,0
8.0380000000000003,0
8.0400000000000009,0
8.0419999999999998,0
8.0440000000000005,0
8.0459999999999994,0
8.048,0
8.0500000000000007,0
8.0519999999999996,0
8.0540000000000003,0
8.0560000000000009,0
8.0579999999999998,0
8.0600000000000005,0
8.0619999999999994,0
8.0640000000000001,0
8.0660000000000007,0
8.0679999999999996,0
8.0700000000000003,0
8.072000000000001,0
8.0739999999999998,0
8.0760000000000005,0
8.0779999999999994,0
8.0800000000000001,0
8.0820000000000007,0
8.0839999999999996,0
8.0860000000000003,0
8.088000000000001,0
8.0899999999999999,0
8.0920000000000005,0
8.0939999999999994,0
8.0960000000000001,0
8.0980000000000008,0
8.0999999999999996,0
8.1020000000000003,0
8.104000000000001,0
8.1059999999999999,0
8.1080000000000005,0
8.1099999999999994,0
8.1120000000000001,0
8.1140000000000008,0
8.1159999999999997,0
8.1180000000000003,0
8.120000000000001,0
8.1219999999999999,0
8.1240000000000006,0
8.1259999999999994,0
8.1280000000000001,0
8.1300000000000008,0
8.1319999999999997,0
8.1340000000000003,0
8.136000000000001,0
8.1379999999999999,0
8.1400000000000006,0
8.1419999999999995,0
8.1440000000000001,0
8.1460000000000008,0
8.1479999999999997,0
8.1500000000000004,0
8.152000000000001,0
8.1539999999999999,0
8.1560000000000006,0
8.1579999999999995,0
8.1600000000000001,0
8.1620000000000008,0
8.1639999999999997,0
8.1660000000000004,0
8.168000000000001,0
8.1699999999999999,0
8.1720000000000006,0
8.1739999999999995,0
8.1760000000000002,0
8.1780000000000008,0
8.1799999999999997,0
8.1820000000000004,0
8.1840000000000011,0
8.1859999999999999,0
8.1880000000000006,0
8.1899999999999995,0
8.1920000000000002,0
8.1940000000000008,0
8.1959999999999997,0
8.1980000000000004,0
8.1999999999999993,0
8.202,0
8.2040000000000006,0
8.2059999999999995,0
8.2080000000000002,0
8.2100000000000009,0
8.2119999999999997,0
8.2140000000000004,0
8.2159999999999993,0
8.218,0
8.2200000000000006,0
8.2219999999999995,0
8.2240000000000002,0
8.2260000000000009,0
8.2279999999999998,0
8.2300000000000004,0
8.2319999999999993,0
8.234,0
8.2360000000000007,0
8.2379999999999995,0
8.2400000000000002,0
8.2420000000000009,0
8.2439999999999998,0
8.2460000000000004,0
8.2479999999999993,0
8.25,0
8.25,0
8.2520000000000007,0
8.2539999999999996,0
8.2560000000000002,0
8.2580000000000009,0
8.2599999999999998,0
8.2620000000000005,0
8.2639999999999993,0
8.266,0
8.2680000000000007,0
8.2699999999999996,0
8.2720000000000002,0
8.2740000000000009,0
8.2759999999999998,0
8.2780000000000005,0
8.2799999999999994,0
8.282,0
8.2840000000000007,0
8.2859999999999996,0
8.2880000000000003,0
8.2900000000000009,0
8.2919999999999998,0
8.2940000000000005,0
8.2959999999999994,0
8.298,0
8.3000000000000007,0
8.3019999999999996,0
8.3040000000000003,0
8.3060000000000009,0
8.3079999999999998,0
8.3100000000000005,0
8.3119999999999994,0
8.3140000000000001,0
8.3160000000000007,0
8.3179999999999996,0
8.3200000000000003,0
8.322000000000001,0
8.3239999999999998,0
8.3260000000000005,0
8.3279999999999994,0
8.3300000000000001,0
8.3320000000000007,0
8.3339999999999996,0
8.3360000000000003,0
8.338000000000001,0
8.3399999999999999,0
8.3420000000000005,0
8.3439999999999994,0
8.3460000000000001,0
8.3480000000000008,0
8.3499999999999996,0
8.3520000000000003,0
8.354000000000001,0
8.3559999999999999,0
8.3580000000000005,0
8.3599999999999994,0
8.3620000000000001,0
8.3640000000000008,0
8.3659999999999997,0
8.3680000000000003,0
8.370000000000001,0
8.3719999999999999,0
8.3740000000000006,0
8.3759999999999994,0
8.3780000000000001,0
8.3800000000000008,0
8.3819999999999997,0
8.3840000000000003,0
8.386000000000001,0
8.3879999999999999,0
8.3900000000000006,0
8.3919999999999995,0
8.3940000000000001,0
8.3960000000000008,0
8.3979999999999997,0
8.4000000000000004,0
8.402000000000001,0
8.4039999999999999,0
8.4060000000000006,0
8.4079999999999995,0
8.4100000000000001,0
8.4120000000000008,0
8.4139999999999997,0
8.4160000000000004,0
8.418000000000001,0
8.4199999999999999,0
8.4220000000000006,0
8.4239999999999995,0
8.4260000000000002,0
8.4280000000000008,0
8.4299999999999997,0
8.4320000000000004,0
8.4340000000000011,0
8.4359999999999999,0
8.4380000000000006,0
8.4399999999999995,0
8.4420000000000002,0
8.4440000000000008,0
8.4459999999999997,0
8.4480000000000004,0
8.4499999999999993,0
8.452,0
8.4540000000000006,0
8.4559999999999995,0
8.4580000000000002,0
8.4600000000000009,0
8.4619999999999997,0
8.4640000000000004,0
8.4659999999999993,0
8.468,0
8.4700000000000006,0
8.4719999999999995,0
8.4740000000000002,0
8.4760000000000009,0
8.4779999999999998,0
8.4800000000000004,0
8.4819999999999993,0
8.484,0
8.4860000000000007,0
8.4879999999999995,0
8.4900000000000002,0
8.4920000000000009,0
8.4939999999999998,0
8.4960000000000004,0
8.4979999999999993,0
8.5,0
8.5020000000000007,0
8.5039999999999996,0
8.5060000000000002,0
8.5080000000000009,0
8.5099999999999998,0
8.5120000000000005,0
8.5139999999999993,0
8.516,0
8.5180000000000007,0
8.5199999999999996,0
8.5220000000000002,0
8.5240000000000009,0
8.5259999999999998,0
8.5280000000000005,0
8.5299999999999994,0
8.532,0
8.5340000000000007,0
8.5359999999999996,0
8.5380000000000003,0
8.5400000000000009,0
8.5419999999999998,0
8.5440000000000005,0
8.5459999999999994,0
8.548,0
8.5500000000000007,0
8.5519999999999996,0
8.5540000000000003,0
8.5560000000000009,0
8.5579999999999998,0
8.5600000000000005,0
8.5619999999999994,0
8.5640000000000001,0
8.5660000000000007,0
8.5679999999999996,0
8.5700000000000003,0
8.572000000000001,0
8.5739999999999998,0
8.5760000000000005,0
8.5779999999999994,0
8.5800000000000001,0
8.5820000000000007,0
8.5839999999999996,0
8.5860000000000003,0
8.588000000000001,0
8.5899999999999999,0
8.5920000000000005,0
8.5939999999999994,0
8.5960000000000001,0
8.5980000000000008,0
8.5999999999999996,0
8.6020000000000003,0
8.604000000000001,0
8.6059999999999999,0
8.6080000000000005,0
8.6099999999999994,0
8.6120000000000001,0
8.6140000000000008,0
8.6159999999999997,0
8.6180000000000003,0
8.620000000000001,0
8.6219999999999999,0
8.6240000000000006,0
8.6259999999999994,0
8.6280000000000001,0
8.6300000000000008,0
8.6319999999999997,0
8.6340000000000003,0
8.636000000000001,0
8.6379999999999999,0
8.6400000000000006,0
8.6419999999999995,0
8.6440000000000001,0
8.6460000000000008,0
8.6479999999999997,0
8.6500000000000004,0
8.652000000000001,0
8.6539999999999999,0
8.6560000000000006,0
8.6579999999999995,0
8.6600000000000001,0
8.6620000000000008,0
8.6639999999999997,0
8.6660000000000004,0
8.668000000000001,0
8.6699999999999999,0
8.6720000000000006,0
8.6739999999999995,0
8.6760000000000002,0
8.6780000000000008,0
8.6799999999999997,0
8.6820000000000004,0
8.6840000000000011,0
8.6859999999999999,0
8.6880000000000006,0
8.6899999999999995,0
8.6920000000000002,0
8.6940000000000008,0
8.6959999999999997,0
8.6980000000000004,0
8.7000000000000011,0
8.702,0
8.7040000000000006,0
8.7059999999999995,0
8.7080000000000002,0
8.7100000000000009,0
8.7119999999999997,0
8.7140000000000004,0
8.7159999999999993,0
8.718,0
8.7200000000000006,0
8.7219999999999995,0
8.7240000000000002,0
8.7260000000000009,0
8.7279999999999998,0
8.7300000000000004,0
8.7319999999999993,0
8.734,0
8.7360000000000007,0
8.7379999999999995,0
8.7400000000000002,0
8.7420000000000009,0
8.7439999999999998,0
8.7460000000000004,0
8.7479999999999993,0
8.75,0
8.7520000000000007,0
8.7539999999999996,0
8.7560000000000002,0
8.7580000000000009,0
8.7599999999999998,0
8.7620000000000005,0
8.7639999999999993,0
8.766,0
8.7680000000000007,0
8.7699999999999996,0
8.7720000000000002,0
8.7740000000000009,0
8.7759999999999998,0
8.7780000000000005,0
8.7799999999999994,0
8.782,0
8.7840000000000007,0
8.7859999999999996,0
8.7880000000000003,0
8.7900000000000009,0
8.7919999999999998,0
8.7940000000000005,0
8.7959999999999994,0
8.798,0
8.8000000000000007,0
8.8019999999999996,0
8.8040000000000003,0
8.8060000000000009,0
8.8079999999999998,0
8.8100000000000005,0
8.8119999999999994,0
8.8140000000000001,0
8.8160000000000007,0
8.8179999999999996,0
8.8200000000000003,0
8.822000000000001,0
8.8239999999999998,0
8.8260000000000005,0
8.8279999999999994,0
8.8300000000000001,0
8.8320000000000007,0
8.8339999999999996,0
8.8360000000000003,0
8.838000000000001,0
8.8399999999999999,0
8.8420000000000005,0
8.8439999999999994,0
8.8460000000000001,0
8.8480000000000008,0
8.8499999999999996,0
8.8520000000000003,0
8.854000000000001,0
8.8559999999999999,0
8.8580000000000005,0
8.8599999999999994,0
8.8620000000000001,0
8.8640000000000008,0
8.8659999999999997,0
8.8680000000000003,0
8.870000000000001,0
8.8719999999999999,0
8.8740000000000006,0
8.8759999999999994,0
8.8780000000000001,0
8.8800000000000008,0
8.8819999999999997,0
8.8840000000000003,0
8.886000000000001,0
8.8879999999999999,0
8.8900000000000006,0
8.8919999999999995,0
8.8940000000000001,0
8.8960000000000008,0
8.8979999999999997,0
8.9000000000000004,0
8.902000000000001,0
8.9039999999999999,0
8.9060000000000006,0
8.9079999999999995,0
8.9100000000000001,0
8.9120000000000008,0
8.9139999999999997,0
8.9160000000000004,0
8.918000000000001,0
8.9199999999999999,0
8.9220000000000006,0
8.9239999999999995,0
8.9260000000000002,0
8.9280000000000008,0
8.9299999999999997,0
8.9320000000000004,0
8.9340000000000011,0
8.9359999999999999,0
8.9380000000000006,0
8.9399999999999995,0
8.9420000000000002,0
8.9440000000000008,0
8.9459999999999997,0
8.9480000000000004,0
8.9500000000000011,0
8.952,0
8.9540000000000006,0
8.9559999999999995,0
8.9580000000000002,0
8.9600000000000009,0
8.9619999999999997,0
8.9640000000000004,0
8.9659999999999993,0
8.968,0
8.9700000000000006,0
8.9719999999999995,0
8.9740000000000002,0
8.9760000000000009,0
8.9779999999999998,0
8.9800000000000004,0
8.9819999999999993,0
8.984,0
8.9860000000000007,0
8.9879999999999995,0
8.9900000000000002,0
8.9920000000000009,0
8.9939999999999998,0
8.9960000000000004,0
8.9979999999999993,0
9,0
9,0
9.0020000000000007,0
9.0039999999999996,0
9.0060000000000002,0
9.0080000000000009,0
9.0099999999999998,0
9.0120000000000005,0
9.0139999999999993,0
9.016,0
9.0180000000000007,0
9.0199999999999996,0
9.0220000000000002,0
9.0240000000000009,0
9.0259999999999998,0
9.0280000000000005,0
9.0299999999999994,0
9.032,0
9.0340000000000007,0
9.0359999999999996,0
9.0380000000000003,0
9.0400000000000009,0
9.0419999999999998,0
9.0440000000000005,0
9.0459999999999994,0
9.048,0
9.0500000000000007,0
9.0519999999999996,0
9.0540000000000003,0
9.0560000000000009,0
9.0579999999999998,0
9.0600000000000005,0
9.0619999999999994,0
9.0640000000000001,0
9.0660000000000007,0
9.0679999999999996,0
9.0700000000000003,0
9.072000000000001,0
9.0739999999999998,0
9.0760000000000005,0
9.0779999999999994,0
9.0800000000000001,0
9.0820000000000007,0
9.0839999999999996,0
9.0860000000000003,0
9.088000000000001,0
9.0899999999999999,0
9.0920000000000005,0
9.0939999999999994,0
9.0960000000000001,0
9.0980000000000008,0
9.0999999999999996,0
9.1020000000000003,0
9.104000000000001,0
9.1059999999999999,0
9.1080000000000005,0
9.1099999999999994,0
9.1120000000000001,0
9.1140000000000008,0
9.1159999999999997,0
9.1180000000000003,0
9.120000000000001,0
9.1219999999999999,0
9.1240000000000006,0
9.1259999999999994,0
9.1280000000000001,0
9.1300000000000008,0
9.1319999999999997,0
9.1340000000000003,0
9.136000000000001,0
9.1379999999999999,0
9.1400000000000006,0
9.1419999999999995,0
9.1440000000000001,0
9.1460000000000008,0
9.1479999999999997,0
9.1500000000000004,0
9.152000000000001,0
9.1539999999999999,0
9.1560000000000006,0
9.1579999999999995,0
9.1600000000000001,0
9.1620000000000008,0
9.1639999999999997,0
9.1660000000000004,0
9.168000000000001,0
9.1699999999999999,0
9.1720000000000006,0
9.1739999999999995,0
9.1760000000000002,0
9.1780000000000008,0
9.1799999999999997,0
9.1820000000000004,0
9.1840000000000011,0
9.1859999999999999,0
9.1880000000000006,0
9.1899999999999995,0
9.1920000000000002,0
9.1940000000000008,0
9.1959999999999997,0
9.1980000000000004,0
9.2000000000000011,0
9.202,0
9.2040000000000006,0
9.2059999999999995,0
9.2080000000000002,0
9.2100000000000009,0
9.2119999999999997,0
9.2140000000000004,0
9.2160000000000011,0
9.218,0
9.2200000000000006,0
9.2219999999999995,0
9.2240000000000002,0
9.2260000000000009,0
9.2279999999999998,0
9.2300000000000004,0
9.2319999999999993,0
9.234,0
9.2360000000000007,0
9.2379999999999995,0
9.2400000000000002,0
9.2420000000000009,0
9.2439999999999998,0
9.2460000000000004,0
9.2479999999999993,0
9.25,0
9.2520000000000007,0
9.2539999999999996,0
9.2560000000000002,0
9.2580000000000009,0
9.2599999999999998,0
9.2620000000000005,0
9.2639999999999993,0
9.266,0
9.2680000000000007,0
9.2699999999999996,0
9.2720000000000002,0
9.2740000000000009,0
9.2759999999999998,0
9.2780000000000005,0
9.2799999999999994,0
9.282,0
9.2840000000000007,0
9.2859999999999996,0
9.2880000000000003,0
9.2900000000000009,0
9.2919999999999998,0
9.2940000000000005,0
9.2959999999999994,0
9.298,0
9.3000000000000007,0
9.3019999999999996,0
9.3040000000000003,0
9.3060000000000009,0
9.3079999999999998,0
9.3100000000000005,0
9.3119999999999994,0
9.3140000000000001,0
9.3160000000000007,0
9.3179999999999996,0
9.3200000000000003,0
9.322000000000001,0
9.3239999999999998,0
9.3260000000000005,0
9.3279999999999994,0
9.3300000000000001,0
9.3320000000000007,0
9.3339999999999996,0
9.3360000000000003,0
9.338000000000001,0
9.3399999999999999,0
9.3420000000000005,0
9.3439999999999994,0
9.3460000000000001,0
9.3480000000000008,0
9.3499999999999996,0
9.3520000000000003,0
9.354000000000001,0
9.3559999999999999,0
9.3580000000000005,0
9.3599999999999994,0
9.3620000000000001,0
9.3640000000000008,0
9.3659999999999997,0
9.3680000000000003,0
9.370000000000001,0
9.3719999999999999,0
9.3740000000000006,0
9.3759999999999994,0
9.3780000000000001,0
9.3800000000000008,0
9.3819999999999997,0
9.3840000000000003,0
9.386000000000001,0
9.3879999999999999,0
9.3900000000000006,0
9.3919999999999995,0
9.3940000000000001,0
9.3960000000000008,0
9.3979999999999997,0
9.4000000000000004,0
9.402000000000001,0
9.4039999999999999,0
9.4060000000000006,0
9.4079999999999995,0
9.4100000000000001,0
9.4120000000000008,0
9.4139999999999997,0
9.4160000000000004,0
9.418000000000001,0
9.4199999999999999,0
9.4220000000000006,0
9.4239999999999995,0
9.4260000000000002,0
9.4280000000000008,0
9.4299999999999997,0
9.4320000000000004,0
9.4340000000000011,0
9.4359999999999999,0
9.4380000000000006,0
9.4399999999999995,0
9.4420000000000002,0
9.4440000000000008,0
9.4459999999999997,0
9.4480000000000004,0
9.4500000000000011,0
9.452,0
9.4540000000000006,0
9.4559999999999995,0
9.4580000000000002,0
9.4600000000000009,0
9.4619999999999997,0
9.4640000000000004,0
9.4660000000000011,0
9.468,0
9.4700000000000006,0
9.4719999999999995,0
9.4740000000000002,0
9.4760000000000009,0
9.4779999999999998,0
9.4800000000000004,0
9.4819999999999993,0
9.484,0
9.4860000000000007,0
9.4879999999999995,0
9.4900000000000002,0
9.4920000000000009,0
9.4939999999999998,0
9.4960000000000004,0
9.4979999999999993,0
9.5,0
9.5020000000000007,0
9.5039999999999996,0
9.5060000000000002,0
9.5080000000000009,0
9.5099999999999998,0
9.5120000000000005,0
9.5139999999999993,0
9.516,0
9.5180000000000007,0
9.5199999999999996,0
9.5220000000000002,0
9.5240000000000009,0
9.5259999999999998,0
9.5280000000000005,0
9.5299999999999994,0
9.532,0
9.5340000000000007,0
9.5359999999999996,0
9.5380000000000003,0
9.5400000000000009,0
9.5419999999999998,0
9.5440000000000005,0
9.5459999999999994,0
9.548,0
9.5500000000000007,0
9.5519999999999996,0
9.5540000000000003,0
9.5560000000000009,0
9.5579999999999998,0
9.5600000000000005,0
9.5619999999999994,0
9.5640000000000001,0
9.5660000000000007,0
9.5679999999999996,0
9.5700000000000003,0
9.572000000000001,0
9.5739999999999998,0
9.5760000000000005,0
9.5779999999999994,0
9.5800000000000001,0
9.5820000000000007,0
9.5839999999999996,0
9.5860000000000003,0
9.588000000000001,0
9.5899999999999999,0
9.5920000000000005,0
9.5939999999999994,0
9.5960000000000001,0
9.5980000000000008,0
9.5999999999999996,0
9.6020000000000003,0
9.604000000000001,0
9.6059999999999999,0
9.6080000000000005,0
9.6099999999999994,0
9.6120000000000001,0
9.6140000000000008,0
9.6159999999999997,0
9.6180000000000003,0
9.620000000000001,0
9.6219999999999999,0
9.6240000000000006,0
9.6259999999999994,0
9.6280000000000001,0
9.6300000000000008,0
9.6319999999999997,0
9.6340000000000003,0
9.636000000000001,0
9.6379999999999999,0
9.6400000000000006,0
9.6419999999999995,0
9.6440000000000001,0
9.6460000000000008,0
9.6479999999999997,0
9.6500000000000004,0
9.652000000000001,0
9.6539999999999999,0
9.6560000000000006,0
9.6579999999999995,0
9.6600000000000001,0
9.6620000000000008,0
9.6639999999999997,0
9.6660000000000004,0
9.668000000000001,0
9.6699999999999999,0
9.6720000000000006,0
9.6739999999999995,0
9.6760000000000002,0
9.6780000000000008,0
9.6799999999999997,0
9.6820000000000004,0
9.6840000000000011,0
9.6859999999999999,0
9.6880000000000006,0
9.6899999999999995,0
9.6920000000000002,0
9.6940000000000008,0
9.6959999999999997,0
9.6980000000000004,0
9.7000000000000011,0
9.702,0
9.7040000000000006,0
9.7059999999999995,0
9.7080000000000002,0
9.7100000000000009,0
9.7119999999999997,0
9.7140000000000004,0
9.7160000000000011,0
9.718,0
9.7200000000000006,0
9.7219999999999995,0
9.7240000000000002,0
9.7260000000000009,0
9.7279999999999998,0
9.7300000000000004,0
9.7319999999999993,0
9.734,0
9.7360000000000007,0
9.7379999999999995,0
9.7400000000000002,0
9.7420000000000009,0
9.7439999999999998,0
9.7460000000000004,0
9.7479999999999993,0
9.75,0
9.75,0
9.7520000000000007,0
9.7539999999999996,0
9.7560000000000002,0
9.7580000000000009,0
9.7599999999999998,0
9.7620000000000005,0
9.7639999999999993,0
9.766,0
9.7680000000000007,0
9.7699999999999996,0
9.7720000000000002,0
9.7740000000000009,0
9.7759999999999998,0
9.7780000000000005,0
9.7799999999999994,0
9.782,0
9.7840000000000007,0
9.7859999999999996,0
9.7880000000000003,0
9.7900000000000009,0
9.7919999999999998,0
9.7940000000000005,0
9.7959999999999994,0
9.798,0
9.8000000000000007,0
9.8019999999999996,0
9.8040000000000003,0
9.8060000000000009,0
9.8079999999999998,0
9.8100000000000005,0
9.8119999999999994,0
9.8140000000000001,0
9.8160000000000007,0
9.8179999999999996,0
9.8200000000000003,0
9.822000000000001,0
9.8239999999999998,0
9.8260000000000005,0
9.8279999999999994,0
9.8300000000000001,0
9.8320000000000007,0
9.8339999999999996,0
9.8360000000000003,0
9.838000000000001,0
9.8399999999999999,0
9.8420000000000005,0
9.8439999999999994,0
9.8460000000000001,0
9.8480000000000008,0
9.8499999999999996,0
9.8520000000000003,0
9.854000000000001,0
9.8559999999999999,0
9.8580000000000005,0
9.8599999999999994,0
9.8620000000000001,0
9.8640000000000008,0
9.8659999999999997,0
9.8680000000000003,0
9.870000000000001,0
9.8719999999999999,0
9.8740000000000006,0
9.8759999999999994,0
9.8780000000000001,0
9.8800000000000008,0
9.8819999999999997,0
9.8840000000000003,0
9.886000000000001,0
9.8879999999999999,0
9.8900000000000006,0
9.8919999999999995,0
9.8940000000000001,0
9.8960000000000008,0
9.8979999999999997,0
9.9000000000000004,0
9.902000000000001,0
9.9039999999999999,0
9.9060000000000006,0
9.9079999999999995,0
9.9100000000000001,0
9.9120000000000008,0
9.9139999999999997,0
9.9160000000000004,0
9.918000000000001,0
9.9199999999999999,0
9.9220000000000006,0
9.9239999999999995,0
9.9260000000000002,0
9.9280000000000008,0
9.9299999999999997,0
9.9320000000000004,0
9.9340000000000011,0
9.9359999999999999,0
9.9380000000000006,0
9.9399999999999995,0
9.9420000000000002,0
9.9440000000000008,0
9.9459999999999997,0
9.9480000000000004,0
9.9500000000000011,0
9.952,0
9.9540000000000006,0
9.9559999999999995,0
9.9580000000000002,0
9.9600000000000009,0
9.9619999999999997,0
9.9640000000000004,0
9.9660000000000011,0
9.968,0
9.9700000000000006,0
9.9719999999999995,0
9.9740000000000002,0
9.9760000000000009,0
9.9779999999999998,0
9.9800000000000004,0
9.9820000000000011,0
9.984,0
9.9860000000000007,0
9.9879999999999995,0
9.9900000000000002,0
9.9920000000000009,0
9.9939999999999998,0
9.9960000000000004,0
9.9979999999999993,0
10,0
10,0
