"time","hysteresis.y"
0,0
0.0006,0
0.0012,0
0.0018,0
0.0024,0
0.003,0
0.0036,0
0.0042,0
0.0048,0
0.0054,0
0.006,0
0.0066,0
0.0072,0
0.0078,0
0.0084,0
0.009,0
0.0096,0
0.0102,0
0.0108,0
0.0114,0
0.012,0
0.0126,0
0.0132,0
0.0138,0
0.0144,0
0.015,0
0.0156,0
0.0162,0
0.0168,0
0.0174,0
0.018,0
0.0186,0
0.0192,0
0.0198,0
0.0204,0
0.021,0
0.0216,0
0.0222,0
0.0228,0
0.0234,0
0.024,0
0.0246,0
0.0252,0
0.0258,0
0.0264,0
0.027,0
0.0276,0
0.0282,0
0.0288,0
0.0294,0
0.03,0
0.0306,0
0.0312,0
0.0318,0
0.0324,0
0.033,0
0.0336,0
0.0342,0
0.0348,0
0.0354,0
0.036,0
0.0366,0
0.0372,0
0.0378,0
0.0384,0
0.039,0
0.0396,0
0.0402,0
0.0408,0
0.0414,0
0.042,0
0.0426,0
0.0432,0
0.0438,0
0.0444,0
0.045,0
0.0456,0
0.0462,0
0.0468,0
0.0474,0
0.048,0
0.0486,0
0.0492,0
0.0498,0
0.0504,0
0.051,0
0.0516,0
0.0522,0
0.0528,0
0.0534,0
0.054,0
0.0546,0
0.0552,0
0.0558,0
0.0564,0
0.057,0
0.0576,0
0.0582,0
0.0588,0
0.0594,0
0.06,0
0.0606,0
0.0612,0
0.0618,0
0.0624,0
0.063,0
0.0636,0
0.0642,0
0.0648,0
0.0654,0
0.066,0
0.0666,0
0.0672,0
0.0678,0
0.0684,0
0.069,0
0.0696,0
0.0702,0
0.0708,0
0.0714,0
0.072,0
0.0726,0
0.0732,0
0.0738,0
0.0744,0
0.075,0
0.0756,0
0.0762,0
0.0768,0
0.0774,0
0.078,0
0.0786,0
0.0792,0
0.0798,0
0.0804,0
0.081,0
0.0816,0
0.0822,0
0.0828,0
0.0833333333333408,0
0.0833333333333408,1
0.0834,1
0.084,1
0.0846,1
0.0852,1
0.0858,1
0.0864,1
0.087,1
0.0876,1
0.0882,1
0.0888,1
0.0894,1
0.09,1
0.0906,1
0.0912,1
0.0918,1
0.0924,1
0.093,1
0.0936,1
0.0942,1
0.0948,1
0.0954,1
0.096,1
0.0966,1
0.0972,1
0.0978,1
0.0984,1
0.099,1
0.0996,1
0.1002,1
0.1008,1
0.1014,1
0.102,1
0.1026,1
0.1032,1
0.1038,1
0.1044,1
0.105,1
0.1056,1
0.1062,1
0.1068,1
0.1074,1
0.108,1
0.1086,1
0.1092,1
0.1098,1
0.1104,1
0.111,1
0.1116,1
0.1122,1
0.1128,1
0.1134,1
0.114,1
0.1146,1
0.1152,1
0.1158,1
0.1164,1
0.117,1
0.1176,1
0.1182,1
0.1188,1
0.1194,1
0.12,1
0.1206,1
0.1212,1
0.1218,1
0.1224,1
0.123,1
0.1236,1
0.1242,1
0.1248,1
0.1254,1
0.126,1
0.1266,1
0.1272,1
0.1278,1
0.1284,1
0.129,1
0.1296,1
0.1302,1
0.1308,1
0.1314,1
0.132,1
0.1326,1
0.1332,1
0.1338,1
0.1344,1
0.135,1
0.1356,1
0.1362,1
0.1368,1
0.1374,1
0.138,1
0.1386,1
0.1392,1
0.1398,1
0.1404,1
0.141,1
0.1416,1
0.1422,1
0.1428,1
0.1434,1
0.144,1
0.1446,1
0.1452,1
0.1458,1
0.1464,1
0.147,1
0.1476,1
0.1482,1
0.1488,1
0.1494,1
0.15,1
0.1506,1
0.1512,1
0.1518,1
0.1524,1
0.153,1
0.1536,1
0.1542,1
0.1548,1
0.1554,1
0.156,1
0.1566,1
0.1572,1
0.1578,1
0.1584,1
0.159,1
0.1596,1
0.1602,1
0.1608,1
0.1614,1
0.162,1
0.1626,1
0.1632,1
0.1638,1
0.1644,1
0.165,1
0.1656,1
0.1662,1
0.1668,1
0.1674,1
0.168,1
0.1686,1
0.1692,1
0.1698,1
0.1704,1
0.171,1
0.1716,1
0.1722,1
0.1728,1
0.1734,1
0.174,1
0.1746,1
0.1752,1
0.1758,1
0.1764,1
0.177,1
0.1776,1
0.1782,1
0.1788,1
0.1794,1
0.18,1
0.1806,1
0.1812,1
0.1818,1
0.1824,1
0.183,1
0.1836,1
0.1842,1
0.1848,1
0.1854,1
0.186,1
0.1866,1
0.1872,1
0.1878,1
0.1884,1
0.189,1
0.1896,1
0.1902,1
0.1908,1
0.1914,1
0.192,1
0.1926,1
0.1932,1
0.1938,1
0.1944,1
0.195,1
0.1956,1
0.1962,1
0.1968,1
0.1974,1
0.198,1
0.1986,1
0.1992,1
0.1998,1
0.2004,1
0.201,1
0.2016,1
0.2022,1
0.2028,1
0.2034,1
0.204,1
0.2046,1
0.2052,1
0.2058,1
0.2064,1
0.207,1
0.2076,1
0.2082,1
0.2088,1
0.2094,1
0.21,1
0.2106,1
0.2112,1
0.2118,1
0.2124,1
0.213,1
0.2136,1
0.2142,1
0.2148,1
0.2154,1
0.216,1
0.2166,1
0.2172,1
0.2178,1
0.2184,1
0.219,1
0.2196,1
0.2202,1
0.2208,1
0.2214,1
0.222,1
0.2226,1
0.2232,1
0.2238,1
0.2244,1
0.225,1
0.2256,1
0.2262,1
0.2268,1
0.2274,1
0.228,1
0.2286,1
0.2292,1
0.2298,1
0.2304,1
0.231,1
0.2316,1
0.2322,1
0.2328,1
0.2334,1
0.234,1
0.2346,1
0.2352,1
0.2358,1
0.2364,1
0.237,1
0.2376,1
0.2382,1
0.2388,1
0.2394,1
0.24,1
0.2406,1
0.2412,1
0.2418,1
0.2424,1
0.243,1
0.2436,1
0.2442,1
0.2448,1
0.2454,1
0.246,1
0.2466,1
0.2472,1
0.2478,1
0.2484,1
0.249,1
0.2496,1
0.2502,1
0.2508,1
0.2514,1
0.252,1
0.2526,1
0.2532,1
0.2538,1
0.2544,1
0.255,1
0.2556,1
0.2562,1
0.2568,1
0.2574,1
0.258,1
0.2586,1
0.2592,1
0.2598,1
0.2604,1
0.261,1
0.2616,1
0.2622,1
0.2628,1
0.2634,1
0.264,1
0.2646,1
0.2652,1
0.2658,1
0.2664,1
0.267,1
0.2676,1
0.2682,1
0.2688,1
0.2694,1
0.27,1
0.2706,1
0.2712,1
0.2718,1
0.2724,1
0.273,1
0.2736,1
0.2742,1
0.2748,1
0.2754,1
0.276,1
0.2766,1
0.2772,1
0.2778,1
0.2784,1
0.279,1
0.2796,1
0.2802,1
0.2808,1
0.2814,1
0.282,1
0.2826,1
0.2832,1
0.2838,1
0.2844,1
0.285,1
0.2856,1
0.2862,1
0.2868,1
0.2874,1
0.288,1
0.2886,1
0.2892,1
0.2898,1
0.2904,1
0.291,1
0.2916,1
0.2922,1
0.2928,1
0.2934,1
0.294,1
0.2946,1
0.2952,1
0.2958,1
0.2964,1
0.297,1
0.2976,1
0.2982,1
0.2988,1
0.2994,1
0.3,1
0.3006,1
0.3012,1
0.3018,1
0.3024,1
0.303,1
0.3036,1
0.3042,1
0.3048,1
0.3054,1
0.306,1
0.3066,1
0.3072,1
0.3078,1
0.3084,1
0.309,1
0.3096,1
0.3102,1
0.3108,1
0.3114,1
0.312,1
0.3126,1
0.3132,1
0.3138,1
0.3144,1
0.315,1
0.3156,1
0.3162,1
0.3168,1
0.3174,1
0.318,1
0.3186,1
0.3192,1
0.3198,1
0.3204,1
0.321,1
0.3216,1
0.3222,1
0.3228,1
0.3234,1
0.324,1
0.3246,1
0.3252,1
0.3258,1
0.3264,1
0.327,1
0.3276,1
0.3282,1
0.3288,1
0.3294,1
0.33,1
0.3306,1
0.3312,1
0.3318,1
0.3324,1
0.333,1
0.3336,1
0.3342,1
0.3348,1
0.3354,1
0.336,1
0.3366,1
0.3372,1
0.3378,1
0.3384,1
0.339,1
0.3396,1
0.3402,1
0.3408,1
0.3414,1
0.342,1
0.3426,1
0.3432,1
0.3438,1
0.3444,1
0.345,1
0.3456,1
0.3462,1
0.3468,1
0.3474,1
0.348,1
0.3486,1
0.3492,1
0.3498,1
0.3504,1
0.351,1
0.3516,1
0.3522,1
0.3528,1
0.3534,1
0.354,1
0.3546,1
0.3552,1
0.3558,1
0.3564,1
0.357,1
0.3576,1
0.3582,1
0.3588,1
0.3594,1
0.36,1
0.3606,1
0.3612,1
0.3618,1
0.3624,1
0.363,1
0.3636,1
0.3642,1
0.3648,1
0.3654,1
0.366,1
0.3666,1
0.3672,1
0.3678,1
0.3684,1
0.369,1
0.3696,1
0.3702,1
0.3708,1
0.3714,1
0.372,1
0.3726,1
0.3732,1
0.3738,1
0.3744,1
0.375,1
0.3756,1
0.3762,1
0.3768,1
0.3774,1
0.378,1
0.3786,1
0.3792,1
0.3798,1
0.3804,1
0.381,1
0.3816,1
0.3822,1
0.3828,1
0.3834,1
0.384,1
0.3846,1
0.3852,1
0.3858,1
0.3864,1
0.387,1
0.3876,1
0.3882,1
0.3888,1
0.3894,1
0.39,1
0.3906,1
0.3912,1
0.3918,1
0.3924,1
0.393,1
0.3936,1
0.3942,1
0.3948,1
0.3954,1
0.396,1
0.3966,1
0.3972,1
0.3978,1
0.3984,1
0.399,1
0.3996,1
0.4002,1
0.4008,1
0.4014,1
0.402,1
0.4026,1
0.4032,1
0.4038,1
0.4044,1
0.405,1
0.4056,1
0.4062,1
0.4068,1
0.4074,1
0.408,1
0.4086,1
0.4092,1
0.4098,1
0.4104,1
0.411,1
0.4116,1
0.4122,1
0.4128,1
0.4134,1
0.414,1
0.4146,1
0.4152,1
0.4158,1
0.4164,1
0.417,1
0.4176,1
0.4182,1
0.4188,1
0.4194,1
0.42,1
0.4206,1
0.4212,1
0.4218,1
0.4224,1
0.423,1
0.4236,1
0.4242,1
0.4248,1
0.4254,1
0.426,1
0.4266,1
0.4272,1
0.4278,1
0.4284,1
0.429,1
0.4296,1
0.4302,1
0.4308,1
0.4314,1
0.432,1
0.4326,1
0.4332,1
0.4338,1
0.4344,1
0.435,1
0.4356,1
0.4362,1
0.4368,1
0.4374,1
0.438,1
0.4386,1
0.4392,1
0.4398,1
0.4404,1
0.441,1
0.4416,1
0.4422,1
0.4428,1
0.4434,1
0.444,1
0.4446,1
0.4452,1
0.4458,1
0.4464,1
0.447,1
0.4476,1
0.4482,1
0.4488,1
0.4494,1
0.45,1
0.4506,1
0.4512,1
0.4518,1
0.4524,1
0.453,1
0.4536,1
0.4542,1
0.4548,1
0.4554,1
0.456,1
0.4566,1
0.4572,1
0.4578,1
0.4584,1
0.459,1
0.4596,1
0.4602,1
0.4608,1
0.4614,1
0.462,1
0.4626,1
0.4632,1
0.4638,1
0.4644,1
0.465,1
0.4656,1
0.4662,1
0.4668,1
0.4674,1
0.468,1
0.4686,1
0.4692,1
0.4698,1
0.4704,1
0.471,1
0.4716,1
0.4722,1
0.4728,1
0.4734,1
0.474,1
0.4746,1
0.4752,1
0.4758,1
0.4764,1
0.477,1
0.4776,1
0.4782,1
0.4788,1
0.4794,1
0.48,1
0.4806,1
0.4812,1
0.4818,1
0.4824,1
0.483,1
0.4836,1
0.4842,1
0.4848,1
0.4854,1
0.486,1
0.4866,1
0.4872,1
0.4878,1
0.4884,1
0.489,1
0.4896,1
0.4902,1
0.4908,1
0.4914,1
0.492,1
0.4926,1
0.4932,1
0.4938,1
0.4944,1
0.495,1
0.4956,1
0.4962,1
0.4968,1
0.4974,1
0.498,1
0.4986,1
0.4992,1
0.4998,1
0.5004,1
0.501,1
0.5016,1
0.5022,1
0.5028,1
0.5034,1
0.504,1
0.5046,1
0.5052,1
0.5058,1
0.5064,1
0.507,1
0.5076,1
0.5082,1
0.5088,1
0.5094,1
0.51,1
0.5106,1
0.5112,1
0.5118,1
0.5124,1
0.513,1
0.5136,1
0.5142,1
0.5148,1
0.5154,1
0.516,1
0.5166,1
0.5172,1
0.5178,1
0.5184,1
0.519,1
0.5196,1
0.5202,1
0.5208,1
0.5214,1
0.522,1
0.5226,1
0.5232,1
0.5238,1
0.5244,1
0.525,1
0.5256,1
0.5262,1
0.5268,1
0.5274,1
0.528,1
0.5286,1
0.5292,1
0.5298,1
0.5304,1
0.531,1
0.5316,1
0.5322,1
0.5328,1
0.5334,1
0.534,1
0.5346,1
0.5352,1
0.5358,1
0.5364,1
0.537,1
0.5376,1
0.5382,1
0.5388,1
0.5394,1
0.54,1
0.5406,1
0.5412,1
0.5418,1
0.5424,1
0.543,1
0.5436,1
0.5442,1
0.5448,1
0.5454,1
0.546,1
0.5466,1
0.5472,1
0.5478,1
0.5484,1
0.549,1
0.5496,1
0.5502,1
0.5508,1
0.5514,1
0.552,1
0.5526,1
0.5532,1
0.5538,1
0.5544,1
0.555,1
0.5556,1
0.5562,1
0.5568,1
0.5574,1
0.558,1
0.5586,1
0.5592,1
0.5598,1
0.5604,1
0.561,1
0.5616,1
0.5622,1
0.5628,1
0.5634,1
0.564,1
0.5646,1
0.5652,1
0.5658,1
0.5664,1
0.567,1
0.5676,1
0.5682,1
0.5688,1
0.5694,1
0.57,1
0.5706,1
0.5712,1
0.5718,1
0.5724,1
0.573,1
0.5736,1
0.5742,1
0.5748,1
0.5754,1
0.576,1
0.5766,1
0.5772,1
0.5778,1
0.5784,1
0.579,1
0.5796,1
0.5802,1
0.5808,1
0.5814,1
0.582,1
0.5826,1
0.5832,1
0.583333333333333,1
0.583333333333333,0
0.5838,0
0.5844,0
0.585,0
0.5856,0
0.5862,0
0.5868,0
0.5874,0
0.588,0
0.5886,0
0.5892,0
0.5898,0
0.5904,0
0.591,0
0.5916,0
0.5922,0
0.5928,0
0.5934,0
0.594,0
0.5946,0
0.5952,0
0.5958,0
0.5964,0
0.597,0
0.5976,0
0.5982,0
0.5988,0
0.5994,0
0.6,0
0.6006,0
0.6012,0
0.6018,0
0.6024,0
0.603,0
0.6036,0
0.6042,0
0.6048,0
0.6054,0
0.606,0
0.6066,0
0.6072,0
0.6078,0
0.6084,0
0.609,0
0.6096,0
0.6102,0
0.6108,0
0.6114,0
0.612,0
0.6126,0
0.6132,0
0.6138,0
0.6144,0
0.615,0
0.6156,0
0.6162,0
0.6168,0
0.6174,0
0.618,0
0.6186,0
0.6192,0
0.6198,0
0.6204,0
0.621,0
0.6216,0
0.6222,0
0.6228,0
0.6234,0
0.624,0
0.6246,0
0.6252,0
0.6258,0
0.6264,0
0.627,0
0.6276,0
0.6282,0
0.6288,0
0.6294,0
0.63,0
0.6306,0
0.6312,0
0.6318,0
0.6324,0
0.633,0
0.6336,0
0.6342,0
0.6348,0
0.6354,0
0.636,0
0.6366,0
0.6372,0
0.6378,0
0.6384,0
0.639,0
0.6396,0
0.6402,0
0.6408,0
0.6414,0
0.642,0
0.6426,0
0.6432,0
0.6438,0
0.6444,0
0.645,0
0.6456,0
0.6462,0
0.6468,0
0.6474,0
0.648,0
0.6486,0
0.6492,0
0.6498,0
0.6504,0
0.651,0
0.6516,0
0.6522,0
0.6528,0
0.6534,0
0.654,0
0.6546,0
0.6552,0
0.6558,0
0.6564,0
0.657,0
0.6576,0
0.6582,0
0.6588,0
0.6594,0
0.66,0
0.6606,0
0.6612,0
0.6618,0
0.6624,0
0.663,0
0.6636,0
0.6642,0
0.6648,0
0.6654,0
0.666,0
0.6666,0
0.6672,0
0.6678,0
0.6684,0
0.669,0
0.6696,0
0.6702,0
0.6708,0
0.6714,0
0.672,0
0.6726,0
0.6732,0
0.6738,0
0.6744,0
0.675,0
0.6756,0
0.6762,0
0.6768,0
0.6774,0
0.678,0
0.6786,0
0.6792,0
0.6798,0
0.6804,0
0.681,0
0.6816,0
0.6822,0
0.6828,0
0.6834,0
0.684,0
0.6846,0
0.6852,0
0.6858,0
0.6864,0
0.687,0
0.6876,0
0.6882,0
0.6888,0
0.6894,0
0.69,0
0.6906,0
0.6912,0
0.6918,0
0.6924,0
0.693,0
0.6936,0
0.6942,0
0.6948,0
0.6954,0
0.696,0
0.6966,0
0.6972,0
0.6978,0
0.6984,0
0.699,0
0.6996,0
0.7002,0
0.7008,0
0.7014,0
0.702,0
0.7026,0
0.7032,0
0.7038,0
0.7044,0
0.705,0
0.7056,0
0.7062,0
0.7068,0
0.7074,0
0.708,0
0.7086,0
0.7092,0
0.7098,0
0.7104,0
0.711,0
0.7116,0
0.7122,0
0.7128,0
0.7134,0
0.714,0
0.7146,0
0.7152,0
0.7158,0
0.7164,0
0.717,0
0.7176,0
0.7182,0
0.7188,0
0.7194,0
0.72,0
0.7206,0
0.7212,0
0.7218,0
0.7224,0
0.723,0
0.7236,0
0.7242,0
0.7248,0
0.7254,0
0.726,0
0.7266,0
0.7272,0
0.7278,0
0.7284,0
0.729,0
0.7296,0
0.7302,0
0.7308,0
0.7314,0
0.732,0
0.7326,0
0.7332,0
0.7338,0
0.7344,0
0.735,0
0.7356,0
0.7362,0
0.7368,0
0.7374,0
0.738,0
0.7386,0
0.7392,0
0.7398,0
0.7404,0
0.741,0
0.7416,0
0.7422,0
0.7428,0
0.7434,0
0.744,0
0.7446,0
0.7452,0
0.7458,0
0.7464,0
0.747,0
0.7476,0
0.7482,0
0.7488,0
0.7494,0
0.75,0
0.7506,0
0.7512,0
0.7518,0
0.7524,0
0.753,0
0.7536,0
0.7542,0
0.7548,0
0.7554,0
0.756,0
0.7566,0
0.7572,0
0.7578,0
0.7584,0
0.759,0
0.7596,0
0.7602,0
0.7608,0
0.7614,0
0.762,0
0.7626,0
0.7632,0
0.7638,0
0.7644,0
0.765,0
0.7656,0
0.7662,0
0.7668,0
0.7674,0
0.768,0
0.7686,0
0.7692,0
0.7698,0
0.7704,0
0.771,0
0.7716,0
0.7722,0
0.7728,0
0.7734,0
0.774,0
0.7746,0
0.7752,0
0.7758,0
0.7764,0
0.777,0
0.7776,0
0.7782,0
0.7788,0
0.7794,0
0.78,0
0.7806,0
0.7812,0
0.7818,0
0.7824,0
0.783,0
0.7836,0
0.7842,0
0.7848,0
0.7854,0
0.786,0
0.7866,0
0.7872,0
0.7878,0
0.7884,0
0.789,0
0.7896,0
0.7902,0
0.7908,0
0.7914,0
0.792,0
0.7926,0
0.7932,0
0.7938,0
0.7944,0
0.795,0
0.7956,0
0.7962,0
0.7968,0
0.7974,0
0.798,0
0.7986,0
0.7992,0
0.7998,0
0.8004,0
0.801,0
0.8016,0
0.8022,0
0.8028,0
0.8034,0
0.804,0
0.8046,0
0.8052,0
0.8058,0
0.8064,0
0.807,0
0.8076,0
0.8082,0
0.8088,0
0.8094,0
0.81,0
0.8106,0
0.8112,0
0.8118,0
0.8124,0
0.813,0
0.8136,0
0.8142,0
0.8148,0
0.8154,0
0.816,0
0.8166,0
0.8172,0
0.8178,0
0.8184,0
0.819,0
0.8196,0
0.8202,0
0.8208,0
0.8214,0
0.822,0
0.8226,0
0.8232,0
0.8238,0
0.8244,0
0.825,0
0.8256,0
0.8262,0
0.8268,0
0.8274,0
0.828,0
0.8286,0
0.8292,0
0.8298,0
0.8304,0
0.831,0
0.8316,0
0.8322,0
0.8328,0
0.8334,0
0.834,0
0.8346,0
0.8352,0
0.8358,0
0.8364,0
0.837,0
0.8376,0
0.8382,0
0.8388,0
0.8394,0
0.84,0
0.8406,0
0.8412,0
0.8418,0
0.8424,0
0.843,0
0.8436,0
0.8442,0
0.8448,0
0.8454,0
0.846,0
0.8466,0
0.8472,0
0.8478,0
0.8484,0
0.849,0
0.8496,0
0.8502,0
0.8508,0
0.8514,0
0.852,0
0.8526,0
0.8532,0
0.8538,0
0.8544,0
0.855,0
0.8556,0
0.8562,0
0.8568,0
0.8574,0
0.858,0
0.8586,0
0.8592,0
0.8598,0
0.8604,0
0.861,0
0.8616,0
0.8622,0
0.8628,0
0.8634,0
0.864,0
0.8646,0
0.8652,0
0.8658,0
0.8664,0
0.867,0
0.8676,0
0.8682,0
0.8688,0
0.8694,0
0.87,0
0.8706,0
0.8712,0
0.8718,0
0.8724,0
0.873,0
0.8736,0
0.8742,0
0.8748,0
0.8754,0
0.876,0
0.8766,0
0.8772,0
0.8778,0
0.8784,0
0.879,0
0.8796,0
0.8802,0
0.8808,0
0.8814,0
0.882,0
0.8826,0
0.8832,0
0.8838,0
0.8844,0
0.885,0
0.8856,0
0.8862,0
0.8868,0
0.8874,0
0.888,0
0.8886,0
0.8892,0
0.8898,0
0.8904,0
0.891,0
0.8916,0
0.8922,0
0.8928,0
0.8934,0
0.894,0
0.8946,0
0.8952,0
0.8958,0
0.8964,0
0.897,0
0.8976,0
0.8982,0
0.8988,0
0.8994,0
0.9,0
0.9006,0
0.9012,0
0.9018,0
0.9024,0
0.903,0
0.9036,0
0.9042,0
0.9048,0
0.9054,0
0.906,0
0.9066,0
0.9072,0
0.9078,0
0.9084,0
0.909,0
0.9096,0
0.9102,0
0.9108,0
0.9114,0
0.912,0
0.9126,0
0.9132,0
0.9138,0
0.9144,0
0.915,0
0.9156,0
0.9162,0
0.9168,0
0.9174,0
0.918,0
0.9186,0
0.9192,0
0.9198,0
0.9204,0
0.921,0
0.9216,0
0.9222,0
0.9228,0
0.9234,0
0.924,0
0.9246,0
0.9252,0
0.9258,0
0.9264,0
0.927,0
0.9276,0
0.9282,0
0.9288,0
0.9294,0
0.93,0
0.9306,0
0.9312,0
0.9318,0
0.9324,0
0.933,0
0.9336,0
0.9342,0
0.9348,0
0.9354,0
0.936,0
0.9366,0
0.9372,0
0.9378,0
0.9384,0
0.939,0
0.9396,0
0.9402,0
0.9408,0
0.9414,0
0.942,0
0.9426,0
0.9432,0
0.9438,0
0.9444,0
0.945,0
0.9456,0
0.9462,0
0.9468,0
0.9474,0
0.948,0
0.9486,0
0.9492,0
0.9498,0
0.9504,0
0.951,0
0.9516,0
0.9522,0
0.9528,0
0.9534,0
0.954,0
0.9546,0
0.9552,0
0.9558,0
0.9564,0
0.957,0
0.9576,0
0.9582,0
0.9588,0
0.9594,0
0.96,0
0.9606,0
0.9612,0
0.9618,0
0.9624,0
0.963,0
0.9636,0
0.9642,0
0.9648,0
0.9654,0
0.966,0
0.9666,0
0.9672,0
0.9678,0
0.9684,0
0.969,0
0.9696,0
0.9702,0
0.9708,0
0.9714,0
0.972,0
0.9726,0
0.9732,0
0.9738,0
0.9744,0
0.975,0
0.9756,0
0.9762,0
0.9768,0
0.9774,0
0.978,0
0.9786,0
0.9792,0
0.9798,0
0.9804,0
0.981,0
0.9816,0
0.9822,0
0.9828,0
0.9834,0
0.984,0
0.9846,0
0.9852,0
0.9858,0
0.9864,0
0.987,0
0.9876,0
0.9882,0
0.9888,0
0.9894,0
0.99,0
0.9906,0
0.9912,0
0.9918,0
0.9924,0
0.993,0
0.9936,0
0.9942,0
0.9948,0
0.9954,0
0.996,0
0.9966,0
0.9972,0
0.9978,0
0.9984,0
0.999,0
0.9996,0
1.0002,0
1.0008,0
1.0014,0
1.002,0
1.0026,0
1.0032,0
1.0038,0
1.0044,0
1.005,0
1.0056,0
1.0062,0
1.0068,0
1.0074,0
1.008,0
1.0086,0
1.0092,0
1.0098,0
1.0104,0
1.011,0
1.0116,0
1.0122,0
1.0128,0
1.0134,0
1.014,0
1.0146,0
1.0152,0
1.0158,0
1.0164,0
1.017,0
1.0176,0
1.0182,0
1.0188,0
1.0194,0
1.02,0
1.0206,0
1.0212,0
1.0218,0
1.0224,0
1.023,0
1.0236,0
1.0242,0
1.0248,0
1.0254,0
1.026,0
1.0266,0
1.0272,0
1.0278,0
1.0284,0
1.029,0
1.0296,0
1.0302,0
1.0308,0
1.0314,0
1.032,0
1.0326,0
1.0332,0
1.0338,0
1.0344,0
1.035,0
1.0356,0
1.0362,0
1.0368,0
1.0374,0
1.038,0
1.0386,0
1.0392,0
1.0398,0
1.0404,0
1.041,0
1.0416,0
1.0422,0
1.0428,0
1.0434,0
1.044,0
1.0446,0
1.0452,0
1.0458,0
1.0464,0
1.047,0
1.0476,0
1.0482,0
1.0488,0
1.0494,0
1.05,0
1.0506,0
1.0512,0
1.0518,0
1.0524,0
1.053,0
1.0536,0
1.0542,0
1.0548,0
1.0554,0
1.056,0
1.0566,0
1.0572,0
1.0578,0
1.0584,0
1.059,0
1.0596,0
1.0602,0
1.0608,0
1.0614,0
1.062,0
1.0626,0
1.0632,0
1.0638,0
1.0644,0
1.065,0
1.0656,0
1.0662,0
1.0668,0
1.0674,0
1.068,0
1.0686,0
1.0692,0
1.0698,0
1.0704,0
1.071,0
1.0716,0
1.0722,0
1.0728,0
1.0734,0
1.074,0
1.0746,0
1.0752,0
1.0758,0
1.0764,0
1.077,0
1.0776,0
1.0782,0
1.0788,0
1.0794,0
1.08,0
1.0806,0
1.0812,0
1.0818,0
1.0824,0
1.083,0
1.08333333333333,0
1.08333333333333,1
1.0836,1
1.0842,1
1.0848,1
1.0854,1
1.086,1
1.0866,1
1.0872,1
1.0878,1
1.0884,1
1.089,1
1.0896,1
1.0902,1
1.0908,1
1.0914,1
1.092,1
1.0926,1
1.0932,1
1.0938,1
1.0944,1
1.095,1
1.0956,1
1.0962,1
1.0968,1
1.0974,1
1.098,1
1.0986,1
1.0992,1
1.0998,1
1.1004,1
1.101,1
1.1016,1
1.1022,1
1.1028,1
1.1034,1
1.104,1
1.1046,1
1.1052,1
1.1058,1
1.1064,1
1.107,1
1.1076,1
1.1082,1
1.1088,1
1.1094,1
1.11,1
1.1106,1
1.1112,1
1.1118,1
1.1124,1
1.113,1
1.1136,1
1.1142,1
1.1148,1
1.1154,1
1.116,1
1.1166,1
1.1172,1
1.1178,1
1.1184,1
1.119,1
1.1196,1
1.1202,1
1.1208,1
1.1214,1
1.122,1
1.1226,1
1.1232,1
1.1238,1
1.1244,1
1.125,1
1.1256,1
1.1262,1
1.1268,1
1.1274,1
1.128,1
1.1286,1
1.1292,1
1.1298,1
1.1304,1
1.131,1
1.1316,1
1.1322,1
1.1328,1
1.1334,1
1.134,1
1.1346,1
1.1352,1
1.1358,1
1.1364,1
1.137,1
1.1376,1
1.1382,1
1.1388,1
1.1394,1
1.14,1
1.1406,1
1.1412,1
1.1418,1
1.1424,1
1.143,1
1.1436,1
1.1442,1
1.1448,1
1.1454,1
1.146,1
1.1466,1
1.1472,1
1.1478,1
1.1484,1
1.149,1
1.1496,1
1.1502,1
1.1508,1
1.1514,1
1.152,1
1.1526,1
1.1532,1
1.1538,1
1.1544,1
1.155,1
1.1556,1
1.1562,1
1.1568,1
1.1574,1
1.158,1
1.1586,1
1.1592,1
1.1598,1
1.1604,1
1.161,1
1.1616,1
1.1622,1
1.1628,1
1.1634,1
1.164,1
1.1646,1
1.1652,1
1.1658,1
1.1664,1
1.167,1
1.1676,1
1.1682,1
1.1688,1
1.1694,1
1.17,1
1.1706,1
1.1712,1
1.1718,1
1.1724,1
1.173,1
1.1736,1
1.1742,1
1.1748,1
1.1754,1
1.176,1
1.1766,1
1.1772,1
1.1778,1
1.1784,1
1.179,1
1.1796,1
1.1802,1
1.1808,1
1.1814,1
1.182,1
1.1826,1
1.1832,1
1.1838,1
1.1844,1
1.185,1
1.1856,1
1.1862,1
1.1868,1
1.1874,1
1.188,1
1.1886,1
1.1892,1
1.1898,1
1.1904,1
1.191,1
1.1916,1
1.1922,1
1.1928,1
1.1934,1
1.194,1
1.1946,1
1.1952,1
1.1958,1
1.1964,1
1.197,1
1.1976,1
1.1982,1
1.1988,1
1.1994,1
1.2,1
1.2006,1
1.2012,1
1.2018,1
1.2024,1
1.203,1
1.2036,1
1.2042,1
1.2048,1
1.2054,1
1.206,1
1.2066,1
1.2072,1
1.2078,1
1.2084,1
1.209,1
1.2096,1
1.2102,1
1.2108,1
1.2114,1
1.212,1
1.2126,1
1.2132,1
1.2138,1
1.2144,1
1.215,1
1.2156,1
1.2162,1
1.2168,1
1.2174,1
1.218,1
1.2186,1
1.2192,1
1.2198,1
1.2204,1
1.221,1
1.2216,1
1.2222,1
1.2228,1
1.2234,1
1.224,1
1.2246,1
1.2252,1
1.2258,1
1.2264,1
1.227,1
1.2276,1
1.2282,1
1.2288,1
1.2294,1
1.23,1
1.2306,1
1.2312,1
1.2318,1
1.2324,1
1.233,1
1.2336,1
1.2342,1
1.2348,1
1.2354,1
1.236,1
1.2366,1
1.2372,1
1.2378,1
1.2384,1
1.239,1
1.2396,1
1.2402,1
1.2408,1
1.2414,1
1.242,1
1.2426,1
1.2432,1
1.2438,1
1.2444,1
1.245,1
1.2456,1
1.2462,1
1.2468,1
1.2474,1
1.248,1
1.2486,1
1.2492,1
1.2498,1
1.2504,1
1.251,1
1.2516,1
1.2522,1
1.2528,1
1.2534,1
1.254,1
1.2546,1
1.2552,1
1.2558,1
1.2564,1
1.257,1
1.2576,1
1.2582,1
1.2588,1
1.2594,1
1.26,1
1.2606,1
1.2612,1
1.2618,1
1.2624,1
1.263,1
1.2636,1
1.2642,1
1.2648,1
1.2654,1
1.266,1
1.2666,1
1.2672,1
1.2678,1
1.2684,1
1.269,1
1.2696,1
1.2702,1
1.2708,1
1.2714,1
1.272,1
1.2726,1
1.2732,1
1.2738,1
1.2744,1
1.275,1
1.2756,1
1.2762,1
1.2768,1
1.2774,1
1.278,1
1.2786,1
1.2792,1
1.2798,1
1.2804,1
1.281,1
1.2816,1
1.2822,1
1.2828,1
1.2834,1
1.284,1
1.2846,1
1.2852,1
1.2858,1
1.2864,1
1.287,1
1.2876,1
1.2882,1
1.2888,1
1.2894,1
1.29,1
1.2906,1
1.2912,1
1.2918,1
1.2924,1
1.293,1
1.2936,1
1.2942,1
1.2948,1
1.2954,1
1.296,1
1.2966,1
1.2972,1
1.2978,1
1.2984,1
1.299,1
1.2996,1
1.3002,1
1.3008,1
1.3014,1
1.302,1
1.3026,1
1.3032,1
1.3038,1
1.3044,1
1.305,1
1.3056,1
1.3062,1
1.3068,1
1.3074,1
1.308,1
1.3086,1
1.3092,1
1.3098,1
1.3104,1
1.311,1
1.3116,1
1.3122,1
1.3128,1
1.3134,1
1.314,1
1.3146,1
1.3152,1
1.3158,1
1.3164,1
1.317,1
1.3176,1
1.3182,1
1.3188,1
1.3194,1
1.32,1
1.3206,1
1.3212,1
1.3218,1
1.3224,1
1.323,1
1.3236,1
1.3242,1
1.3248,1
1.3254,1
1.326,1
1.3266,1
1.3272,1
1.3278,1
1.3284,1
1.329,1
1.3296,1
1.3302,1
1.3308,1
1.3314,1
1.332,1
1.3326,1
1.3332,1
1.3338,1
1.3344,1
1.335,1
1.3356,1
1.3362,1
1.3368,1
1.3374,1
1.338,1
1.3386,1
1.3392,1
1.3398,1
1.3404,1
1.341,1
1.3416,1
1.3422,1
1.3428,1
1.3434,1
1.344,1
1.3446,1
1.3452,1
1.3458,1
1.3464,1
1.347,1
1.3476,1
1.3482,1
1.3488,1
1.3494,1
1.35,1
1.3506,1
1.3512,1
1.3518,1
1.3524,1
1.353,1
1.3536,1
1.3542,1
1.3548,1
1.3554,1
1.356,1
1.3566,1
1.3572,1
1.3578,1
1.3584,1
1.359,1
1.3596,1
1.3602,1
1.3608,1
1.3614,1
1.362,1
1.3626,1
1.3632,1
1.3638,1
1.3644,1
1.365,1
1.3656,1
1.3662,1
1.3668,1
1.3674,1
1.368,1
1.3686,1
1.3692,1
1.3698,1
1.3704,1
1.371,1
1.3716,1
1.3722,1
1.3728,1
1.3734,1
1.374,1
1.3746,1
1.3752,1
1.3758,1
1.3764,1
1.377,1
1.3776,1
1.3782,1
1.3788,1
1.3794,1
1.38,1
1.3806,1
1.3812,1
1.3818,1
1.3824,1
1.383,1
1.3836,1
1.3842,1
1.3848,1
1.3854,1
1.386,1
1.3866,1
1.3872,1
1.3878,1
1.3884,1
1.389,1
1.3896,1
1.3902,1
1.3908,1
1.3914,1
1.392,1
1.3926,1
1.3932,1
1.3938,1
1.3944,1
1.395,1
1.3956,1
1.3962,1
1.3968,1
1.3974,1
1.398,1
1.3986,1
1.3992,1
1.3998,1
1.4004,1
1.401,1
1.4016,1
1.4022,1
1.4028,1
1.4034,1
1.404,1
1.4046,1
1.4052,1
1.4058,1
1.4064,1
1.407,1
1.4076,1
1.4082,1
1.4088,1
1.4094,1
1.41,1
1.4106,1
1.4112,1
1.4118,1
1.4124,1
1.413,1
1.4136,1
1.4142,1
1.4148,1
1.4154,1
1.416,1
1.4166,1
1.4172,1
1.4178,1
1.4184,1
1.419,1
1.4196,1
1.4202,1
1.4208,1
1.4214,1
1.422,1
1.4226,1
1.4232,1
1.4238,1
1.4244,1
1.425,1
1.4256,1
1.4262,1
1.4268,1
1.4274,1
1.428,1
1.4286,1
1.4292,1
1.4298,1
1.4304,1
1.431,1
1.4316,1
1.4322,1
1.4328,1
1.4334,1
1.434,1
1.4346,1
1.4352,1
1.4358,1
1.4364,1
1.437,1
1.4376,1
1.4382,1
1.4388,1
1.4394,1
1.44,1
1.4406,1
1.4412,1
1.4418,1
1.4424,1
1.443,1
1.4436,1
1.4442,1
1.4448,1
1.4454,1
1.446,1
1.4466,1
1.4472,1
1.4478,1
1.4484,1
1.449,1
1.4496,1
1.4502,1
1.4508,1
1.4514,1
1.452,1
1.4526,1
1.4532,1
1.4538,1
1.4544,1
1.455,1
1.4556,1
1.4562,1
1.4568,1
1.4574,1
1.458,1
1.4586,1
1.4592,1
1.4598,1
1.4604,1
1.461,1
1.4616,1
1.4622,1
1.4628,1
1.4634,1
1.464,1
1.4646,1
1.4652,1
1.4658,1
1.4664,1
1.467,1
1.4676,1
1.4682,1
1.4688,1
1.4694,1
1.47,1
1.4706,1
1.4712,1
1.4718,1
1.4724,1
1.473,1
1.4736,1
1.4742,1
1.4748,1
1.4754,1
1.476,1
1.4766,1
1.4772,1
1.4778,1
1.4784,1
1.479,1
1.4796,1
1.4802,1
1.4808,1
1.4814,1
1.482,1
1.4826,1
1.4832,1
1.4838,1
1.4844,1
1.485,1
1.4856,1
1.4862,1
1.4868,1
1.4874,1
1.488,1
1.4886,1
1.4892,1
1.4898,1
1.4904,1
1.491,1
1.4916,1
1.4922,1
1.4928,1
1.4934,1
1.494,1
1.4946,1
1.4952,1
1.4958,1
1.4964,1
1.497,1
1.4976,1
1.4982,1
1.4988,1
1.4994,1
1.5,1
1.5006,1
1.5012,1
1.5018,1
1.5024,1
1.503,1
1.5036,1
1.5042,1
1.5048,1
1.5054,1
1.506,1
1.5066,1
1.5072,1
1.5078,1
1.5084,1
1.509,1
1.5096,1
1.5102,1
1.5108,1
1.5114,1
1.512,1
1.5126,1
1.5132,1
1.5138,1
1.5144,1
1.515,1
1.5156,1
1.5162,1
1.5168,1
1.5174,1
1.518,1
1.5186,1
1.5192,1
1.5198,1
1.5204,1
1.521,1
1.5216,1
1.5222,1
1.5228,1
1.5234,1
1.524,1
1.5246,1
1.5252,1
1.5258,1
1.5264,1
1.527,1
1.5276,1
1.5282,1
1.5288,1
1.5294,1
1.53,1
1.5306,1
1.5312,1
1.5318,1
1.5324,1
1.533,1
1.5336,1
1.5342,1
1.5348,1
1.5354,1
1.536,1
1.5366,1
1.5372,1
1.5378,1
1.5384,1
1.539,1
1.5396,1
1.5402,1
1.5408,1
1.5414,1
1.542,1
1.5426,1
1.5432,1
1.5438,1
1.5444,1
1.545,1
1.5456,1
1.5462,1
1.5468,1
1.5474,1
1.548,1
1.5486,1
1.5492,1
1.5498,1
1.5504,1
1.551,1
1.5516,1
1.5522,1
1.5528,1
1.5534,1
1.554,1
1.5546,1
1.5552,1
1.5558,1
1.5564,1
1.557,1
1.5576,1
1.5582,1
1.5588,1
1.5594,1
1.56,1
1.5606,1
1.5612,1
1.5618,1
1.5624,1
1.563,1
1.5636,1
1.5642,1
1.5648,1
1.5654,1
1.566,1
1.5666,1
1.5672,1
1.5678,1
1.5684,1
1.569,1
1.5696,1
1.5702,1
1.5708,1
1.5714,1
1.572,1
1.5726,1
1.5732,1
1.5738,1
1.5744,1
1.575,1
1.5756,1
1.5762,1
1.5768,1
1.5774,1
1.578,1
1.5786,1
1.5792,1
1.5798,1
1.5804,1
1.581,1
1.5816,1
1.5822,1
1.5828,1
1.58333333333334,1
1.58333333333334,0
1.5834,0
1.584,0
1.5846,0
1.5852,0
1.5858,0
1.5864,0
1.587,0
1.5876,0
1.5882,0
1.5888,0
1.5894,0
1.59,0
1.5906,0
1.5912,0
1.5918,0
1.5924,0
1.593,0
1.5936,0
1.5942,0
1.5948,0
1.5954,0
1.596,0
1.5966,0
1.5972,0
1.5978,0
1.5984,0
1.599,0
1.5996,0
1.6002,0
1.6008,0
1.6014,0
1.602,0
1.6026,0
1.6032,0
1.6038,0
1.6044,0
1.605,0
1.6056,0
1.6062,0
1.6068,0
1.6074,0
1.608,0
1.6086,0
1.6092,0
1.6098,0
1.6104,0
1.611,0
1.6116,0
1.6122,0
1.6128,0
1.6134,0
1.614,0
1.6146,0
1.6152,0
1.6158,0
1.6164,0
1.617,0
1.6176,0
1.6182,0
1.6188,0
1.6194,0
1.62,0
1.6206,0
1.6212,0
1.6218,0
1.6224,0
1.623,0
1.6236,0
1.6242,0
1.6248,0
1.6254,0
1.626,0
1.6266,0
1.6272,0
1.6278,0
1.6284,0
1.629,0
1.6296,0
1.6302,0
1.6308,0
1.6314,0
1.632,0
1.6326,0
1.6332,0
1.6338,0
1.6344,0
1.635,0
1.6356,0
1.6362,0
1.6368,0
1.6374,0
1.638,0
1.6386,0
1.6392,0
1.6398,0
1.6404,0
1.641,0
1.6416,0
1.6422,0
1.6428,0
1.6434,0
1.644,0
1.6446,0
1.6452,0
1.6458,0
1.6464,0
1.647,0
1.6476,0
1.6482,0
1.6488,0
1.6494,0
1.65,0
1.6506,0
1.6512,0
1.6518,0
1.6524,0
1.653,0
1.6536,0
1.6542,0
1.6548,0
1.6554,0
1.656,0
1.6566,0
1.6572,0
1.6578,0
1.6584,0
1.659,0
1.6596,0
1.6602,0
1.6608,0
1.6614,0
1.662,0
1.6626,0
1.6632,0
1.6638,0
1.6644,0
1.665,0
1.6656,0
1.6662,0
1.6668,0
1.6674,0
1.668,0
1.6686,0
1.6692,0
1.6698,0
1.6704,0
1.671,0
1.6716,0
1.6722,0
1.6728,0
1.6734,0
1.674,0
1.6746,0
1.6752,0
1.6758,0
1.6764,0
1.677,0
1.6776,0
1.6782,0
1.6788,0
1.6794,0
1.68,0
1.6806,0
1.6812,0
1.6818,0
1.6824,0
1.683,0
1.6836,0
1.6842,0
1.6848,0
1.6854,0
1.686,0
1.6866,0
1.6872,0
1.6878,0
1.6884,0
1.689,0
1.6896,0
1.6902,0
1.6908,0
1.6914,0
1.692,0
1.6926,0
1.6932,0
1.6938,0
1.6944,0
1.695,0
1.6956,0
1.6962,0
1.6968,0
1.6974,0
1.698,0
1.6986,0
1.6992,0
1.6998,0
1.7004,0
1.701,0
1.7016,0
1.7022,0
1.7028,0
1.7034,0
1.704,0
1.7046,0
1.7052,0
1.7058,0
1.7064,0
1.707,0
1.7076,0
1.7082,0
1.7088,0
1.7094,0
1.71,0
1.7106,0
1.7112,0
1.7118,0
1.7124,0
1.713,0
1.7136,0
1.7142,0
1.7148,0
1.7154,0
1.716,0
1.7166,0
1.7172,0
1.7178,0
1.7184,0
1.719,0
1.7196,0
1.7202,0
1.7208,0
1.7214,0
1.722,0
1.7226,0
1.7232,0
1.7238,0
1.7244,0
1.725,0
1.7256,0
1.7262,0
1.7268,0
1.7274,0
1.728,0
1.7286,0
1.7292,0
1.7298,0
1.7304,0
1.731,0
1.7316,0
1.7322,0
1.7328,0
1.7334,0
1.734,0
1.7346,0
1.7352,0
1.7358,0
1.7364,0
1.737,0
1.7376,0
1.7382,0
1.7388,0
1.7394,0
1.74,0
1.7406,0
1.7412,0
1.7418,0
1.7424,0
1.743,0
1.7436,0
1.7442,0
1.7448,0
1.7454,0
1.746,0
1.7466,0
1.7472,0
1.7478,0
1.7484,0
1.749,0
1.7496,0
1.7502,0
1.7508,0
1.7514,0
1.752,0
1.7526,0
1.7532,0
1.7538,0
1.7544,0
1.755,0
1.7556,0
1.7562,0
1.7568,0
1.7574,0
1.758,0
1.7586,0
1.7592,0
1.7598,0
1.7604,0
1.761,0
1.7616,0
1.7622,0
1.7628,0
1.7634,0
1.764,0
1.7646,0
1.7652,0
1.7658,0
1.7664,0
1.767,0
1.7676,0
1.7682,0
1.7688,0
1.7694,0
1.77,0
1.7706,0
1.7712,0
1.7718,0
1.7724,0
1.773,0
1.7736,0
1.7742,0
1.7748,0
1.7754,0
1.776,0
1.7766,0
1.7772,0
1.7778,0
1.7784,0
1.779,0
1.7796,0
1.7802,0
1.7808,0
1.7814,0
1.782,0
1.7826,0
1.7832,0
1.7838,0
1.7844,0
1.785,0
1.7856,0
1.7862,0
1.7868,0
1.7874,0
1.788,0
1.7886,0
1.7892,0
1.7898,0
1.7904,0
1.791,0
1.7916,0
1.7922,0
1.7928,0
1.7934,0
1.794,0
1.7946,0
1.7952,0
1.7958,0
1.7964,0
1.797,0
1.7976,0
1.7982,0
1.7988,0
1.7994,0
1.8,0
1.8006,0
1.8012,0
1.8018,0
1.8024,0
1.803,0
1.8036,0
1.8042,0
1.8048,0
1.8054,0
1.806,0
1.8066,0
1.8072,0
1.8078,0
1.8084,0
1.809,0
1.8096,0
1.8102,0
1.8108,0
1.8114,0
1.812,0
1.8126,0
1.8132,0
1.8138,0
1.8144,0
1.815,0
1.8156,0
1.8162,0
1.8168,0
1.8174,0
1.818,0
1.8186,0
1.8192,0
1.8198,0
1.8204,0
1.821,0
1.8216,0
1.8222,0
1.8228,0
1.8234,0
1.824,0
1.8246,0
1.8252,0
1.8258,0
1.8264,0
1.827,0
1.8276,0
1.8282,0
1.8288,0
1.8294,0
1.83,0
1.8306,0
1.8312,0
1.8318,0
1.8324,0
1.833,0
1.8336,0
1.8342,0
1.8348,0
1.8354,0
1.836,0
1.8366,0
1.8372,0
1.8378,0
1.8384,0
1.839,0
1.8396,0
1.8402,0
1.8408,0
1.8414,0
1.842,0
1.8426,0
1.8432,0
1.8438,0
1.8444,0
1.845,0
1.8456,0
1.8462,0
1.8468,0
1.8474,0
1.848,0
1.8486,0
1.8492,0
1.8498,0
1.8504,0
1.851,0
1.8516,0
1.8522,0
1.8528,0
1.8534,0
1.854,0
1.8546,0
1.8552,0
1.8558,0
1.8564,0
1.857,0
1.8576,0
1.8582,0
1.8588,0
1.8594,0
1.86,0
1.8606,0
1.8612,0
1.8618,0
1.8624,0
1.863,0
1.8636,0
1.8642,0
1.8648,0
1.8654,0
1.866,0
1.8666,0
1.8672,0
1.8678,0
1.8684,0
1.869,0
1.8696,0
1.8702,0
1.8708,0
1.8714,0
1.872,0
1.8726,0
1.8732,0
1.8738,0
1.8744,0
1.875,0
1.8756,0
1.8762,0
1.8768,0
1.8774,0
1.878,0
1.8786,0
1.8792,0
1.8798,0
1.8804,0
1.881,0
1.8816,0
1.8822,0
1.8828,0
1.8834,0
1.884,0
1.8846,0
1.8852,0
1.8858,0
1.8864,0
1.887,0
1.8876,0
1.8882,0
1.8888,0
1.8894,0
1.89,0
1.8906,0
1.8912,0
1.8918,0
1.8924,0
1.893,0
1.8936,0
1.8942,0
1.8948,0
1.8954,0
1.896,0
1.8966,0
1.8972,0
1.8978,0
1.8984,0
1.899,0
1.8996,0
1.9002,0
1.9008,0
1.9014,0
1.902,0
1.9026,0
1.9032,0
1.9038,0
1.9044,0
1.905,0
1.9056,0
1.9062,0
1.9068,0
1.9074,0
1.908,0
1.9086,0
1.9092,0
1.9098,0
1.9104,0
1.911,0
1.9116,0
1.9122,0
1.9128,0
1.9134,0
1.914,0
1.9146,0
1.9152,0
1.9158,0
1.9164,0
1.917,0
1.9176,0
1.9182,0
1.9188,0
1.9194,0
1.92,0
1.9206,0
1.9212,0
1.9218,0
1.9224,0
1.923,0
1.9236,0
1.9242,0
1.9248,0
1.9254,0
1.926,0
1.9266,0
1.9272,0
1.9278,0
1.9284,0
1.929,0
1.9296,0
1.9302,0
1.9308,0
1.9314,0
1.932,0
1.9326,0
1.9332,0
1.9338,0
1.9344,0
1.935,0
1.9356,0
1.9362,0
1.9368,0
1.9374,0
1.938,0
1.9386,0
1.9392,0
1.9398,0
1.9404,0
1.941,0
1.9416,0
1.9422,0
1.9428,0
1.9434,0
1.944,0
1.9446,0
1.9452,0
1.9458,0
1.9464,0
1.947,0
1.9476,0
1.9482,0
1.9488,0
1.9494,0
1.95,0
1.9506,0
1.9512,0
1.9518,0
1.9524,0
1.953,0
1.9536,0
1.9542,0
1.9548,0
1.9554,0
1.956,0
1.9566,0
1.9572,0
1.9578,0
1.9584,0
1.959,0
1.9596,0
1.9602,0
1.9608,0
1.9614,0
1.962,0
1.9626,0
1.9632,0
1.9638,0
1.9644,0
1.965,0
1.9656,0
1.9662,0
1.9668,0
1.9674,0
1.968,0
1.9686,0
1.9692,0
1.9698,0
1.9704,0
1.971,0
1.9716,0
1.9722,0
1.9728,0
1.9734,0
1.974,0
1.9746,0
1.9752,0
1.9758,0
1.9764,0
1.977,0
1.9776,0
1.9782,0
1.9788,0
1.9794,0
1.98,0
1.9806,0
1.9812,0
1.9818,0
1.9824,0
1.983,0
1.9836,0
1.9842,0
1.9848,0
1.9854,0
1.986,0
1.9866,0
1.9872,0
1.9878,0
1.9884,0
1.989,0
1.9896,0
1.9902,0
1.9908,0
1.9914,0
1.992,0
1.9926,0
1.9932,0
1.9938,0
1.9944,0
1.995,0
1.9956,0
1.9962,0
1.9968,0
1.9974,0
1.998,0
1.9986,0
1.9992,0
1.9998,0
2.0004,0
2.001,0
2.0016,0
2.0022,0
2.0028,0
2.0034,0
2.004,0
2.0046,0
2.0052,0
2.0058,0
2.0064,0
2.007,0
2.0076,0
2.0082,0
2.0088,0
2.0094,0
2.01,0
2.0106,0
2.0112,0
2.0118,0
2.0124,0
2.013,0
2.0136,0
2.0142,0
2.0148,0
2.0154,0
2.016,0
2.0166,0
2.0172,0
2.0178,0
2.0184,0
2.019,0
2.0196,0
2.0202,0
2.0208,0
2.0214,0
2.022,0
2.0226,0
2.0232,0
2.0238,0
2.0244,0
2.025,0
2.0256,0
2.0262,0
2.0268,0
2.0274,0
2.028,0
2.0286,0
2.0292,0
2.0298,0
2.0304,0
2.031,0
2.0316,0
2.0322,0
2.0328,0
2.0334,0
2.034,0
2.0346,0
2.0352,0
2.0358,0
2.0364,0
2.037,0
2.0376,0
2.0382,0
2.0388,0
2.0394,0
2.04,0
2.0406,0
2.0412,0
2.0418,0
2.0424,0
2.043,0
2.0436,0
2.0442,0
2.0448,0
2.0454,0
2.046,0
2.0466,0
2.0472,0
2.0478,0
2.0484,0
2.049,0
2.0496,0
2.0502,0
2.0508,0
2.0514,0
2.052,0
2.0526,0
2.0532,0
2.0538,0
2.0544,0
2.055,0
2.0556,0
2.0562,0
2.0568,0
2.0574,0
2.058,0
2.0586,0
2.0592,0
2.0598,0
2.0604,0
2.061,0
2.0616,0
2.0622,0
2.0628,0
2.0634,0
2.064,0
2.0646,0
2.0652,0
2.0658,0
2.0664,0
2.067,0
2.0676,0
2.0682,0
2.0688,0
2.0694,0
2.07,0
2.0706,0
2.0712,0
2.0718,0
2.0724,0
2.073,0
2.0736,0
2.0742,0
2.0748,0
2.0754,0
2.076,0
2.0766,0
2.0772,0
2.0778,0
2.0784,0
2.079,0
2.0796,0
2.0802,0
2.0808,0
2.0814,0
2.082,0
2.0826,0
2.0832,0
2.08333333333333,0
2.08333333333333,1
2.0838,1
2.0844,1
2.085,1
2.0856,1
2.0862,1
2.0868,1
2.0874,1
2.088,1
2.0886,1
2.0892,1
2.0898,1
2.0904,1
2.091,1
2.0916,1
2.0922,1
2.0928,1
2.0934,1
2.094,1
2.0946,1
2.0952,1
2.0958,1
2.0964,1
2.097,1
2.0976,1
2.0982,1
2.0988,1
2.0994,1
2.1,1
2.1006,1
2.1012,1
2.1018,1
2.1024,1
2.103,1
2.1036,1
2.1042,1
2.1048,1
2.1054,1
2.106,1
2.1066,1
2.1072,1
2.1078,1
2.1084,1
2.109,1
2.1096,1
2.1102,1
2.1108,1
2.1114,1
2.112,1
2.1126,1
2.1132,1
2.1138,1
2.1144,1
2.115,1
2.1156,1
2.1162,1
2.1168,1
2.1174,1
2.118,1
2.1186,1
2.1192,1
2.1198,1
2.1204,1
2.121,1
2.1216,1
2.1222,1
2.1228,1
2.1234,1
2.124,1
2.1246,1
2.1252,1
2.1258,1
2.1264,1
2.127,1
2.1276,1
2.1282,1
2.1288,1
2.1294,1
2.13,1
2.1306,1
2.1312,1
2.1318,1
2.1324,1
2.133,1
2.1336,1
2.1342,1
2.1348,1
2.1354,1
2.136,1
2.1366,1
2.1372,1
2.1378,1
2.1384,1
2.139,1
2.1396,1
2.1402,1
2.1408,1
2.1414,1
2.142,1
2.1426,1
2.1432,1
2.1438,1
2.1444,1
2.145,1
2.1456,1
2.1462,1
2.1468,1
2.1474,1
2.148,1
2.1486,1
2.1492,1
2.1498,1
2.1504,1
2.151,1
2.1516,1
2.1522,1
2.1528,1
2.1534,1
2.154,1
2.1546,1
2.1552,1
2.1558,1
2.1564,1
2.157,1
2.1576,1
2.1582,1
2.1588,1
2.1594,1
2.16,1
2.1606,1
2.1612,1
2.1618,1
2.1624,1
2.163,1
2.1636,1
2.1642,1
2.1648,1
2.1654,1
2.166,1
2.1666,1
2.1672,1
2.1678,1
2.1684,1
2.169,1
2.1696,1
2.1702,1
2.1708,1
2.1714,1
2.172,1
2.1726,1
2.1732,1
2.1738,1
2.1744,1
2.175,1
2.1756,1
2.1762,1
2.1768,1
2.1774,1
2.178,1
2.1786,1
2.1792,1
2.1798,1
2.1804,1
2.181,1
2.1816,1
2.1822,1
2.1828,1
2.1834,1
2.184,1
2.1846,1
2.1852,1
2.1858,1
2.1864,1
2.187,1
2.1876,1
2.1882,1
2.1888,1
2.1894,1
2.19,1
2.1906,1
2.1912,1
2.1918,1
2.1924,1
2.193,1
2.1936,1
2.1942,1
2.1948,1
2.1954,1
2.196,1
2.1966,1
2.1972,1
2.1978,1
2.1984,1
2.199,1
2.1996,1
2.2002,1
2.2008,1
2.2014,1
2.202,1
2.2026,1
2.2032,1
2.2038,1
2.2044,1
2.205,1
2.2056,1
2.2062,1
2.2068,1
2.2074,1
2.208,1
2.2086,1
2.2092,1
2.2098,1
2.2104,1
2.211,1
2.2116,1
2.2122,1
2.2128,1
2.2134,1
2.214,1
2.2146,1
2.2152,1
2.2158,1
2.2164,1
2.217,1
2.2176,1
2.2182,1
2.2188,1
2.2194,1
2.22,1
2.2206,1
2.2212,1
2.2218,1
2.2224,1
2.223,1
2.2236,1
2.2242,1
2.2248,1
2.2254,1
2.226,1
2.2266,1
2.2272,1
2.2278,1
2.2284,1
2.229,1
2.2296,1
2.2302,1
2.2308,1
2.2314,1
2.232,1
2.2326,1
2.2332,1
2.2338,1
2.2344,1
2.235,1
2.2356,1
2.2362,1
2.2368,1
2.2374,1
2.238,1
2.2386,1
2.2392,1
2.2398,1
2.2404,1
2.241,1
2.2416,1
2.2422,1
2.2428,1
2.2434,1
2.244,1
2.2446,1
2.2452,1
2.2458,1
2.2464,1
2.247,1
2.2476,1
2.2482,1
2.2488,1
2.2494,1
2.25,1
2.2506,1
2.2512,1
2.2518,1
2.2524,1
2.253,1
2.2536,1
2.2542,1
2.2548,1
2.2554,1
2.256,1
2.2566,1
2.2572,1
2.2578,1
2.2584,1
2.259,1
2.2596,1
2.2602,1
2.2608,1
2.2614,1
2.262,1
2.2626,1
2.2632,1
2.2638,1
2.2644,1
2.265,1
2.2656,1
2.2662,1
2.2668,1
2.2674,1
2.268,1
2.2686,1
2.2692,1
2.2698,1
2.2704,1
2.271,1
2.2716,1
2.2722,1
2.2728,1
2.2734,1
2.274,1
2.2746,1
2.2752,1
2.2758,1
2.2764,1
2.277,1
2.2776,1
2.2782,1
2.2788,1
2.2794,1
2.28,1
2.2806,1
2.2812,1
2.2818,1
2.2824,1
2.283,1
2.2836,1
2.2842,1
2.2848,1
2.2854,1
2.286,1
2.2866,1
2.2872,1
2.2878,1
2.2884,1
2.289,1
2.2896,1
2.2902,1
2.2908,1
2.2914,1
2.292,1
2.2926,1
2.2932,1
2.2938,1
2.2944,1
2.295,1
2.2956,1
2.2962,1
2.2968,1
2.2974,1
2.298,1
2.2986,1
2.2992,1
2.2998,1
2.3004,1
2.301,1
2.3016,1
2.3022,1
2.3028,1
2.3034,1
2.304,1
2.3046,1
2.3052,1
2.3058,1
2.3064,1
2.307,1
2.3076,1
2.3082,1
2.3088,1
2.3094,1
2.31,1
2.3106,1
2.3112,1
2.3118,1
2.3124,1
2.313,1
2.3136,1
2.3142,1
2.3148,1
2.3154,1
2.316,1
2.3166,1
2.3172,1
2.3178,1
2.3184,1
2.319,1
2.3196,1
2.3202,1
2.3208,1
2.3214,1
2.322,1
2.3226,1
2.3232,1
2.3238,1
2.3244,1
2.325,1
2.3256,1
2.3262,1
2.3268,1
2.3274,1
2.328,1
2.3286,1
2.3292,1
2.3298,1
2.3304,1
2.331,1
2.3316,1
2.3322,1
2.3328,1
2.3334,1
2.334,1
2.3346,1
2.3352,1
2.3358,1
2.3364,1
2.337,1
2.3376,1
2.3382,1
2.3388,1
2.3394,1
2.34,1
2.3406,1
2.3412,1
2.3418,1
2.3424,1
2.343,1
2.3436,1
2.3442,1
2.3448,1
2.3454,1
2.346,1
2.3466,1
2.3472,1
2.3478,1
2.3484,1
2.349,1
2.3496,1
2.3502,1
2.3508,1
2.3514,1
2.352,1
2.3526,1
2.3532,1
2.3538,1
2.3544,1
2.355,1
2.3556,1
2.3562,1
2.3568,1
2.3574,1
2.358,1
2.3586,1
2.3592,1
2.3598,1
2.3604,1
2.361,1
2.3616,1
2.3622,1
2.3628,1
2.3634,1
2.364,1
2.3646,1
2.3652,1
2.3658,1
2.3664,1
2.367,1
2.3676,1
2.3682,1
2.3688,1
2.3694,1
2.37,1
2.3706,1
2.3712,1
2.3718,1
2.3724,1
2.373,1
2.3736,1
2.3742,1
2.3748,1
2.3754,1
2.376,1
2.3766,1
2.3772,1
2.3778,1
2.3784,1
2.379,1
2.3796,1
2.3802,1
2.3808,1
2.3814,1
2.382,1
2.3826,1
2.3832,1
2.3838,1
2.3844,1
2.385,1
2.3856,1
2.3862,1
2.3868,1
2.3874,1
2.388,1
2.3886,1
2.3892,1
2.3898,1
2.3904,1
2.391,1
2.3916,1
2.3922,1
2.3928,1
2.3934,1
2.394,1
2.3946,1
2.3952,1
2.3958,1
2.3964,1
2.397,1
2.3976,1
2.3982,1
2.3988,1
2.3994,1
2.4,1
2.4006,1
2.4012,1
2.4018,1
2.4024,1
2.403,1
2.4036,1
2.4042,1
2.4048,1
2.4054,1
2.406,1
2.4066,1
2.4072,1
2.4078,1
2.4084,1
2.409,1
2.4096,1
2.4102,1
2.4108,1
2.4114,1
2.412,1
2.4126,1
2.4132,1
2.4138,1
2.4144,1
2.415,1
2.4156,1
2.4162,1
2.4168,1
2.4174,1
2.418,1
2.4186,1
2.4192,1
2.4198,1
2.4204,1
2.421,1
2.4216,1
2.4222,1
2.4228,1
2.4234,1
2.424,1
2.4246,1
2.4252,1
2.4258,1
2.4264,1
2.427,1
2.4276,1
2.4282,1
2.4288,1
2.4294,1
2.43,1
2.4306,1
2.4312,1
2.4318,1
2.4324,1
2.433,1
2.4336,1
2.4342,1
2.4348,1
2.4354,1
2.436,1
2.4366,1
2.4372,1
2.4378,1
2.4384,1
2.439,1
2.4396,1
2.4402,1
2.4408,1
2.4414,1
2.442,1
2.4426,1
2.4432,1
2.4438,1
2.4444,1
2.445,1
2.4456,1
2.4462,1
2.4468,1
2.4474,1
2.448,1
2.4486,1
2.4492,1
2.4498,1
2.4504,1
2.451,1
2.4516,1
2.4522,1
2.4528,1
2.4534,1
2.454,1
2.4546,1
2.4552,1
2.4558,1
2.4564,1
2.457,1
2.4576,1
2.4582,1
2.4588,1
2.4594,1
2.46,1
2.4606,1
2.4612,1
2.4618,1
2.4624,1
2.463,1
2.4636,1
2.4642,1
2.4648,1
2.4654,1
2.466,1
2.4666,1
2.4672,1
2.4678,1
2.4684,1
2.469,1
2.4696,1
2.4702,1
2.4708,1
2.4714,1
2.472,1
2.4726,1
2.4732,1
2.4738,1
2.4744,1
2.475,1
2.4756,1
2.4762,1
2.4768,1
2.4774,1
2.478,1
2.4786,1
2.4792,1
2.4798,1
2.4804,1
2.481,1
2.4816,1
2.4822,1
2.4828,1
2.4834,1
2.484,1
2.4846,1
2.4852,1
2.4858,1
2.4864,1
2.487,1
2.4876,1
2.4882,1
2.4888,1
2.4894,1
2.49,1
2.4906,1
2.4912,1
2.4918,1
2.4924,1
2.493,1
2.4936,1
2.4942,1
2.4948,1
2.4954,1
2.496,1
2.4966,1
2.4972,1
2.4978,1
2.4984,1
2.499,1
2.4996,1
2.5002,1
2.5008,1
2.5014,1
2.502,1
2.5026,1
2.5032,1
2.5038,1
2.5044,1
2.505,1
2.5056,1
2.5062,1
2.5068,1
2.5074,1
2.508,1
2.5086,1
2.5092,1
2.5098,1
2.5104,1
2.511,1
2.5116,1
2.5122,1
2.5128,1
2.5134,1
2.514,1
2.5146,1
2.5152,1
2.5158,1
2.5164,1
2.517,1
2.5176,1
2.5182,1
2.5188,1
2.5194,1
2.52,1
2.5206,1
2.5212,1
2.5218,1
2.5224,1
2.523,1
2.5236,1
2.5242,1
2.5248,1
2.5254,1
2.526,1
2.5266,1
2.5272,1
2.5278,1
2.5284,1
2.529,1
2.5296,1
2.5302,1
2.5308,1
2.5314,1
2.532,1
2.5326,1
2.5332,1
2.5338,1
2.5344,1
2.535,1
2.5356,1
2.5362,1
2.5368,1
2.5374,1
2.538,1
2.5386,1
2.5392,1
2.5398,1
2.5404,1
2.541,1
2.5416,1
2.5422,1
2.5428,1
2.5434,1
2.544,1
2.5446,1
2.5452,1
2.5458,1
2.5464,1
2.547,1
2.5476,1
2.5482,1
2.5488,1
2.5494,1
2.55,1
2.5506,1
2.5512,1
2.5518,1
2.5524,1
2.553,1
2.5536,1
2.5542,1
2.5548,1
2.5554,1
2.556,1
2.5566,1
2.5572,1
2.5578,1
2.5584,1
2.559,1
2.5596,1
2.5602,1
2.5608,1
2.5614,1
2.562,1
2.5626,1
2.5632,1
2.5638,1
2.5644,1
2.565,1
2.5656,1
2.5662,1
2.5668,1
2.5674,1
2.568,1
2.5686,1
2.5692,1
2.5698,1
2.5704,1
2.571,1
2.5716,1
2.5722,1
2.5728,1
2.5734,1
2.574,1
2.5746,1
2.5752,1
2.5758,1
2.5764,1
2.577,1
2.5776,1
2.5782,1
2.5788,1
2.5794,1
2.58,1
2.5806,1
2.5812,1
2.5818,1
2.5824,1
2.583,1
2.58333333333338,1
2.58333333333338,0
2.5836,0
2.5842,0
2.5848,0
2.5854,0
2.586,0
2.5866,0
2.5872,0
2.5878,0
2.5884,0
2.589,0
2.5896,0
2.5902,0
2.5908,0
2.5914,0
2.592,0
2.5926,0
2.5932,0
2.5938,0
2.5944,0
2.595,0
2.5956,0
2.5962,0
2.5968,0
2.5974,0
2.598,0
2.5986,0
2.5992,0
2.5998,0
2.6004,0
2.601,0
2.6016,0
2.6022,0
2.6028,0
2.6034,0
2.604,0
2.6046,0
2.6052,0
2.6058,0
2.6064,0
2.607,0
2.6076,0
2.6082,0
2.6088,0
2.6094,0
2.61,0
2.6106,0
2.6112,0
2.6118,0
2.6124,0
2.613,0
2.6136,0
2.6142,0
2.6148,0
2.6154,0
2.616,0
2.6166,0
2.6172,0
2.6178,0
2.6184,0
2.619,0
2.6196,0
2.6202,0
2.6208,0
2.6214,0
2.622,0
2.6226,0
2.6232,0
2.6238,0
2.6244,0
2.625,0
2.6256,0
2.6262,0
2.6268,0
2.6274,0
2.628,0
2.6286,0
2.6292,0
2.6298,0
2.6304,0
2.631,0
2.6316,0
2.6322,0
2.6328,0
2.6334,0
2.634,0
2.6346,0
2.6352,0
2.6358,0
2.6364,0
2.637,0
2.6376,0
2.6382,0
2.6388,0
2.6394,0
2.64,0
2.6406,0
2.6412,0
2.6418,0
2.6424,0
2.643,0
2.6436,0
2.6442,0
2.6448,0
2.6454,0
2.646,0
2.6466,0
2.6472,0
2.6478,0
2.6484,0
2.649,0
2.6496,0
2.6502,0
2.6508,0
2.6514,0
2.652,0
2.6526,0
2.6532,0
2.6538,0
2.6544,0
2.655,0
2.6556,0
2.6562,0
2.6568,0
2.6574,0
2.658,0
2.6586,0
2.6592,0
2.6598,0
2.6604,0
2.661,0
2.6616,0
2.6622,0
2.6628,0
2.6634,0
2.664,0
2.6646,0
2.6652,0
2.6658,0
2.6664,0
2.667,0
2.6676,0
2.6682,0
2.6688,0
2.6694,0
2.67,0
2.6706,0
2.6712,0
2.6718,0
2.6724,0
2.673,0
2.6736,0
2.6742,0
2.6748,0
2.6754,0
2.676,0
2.6766,0
2.6772,0
2.6778,0
2.6784,0
2.679,0
2.6796,0
2.6802,0
2.6808,0
2.6814,0
2.682,0
2.6826,0
2.6832,0
2.6838,0
2.6844,0
2.685,0
2.6856,0
2.6862,0
2.6868,0
2.6874,0
2.688,0
2.6886,0
2.6892,0
2.6898,0
2.6904,0
2.691,0
2.6916,0
2.6922,0
2.6928,0
2.6934,0
2.694,0
2.6946,0
2.6952,0
2.6958,0
2.6964,0
2.697,0
2.6976,0
2.6982,0
2.6988,0
2.6994,0
2.7,0
2.7006,0
2.7012,0
2.7018,0
2.7024,0
2.703,0
2.7036,0
2.7042,0
2.7048,0
2.7054,0
2.706,0
2.7066,0
2.7072,0
2.7078,0
2.7084,0
2.709,0
2.7096,0
2.7102,0
2.7108,0
2.7114,0
2.712,0
2.7126,0
2.7132,0
2.7138,0
2.7144,0
2.715,0
2.7156,0
2.7162,0
2.7168,0
2.7174,0
2.718,0
2.7186,0
2.7192,0
2.7198,0
2.7204,0
2.721,0
2.7216,0
2.7222,0
2.7228,0
2.7234,0
2.724,0
2.7246,0
2.7252,0
2.7258,0
2.7264,0
2.727,0
2.7276,0
2.7282,0
2.7288,0
2.7294,0
2.73,0
2.7306,0
2.7312,0
2.7318,0
2.7324,0
2.733,0
2.7336,0
2.7342,0
2.7348,0
2.7354,0
2.736,0
2.7366,0
2.7372,0
2.7378,0
2.7384,0
2.739,0
2.7396,0
2.7402,0
2.7408,0
2.7414,0
2.742,0
2.7426,0
2.7432,0
2.7438,0
2.7444,0
2.745,0
2.7456,0
2.7462,0
2.7468,0
2.7474,0
2.748,0
2.7486,0
2.7492,0
2.7498,0
2.7504,0
2.751,0
2.7516,0
2.7522,0
2.7528,0
2.7534,0
2.754,0
2.7546,0
2.7552,0
2.7558,0
2.7564,0
2.757,0
2.7576,0
2.7582,0
2.7588,0
2.7594,0
2.76,0
2.7606,0
2.7612,0
2.7618,0
2.7624,0
2.763,0
2.7636,0
2.7642,0
2.7648,0
2.7654,0
2.766,0
2.7666,0
2.7672,0
2.7678,0
2.7684,0
2.769,0
2.7696,0
2.7702,0
2.7708,0
2.7714,0
2.772,0
2.7726,0
2.7732,0
2.7738,0
2.7744,0
2.775,0
2.7756,0
2.7762,0
2.7768,0
2.7774,0
2.778,0
2.7786,0
2.7792,0
2.7798,0
2.7804,0
2.781,0
2.7816,0
2.7822,0
2.7828,0
2.7834,0
2.784,0
2.7846,0
2.7852,0
2.7858,0
2.7864,0
2.787,0
2.7876,0
2.7882,0
2.7888,0
2.7894,0
2.79,0
2.7906,0
2.7912,0
2.7918,0
2.7924,0
2.793,0
2.7936,0
2.7942,0
2.7948,0
2.7954,0
2.796,0
2.7966,0
2.7972,0
2.7978,0
2.7984,0
2.799,0
2.7996,0
2.8002,0
2.8008,0
2.8014,0
2.802,0
2.8026,0
2.8032,0
2.8038,0
2.8044,0
2.805,0
2.8056,0
2.8062,0
2.8068,0
2.8074,0
2.808,0
2.8086,0
2.8092,0
2.8098,0
2.8104,0
2.811,0
2.8116,0
2.8122,0
2.8128,0
2.8134,0
2.814,0
2.8146,0
2.8152,0
2.8158,0
2.8164,0
2.817,0
2.8176,0
2.8182,0
2.8188,0
2.8194,0
2.82,0
2.8206,0
2.8212,0
2.8218,0
2.8224,0
2.823,0
2.8236,0
2.8242,0
2.8248,0
2.8254,0
2.826,0
2.8266,0
2.8272,0
2.8278,0
2.8284,0
2.829,0
2.8296,0
2.8302,0
2.8308,0
2.8314,0
2.832,0
2.8326,0
2.8332,0
2.8338,0
2.8344,0
2.835,0
2.8356,0
2.8362,0
2.8368,0
2.8374,0
2.838,0
2.8386,0
2.8392,0
2.8398,0
2.8404,0
2.841,0
2.8416,0
2.8422,0
2.8428,0
2.8434,0
2.844,0
2.8446,0
2.8452,0
2.8458,0
2.8464,0
2.847,0
2.8476,0
2.8482,0
2.8488,0
2.8494,0
2.85,0
2.8506,0
2.8512,0
2.8518,0
2.8524,0
2.853,0
2.8536,0
2.8542,0
2.8548,0
2.8554,0
2.856,0
2.8566,0
2.8572,0
2.8578,0
2.8584,0
2.859,0
2.8596,0
2.8602,0
2.8608,0
2.8614,0
2.862,0
2.8626,0
2.8632,0
2.8638,0
2.8644,0
2.865,0
2.8656,0
2.8662,0
2.8668,0
2.8674,0
2.868,0
2.8686,0
2.8692,0
2.8698,0
2.8704,0
2.871,0
2.8716,0
2.8722,0
2.8728,0
2.8734,0
2.874,0
2.8746,0
2.8752,0
2.8758,0
2.8764,0
2.877,0
2.8776,0
2.8782,0
2.8788,0
2.8794,0
2.88,0
2.8806,0
2.8812,0
2.8818,0
2.8824,0
2.883,0
2.8836,0
2.8842,0
2.8848,0
2.8854,0
2.886,0
2.8866,0
2.8872,0
2.8878,0
2.8884,0
2.889,0
2.8896,0
2.8902,0
2.8908,0
2.8914,0
2.892,0
2.8926,0
2.8932,0
2.8938,0
2.8944,0
2.895,0
2.8956,0
2.8962,0
2.8968,0
2.8974,0
2.898,0
2.8986,0
2.8992,0
2.8998,0
2.9004,0
2.901,0
2.9016,0
2.9022,0
2.9028,0
2.9034,0
2.904,0
2.9046,0
2.9052,0
2.9058,0
2.9064,0
2.907,0
2.9076,0
2.9082,0
2.9088,0
2.9094,0
2.91,0
2.9106,0
2.9112,0
2.9118,0
2.9124,0
2.913,0
2.9136,0
2.9142,0
2.9148,0
2.9154,0
2.916,0
2.9166,0
2.9172,0
2.9178,0
2.9184,0
2.919,0
2.9196,0
2.9202,0
2.9208,0
2.9214,0
2.922,0
2.9226,0
2.9232,0
2.9238,0
2.9244,0
2.925,0
2.9256,0
2.9262,0
2.9268,0
2.9274,0
2.928,0
2.9286,0
2.9292,0
2.9298,0
2.9304,0
2.931,0
2.9316,0
2.9322,0
2.9328,0
2.9334,0
2.934,0
2.9346,0
2.9352,0
2.9358,0
2.9364,0
2.937,0
2.9376,0
2.9382,0
2.9388,0
2.9394,0
2.94,0
2.9406,0
2.9412,0
2.9418,0
2.9424,0
2.943,0
2.9436,0
2.9442,0
2.9448,0
2.9454,0
2.946,0
2.9466,0
2.9472,0
2.9478,0
2.9484,0
2.949,0
2.9496,0
2.9502,0
2.9508,0
2.9514,0
2.952,0
2.9526,0
2.9532,0
2.9538,0
2.9544,0
2.955,0
2.9556,0
2.9562,0
2.9568,0
2.9574,0
2.958,0
2.9586,0
2.9592,0
2.9598,0
2.9604,0
2.961,0
2.9616,0
2.9622,0
2.9628,0
2.9634,0
2.964,0
2.9646,0
2.9652,0
2.9658,0
2.9664,0
2.967,0
2.9676,0
2.9682,0
2.9688,0
2.9694,0
2.97,0
2.9706,0
2.9712,0
2.9718,0
2.9724,0
2.973,0
2.9736,0
2.9742,0
2.9748,0
2.9754,0
2.976,0
2.9766,0
2.9772,0
2.9778,0
2.9784,0
2.979,0
2.9796,0
2.9802,0
2.9808,0
2.9814,0
2.982,0
2.9826,0
2.9832,0
2.9838,0
2.9844,0
2.985,0
2.9856,0
2.9862,0
2.9868,0
2.9874,0
2.988,0
2.9886,0
2.9892,0
2.9898,0
2.9904,0
2.991,0
2.9916,0
2.9922,0
2.9928,0
2.9934,0
2.994,0
2.9946,0
2.9952,0
2.9958,0
2.9964,0
2.997,0
2.9976,0
2.9982,0
2.9988,0
2.9994,0
3,0
3,0
