"time","resistor.plug_p.reference.gamma"
0,0
5.0000000000000002e-05,0.01570796326794897
0.0001,0.031415926535897941
0.00015000000000000001,0.047123889803846894
0.00020000000000000001,0.062831853071795868
0.00025000000000000001,0.078539816339744856
0.00030000000000000003,0.094247779607693816
0.00035,0.10995574287564278
0.00040000000000000002,0.12566370614359176
0.00045000000000000004,0.14137166941154072
0.00050000000000000001,0.15707963267948966
0.00055000000000000003,0.17278759594743864
0.00060000000000000006,0.18849555921538763
0.00065000000000000008,0.20420352248333659
0.00069999999999999999,0.21991148575128552
0.00075000000000000002,0.23561944901923451
0.00080000000000000004,0.25132741228718347
0.00085000000000000006,0.26703537555513257
0.00090000000000000008,0.28274333882308156
0.00095,0.29845130209103043
0.001,0.31415926535897942
0.0010500000000000002,0.32986722862692841
0.0011000000000000001,0.3455751918948774
0.00115,0.36128315516282633
0.0012000000000000001,0.37699111843077532
0.00125,0.39269908169872425
0.0013000000000000002,0.40840704496667324
0.0013500000000000001,0.42411500823462223
0.0014,0.43982297150257116
0.0014500000000000001,0.45553093477052015
0.0015,0.47123889803846908
0.0015500000000000002,0.48694686130641807
0.0016000000000000001,0.50265482457436705
0.00165,0.51836278784231593
0.0017000000000000001,0.53407075111026503
0.00175,0.54977871437821402
0.0018000000000000002,0.56548667764616301
0.0018500000000000001,0.58119464091411199
0.0019,0.59690260418206087
0.0019500000000000001,0.61261056745000986
0.002,0.62831853071795885
0.0020500000000000002,0.64402649398590783
0.0021000000000000003,0.65973445725385682
0.00215,0.6754424205218057
0.0022000000000000001,0.69115038378975469
0.0022500000000000003,0.70685834705770367
0.0023,0.72256631032565255
0.0023500000000000001,0.73827427359360165
0.0024000000000000002,0.75398223686155053
0.0024499999999999999,0.7696902001294994
0.0025000000000000001,0.7853981633974485
0.0025500000000000002,0.80110612666539749
0.0026000000000000003,0.81681408993334648
0.00265,0.83252205320129535
0.0027000000000000001,0.84823001646924434
0.0027500000000000003,0.86393797973719333
0.0028,0.87964594300514221
0.0028500000000000001,0.8953539062730913
0.0029000000000000002,0.91106186954104018
0.0029499999999999999,0.92676983280898906
0.0030000000000000001,0.94247779607693816
0.0030500000000000002,0.95818575934488714
0.0031000000000000003,0.97389372261283613
0.00315,0.98960168588078501
0.0032000000000000002,1.0053096491487341
0.0032500000000000003,1.021017612416683
0.0033,1.0367255756846319
0.0033500000000000001,1.0524335389525807
0.0034000000000000002,1.0681415022205298
0.0034500000000000004,1.0838494654884789
0.0035000000000000001,1.0995574287564276
0.0035500000000000002,1.1152653920243767
0.0036000000000000003,1.1309733552923258
0.00365,1.1466813185602747
0.0037000000000000002,1.1623892818282235
0.0037500000000000003,1.1780972450961724
0.0038,1.1938052083641215
0.0038500000000000001,1.2095131716320704
0.0039000000000000003,1.2252211349000195
0.0039500000000000004,1.2409290981679684
0.0040000000000000001,1.2566370614359172
0.0040499999999999998,1.2723450247038661
0.0041000000000000003,1.2880529879718154
0.00415,1.3037609512397643
0.0042000000000000006,1.3194689145077134
0.0042500000000000003,1.3351768777756621
0.0043,1.3508848410436112
0.0043500000000000006,1.3665928043115603
0.0044000000000000003,1.3823007675795091
0.00445,1.398008730847458
0.0045000000000000005,1.4137166941154071
0.0045500000000000002,1.429424657383356
0.0045999999999999999,1.4451326206513051
0.0046500000000000005,1.460840583919254
0.0047000000000000002,1.4765485471872029
0.0047499999999999999,1.4922565104551517
0.0048000000000000004,1.5079644737231011
0.0048500000000000001,1.5236724369910499
0.0048999999999999998,1.5393804002589988
0.0049500000000000004,1.5550883635269477
0.0050000000000000001,1.5707963267948966
0.0050500000000000007,1.5865042900628459
0.0051000000000000004,1.6022122533307948
0.0051500000000000001,1.6179202165987436
0.0052000000000000006,1.6336281798666927
0.0052500000000000003,1.6493361431346416
0.0053,1.6650441064025905
0.0053500000000000006,1.6807520696705396
0.0054000000000000003,1.6964600329384885
0.00545,1.7121679962064373
0.0055000000000000005,1.7278759594743864
0.0055500000000000002,1.7435839227423353
0.0055999999999999999,1.7592918860102842
0.0056500000000000005,1.7749998492782333
0.0057000000000000002,1.7907078125461822
0.0057499999999999999,1.806415775814131
0.0058000000000000005,1.8221237390820804
0.0058500000000000002,1.8378317023500292
0.0058999999999999999,1.8535396656179781
0.0059500000000000004,1.8692476288859272
0.0060000000000000001,1.8849555921538761
0.0060500000000000007,1.9006635554218252
0.0061000000000000004,1.9163715186897741
0.0061500000000000001,1.9320794819577229
0.0062000000000000006,1.947787445225672
0.0062500000000000003,1.9634954084936209
0.0063,1.9792033717615698
0.0063500000000000006,1.9949113350295189
0.0064000000000000003,2.0106192982974678
0.00645,2.0263272615654166
0.0065000000000000006,2.042035224833366
0.0065500000000000003,2.0577431881013148
0.0066,2.0734511513692637
0.0066500000000000005,2.0891591146372126
0.0067000000000000002,2.1048670779051624
0.0067499999999999999,2.1205750411731112
0.0068000000000000005,2.1362830044410606
0.0068500000000000002,2.151990967709009
0.0069000000000000008,2.1676989309769583
0.0069500000000000004,2.1834068942449072
0.0070000000000000001,2.1991148575128561
0.0070500000000000007,2.2148228207808049
0.0071000000000000004,2.2305307840487538
0.0071500000000000001,2.2462387473167027
0.0072000000000000007,2.2619467105846525
0.0072500000000000004,2.2776546738526009
0.0073000000000000001,2.2933626371205498
0.0073500000000000006,2.3090706003884991
0.0074000000000000003,2.324778563656448
0.00745,2.3404865269243968
0.0075000000000000006,2.3561944901923457
0.0075500000000000003,2.3719024534602946
0.0076,2.3876104167282435
0.0076500000000000005,2.4033183799961924
0.0077000000000000002,2.4190263432641417
0.0077499999999999999,2.4347343065320906
0.0078000000000000005,2.4504422698000399
0.0078500000000000011,2.4661502330679888
0.0079000000000000008,2.4818581963359376
0.0079500000000000005,2.4975661596038865
0.0080000000000000002,2.5132741228718354
0.0080499999999999999,2.5289820861397843
0.0080999999999999996,2.5446900494077331
0.008150000000000001,2.5603980126756829
0.0082000000000000007,2.5761059759436318
0.0082500000000000004,2.5918139392115802
0.0083000000000000001,2.6075219024795291
0.0083499999999999998,2.6232298657474784
0.0084000000000000012,2.6389378290154273
0.0084500000000000009,2.6546457922833762
0.0085000000000000006,2.670353755551325
0.0085500000000000003,2.6860617188192739
0.0086,2.7017696820872228
0.0086499999999999997,2.7174776453551717
0.0087000000000000011,2.7331856086231214
0.0087500000000000008,2.7488935718910703
0.0088000000000000005,2.7646015351590192
0.0088500000000000002,2.7803094984269681
0.0088999999999999999,2.7960174616949169
0.0089499999999999996,2.8117254249628658
0.0090000000000000011,2.8274333882308151
0.0090500000000000008,2.8431413514987636
0.0091000000000000004,2.8588493147667124
0.0091500000000000001,2.8745572780346618
0.0091999999999999998,2.8902652413026102
0.0092500000000000013,2.90597320457056
0.009300000000000001,2.9216811678385088
0.0093500000000000007,2.9373891311064577
0.0094000000000000004,2.9530970943744066
0.0094500000000000001,2.9688050576423555
0.0094999999999999998,2.9845130209103043
0.0095500000000000012,3.0002209841782537
0.0096000000000000009,3.0159289474462025
0.0096500000000000006,3.0316369107141514
0.0097000000000000003,3.0473448739821003
0.00975,3.0630528372500492
0.0097999999999999997,3.0787608005179976
0.0098500000000000011,3.0944687637859474
0.0099000000000000008,3.1101767270538963
0.0099500000000000005,3.1258846903218451
0.01,3.141592653589794
0.01005,3.1573006168577429
0.010100000000000001,3.1730085801256922
0.010150000000000001,3.1887165433936415
0.010200000000000001,3.20442450666159
0.01025,3.2201324699295388
0.0103,3.2358404331974877
0.01035,3.2515483964654366
0.010400000000000001,3.2672563597333859
0.010450000000000001,3.2829643230013348
0.010500000000000001,3.2986722862692837
0.01055,3.3143802495372325
0.0106,3.3300882128051814
0.01065,3.3457961760731303
0.010700000000000001,3.3615041393410801
0.010750000000000001,3.3772121026090289
0.010800000000000001,3.3929200658769778
0.01085,3.4086280291449267
0.0109,3.4243359924128756
0.01095,3.4400439556808244
0.011000000000000001,3.4557519189487738
0.011050000000000001,3.4714598822167226
0.0111,3.4871678454846715
0.01115,3.5028758087526204
0.0112,3.5185837720205693
0.011250000000000001,3.5342917352885186
0.011300000000000001,3.5499996985564675
0.011350000000000001,3.5657076618244163
0.0114,3.5814156250923652
0.01145,3.5971235883603141
0.0115,3.612831551628263
0.011550000000000001,3.6285395148962123
0.011600000000000001,3.6442474781641612
0.011650000000000001,3.65995544143211
0.0117,3.6756634047000589
0.01175,3.6913713679680078
0.0118,3.7070793312359567
0.011850000000000001,3.722787294503906
0.011900000000000001,3.7384952577718549
0.011950000000000001,3.7542032210398038
0.012,3.7699111843077526
0.01205,3.7856191475757015
0.012100000000000001,3.8013271108436508
0.012150000000000001,3.8170350741115997
0.012200000000000001,3.8327430373795486
0.01225,3.8484510006474975
0.0123,3.8641589639154463
0.01235,3.8798669271833952
0.012400000000000001,3.8955748904513445
0.012450000000000001,3.9112828537192934
0.012500000000000001,3.9269908169872423
0.01255,3.9426987802551912
0.0126,3.95840674352314
0.01265,3.9741147067910889
0.012700000000000001,3.9898226700590387
0.012750000000000001,4.0055306333269876
0.012800000000000001,4.0212385965949364
0.01285,4.0369465598628853
0.0129,4.0526545231308342
0.012950000000000001,4.0683624863987831
0.013000000000000001,4.0840704496667319
0.013050000000000001,4.0997784129346808
0.013100000000000001,4.1154863762026297
0.01315,4.1311943394705786
0.0132,4.1469023027385274
0.013250000000000001,4.1626102660064772
0.013300000000000001,4.1783182292744261
0.013350000000000001,4.194026192542375
0.0134,4.2097341558103221
0.01345,4.2254421190782709
0.0135,4.2411500823462198
0.013550000000000001,4.2568580456141696
0.013600000000000001,4.2725660088821185
0.013650000000000001,4.2882739721500673
0.0137,4.3039819354180162
0.01375,4.3196898986859651
0.013800000000000002,4.335397861953914
0.013850000000000001,4.3511058252218637
0.013900000000000001,4.3668137884898126
0.013950000000000001,4.3825217517577615
0.014,4.3982297150257104
0.01405,4.4139376782936584
0.014100000000000001,4.4296456415616081
0.014150000000000001,4.445353604829557
0.014200000000000001,4.4610615680975059
0.014250000000000001,4.4767695313654547
0.0143,4.4924774946334036
0.01435,4.5081854579013534
0.014400000000000001,4.5238934211693023
0.014450000000000001,4.5396013844372511
0.014500000000000001,4.5553093477051991
0.01455,4.5710173109731489
0.0146,4.5867252742410969
0.014650000000000002,4.6024332375090466
0.014700000000000001,4.6181412007769964
0.014750000000000001,4.6338491640449444
0.014800000000000001,4.6495571273128942
0.01485,4.6652650905808422
0.0149,4.680973053848791
0.014950000000000001,4.6966810171167399
0.015000000000000001,4.7123889803846897
0.015050000000000001,4.7280969436526386
0.015100000000000001,4.7438049069205874
0.01515,4.7595128701885363
0.0152,4.7752208334564852
0.015250000000000001,4.7909287967244341
0.015300000000000001,4.8066367599923829
0.015350000000000001,4.8223447232603327
0.0154,4.8380526865282807
0.01545,4.8537606497962305
0.0155,4.8694686130641784
0.015550000000000001,4.8851765763321282
0.015600000000000001,4.9008845396000771
0.015650000000000001,4.916592502868026
0.015700000000000002,4.9323004661359757
0.01575,4.9480084294039237
0.015800000000000002,4.9637163926718735
0.01585,4.9794243559398215
0.015900000000000001,4.9951323192077712
0.015950000000000002,5.010840282475721
0.016,5.026548245743669
0.016050000000000002,5.0422562090116179
0.0161,5.0579641722795667
0.016150000000000001,5.0736721355475156
0.016199999999999999,5.0893800988154645
0.016250000000000001,5.1050880620834134
0.016300000000000002,5.1207960253513631
0.01635,5.136503988619312
0.016400000000000001,5.1522119518872609
0.016449999999999999,5.1679199151552089
0.016500000000000001,5.1836278784231578
0.016550000000000002,5.1993358416911075
0.0166,5.2150438049590555
0.016650000000000002,5.2307517682270053
0.0167,5.2464597314949541
0.016750000000000001,5.262167694762903
0.016800000000000002,5.2778756580308528
0.01685,5.2935836212988008
0.016900000000000002,5.3092915845667505
0.01695,5.3249995478346985
0.017000000000000001,5.3407075111026483
0.017049999999999999,5.3564154743705963
0.017100000000000001,5.3721234376385461
0.017150000000000002,5.3878314009064958
0.0172,5.4035393641744438
0.017250000000000001,5.4192473274423927
0.017299999999999999,5.4349552907103416
0.017350000000000001,5.4506632539782913
0.017400000000000002,5.4663712172462402
0.01745,5.4820791805141891
0.017500000000000002,5.497787143782138
0.01755,5.5134951070500868
0.017600000000000001,5.5292030703180366
0.017650000000000002,5.5449110335859855
0.0177,5.5606189968539335
0.017750000000000002,5.5763269601218823
0.0178,5.5920349233898312
0.017850000000000001,5.6077428866577801
0.017899999999999999,5.623450849925729
0.017950000000000001,5.6391588131936787
0.018000000000000002,5.6548667764616276
0.01805,5.6705747397295756
0.018100000000000002,5.6862827029975254
0.018149999999999999,5.7019906662654734
0.018200000000000001,5.7176986295334231
0.018250000000000002,5.7334065928013729
0.0183,5.7491145560693209
0.018350000000000002,5.7648225193372706
0.0184,5.7805304826052186
0.018450000000000001,5.7962384458731684
0.018500000000000003,5.8119464091411173
0.018550000000000001,5.8276543724090661
0.018600000000000002,5.8433623356770159
0.01865,5.8590702989449639
0.018700000000000001,5.8747782622129137
0.018749999999999999,5.8904862254808616
0.018800000000000001,5.9061941887488105
0.018850000000000002,5.9219021520167594
0.0189,5.9376101152847083
0.018950000000000002,5.953318078552658
0.019,5.9690260418206069
0.019050000000000001,5.9847340050885558
0.019100000000000002,6.0004419683565047
0.01915,6.0161499316244536
0.019200000000000002,6.0318578948924024
0.01925,6.0475658581603504
0.019300000000000001,6.0632738214283002
0.019350000000000003,6.0789817846962499
0.019400000000000001,6.0946897479641979
0.019450000000000002,6.1103977112321477
0.0195,6.1261056745000957
0.019550000000000001,6.1418136377680455
0.019599999999999999,6.1575216010359934
0.019650000000000001,6.1732295643039432
0.019700000000000002,6.188937527571893
0.01975,6.204645490839841
0.019800000000000002,6.2203534541077907
0.01985,6.2360614173757387
0.019900000000000001,6.2517693806436885
0.019950000000000002,6.2674773439116382
0.02,6.2831853071795862
0.020050000000000002,6.298893270447536
0.0201,6.314601233715484
0.020150000000000001,6.3303091969834329
0.020200000000000003,6.3460171602513817
0.020250000000000001,6.3617251235193315
0.020300000000000002,6.3774330867872804
0.02035,6.3931410500552284
0.020400000000000001,6.4088490133231781
0.020449999999999999,6.4245569765911261
0.020500000000000001,6.4402649398590759
0.020550000000000002,6.4559729031270248
0.0206,6.4716808663949736
0.020650000000000002,6.4873888296629225
0.0207,6.5030967929308714
0.020750000000000001,6.5188047561988203
0.020800000000000003,6.53451271946677
0.02085,6.550220682734718
0.020900000000000002,6.5659286460026678
0.02095,6.5816366092706158
0.021000000000000001,6.5973445725385655
0.021050000000000003,6.6130525358065153
0.021100000000000001,6.6287604990744633
0.021150000000000002,6.6444684623424131
0.0212,6.6601764256103611
0.021250000000000002,6.6758843888783108
0.021299999999999999,6.6915923521462588
0.021350000000000001,6.7073003154142086
0.021400000000000002,6.7230082786821574
0.02145,6.7387162419501063
0.021500000000000002,6.7544242052180552
0.02155,6.7701321684860041
0.021600000000000001,6.785840131753953
0.021650000000000003,6.8015480950219027
0.021700000000000001,6.8172560582898507
0.021750000000000002,6.8329640215577996
0.0218,6.8486719848257485
0.021850000000000001,6.8643799480936982
0.021899999999999999,6.8800879113616462
0.021950000000000001,6.895795874629596
0.022000000000000002,6.9115038378975449
0.02205,6.9272118011654937
0.022100000000000002,6.9429197644334426
0.02215,6.9586277277013915
0.022200000000000001,6.9743356909693404
0.022250000000000002,6.9900436542372901
0.0223,7.0057516175052381
0.022350000000000002,7.0214595807731879
0.0224,7.0371675440411359
0.022450000000000001,7.0528755073090856
0.022500000000000003,7.0685834705770354
0.022550000000000001,7.0842914338449834
0.022600000000000002,7.0999993971129332
0.02265,7.1157073603808811
0.022700000000000001,7.13141532364883
0.022749999999999999,7.1471232869167789
0.022800000000000001,7.1628312501847287
0.022850000000000002,7.1785392134526775
0.0229,7.1942471767206255
0.022950000000000002,7.2099551399885753
0.023,7.2256631032565242
0.023050000000000001,7.241371066524473
0.023100000000000002,7.2570790297924228
0.02315,7.2727869930603708
0.023200000000000002,7.2884949563283197
0.02325,7.3042029195962686
0.023300000000000001,7.3199108828642174
0.023350000000000003,7.3356188461321672
0.023400000000000001,7.3513268094001152
0.023450000000000002,7.3670347726680649
0.0235,7.3827427359360129
0.023550000000000001,7.3984506992039627
0.023599999999999999,7.4141586624719107
0.023650000000000001,7.4298666257398605
0.023700000000000002,7.4455745890078102
0.02375,7.4612825522757582
0.023800000000000002,7.476990515543708
0.02385,7.492698478811656
0.023900000000000001,7.5084064420796057
0.023950000000000003,7.5241144053475546
0.024,7.5398223686155035
0.024050000000000002,7.5555303318834524
0.0241,7.5712382951514012
0.024150000000000001,7.5869462584193501
0.024200000000000003,7.6026542216872999
0.024250000000000001,7.6183621849552479
0.024300000000000002,7.6340701482231976
0.02435,7.6497781114911456
0.024400000000000002,7.6654860747590954
0.02445,7.6811940380270434
0.024500000000000001,7.6969020012949931
0.024550000000000002,7.712609964562942
0.0246,7.7283179278308909
0.024650000000000002,7.7440258910988398
0.0247,7.7597338543667886
0.024750000000000001,7.7754418176347375
0.024800000000000003,7.7911497809026873
0.024850000000000001,7.8068577441706353
0.024900000000000002,7.822565707438585
0.02495,7.838273670706533
0.025000000000000001,7.8539816339744828
0.025050000000000003,7.8696895972424326
0.025100000000000001,7.8853975605103805
0.025150000000000002,7.9011055237783303
0.0252,7.9168134870462783
0.025250000000000002,7.9325214503142281
0.0253,7.9482294135821761
0.025350000000000001,7.9639373768501258
0.025400000000000002,7.9796453401180747
0.02545,7.9953533033860236
0.025500000000000002,8.0110612666539733
0.02555,8.0267692299219213
0.025600000000000001,8.0424771931898711
0.025650000000000003,8.0581851564578191
0.025700000000000001,8.0738931197257688
0.025750000000000002,8.0896010829937168
0.0258,8.1053090462616666
0.025850000000000001,8.1210170095296146
0.025900000000000003,8.1367249727975643
0.025950000000000001,8.1524329360655123
0.026000000000000002,8.1681408993334621
0.02605,8.1838488626014101
0.026100000000000002,8.1995568258693599
0.02615,8.2152647891373078
0.026200000000000001,8.2309727524052576
0.026250000000000002,8.2466807156732074
0.0263,8.2623886789411554
0.026350000000000002,8.2780966422091051
0.0264,8.2938046054770531
0.026450000000000001,8.3095125687450029
0.026500000000000003,8.3252205320129526
0.026550000000000001,8.3409284952809006
0.026600000000000002,8.3566364585488504
0.02665,8.3723444218167984
0.026700000000000002,8.3880523850847482
0.026750000000000003,8.4037603483526944
0.026800000000000001,8.4194683116206424
0.026850000000000002,8.4351762748885921
0.0269,8.4508842381565401
0.026950000000000002,8.4665922014244899
0.027,8.4823001646924379
0.027050000000000001,8.4980081279603876
0.027100000000000003,8.5137160912283374
0.027150000000000001,8.5294240544962854
0.027200000000000002,8.5451320177642351
0.02725,8.5608399810321831
0.027300000000000001,8.5765479443001311
0.027350000000000003,8.5922559075680809
0.027400000000000001,8.6079638708360307
0.027450000000000002,8.6236718341039786
0.0275,8.6393797973719284
0.027550000000000002,8.6550877606398764
0.027600000000000003,8.6707957239078262
0.027650000000000001,8.6865036871757759
0.027700000000000002,8.7022116504437239
0.02775,8.7179196137116737
0.027800000000000002,8.7336275769796217
0.02785,8.7493355402475714
0.027900000000000001,8.7650435035155194
0.027950000000000003,8.780751466783471
0.028000000000000001,8.7964594300514172
0.028050000000000002,8.8121673933193669
0.0281,8.8278753565873149
0.028150000000000001,8.8435833198552647
0.028200000000000003,8.8592912831232127
0.028250000000000001,8.8749992463911624
0.028300000000000002,8.8907072096591122
0.02835,8.9064151729270602
0.028400000000000002,8.92212313619501
0.028450000000000003,8.937831099462958
0.028500000000000001,8.9535390627309077
0.028550000000000002,8.9692470259988575
0.0286,8.9849549892668055
0.028650000000000002,9.0006629525347552
0.0287,9.0163709158027032
0.028750000000000001,9.032078879070653
0.028800000000000003,9.0477868423386028
0.028850000000000001,9.063494805606549
0.028900000000000002,9.0792027688744987
0.02895,9.0949107321424485
0.029000000000000001,9.1106186954103983
0.029050000000000003,9.1263266586783462
0.029100000000000001,9.1420346219462942
0.029150000000000002,9.157742585214244
0.0292,9.1734505484821938
0.029250000000000002,9.1891585117501418
0.029300000000000003,9.2048664750180915
0.029350000000000001,9.2205744382860395
0.029400000000000003,9.2362824015539893
0.02945,9.251990364821939
0.029500000000000002,9.267698328089887
0.02955,9.283406291357835
0.029600000000000001,9.2991142546257848
0.029650000000000003,9.3148222178937345
0.029700000000000001,9.3305301811616825
0.029750000000000002,9.3462381444296305
0.0298,9.3619461076975803
0.029850000000000002,9.3776540709655301
0.029900000000000003,9.3933620342334798
0.029950000000000001,9.4090699975014278
0.030000000000000002,9.4247779607693758
0.03005,9.4404859240373256
0.030100000000000002,9.4561938873052753
0.03015,9.4719018505732233
0.030200000000000001,9.4876098138411713
0.030250000000000003,9.5033177771091211
0.030300000000000001,9.5190257403770708
0.030350000000000002,9.5347337036450206
0.0304,9.5504416669129668
0.030450000000000001,9.5661496301809166
0.030500000000000003,9.5818575934488663
0.030550000000000001,9.5975655567168143
0.030600000000000002,9.6132735199847641
0.03065,9.6289814832527121
0.030700000000000002,9.6446894465206618
0.030750000000000003,9.6603974097886116
0.030800000000000001,9.6761053730565596
0.030850000000000002,9.6918133363245094
0.0309,9.7075212995924574
0.030950000000000002,9.7232292628604071
0.031,9.7389372261283569
0.031050000000000001,9.7546451893963049
0.031100000000000003,9.7703531526642546
0.031150000000000001,9.7860611159322026
0.031200000000000002,9.8017690792001524
0.03125,9.8174770424680986
0.031300000000000001,9.8331850057360484
0.031350000000000003,9.8488929690039981
0.031400000000000004,9.8646009322719479
0.031449999999999999,9.8803088955398959
0.0315,9.8960168588078439
0.031550000000000002,9.9117248220757936
0.031600000000000003,9.9274327853437434
0.031650000000000005,9.9431407486116932
0.031699999999999999,9.9588487118796412
0.03175,9.9745566751475891
0.031800000000000002,9.9902646384155389
0.031850000000000003,10.005972601683489
0.031900000000000005,10.021680564951438
0.031949999999999999,10.037388528219385
0.032000000000000001,10.053096491487334
0.032050000000000002,10.068804454755284
0.032100000000000004,10.084512418023234
0.032150000000000005,10.100220381291184
0.032199999999999999,10.11592834455913
0.032250000000000001,10.13163630782708
0.032300000000000002,10.147344271095029
0.032350000000000004,10.163052234362979
0.032399999999999998,10.178760197630925
0.03245,10.194468160898875
0.032500000000000001,10.210176124166825
0.032550000000000003,10.225884087434775
0.032600000000000004,10.241592050702724
0.032649999999999998,10.257300013970671
0.0327,10.27300797723862
0.032750000000000001,10.28871594050657
0.032800000000000003,10.30442390377452
0.032850000000000004,10.32013186704247
0.032899999999999999,10.335839830310416
0.03295,10.351547793578366
0.033000000000000002,10.367255756846316
0.033050000000000003,10.382963720114263
0.033100000000000004,10.398671683382213
0.033149999999999999,10.414379646650161
0.0332,10.430087609918111
0.033250000000000002,10.445795573186061
0.033300000000000003,10.461503536454009
0.033350000000000005,10.477211499721959
0.033399999999999999,10.492919462989907
0.033450000000000001,10.508627426257856
0.033500000000000002,10.524335389525804
0.033550000000000003,10.540043352793754
0.033600000000000005,10.555751316061704
0.033649999999999999,10.57145927932965
0.033700000000000001,10.5871672425976
0.033750000000000002,10.602875205865548
0.033800000000000004,10.618583169133498
0.033850000000000005,10.634291132401447
0.0339,10.649999095669395
0.033950000000000001,10.665707058937345
0.034000000000000002,10.681415022205293
0.034050000000000004,10.697122985473243
0.034099999999999998,10.712830948741191
0.03415,10.728538912009141
0.034200000000000001,10.74424687527709
0.034250000000000003,10.759954838545038
0.034300000000000004,10.775662801812988
0.034349999999999999,10.791370765080934
0.0344,10.807078728348884
0.034450000000000001,10.822786691616834
0.034500000000000003,10.838494654884784
0.034550000000000004,10.854202618152733
0.034599999999999999,10.86991058142068
0.03465,10.885618544688629
0.034700000000000002,10.901326507956579
0.034750000000000003,10.917034471224529
0.034800000000000005,10.932742434492479
0.034849999999999999,10.948450397760425
0.0349,10.964158361028375
0.034950000000000002,10.979866324296324
0.035000000000000003,10.995574287564274
0.035050000000000005,11.011282250832224
0.035099999999999999,11.02699021410017
0.035150000000000001,11.04269817736812
0.035200000000000002,11.05840614063607
0.035250000000000004,11.074114103904019
0.035300000000000005,11.089822067171969
0.035349999999999999,11.105530030439915
0.035400000000000001,11.121237993707865
0.035450000000000002,11.136945956975815
0.035500000000000004,11.152653920243765
0.035549999999999998,11.168361883511711
0.0356,11.184069846779661
0.035650000000000001,11.19977781004761
0.035700000000000003,11.21548577331556
0.035750000000000004,11.231193736583508
0.035799999999999998,11.246901699851456
0.03585,11.262609663119406
0.035900000000000001,11.278317626387356
0.035950000000000003,11.294025589655305
0.036000000000000004,11.309733552923253
0.036049999999999999,11.325441516191201
0.0361,11.341149479459149
0.036150000000000002,11.356857442727099
0.036200000000000003,11.372565405995049
0.036250000000000004,11.388273369262997
0.036299999999999999,11.403981332530947
0.03635,11.419689295798895
0.036400000000000002,11.435397259066844
0.036450000000000003,11.451105222334792
0.036500000000000005,11.466813185602742
0.036549999999999999,11.482521148870692
0.036600000000000001,11.49822911213864
0.036650000000000002,11.51393707540659
0.036700000000000003,11.529645038674538
0.036750000000000005,11.545353001942487
0.036799999999999999,11.561060965210434
0.036850000000000001,11.576768928478383
0.036900000000000002,11.592476891746333
0.036950000000000004,11.608184855014283
0.037000000000000005,11.623892818282233
0.03705,11.639600781550179
0.037100000000000001,11.655308744818129
0.037150000000000002,11.671016708086078
0.037200000000000004,11.686724671354028
0.037249999999999998,11.702432634621976
0.0373,11.718140597889924
0.037350000000000001,11.733848561157874
0.037400000000000003,11.749556524425824
0.037450000000000004,11.765264487693774
0.037499999999999999,11.78097245096172
0.03755,11.79668041422967
0.037600000000000001,11.812388377497619
0.037650000000000003,11.828096340765569
0.037700000000000004,11.843804304033519
0.037749999999999999,11.859512267301465
0.0378,11.875220230569415
0.037850000000000002,11.890928193837365
0.037900000000000003,11.906636157105314
0.037950000000000005,11.922344120373264
0.037999999999999999,11.93805208364121
0.03805,11.95376004690916
0.038100000000000002,11.96946801017711
0.038150000000000003,11.98517597344506
0.038200000000000005,12.000883936713009
0.038249999999999999,12.016591899980956
0.038300000000000001,12.032299863248905
0.038350000000000002,12.048007826516855
0.038400000000000004,12.063715789784805
0.038450000000000005,12.079423753052755
0.0385,12.095131716320701
0.038550000000000001,12.110839679588651
0.038600000000000002,12.126547642856599
0.038650000000000004,12.142255606124548
0.038700000000000005,12.157963569392496
0.03875,12.173671532660446
0.038800000000000001,12.189379495928396
0.038850000000000003,12.205087459196344
0.038900000000000004,12.220795422464294
0.038949999999999999,12.236503385732242
0.039,12.252211349000191
0.039050000000000001,12.267919312268139
0.039100000000000003,12.283627275536089
0.039150000000000004,12.299335238804039
0.039199999999999999,12.315043202071985
0.03925,12.330751165339935
0.039300000000000002,12.346459128607883
0.039350000000000003,12.362167091875833
0.039400000000000004,12.377875055143782
0.039449999999999999,12.39358301841173
0.0395,12.40929098167968
0.039550000000000002,12.424998944947628
0.039600000000000003,12.440706908215578
0.039650000000000005,12.456414871483528
0.039699999999999999,12.472122834751476
0.039750000000000001,12.487830798019424
0.039800000000000002,12.503538761287373
0.039850000000000003,12.519246724555323
0.039900000000000005,12.534954687823273
0.039949999999999999,12.550662651091219
0.040000000000000001,12.566370614359169
0.040050000000000002,12.582078577627119
0.040100000000000004,12.597786540895068
0.040150000000000005,12.613494504163018
0.0402,12.629202467430964
0.040250000000000001,12.644910430698914
0.040300000000000002,12.660618393966864
0.040350000000000004,12.676326357234814
0.040400000000000005,12.692034320502763
0.04045,12.70774228377071
0.040500000000000001,12.723450247038659
0.040550000000000003,12.739158210306609
0.040600000000000004,12.754866173574559
0.040649999999999999,12.770574136842505
0.0407,12.786282100110455
0.040750000000000001,12.801990063378405
0.040800000000000003,12.817698026646354
0.040850000000000004,12.833405989914302
0.040899999999999999,12.84911395318225
0.04095,12.8648219164502
0.041000000000000002,12.88052987971815
0.041050000000000003,12.896237842986098
0.041100000000000005,12.911945806254048
0.041149999999999999,12.927653769521996
0.041200000000000001,12.943361732789946
0.041250000000000002,12.959069696057895
0.041300000000000003,12.974777659325843
0.041350000000000005,12.990485622593793
0.041399999999999999,13.006193585861741
0.041450000000000001,13.021901549129689
0.041500000000000002,13.037609512397639
0.041550000000000004,13.053317475665589
0.041600000000000005,13.069025438933538
0.04165,13.084733402201486
0.041700000000000001,13.100441365469434
0.041750000000000002,13.116149328737384
0.041800000000000004,13.131857292005334
0.041850000000000005,13.147565255273282
0.0419,13.16327321854123
0.041950000000000001,13.17898118180918
0.042000000000000003,13.194689145077129
0.042050000000000004,13.210397108345077
0.042100000000000005,13.226105071613027
0.04215,13.241813034880975
0.042200000000000001,13.257520998148923
0.042250000000000003,13.273228961416873
0.042300000000000004,13.288936924684823
0.042349999999999999,13.304644887952771
0.0424,13.32035285122072
0.042450000000000002,13.336060814488668
0.042500000000000003,13.351768777756618
0.042550000000000004,13.367476741024568
0.042599999999999999,13.383184704292516
0.04265,13.398892667560464
0.042700000000000002,13.414600630828414
0.042750000000000003,13.430308594096363
0.042800000000000005,13.446016557364313
0.042849999999999999,13.461724520632259
0.042900000000000001,13.477432483900209
0.042950000000000002,13.493140447168159
0.043000000000000003,13.508848410436109
0.043050000000000005,13.524556373704058
0.043099999999999999,13.540264336972005
0.043150000000000001,13.555972300239954
0.043200000000000002,13.571680263507904
0.043250000000000004,13.587388226775854
0.043300000000000005,13.603096190043804
0.04335,13.61880415331175
0.043400000000000001,13.6345121165797
0.043450000000000003,13.650220079847649
0.043500000000000004,13.665928043115597
0.043550000000000005,13.681636006383547
0.0436,13.697343969651495
0.043650000000000001,13.713051932919445
0.043700000000000003,13.728759896187395
0.043750000000000004,13.744467859455343
0.043799999999999999,13.760175822723291
0.04385,13.77588378599124
0.043900000000000002,13.79159174925919
0.043950000000000003,13.807299712527138
0.044000000000000004,13.823007675795088
0.044049999999999999,13.838715639063036
0.0441,13.854423602330984
0.044150000000000002,13.870131565598934
0.044200000000000003,13.885839528866883
0.044250000000000005,13.901547492134833
0.044299999999999999,13.917255455402781
0.044350000000000001,13.932963418670729
0.044400000000000002,13.948671381938679
0.044450000000000003,13.964379345206629
0.044500000000000005,13.980087308474578
0.044549999999999999,13.995795271742525
0.044600000000000001,14.011503235010474
0.044650000000000002,14.027211198278424
0.044700000000000004,14.042919161546372
0.044750000000000005,14.058627124814322
0.0448,14.07433508808227
0.044850000000000001,14.09004305135022
0.044900000000000002,14.105751014618169
0.044950000000000004,14.121458977886117
0.045000000000000005,14.137166941154067
0.04505,14.152874904422015
0.045100000000000001,14.168582867689963
0.045150000000000003,14.184290830957913
0.045200000000000004,14.199998794225863
0.045250000000000005,14.215706757493813
0.0453,14.231414720761759
0.045350000000000001,14.247122684029708
0.045400000000000003,14.262830647297658
0.045450000000000004,14.278538610565608
0.045499999999999999,14.294246573833554
0.04555,14.309954537101504
0.045600000000000002,14.325662500369454
0.045650000000000003,14.341370463637404
0.045700000000000005,14.357078426905353
0.045749999999999999,14.3727863901733
0.0458,14.388494353441249
0.045850000000000002,14.404202316709199
0.045900000000000003,14.419910279977149
0.045950000000000005,14.435618243245099
0.045999999999999999,14.451326206513045
0.046050000000000001,14.467034169780995
0.046100000000000002,14.482742133048944
0.046150000000000004,14.498450096316894
0.046200000000000005,14.514158059584844
0.046249999999999999,14.52986602285279
0.046300000000000001,14.54557398612074
0.046350000000000002,14.56128194938869
0.046400000000000004,14.576989912656638
0.046450000000000005,14.592697875924587
0.0465,14.608405839192535
0.046550000000000001,14.624113802460485
0.046600000000000003,14.639821765728433
0.046650000000000004,14.655529728996383
0.046700000000000005,14.671237692264333
0.04675,14.686945655532281
0.046800000000000001,14.702653618800229
0.046850000000000003,14.718361582068178
0.046900000000000004,14.734069545336128
0.046950000000000006,14.749777508604078
0.047,14.765485471872024
0.047050000000000002,14.781193435139974
0.047100000000000003,14.796901398407924
0.047150000000000004,14.812609361675873
0.047199999999999999,14.82831732494382
0.04725,14.844025288211769
0.047300000000000002,14.859733251479719
0.047350000000000003,14.875441214747669
0.047400000000000005,14.891149178015617
0.047449999999999999,14.906857141283565
0.047500000000000001,14.922565104551515
0.047550000000000002,14.938273067819464
0.047600000000000003,14.953981031087412
0.047650000000000005,14.969688994355362
0.047699999999999999,14.98539695762331
0.047750000000000001,15.00110492089126
0.047800000000000002,15.016812884159208
0.047850000000000004,15.032520847427158
0.047900000000000005,15.048228810695107
0.04795,15.063936773963055
0.048000000000000001,15.079644737231003
0.048050000000000002,15.095352700498953
0.048100000000000004,15.111060663766903
0.048150000000000005,15.126768627034853
0.0482,15.142476590302799
0.048250000000000001,15.158184553570749
0.048300000000000003,15.173892516838698
0.048350000000000004,15.189600480106648
0.048400000000000006,15.205308443374598
0.04845,15.221016406642544
0.048500000000000001,15.236724369910494
0.048550000000000003,15.252432333178444
0.048600000000000004,15.268140296446393
0.048650000000000006,15.283848259714341
0.0487,15.299556222982289
0.048750000000000002,15.315264186250239
0.048800000000000003,15.330972149518189
0.048850000000000005,15.346680112786139
0.048899999999999999,15.362388076054085
0.04895,15.378096039322035
0.049000000000000002,15.393804002589984
0.049050000000000003,15.409511965857934
0.049100000000000005,15.425219929125882
0.049149999999999999,15.44092789239383
0.049200000000000001,15.45663585566178
0.049250000000000002,15.472343818929728
0.049300000000000004,15.488051782197678
0.049350000000000005,15.503759745465628
0.049399999999999999,15.519467708733576
0.049450000000000001,15.535175672001523
0.049500000000000002,15.550883635269473
0.049550000000000004,15.566591598537423
0.049600000000000005,15.582299561805373
0.04965,15.598007525073319
0.049700000000000001,15.613715488341269
0.049750000000000003,15.629423451609219
0.049800000000000004,15.645131414877168
0.049850000000000005,15.660839378145118
0.0499,15.676547341413064
0.049950000000000001,15.692255304681014
0.050000000000000003,15.707963267948964
0.050050000000000004,15.723671231216914
0.050100000000000006,15.739379194484862
0.05015,15.75508715775281
0.050200000000000002,15.770795121020759
0.050250000000000003,15.786503084288709
0.050300000000000004,15.802211047556657
0.050350000000000006,15.817919010824607
0.0504,15.833626974092555
0.050450000000000002,15.849334937360505
0.050500000000000003,15.865042900628453
0.050550000000000005,15.880750863896402
0.050599999999999999,15.89645882716435
0.050650000000000001,15.9121667904323
0.050700000000000002,15.927874753700248
0.050750000000000003,15.943582716968198
0.050800000000000005,15.959290680236148
0.050849999999999999,15.974998643504096
0.050900000000000001,15.990706606772044
0.050950000000000002,16.006414570039993
0.051000000000000004,16.022122533307943
0.051050000000000005,16.037830496575893
0.0511,16.053538459843839
0.051150000000000001,16.069246423111789
0.051200000000000002,16.084954386379739
0.051250000000000004,16.100662349647688
0.051300000000000005,16.116370312915638
0.05135,16.132078276183584
0.051400000000000001,16.147786239451534
0.051450000000000003,16.163494202719484
0.051500000000000004,16.179202165987434
0.051550000000000006,16.194910129255383
0.0516,16.21061809252333
0.051650000000000001,16.226326055791279
0.051700000000000003,16.242034019059229
0.051750000000000004,16.257741982327179
0.051800000000000006,16.273449945595129
0.05185,16.289157908863075
0.051900000000000002,16.304865872131025
0.051950000000000003,16.320573835398974
0.052000000000000005,16.336281798666924
0.052049999999999999,16.35198976193487
0.0521,16.36769772520282
0.052150000000000002,16.38340568847077
0.052200000000000003,16.39911365173872
0.052250000000000005,16.414821615006666
0.052299999999999999,16.430529578274616
0.052350000000000001,16.446237541542565
0.052400000000000002,16.461945504810515
0.052450000000000004,16.477653468078461
0.052500000000000005,16.493361431346411
0.052549999999999999,16.509069394614361
0.052600000000000001,16.524777357882311
0.052650000000000002,16.540485321150257
0.052700000000000004,16.556193284418207
0.052750000000000005,16.571901247686156
0.0528,16.587609210954106
0.052850000000000001,16.603317174222052
0.052900000000000003,16.619025137490002
0.052950000000000004,16.634733100757952
0.053000000000000005,16.650441064025902
0.05305,16.666149027293848
0.053100000000000001,16.681856990561798
0.053150000000000003,16.697564953829747
0.053200000000000004,16.713272917097697
0.053250000000000006,16.728980880365647
0.0533,16.744688843633593
0.053350000000000002,16.760396806901543
0.053400000000000003,16.776104770169493
0.053450000000000004,16.791812733437443
0.053500000000000006,16.807520696705389
0.05355,16.823228659973338
0.053600000000000002,16.838936623241288
0.053650000000000003,16.854644586509238
0.053700000000000005,16.870352549777188
0.053749999999999999,16.886060513045134
0.053800000000000001,16.901768476313087
0.053850000000000002,16.917476439581034
0.053900000000000003,16.93318440284898
0.053950000000000005,16.948892366116933
0.053999999999999999,16.964600329384879
0.054050000000000001,16.980308292652829
0.054100000000000002,16.996016255920779
0.054150000000000004,17.011724219188729
0.054200000000000005,17.027432182456678
0.05425,17.043140145724625
0.054300000000000001,17.058848108992571
0.054350000000000002,17.074556072260524
0.054400000000000004,17.09026403552847
0.054450000000000005,17.10597199879642
0.0545,17.12167996206437
0.054550000000000001,17.13738792533232
0.054600000000000003,17.153095888600269
0.054650000000000004,17.168803851868219
0.054700000000000006,17.184511815136169
0.05475,17.200219778404115
0.054800000000000001,17.215927741672061
0.054850000000000003,17.231635704940011
0.054900000000000004,17.247343668207961
0.054950000000000006,17.263051631475911
0.055,17.27875959474386
0.055050000000000002,17.29446755801181
0.055100000000000003,17.31017552127976
0.055150000000000005,17.32588348454771
0.055200000000000006,17.341591447815659
0.05525,17.357299411083602
0.055300000000000002,17.373007374351552
0.055350000000000003,17.388715337619502
0.055400000000000005,17.404423300887451
0.055449999999999999,17.420131264155401
0.055500000000000001,17.435839227423351
0.055550000000000002,17.451547190691301
0.055600000000000004,17.46725515395925
0.055650000000000005,17.482963117227197
0.0557,17.498671080495143
0.055750000000000001,17.514379043763093
0.055800000000000002,17.530087007031042
0.055850000000000004,17.545794970298992
0.055900000000000005,17.561502933566942
0.05595,17.577210896834892
0.056000000000000001,17.592918860102841
0.056050000000000003,17.608626823370788
0.056100000000000004,17.624334786638737
0.056150000000000005,17.640042749906687
0.0562,17.655750713174633
0.056250000000000001,17.671458676442583
0.056300000000000003,17.687166639710533
0.056350000000000004,17.702874602978483
0.056400000000000006,17.718582566246432
0.05645,17.734290529514379
0.056500000000000002,17.749998492782328
0.056550000000000003,17.765706456050278
0.056600000000000004,17.781414419318224
0.056650000000000006,17.797122382586178
0.0567,17.812830345854124
0.056750000000000002,17.828538309122074
0.056800000000000003,17.844246272390023
0.056850000000000005,17.859954235657973
0.056900000000000006,17.875662198925923
0.056950000000000001,17.891370162193869
0.057000000000000002,17.907078125461815
0.057050000000000003,17.922786088729769
0.057100000000000005,17.938494051997715
0.057149999999999999,17.954202015265665
0.057200000000000001,17.969909978533614
0.057250000000000002,17.985617941801564
0.057300000000000004,18.001325905069514
0.057350000000000005,18.017033868337464
0.0574,18.032741831605406
0.057450000000000001,18.04844979487336
0.057500000000000002,18.064157758141306
0.057550000000000004,18.079865721409256
0.057600000000000005,18.095573684677206
0.05765,18.111281647945155
0.057700000000000001,18.126989611213105
0.057750000000000003,18.142697574481055
0.057800000000000004,18.158405537749005
0.057850000000000006,18.174113501016954
0.0579,18.189821464284897
0.057950000000000002,18.205529427552847
0.058000000000000003,18.221237390820797
0.058050000000000004,18.236945354088746
0.058100000000000006,18.252653317356696
0.05815,18.268361280624646
0.058200000000000002,18.284069243892596
0.058250000000000003,18.299777207160545
0.058300000000000005,18.315485170428492
0.058350000000000006,18.331193133696441
0.058400000000000001,18.346901096964388
0.058450000000000002,18.362609060232337
0.058500000000000003,18.378317023500287
0.058550000000000005,18.394024986768237
0.058600000000000006,18.409732950036187
0.058650000000000001,18.425440913304136
0.058700000000000002,18.441148876572083
0.058750000000000004,18.456856839840032
0.058800000000000005,18.472564803107982
0.05885,18.488272766375928
0.058900000000000001,18.503980729643878
0.058950000000000002,18.519688692911828
0.059000000000000004,18.535396656179778
0.059050000000000005,18.551104619447727
0.0591,18.566812582715674
0.059150000000000001,18.582520545983623
0.059200000000000003,18.598228509251573
0.059250000000000004,18.613936472519523
0.059300000000000005,18.629644435787469
0.05935,18.645352399055419
0.059400000000000001,18.661060362323369
0.059450000000000003,18.676768325591318
0.059500000000000004,18.692476288859268
0.059550000000000006,18.708184252127218
0.0596,18.723892215395164
0.059650000000000002,18.739600178663114
0.059700000000000003,18.75530814193106
0.059750000000000004,18.771016105199013
0.059800000000000006,18.78672406846696
0.05985,18.802432031734909
0.059900000000000002,18.818139995002859
0.059950000000000003,18.833847958270809
0.060000000000000005,18.849555921538759
0.060050000000000006,18.865263884806708
0.060100000000000001,18.880971848074655
0.060150000000000002,18.896679811342604
0.060200000000000004,18.912387774610551
0.060250000000000005,18.9280957378785
0.060299999999999999,18.94380370114645
0.060350000000000001,18.9595116644144
0.060400000000000002,18.97521962768235
0.060450000000000004,18.990927590950299
0.060500000000000005,19.006635554218246
0.06055,19.022343517486195
0.060600000000000001,19.038051480754142
0.060650000000000003,19.053759444022091
0.060700000000000004,19.069467407290041
0.060750000000000005,19.085175370557991
0.0608,19.100883333825941
0.060850000000000001,19.11659129709389
0.060900000000000003,19.132299260361837
0.060950000000000004,19.14800722362979
0.061000000000000006,19.163715186897736
0.06105,19.179423150165682
0.061100000000000002,19.195131113433632
0.061150000000000003,19.210839076701582
0.061200000000000004,19.226547039969532
0.061250000000000006,19.242255003237482
0.0613,19.257962966505428
0.061350000000000002,19.273670929773381
0.061400000000000003,19.289378893041327
0.061450000000000005,19.305086856309277
0.061500000000000006,19.320794819577227
0.061550000000000001,19.336502782845173
0.061600000000000002,19.352210746113123
0.061650000000000003,19.367918709381073
0.061700000000000005,19.383626672649022
0.061750000000000006,19.399334635916972
0.061800000000000001,19.415042599184918
0.061850000000000002,19.430750562452868
0.061900000000000004,19.446458525720818
0.061950000000000005,19.462166488988768
0.062,19.477874452256714
0.062050000000000001,19.493582415524664
0.062100000000000002,19.509290378792613
0.062150000000000004,19.524998342060563
0.062200000000000005,19.540706305328513
0.06225,19.556414268596459
0.062300000000000001,19.572122231864409
0.062350000000000003,19.587830195132359
0.062400000000000004,19.603538158400308
0.062450000000000006,19.619246121668255
0.0625,19.634954084936204
0.062550000000000008,19.650662048204154
0.062600000000000003,19.666370011472104
0.062649999999999997,19.68207797474005
0.062700000000000006,19.697785938008003
0.06275,19.71349390127595
0.062800000000000009,19.729201864543899
0.062850000000000003,19.744909827811846
0.062899999999999998,19.760617791079795
0.062950000000000006,19.776325754347745
0.063,19.792033717615695
0.063050000000000009,19.807741680883645
0.063100000000000003,19.823449644151594
0.063149999999999998,19.839157607419537
0.063200000000000006,19.85486557068749
0.063250000000000001,19.870573533955437
0.063300000000000009,19.88628149722339
0.063350000000000004,19.901989460491336
0.063399999999999998,19.917697423759286
0.063450000000000006,19.933405387027236
0.063500000000000001,19.949113350295185
0.063550000000000009,19.964821313563135
0.063600000000000004,19.980529276831081
0.063649999999999998,19.996237240099028
0.063700000000000007,20.011945203366981
0.063750000000000001,20.027653166634927
0.063800000000000009,20.04336112990288
0.063850000000000004,20.059069093170827
0.063899999999999998,20.074777056438776
0.063950000000000007,20.090485019706726
0.064000000000000001,20.106192982974672
0.06405000000000001,20.121900946242626
0.064100000000000004,20.137608909510572
0.064149999999999999,20.153316872778518
0.064200000000000007,20.169024836046471
0.064250000000000002,20.184732799314418
0.06430000000000001,20.200440762582371
0.064350000000000004,20.216148725850317
0.064399999999999999,20.231856689118263
0.064450000000000007,20.247564652386217
0.064500000000000002,20.263272615654163
0.064549999999999996,20.278980578922109
0.064600000000000005,20.294688542190062
0.064649999999999999,20.310396505458009
0.064700000000000008,20.326104468725962
0.064750000000000002,20.341812431993908
0.064799999999999996,20.357520395261854
0.064850000000000005,20.373228358529808
0.064899999999999999,20.388936321797754
0.064950000000000008,20.404644285065707
0.065000000000000002,20.420352248333653
0.065049999999999997,20.4360602116016
0.065100000000000005,20.451768174869553
0.06515,20.467476138137499
0.065200000000000008,20.483184101405449
0.065250000000000002,20.498892064673399
0.065299999999999997,20.514600027941345
0.065350000000000005,20.530307991209298
0.0654,20.546015954477244
0.065450000000000008,20.561723917745198
0.065500000000000003,20.577431881013144
0.065549999999999997,20.59313984428109
0.065600000000000006,20.60884780754904
0.06565,20.62455577081699
0.065700000000000008,20.64026373408494
0.065750000000000003,20.655971697352889
0.065799999999999997,20.671679660620836
0.065850000000000006,20.687387623888789
0.0659,20.703095587156735
0.065950000000000009,20.718803550424688
0.066000000000000003,20.734511513692631
0.066049999999999998,20.750219476960581
0.066100000000000006,20.765927440228531
0.06615,20.78163540349648
0.066200000000000009,20.79734336676443
0.066250000000000003,20.81305133003238
0.066299999999999998,20.828759293300326
0.066350000000000006,20.844467256568279
0.066400000000000001,20.860175219836222
0.066450000000000009,20.875883183104175
0.066500000000000004,20.891591146372122
0.066549999999999998,20.907299109640071
0.066600000000000006,20.923007072908021
0.066650000000000001,20.938715036175971
0.066700000000000009,20.954422999443921
0.066750000000000004,20.97013096271187
0.066799999999999998,20.985838925979813
0.066850000000000007,21.001546889247766
0.066900000000000001,21.017254852515713
0.06695000000000001,21.032962815783662
0.067000000000000004,21.048670779051612
0.067049999999999998,21.064378742319562
0.067100000000000007,21.080086705587512
0.067150000000000001,21.095794668855461
0.06720000000000001,21.111502632123411
0.067250000000000004,21.127210595391357
0.067299999999999999,21.142918558659304
0.067350000000000007,21.158626521927253
0.067400000000000002,21.174334485195203
0.06745000000000001,21.190042448463153
0.067500000000000004,21.205750411731103
0.067549999999999999,21.221458374999049
0.067600000000000007,21.237166338267002
0.067650000000000002,21.252874301534948
0.06770000000000001,21.268582264802902
0.067750000000000005,21.284290228070844
0.067799999999999999,21.299998191338794
0.067850000000000008,21.315706154606744
0.067900000000000002,21.331414117874694
0.067949999999999997,21.34712208114264
0.068000000000000005,21.362830044410593
0.068049999999999999,21.378538007678539
0.068100000000000008,21.394245970946493
0.068150000000000002,21.409953934214435
0.068199999999999997,21.425661897482385
0.068250000000000005,21.441369860750335
0.0683,21.457077824018285
0.068350000000000008,21.472785787286234
0.068400000000000002,21.488493750554184
0.068449999999999997,21.50420171382213
0.068500000000000005,21.519909677090084
0.06855,21.535617640358026
0.068600000000000008,21.55132560362598
0.068650000000000003,21.567033566893926
0.068699999999999997,21.582741530161876
0.068750000000000006,21.598449493429825
0.0688,21.614157456697775
0.068850000000000008,21.629865419965725
0.068900000000000003,21.645573383233675
0.068949999999999997,21.661281346501617
0.069000000000000006,21.676989309769571
0.06905,21.692697273037517
0.069100000000000009,21.70840523630547
0.069150000000000003,21.724113199573416
0.069199999999999998,21.739821162841366
0.069250000000000006,21.755529126109316
0.0693,21.771237089377266
0.069350000000000009,21.786945052645216
0.069400000000000003,21.802653015913165
0.069449999999999998,21.818360979181108
0.069500000000000006,21.834068942449061
0.069550000000000001,21.849776905717007
0.069600000000000009,21.865484868984961
0.069650000000000004,21.881192832252907
0.069699999999999998,21.896900795520857
0.069750000000000006,21.912608758788807
0.069800000000000001,21.928316722056756
0.069850000000000009,21.944024685324706
0.069900000000000004,21.959732648592652
0.069949999999999998,21.975440611860598
0.070000000000000007,21.991148575128552
0.070050000000000001,22.006856538396498
0.07010000000000001,22.022564501664451
0.070150000000000004,22.038272464932398
0.070199999999999999,22.053980428200347
0.070250000000000007,22.069688391468297
0.070300000000000001,22.085396354736243
0.07035000000000001,22.101104318004197
0.070400000000000004,22.116812281272143
0.070449999999999999,22.132520244540089
0.070500000000000007,22.148228207808042
0.070550000000000002,22.163936171075989
0.07060000000000001,22.179644134343938
0.070650000000000004,22.195352097611888
0.070699999999999999,22.211060060879834
0.070750000000000007,22.226768024147788
0.070800000000000002,22.242475987415734
0.07085000000000001,22.258183950683687
0.070900000000000005,22.273891913951633
0.070949999999999999,22.28959987721958
0.071000000000000008,22.305307840487529
0.071050000000000002,22.321015803755479
0.071099999999999997,22.336723767023425
0.071150000000000005,22.352431730291379
0.071199999999999999,22.368139693559325
0.071250000000000008,22.383847656827275
0.071300000000000002,22.399555620095224
0.071349999999999997,22.415263583363171
0.071400000000000005,22.43097154663112
0.07145,22.44667950989907
0.071500000000000008,22.46238747316702
0.071550000000000002,22.47809543643497
0.071599999999999997,22.493803399702916
0.071650000000000005,22.509511362970866
0.0717,22.525219326238815
0.071750000000000008,22.540927289506765
0.071800000000000003,22.556635252774711
0.071849999999999997,22.572343216042661
0.071900000000000006,22.588051179310611
0.07195,22.603759142578561
0.072000000000000008,22.61946710584651
0.072050000000000003,22.635175069114457
0.072099999999999997,22.650883032382406
0.072150000000000006,22.666590995650356
0.0722,22.682298958918302
0.072250000000000009,22.698006922186256
0.072300000000000003,22.713714885454202
0.072349999999999998,22.729422848722152
0.072400000000000006,22.745130811990101
0.072450000000000001,22.760838775258048
0.072500000000000009,22.776546738526001
0.072550000000000003,22.792254701793947
0.072599999999999998,22.807962665061893
0.072650000000000006,22.823670628329847
0.072700000000000001,22.839378591597793
0.072750000000000009,22.855086554865743
0.072800000000000004,22.870794518133692
0.072849999999999998,22.886502481401639
0.072900000000000006,22.902210444669592
0.072950000000000001,22.917918407937538
0.073000000000000009,22.933626371205492
0.073050000000000004,22.949334334473438
0.073099999999999998,22.965042297741384
0.073150000000000007,22.980750261009334
0.073200000000000001,22.996458224277283
0.07325000000000001,23.012166187545233
0.073300000000000004,23.027874150813183
0.073349999999999999,23.043582114081129
0.073400000000000007,23.059290077349083
0.073450000000000001,23.074998040617029
0.07350000000000001,23.090706003884982
0.073550000000000004,23.106413967152925
0.073599999999999999,23.122121930420874
0.073650000000000007,23.137829893688824
0.073700000000000002,23.153537856956774
0.07375000000000001,23.169245820224724
0.073800000000000004,23.184953783492674
0.073849999999999999,23.20066174676062
0.073900000000000007,23.216369710028573
0.073950000000000002,23.232077673296516
0.07400000000000001,23.247785636564473
0.074050000000000005,23.263493599832415
0.074099999999999999,23.279201563100365
0.074150000000000008,23.294909526368315
0.074200000000000002,23.310617489636265
0.07425000000000001,23.326325452904214
0.074300000000000005,23.342033416172164
0.074349999999999999,23.357741379440107
0.074400000000000008,23.373449342708064
0.074450000000000002,23.389157305976006
0.074499999999999997,23.404865269243956
0.074550000000000005,23.420573232511906
0.0746,23.436281195779856
0.074650000000000008,23.451989159047805
0.074700000000000003,23.467697122315755
0.074749999999999997,23.483405085583701
0.074800000000000005,23.499113048851651
0.07485,23.514821012119597
0.074900000000000008,23.530528975387551
0.074950000000000003,23.546236938655497
0.074999999999999997,23.561944901923447
0.075050000000000006,23.577652865191396
0.0751,23.593360828459346
0.075150000000000008,23.609068791727296
0.075200000000000003,23.624776754995242
0.075249999999999997,23.640484718263188
0.075300000000000006,23.656192681531142
0.07535,23.671900644799088
0.075400000000000009,23.687608608067041
0.075450000000000003,23.703316571334987
0.075499999999999998,23.719024534602937
0.075550000000000006,23.734732497870887
0.075600000000000001,23.750440461138833
0.075650000000000009,23.766148424406786
0.075700000000000003,23.781856387674733
0.075749999999999998,23.797564350942679
0.075800000000000006,23.813272314210629
0.075850000000000001,23.828980277478578
0.075900000000000009,23.844688240746528
0.075950000000000004,23.860396204014478
0.075999999999999998,23.876104167282424
0.076050000000000006,23.891812130550377
0.076100000000000001,23.907520093818324
0.076150000000000009,23.923228057086273
0.076200000000000004,23.93893602035422
0.076249999999999998,23.954643983622169
0.076300000000000007,23.970351946890119
0.076350000000000001,23.986059910158069
0.07640000000000001,24.001767873426019
0.076450000000000004,24.017475836693968
0.076499999999999999,24.033183799961915
0.076550000000000007,24.048891763229864
0.076600000000000001,24.064599726497811
0.07665000000000001,24.080307689765764
0.076700000000000004,24.09601565303371
0.076749999999999999,24.11172361630166
0.076800000000000007,24.12743157956961
0.076850000000000002,24.143139542837559
0.07690000000000001,24.158847506105509
0.076950000000000005,24.174555469373459
0.076999999999999999,24.190263432641405
0.077050000000000007,24.205971395909355
0.077100000000000002,24.221679359177301
0.07715000000000001,24.237387322445255
0.077200000000000005,24.253095285713201
0.077249999999999999,24.26880324898115
0.077300000000000008,24.2845112122491
0.077350000000000002,24.300219175517046
0.07740000000000001,24.315927138785
0.077450000000000005,24.331635102052946
0.077499999999999999,24.347343065320892
0.077550000000000008,24.363051028588846
0.077600000000000002,24.378758991856792
0.077649999999999997,24.394466955124742
0.077700000000000005,24.410174918392691
0.07775,24.425882881660637
0.077800000000000008,24.441590844928591
0.077850000000000003,24.457298808196537
0.077899999999999997,24.473006771464483
0.077950000000000005,24.488714734732437
0.078,24.504422698000383
0.078050000000000008,24.520130661268336
0.078100000000000003,24.535838624536282
0.078149999999999997,24.551546587804228
0.078200000000000006,24.567254551072182
0.07825,24.582962514340128
0.078300000000000008,24.598670477608081
0.078350000000000003,24.614378440876028
0.078399999999999997,24.630086404143974
0.078450000000000006,24.645794367411927
0.0785,24.661502330679873
0.078550000000000009,24.677210293947827
0.078600000000000003,24.692918257215773
0.078649999999999998,24.708626220483719
0.078700000000000006,24.724334183751672
0.078750000000000001,24.740042147019619
0.078800000000000009,24.755750110287572
0.078850000000000003,24.771458073555518
0.078899999999999998,24.787166036823464
0.078950000000000006,24.802874000091418
0.079000000000000001,24.818581963359364
0.079050000000000009,24.834289926627314
0.079100000000000004,24.849997889895263
0.079149999999999998,24.86570585316321
0.079200000000000007,24.881413816431159
0.079250000000000001,24.897121779699109
0.079300000000000009,24.912829742967059
0.079350000000000004,24.928537706235009
0.079399999999999998,24.944245669502955
0.079450000000000007,24.959953632770905
0.079500000000000001,24.975661596038854
0.07955000000000001,24.991369559306804
0.079600000000000004,25.00707752257475
0.079649999999999999,25.0227854858427
0.079700000000000007,25.03849344911065
0.079750000000000001,25.054201412378596
0.07980000000000001,25.069909375646549
0.079850000000000004,25.085617338914496
0.079899999999999999,25.101325302182445
0.079950000000000007,25.117033265450395
0.080000000000000002,25.132741228718345
0.08005000000000001,25.148449191986295
0.080100000000000005,25.164157155254241
0.080149999999999999,25.179865118522187
0.080200000000000007,25.19557308179014
0.080250000000000002,25.211281045058087
0.08030000000000001,25.22698900832604
0.080350000000000005,25.242696971593986
0.080399999999999999,25.258404934861936
0.080450000000000008,25.274112898129886
0.080500000000000002,25.289820861397832
0.08055000000000001,25.305528824665785
0.080600000000000005,25.321236787933731
0.080649999999999999,25.336944751201678
0.080700000000000008,25.352652714469631
0.080750000000000002,25.368360677737577
0.080800000000000011,25.384068641005531
0.080850000000000005,25.399776604273477
0.0809,25.415484567541423
0.080950000000000008,25.431192530809376
0.081000000000000003,25.446900494077322
0.081049999999999997,25.462608457345269
0.081100000000000005,25.478316420613222
0.08115,25.494024383881168
0.081200000000000008,25.509732347149118
0.081250000000000003,25.525440310417068
0.081299999999999997,25.541148273685014
0.081350000000000006,25.556856236952967
0.0814,25.572564200220913
0.081450000000000009,25.588272163488867
0.081500000000000003,25.603980126756813
0.081549999999999997,25.619688090024759
0.081600000000000006,25.635396053292709
0.08165,25.651104016560659
0.081700000000000009,25.666811979828609
0.081750000000000003,25.682519943096558
0.081799999999999998,25.698227906364504
0.081850000000000006,25.713935869632458
0.081900000000000001,25.729643832900404
0.081950000000000009,25.745351796168354
0.082000000000000003,25.7610597594363
0.082049999999999998,25.77676772270425
0.082100000000000006,25.7924756859722
0.082150000000000001,25.808183649240149
0.082200000000000009,25.823891612508099
0.082250000000000004,25.839599575776049
0.082299999999999998,25.855307539043995
0.082350000000000007,25.871015502311945
0.082400000000000001,25.886723465579891
0.082450000000000009,25.902431428847844
0.082500000000000004,25.918139392115791
0.082549999999999998,25.93384735538374
0.082600000000000007,25.94955531865169
0.082650000000000001,25.96526328191964
0.08270000000000001,25.98097124518759
0.082750000000000004,25.996679208455536
0.082799999999999999,26.012387171723482
0.082850000000000007,26.028095134991435
0.082900000000000001,26.043803098259382
0.08295000000000001,26.059511061527335
0.083000000000000004,26.075219024795281
0.083049999999999999,26.090926988063231
0.083100000000000007,26.106634951331181
0.083150000000000002,26.122342914599127
0.08320000000000001,26.13805087786708
0.083250000000000005,26.153758841135026
0.083299999999999999,26.169466804402973
0.083350000000000007,26.185174767670926
0.083400000000000002,26.200882730938872
0.08345000000000001,26.216590694206822
0.083500000000000005,26.232298657474772
0.083549999999999999,26.248006620742718
0.083600000000000008,26.263714584010671
0.083650000000000002,26.279422547278617
0.083700000000000011,26.295130510546571
0.083750000000000005,26.310838473814517
0.083799999999999999,26.326546437082463
0.083850000000000008,26.342254400350413
0.083900000000000002,26.357962363618363
0.083950000000000011,26.373670326886312
0.084000000000000005,26.389378290154262
0.08405,26.405086253422208
0.084100000000000008,26.420794216690162
0.084150000000000003,26.436502179958108
0.084200000000000011,26.452210143226061
0.084250000000000005,26.467918106494004
0.0843,26.483626069761954
0.084350000000000008,26.499334033029903
0.084400000000000003,26.515041996297853
0.084449999999999997,26.530749959565799
0.084500000000000006,26.546457922833753
0.08455,26.562165886101699
0.084600000000000009,26.577873849369652
0.084650000000000003,26.593581812637598
0.084699999999999998,26.609289775905545
0.084750000000000006,26.624997739173494
0.0848,26.640705702441444
0.084850000000000009,26.656413665709394
0.084900000000000003,26.672121628977344
0.084949999999999998,26.68782959224529
0.085000000000000006,26.703537555513243
0.085050000000000001,26.719245518781189
0.085100000000000009,26.734953482049139
0.085150000000000003,26.750661445317085
0.085199999999999998,26.766369408585035
0.085250000000000006,26.782077371852985
0.085300000000000001,26.797785335120935
0.085350000000000009,26.813493298388885
0.085400000000000004,26.829201261656834
0.085449999999999998,26.84490922492478
0.085500000000000007,26.86061718819273
0.085550000000000001,26.876325151460676
0.085600000000000009,26.89203311472863
0.085650000000000004,26.907741077996576
0.085699999999999998,26.923449041264526
0.085750000000000007,26.939157004532476
0.085800000000000001,26.954864967800425
0.08585000000000001,26.970572931068375
0.085900000000000004,26.986280894336321
0.085949999999999999,27.001988857604267
0.086000000000000007,27.017696820872221
0.086050000000000001,27.033404784140167
0.08610000000000001,27.04911274740812
0.086150000000000004,27.064820710676067
0.086199999999999999,27.080528673944016
0.086250000000000007,27.096236637211966
0.086300000000000002,27.111944600479912
0.08635000000000001,27.127652563747866
0.086400000000000005,27.143360527015812
0.086449999999999999,27.159068490283758
0.086500000000000007,27.174776453551711
0.086550000000000002,27.190484416819658
0.08660000000000001,27.206192380087607
0.086650000000000005,27.221900343355557
0.086699999999999999,27.237608306623503
0.086750000000000008,27.253316269891457
0.086800000000000002,27.269024233159403
0.086850000000000011,27.284732196427356
0.086900000000000005,27.300440159695302
0.08695,27.316148122963249
0.087000000000000008,27.331856086231198
0.087050000000000002,27.347564049499148
0.087100000000000011,27.363272012767098
0.087150000000000005,27.378979976035048
0.0872,27.394687939302994
0.087250000000000008,27.410395902570947
0.087300000000000003,27.426103865838893
0.087350000000000011,27.441811829106843
0.087400000000000005,27.457519792374789
0.08745,27.473227755642739
0.087500000000000008,27.488935718910689
0.087550000000000003,27.504643682178639
0.087599999999999997,27.520351645446585
0.087650000000000006,27.536059608714538
0.0877,27.551767571982484
0.087750000000000009,27.567475535250434
0.087800000000000003,27.583183498518384
0.087849999999999998,27.59889146178633
0.087900000000000006,27.61459942505428
0.08795,27.63030738832223
0.088000000000000009,27.646015351590179
0.088050000000000003,27.661723314858129
0.088099999999999998,27.677431278126075
0.088150000000000006,27.693139241394025
0.088200000000000001,27.708847204661975
0.088250000000000009,27.724555167929925
0.088300000000000003,27.740263131197871
0.088349999999999998,27.755971094465821
0.088400000000000006,27.77167905773377
0.088450000000000001,27.787387021001717
0.088500000000000009,27.80309498426967
0.088550000000000004,27.818802947537616
0.088599999999999998,27.834510910805562
0.088650000000000007,27.850218874073516
0.088700000000000001,27.865926837341462
0.088750000000000009,27.881634800609415
0.088800000000000004,27.897342763877361
0.088849999999999998,27.913050727145308
0.088900000000000007,27.928758690413261
0.088950000000000001,27.944466653681207
0.08900000000000001,27.960174616949161
0.089050000000000004,27.975882580217107
0.089099999999999999,27.991590543485053
0.089150000000000007,28.007298506753006
0.089200000000000002,28.023006470020952
0.08925000000000001,28.038714433288906
0.089300000000000004,28.054422396556852
0.089349999999999999,28.070130359824798
0.089400000000000007,28.085838323092752
0.089450000000000002,28.101546286360698
0.08950000000000001,28.117254249628651
0.089550000000000005,28.132962212896597
0.089599999999999999,28.148670176164543
0.089650000000000007,28.164378139432497
0.089700000000000002,28.180086102700443
0.08975000000000001,28.195794065968393
0.089800000000000005,28.211502029236343
0.089849999999999999,28.227209992504289
0.089900000000000008,28.242917955772242
0.089950000000000002,28.258625919040188
0.090000000000000011,28.274333882308138
0.090050000000000005,28.290041845576084
0.0901,28.305749808844034
0.090150000000000008,28.321457772111984
0.090200000000000002,28.337165735379934
0.090250000000000011,28.352873698647883
0.090300000000000005,28.368581661915833
0.09035,28.384289625183779
0.090400000000000008,28.399997588451729
0.090450000000000003,28.415705551719675
0.090500000000000011,28.431413514987629
0.090550000000000005,28.447121478255575
0.0906,28.462829441523525
0.090650000000000008,28.478537404791474
0.090700000000000003,28.494245368059424
0.090750000000000011,28.509953331327374
0.090800000000000006,28.52566129459532
0.09085,28.541369257863266
0.090900000000000009,28.55707722113122
0.090950000000000003,28.572785184399166
0.090999999999999998,28.588493147667116
0.091050000000000006,28.604201110935065
0.0911,28.619909074203015
0.091150000000000009,28.635617037470965
0.091200000000000003,28.651325000738911
0.091249999999999998,28.667032964006857
0.091300000000000006,28.682740927274811
0.091350000000000001,28.698448890542757
0.091400000000000009,28.71415685381071
0.091450000000000004,28.729864817078656
0.091499999999999998,28.745572780346606
0.091550000000000006,28.761280743614556
0.091600000000000001,28.776988706882502
0.091650000000000009,28.792696670150455
0.091700000000000004,28.808404633418402
0.091749999999999998,28.824112596686348
0.091800000000000007,28.839820559954301
0.091850000000000001,28.855528523222247
0.091900000000000009,28.871236486490201
0.091950000000000004,28.886944449758147
0.091999999999999998,28.902652413026093
0.092050000000000007,28.918360376294046
0.092100000000000001,28.934068339561993
0.09215000000000001,28.949776302829946
0.092200000000000004,28.965484266097892
0.092249999999999999,28.981192229365838
0.092300000000000007,28.996900192633792
0.092350000000000002,29.012608155901738
0.09240000000000001,29.028316119169688
0.092450000000000004,29.044024082437637
0.092499999999999999,29.059732045705584
0.092550000000000007,29.075440008973537
0.092600000000000002,29.091147972241483
0.09265000000000001,29.106855935509433
0.092700000000000005,29.122563898777383
0.092749999999999999,29.138271862045329
0.092800000000000007,29.153979825313279
0.092850000000000002,29.169687788581228
0.09290000000000001,29.185395751849178
0.092950000000000005,29.201103715117128
0.092999999999999999,29.216811678385074
0.093050000000000008,29.232519641653024
0.093100000000000002,29.248227604920974
0.093150000000000011,29.263935568188923
0.093200000000000005,29.27964353145687
0.09325,29.295351494724819
0.093300000000000008,29.311059457992769
0.093350000000000002,29.326767421260719
0.093400000000000011,29.342475384528669
0.093450000000000005,29.358183347796615
0.0935,29.373891311064565
0.093550000000000008,29.389599274332515
0.093600000000000003,29.405307237600461
0.093650000000000011,29.421015200868414
0.093700000000000006,29.43672316413636
0.09375,29.45243112740431
0.093800000000000008,29.46813909067226
0.093850000000000003,29.483847053940206
0.093900000000000011,29.499555017208159
0.093950000000000006,29.515262980476106
0.094,29.530970943744052
0.094050000000000009,29.546678907012005
0.094100000000000003,29.562386870279951
0.094149999999999998,29.578094833547897
0.094200000000000006,29.593802796815851
0.09425,29.609510760083797
0.094300000000000009,29.62521872335175
0.094350000000000003,29.640926686619697
0.094399999999999998,29.656634649887643
0.094450000000000006,29.672342613155596
0.094500000000000001,29.688050576423542
0.094550000000000009,29.703758539691496
0.094600000000000004,29.719466502959442
0.094649999999999998,29.735174466227388
0.094700000000000006,29.750882429495341
0.094750000000000001,29.766590392763288
0.094800000000000009,29.782298356031241
0.094850000000000004,29.798006319299187
0.094899999999999998,29.813714282567133
0.094950000000000007,29.829422245835087
0.095000000000000001,29.845130209103033
0.095050000000000009,29.860838172370983
0.095100000000000004,29.876546135638932
0.095149999999999998,29.892254098906879
0.095200000000000007,29.907962062174832
0.095250000000000001,29.923670025442778
0.09530000000000001,29.939377988710728
0.095350000000000004,29.955085951978678
0.095399999999999999,29.970793915246624
0.095450000000000007,29.986501878514574
0.095500000000000002,30.002209841782523
0.09555000000000001,30.017917805050473
0.095600000000000004,30.033625768318423
0.095649999999999999,30.049333731586369
0.095700000000000007,30.065041694854319
0.095750000000000002,30.080749658122269
0.09580000000000001,30.096457621390218
0.095850000000000005,30.112165584658165
0.095899999999999999,30.127873547926114
0.095950000000000008,30.143581511194064
0.096000000000000002,30.159289474462014
0.09605000000000001,30.174997437729964
0.096100000000000005,30.19070540099791
0.096149999999999999,30.20641336426586
0.096200000000000008,30.222121327533809
0.096250000000000002,30.237829290801756
0.096300000000000011,30.253537254069709
0.096350000000000005,30.269245217337655
0.0964,30.284953180605605
0.096450000000000008,30.300661143873555
0.096500000000000002,30.316369107141501
0.096550000000000011,30.332077070409454
0.096600000000000005,30.3477850336774
0.09665,30.363492996945347
0.096700000000000008,30.3792009602133
0.096750000000000003,30.394908923481246
0.096800000000000011,30.410616886749199
0.096850000000000006,30.426324850017146
0.0969,30.442032813285092
0.096950000000000008,30.457740776553045
0.097000000000000003,30.473448739820991
0.097050000000000011,30.489156703088945
0.097100000000000006,30.504864666356891
0.09715,30.520572629624837
0.097200000000000009,30.536280592892791
0.097250000000000003,30.551988556160737
0.097300000000000011,30.56769651942869
0.097350000000000006,30.583404482696636
0.0974,30.599112445964582
0.097450000000000009,30.614820409232536
0.097500000000000003,30.630528372500482
0.097549999999999998,30.646236335768428
0.097600000000000006,30.661944299036382
0.097650000000000001,30.677652262304328
0.097700000000000009,30.693360225572281
0.097750000000000004,30.709068188840227
0.097799999999999998,30.724776152108173
0.097850000000000006,30.740484115376127
0.097900000000000001,30.756192078644073
0.097950000000000009,30.771900041912023
0.098000000000000004,30.787608005179973
0.098049999999999998,30.803315968447919
0.098100000000000007,30.819023931715872
0.098150000000000001,30.834731894983818
0.09820000000000001,30.850439858251768
0.098250000000000004,30.866147821519718
0.098299999999999998,30.881855784787664
0.098350000000000007,30.897563748055614
0.098400000000000001,30.913271711323564
0.09845000000000001,30.928979674591513
0.098500000000000004,30.944687637859463
0.098549999999999999,30.960395601127409
0.098600000000000007,30.976103564395359
0.098650000000000002,30.991811527663309
0.09870000000000001,31.007519490931259
0.098750000000000004,31.023227454199205
0.098799999999999999,31.038935417467155
0.098850000000000007,31.054643380735104
0.098900000000000002,31.070351344003054
0.09895000000000001,31.086059307271004
0.099000000000000005,31.10176727053895
0.099049999999999999,31.1174752338069
0.099100000000000008,31.13318319707485
0.099150000000000002,31.148891160342796
0.09920000000000001,31.164599123610749
0.099250000000000005,31.180307086878695
0.099299999999999999,31.196015050146645
0.099350000000000008,31.211723013414595
0.099400000000000002,31.227430976682541
0.099450000000000011,31.243138939950494
0.099500000000000005,31.258846903218441
0.09955,31.274554866486387
0.099600000000000008,31.29026282975434
0.099650000000000002,31.305970793022286
0.099700000000000011,31.32167875629024
0.099750000000000005,31.337386719558186
0.0998,31.353094682826132
0.099850000000000008,31.368802646094085
0.099900000000000003,31.384510609362032
0.099950000000000011,31.400218572629985
0.10000000000000001,31.415926535897931
0.10000000000000001,31.415926535897931
