"time","dLATRAM.dataOut[1]","dLATRAM.dataOut[2]"
0,2,2
0.08,2,2
0.16,2,2
0.24,2,2
0.32,2,2
0.4,2,2
0.48,2,2
0.56,2,2
0.64,2,2
0.72,2,2
0.8,2,2
0.88,2,2
0.96,2,2
1.04,2,2
1.12,2,2
1.2,2,2
1.28,2,2
1.36,2,2
1.44,2,2
1.52,2,2
1.6,2,2
1.68,2,2
1.76,2,2
1.84,2,2
1.92,2,2
2,2,2
2.08,2,2
2.16,2,2
2.24,2,2
2.32,2,2
2.4,2,2
2.48,2,2
2.56,2,2
2.64,2,2
2.72,2,2
2.8,2,2
2.88,2,2
2.96,2,2
3.04,2,2
3.12,2,2
3.2,2,2
3.28,2,2
3.36,2,2
3.44,2,2
3.52,2,2
3.6,2,2
3.68,2,2
3.76,2,2
3.84,2,2
3.92,2,2
4,2,2
4.08,2,2
4.16,2,2
4.24,2,2
4.32,2,2
4.4,2,2
4.48,2,2
4.56,2,2
4.64,2,2
4.72,2,2
4.8,2,2
4.88,2,2
4.96,2,2
5,2,2
5,2,2
5.04,2,2
5.12,2,2
5.2,2,2
5.28,2,2
5.36,2,2
5.44,2,2
5.52,2,2
5.6,2,2
5.68,2,2
5.76,2,2
5.84,2,2
5.92,2,2
6,2,2
6.08,2,2
6.16,2,2
6.24,2,2
6.32,2,2
6.4,2,2
6.48,2,2
6.56,2,2
6.64,2,2
6.72,2,2
6.8,2,2
6.88,2,2
6.96,2,2
7.04,2,2
7.12,2,2
7.2,2,2
7.28,2,2
7.36,2,2
7.44,2,2
7.52,2,2
7.6,2,2
7.68,2,2
7.76,2,2
7.84,2,2
7.92,2,2
8,2,2
8.08,2,2
8.16,2,2
8.24,2,2
8.32,2,2
8.4,2,2
8.48,2,2
8.56,2,2
8.64,2,2
8.72,2,2
8.8,2,2
8.88,2,2
8.96,2,2
9.04,2,2
9.12,2,2
9.2,2,2
9.28,2,2
9.36,2,2
9.44,2,2
9.52,2,2
9.6,2,2
9.68,2,2
9.76,2,2
9.84,2,2
9.92,2,2
10,2,2
10,2,2
10.08,2,2
10.16,2,2
10.24,2,2
10.32,2,2
10.4,2,2
10.48,2,2
10.56,2,2
10.64,2,2
10.72,2,2
10.8,2,2
10.88,2,2
10.96,2,2
11.04,2,2
11.12,2,2
11.2,2,2
11.28,2,2
11.36,2,2
11.44,2,2
11.52,2,2
11.6,2,2
11.68,2,2
11.76,2,2
11.84,2,2
11.92,2,2
12,2,2
12.08,2,2
12.16,2,2
12.24,2,2
12.32,2,2
12.4,2,2
12.48,2,2
12.56,2,2
12.64,2,2
12.72,2,2
12.8,2,2
12.88,2,2
12.96,2,2
13.04,2,2
13.12,2,2
13.2,2,2
13.28,2,2
13.36,2,2
13.44,2,2
13.52,2,2
13.6,2,2
13.68,2,2
13.76,2,2
13.84,2,2
13.92,2,2
14,2,2
14.08,2,2
14.16,2,2
14.24,2,2
14.32,2,2
14.4,2,2
14.48,2,2
14.56,2,2
14.64,2,2
14.72,2,2
14.8,2,2
14.88,2,2
14.96,2,2
15,2,2
15,2,2
15.04,2,2
15.12,2,2
15.2,2,2
15.28,2,2
15.36,2,2
15.44,2,2
15.52,2,2
15.6,2,2
15.68,2,2
15.76,2,2
15.84,2,2
15.92,2,2
16,2,2
16.08,2,2
16.16,2,2
16.24,2,2
16.32,2,2
16.4,2,2
16.48,2,2
16.56,2,2
16.64,2,2
16.72,2,2
16.8,2,2
16.88,2,2
16.96,2,2
17.04,2,2
17.12,2,2
17.2,2,2
17.28,2,2
17.36,2,2
17.44,2,2
17.52,2,2
17.6,2,2
17.68,2,2
17.76,2,2
17.84,2,2
17.92,2,2
18,2,2
18.08,2,2
18.16,2,2
18.24,2,2
18.32,2,2
18.4,2,2
18.48,2,2
18.56,2,2
18.64,2,2
18.72,2,2
18.8,2,2
18.88,2,2
18.96,2,2
19.04,2,2
19.12,2,2
19.2,2,2
19.28,2,2
19.36,2,2
19.44,2,2
19.52,2,2
19.6,2,2
19.68,2,2
19.76,2,2
19.84,2,2
19.92,2,2
20,2,2
20,2,2
20.08,2,2
20.16,2,2
20.24,2,2
20.32,2,2
20.4,2,2
20.48,2,2
20.56,2,2
20.64,2,2
20.72,2,2
20.8,2,2
20.88,2,2
20.96,2,2
21.04,2,2
21.12,2,2
21.2,2,2
21.28,2,2
21.36,2,2
21.44,2,2
21.52,2,2
21.6,2,2
21.68,2,2
21.76,2,2
21.84,2,2
21.92,2,2
22,2,2
22.08,2,2
22.16,2,2
22.24,2,2
22.32,2,2
22.4,2,2
22.48,2,2
22.56,2,2
22.64,2,2
22.72,2,2
22.8,2,2
22.88,2,2
22.96,2,2
23.04,2,2
23.12,2,2
23.2,2,2
23.28,2,2
23.36,2,2
23.44,2,2
23.52,2,2
23.6,2,2
23.68,2,2
23.76,2,2
23.84,2,2
23.92,2,2
24,2,2
24.08,2,2
24.16,2,2
24.24,2,2
24.32,2,2
24.4,2,2
24.48,2,2
24.56,2,2
24.64,2,2
24.72,2,2
24.8,2,2
24.88,2,2
24.96,2,2
25,2,2
25,2,2
25.04,2,2
25.12,2,2
25.2,2,2
25.28,2,2
25.36,2,2
25.44,2,2
25.52,2,2
25.6,2,2
25.68,2,2
25.76,2,2
25.84,2,2
25.92,2,2
26,2,2
26.08,2,2
26.16,2,2
26.24,2,2
26.32,2,2
26.4,2,2
26.48,2,2
26.56,2,2
26.64,2,2
26.72,2,2
26.8,2,2
26.88,2,2
26.96,2,2
27.04,2,2
27.12,2,2
27.2,2,2
27.28,2,2
27.36,2,2
27.44,2,2
27.52,2,2
27.6,2,2
27.68,2,2
27.76,2,2
27.84,2,2
27.92,2,2
28,2,2
28.08,2,2
28.16,2,2
28.24,2,2
28.32,2,2
28.4,2,2
28.48,2,2
28.56,2,2
28.64,2,2
28.72,2,2
28.8,2,2
28.88,2,2
28.96,2,2
29.04,2,2
29.12,2,2
29.2,2,2
29.28,2,2
29.36,2,2
29.44,2,2
29.52,2,2
29.6,2,2
29.68,2,2
29.76,2,2
29.84,2,2
29.92,2,2
30,2,2
30,2,2
30.08,2,2
30.16,2,2
30.24,2,2
30.32,2,2
30.4,2,2
30.48,2,2
30.56,2,2
30.64,2,2
30.72,2,2
30.8,2,2
30.88,2,2
30.96,2,2
31.04,2,2
31.12,2,2
31.2,2,2
31.28,2,2
31.36,2,2
31.44,2,2
31.52,2,2
31.6,2,2
31.68,2,2
31.76,2,2
31.84,2,2
31.92,2,2
32,2,2
32.08,2,2
32.16,2,2
32.24,2,2
32.32,2,2
32.4,2,2
32.48,2,2
32.56,2,2
32.64,2,2
32.72,2,2
32.8,2,2
32.88,2,2
32.96,2,2
33.04,2,2
33.12,2,2
33.2,2,2
33.28,2,2
33.36,2,2
33.44,2,2
33.52,2,2
33.6,2,2
33.68,2,2
33.76,2,2
33.84,2,2
33.92,2,2
34,2,2
34.08,2,2
34.16,2,2
34.24,2,2
34.32,2,2
34.4,2,2
34.48,2,2
34.56,2,2
34.64,2,2
34.72,2,2
34.8,2,2
34.88,2,2
34.96,2,2
35,2,2
35,2,2
35.04,2,2
35.12,2,2
35.2,2,2
35.28,2,2
35.36,2,2
35.44,2,2
35.52,2,2
35.6,2,2
35.68,2,2
35.76,2,2
35.84,2,2
35.92,2,2
36,2,2
36.08,2,2
36.16,2,2
36.24,2,2
36.32,2,2
36.4,2,2
36.48,2,2
36.56,2,2
36.64,2,2
36.72,2,2
36.8,2,2
36.88,2,2
36.96,2,2
37.04,2,2
37.12,2,2
37.2,2,2
37.28,2,2
37.36,2,2
37.44,2,2
37.52,2,2
37.6,2,2
37.68,2,2
37.76,2,2
37.84,2,2
37.92,2,2
38,2,2
38.08,2,2
38.16,2,2
38.24,2,2
38.32,2,2
38.4,2,2
38.48,2,2
38.56,2,2
38.64,2,2
38.72,2,2
38.8,2,2
38.88,2,2
38.96,2,2
39.04,2,2
39.12,2,2
39.2,2,2
39.28,2,2
39.36,2,2
39.44,2,2
39.52,2,2
39.6,2,2
39.68,2,2
39.76,2,2
39.84,2,2
39.92,2,2
40,2,2
40,2,2
40.08,2,2
40.16,2,2
40.24,2,2
40.32,2,2
40.4,2,2
40.48,2,2
40.56,2,2
40.64,2,2
40.72,2,2
40.8,2,2
40.88,2,2
40.96,2,2
41.04,2,2
41.12,2,2
41.2,2,2
41.28,2,2
41.36,2,2
41.44,2,2
41.52,2,2
41.6,2,2
41.68,2,2
41.76,2,2
41.84,2,2
41.92,2,2
42,2,2
42.08,2,2
42.16,2,2
42.24,2,2
42.32,2,2
42.4,2,2
42.48,2,2
42.56,2,2
42.64,2,2
42.72,2,2
42.8,2,2
42.88,2,2
42.96,2,2
43.04,2,2
43.12,2,2
43.2,2,2
43.28,2,2
43.36,2,2
43.44,2,2
43.52,2,2
43.6,2,2
43.68,2,2
43.76,2,2
43.84,2,2
43.92,2,2
44,2,2
44.08,2,2
44.16,2,2
44.24,2,2
44.32,2,2
44.4,2,2
44.48,2,2
44.56,2,2
44.64,2,2
44.72,2,2
44.8,2,2
44.88,2,2
44.96,2,2
45,2,2
45,2,2
45.04,2,2
45.12,2,2
45.2,2,2
45.28,2,2
45.36,2,2
45.44,2,2
45.52,2,2
45.6,2,2
45.68,2,2
45.76,2,2
45.84,2,2
45.92,2,2
46,2,2
46.08,2,2
46.16,2,2
46.24,2,2
46.32,2,2
46.4,2,2
46.48,2,2
46.56,2,2
46.64,2,2
46.72,2,2
46.8,2,2
46.88,2,2
46.96,2,2
47.04,2,2
47.12,2,2
47.2,2,2
47.28,2,2
47.36,2,2
47.44,2,2
47.52,2,2
47.6,2,2
47.68,2,2
47.76,2,2
47.84,2,2
47.92,2,2
48,2,2
48.08,2,2
48.16,2,2
48.24,2,2
48.32,2,2
48.4,2,2
48.48,2,2
48.56,2,2
48.64,2,2
48.72,2,2
48.8,2,2
48.88,2,2
48.96,2,2
49.04,2,2
49.12,2,2
49.2,2,2
49.28,2,2
49.36,2,2
49.44,2,2
49.52,2,2
49.6,2,2
49.68,2,2
49.76,2,2
49.84,2,2
49.92,2,2
50,2,2
50,2,2
50.08,2,2
50.16,2,2
50.24,2,2
50.32,2,2
50.4,2,2
50.48,2,2
50.56,2,2
50.64,2,2
50.72,2,2
50.8,2,2
50.88,2,2
50.96,2,2
51.04,2,2
51.12,2,2
51.2,2,2
51.28,2,2
51.36,2,2
51.44,2,2
51.52,2,2
51.6,2,2
51.68,2,2
51.76,2,2
51.84,2,2
51.92,2,2
52,2,2
52.08,2,2
52.16,2,2
52.24,2,2
52.32,2,2
52.4,2,2
52.48,2,2
52.56,2,2
52.64,2,2
52.72,2,2
52.8,2,2
52.88,2,2
52.96,2,2
53.04,2,2
53.12,2,2
53.2,2,2
53.28,2,2
53.36,2,2
53.44,2,2
53.52,2,2
53.6,2,2
53.68,2,2
53.76,2,2
53.84,2,2
53.92,2,2
54,2,2
54.08,2,2
54.16,2,2
54.24,2,2
54.32,2,2
54.4,2,2
54.48,2,2
54.56,2,2
54.64,2,2
54.72,2,2
54.8,2,2
54.88,2,2
54.96,2,2
55,2,2
55,2,2
55.04,2,2
55.12,2,2
55.2,2,2
55.28,2,2
55.36,2,2
55.44,2,2
55.52,2,2
55.6,2,2
55.68,2,2
55.76,2,2
55.84,2,2
55.92,2,2
56,2,2
56.08,2,2
56.16,2,2
56.24,2,2
56.32,2,2
56.4,2,2
56.48,2,2
56.56,2,2
56.64,2,2
56.72,2,2
56.8,2,2
56.88,2,2
56.96,2,2
57.04,2,2
57.12,2,2
57.2,2,2
57.28,2,2
57.36,2,2
57.44,2,2
57.52,2,2
57.6,2,2
57.68,2,2
57.76,2,2
57.84,2,2
57.92,2,2
58,2,2
58.08,2,2
58.16,2,2
58.24,2,2
58.32,2,2
58.4,2,2
58.48,2,2
58.56,2,2
58.64,2,2
58.72,2,2
58.8,2,2
58.88,2,2
58.96,2,2
59.04,2,2
59.12,2,2
59.2,2,2
59.28,2,2
59.36,2,2
59.44,2,2
59.52,2,2
59.6,2,2
59.68,2,2
59.76,2,2
59.84,2,2
59.92,2,2
60,2,2
60,2,2
60.08,2,2
60.16,2,2
60.24,2,2
60.32,2,2
60.4,2,2
60.48,2,2
60.56,2,2
60.64,2,2
60.72,2,2
60.8,2,2
60.88,2,2
60.96,2,2
61.04,2,2
61.12,2,2
61.2,2,2
61.28,2,2
61.36,2,2
61.44,2,2
61.52,2,2
61.6,2,2
61.68,2,2
61.76,2,2
61.84,2,2
61.92,2,2
62,2,2
62.08,2,2
62.16,2,2
62.24,2,2
62.32,2,2
62.4,2,2
62.48,2,2
62.56,2,2
62.64,2,2
62.72,2,2
62.8,2,2
62.88,2,2
62.96,2,2
63.04,2,2
63.12,2,2
63.2,2,2
63.28,2,2
63.36,2,2
63.44,2,2
63.52,2,2
63.6,2,2
63.68,2,2
63.76,2,2
63.84,2,2
63.92,2,2
64,2,2
64.08,2,2
64.16,2,2
64.24,2,2
64.32,2,2
64.4,2,2
64.48,2,2
64.56,2,2
64.64,2,2
64.72,2,2
64.8,2,2
64.88,2,2
64.96,2,2
65,2,2
65,2,2
65.04,2,2
65.12,2,2
65.2,2,2
65.28,2,2
65.36,2,2
65.44,2,2
65.52,2,2
65.6,2,2
65.68,2,2
65.76,2,2
65.84,2,2
65.92,2,2
66,2,2
66.08,2,2
66.16,2,2
66.24,2,2
66.32,2,2
66.4,2,2
66.48,2,2
66.56,2,2
66.64,2,2
66.72,2,2
66.8,2,2
66.88,2,2
66.96,2,2
67.04,2,2
67.12,2,2
67.2,2,2
67.28,2,2
67.36,2,2
67.44,2,2
67.52,2,2
67.6,2,2
67.68,2,2
67.76,2,2
67.84,2,2
67.92,2,2
68,2,2
68.08,2,2
68.16,2,2
68.24,2,2
68.32,2,2
68.4,2,2
68.48,2,2
68.56,2,2
68.64,2,2
68.72,2,2
68.8,2,2
68.88,2,2
68.96,2,2
69.04,2,2
69.12,2,2
69.2,2,2
69.28,2,2
69.36,2,2
69.44,2,2
69.52,2,2
69.6,2,2
69.68,2,2
69.76,2,2
69.84,2,2
69.92,2,2
70,2,2
70,2,2
70.08,2,2
70.16,2,2
70.24,2,2
70.32,2,2
70.4,2,2
70.48,2,2
70.56,2,2
70.64,2,2
70.72,2,2
70.8,2,2
70.88,2,2
70.96,2,2
71.04,2,2
71.12,2,2
71.2,2,2
71.28,2,2
71.36,2,2
71.44,2,2
71.52,2,2
71.6,2,2
71.68,2,2
71.76,2,2
71.84,2,2
71.92,2,2
72,2,2
72.08,2,2
72.16,2,2
72.24,2,2
72.32,2,2
72.4,2,2
72.48,2,2
72.56,2,2
72.64,2,2
72.72,2,2
72.8,2,2
72.88,2,2
72.96,2,2
73.04,2,2
73.12,2,2
73.2,2,2
73.28,2,2
73.36,2,2
73.44,2,2
73.52,2,2
73.6,2,2
73.68,2,2
73.76,2,2
73.84,2,2
73.92,2,2
74,2,2
74.08,2,2
74.16,2,2
74.24,2,2
74.32,2,2
74.4,2,2
74.48,2,2
74.56,2,2
74.64,2,2
74.72,2,2
74.8,2,2
74.88,2,2
74.96,2,2
75,2,2
75,2,2
75.04,2,2
75.12,2,2
75.2,2,2
75.28,2,2
75.36,2,2
75.44,2,2
75.52,2,2
75.6,2,2
75.68,2,2
75.76,2,2
75.84,2,2
75.92,2,2
76,2,2
76.08,2,2
76.16,2,2
76.24,2,2
76.32,2,2
76.4,2,2
76.48,2,2
76.56,2,2
76.64,2,2
76.72,2,2
76.8,2,2
76.88,2,2
76.96,2,2
77.04,2,2
77.12,2,2
77.2,2,2
77.28,2,2
77.36,2,2
77.44,2,2
77.52,2,2
77.6,2,2
77.68,2,2
77.76,2,2
77.84,2,2
77.92,2,2
78,2,2
78.08,2,2
78.16,2,2
78.24,2,2
78.32,2,2
78.4,2,2
78.48,2,2
78.56,2,2
78.64,2,2
78.72,2,2
78.8,2,2
78.88,2,2
78.96,2,2
79.04,2,2
79.12,2,2
79.2,2,2
79.28,2,2
79.36,2,2
79.44,2,2
79.52,2,2
79.6,2,2
79.68,2,2
79.76,2,2
79.84,2,2
79.92,2,2
80,2,2
80,2,2
80.08,2,2
80.16,2,2
80.24,2,2
80.32,2,2
80.4,2,2
80.48,2,2
80.56,2,2
80.64,2,2
80.72,2,2
80.8,2,2
80.88,2,2
80.96,2,2
81.04,2,2
81.12,2,2
81.2,2,2
81.28,2,2
81.36,2,2
81.44,2,2
81.52,2,2
81.6,2,2
81.68,2,2
81.76,2,2
81.84,2,2
81.92,2,2
82,2,2
82.08,2,2
82.16,2,2
82.24,2,2
82.32,2,2
82.4,2,2
82.48,2,2
82.56,2,2
82.64,2,2
82.72,2,2
82.8,2,2
82.88,2,2
82.96,2,2
83.04,2,2
83.12,2,2
83.2,2,2
83.28,2,2
83.36,2,2
83.44,2,2
83.52,2,2
83.6,2,2
83.68,2,2
83.76,2,2
83.84,2,2
83.92,2,2
84,2,2
84.08,2,2
84.16,2,2
84.24,2,2
84.32,2,2
84.4,2,2
84.48,2,2
84.56,2,2
84.64,2,2
84.72,2,2
84.8,2,2
84.88,2,2
84.96,2,2
85,2,2
85,2,2
85.04,2,2
85.12,2,2
85.2,2,2
85.28,2,2
85.36,2,2
85.44,2,2
85.52,2,2
85.6,2,2
85.68,2,2
85.76,2,2
85.84,2,2
85.92,2,2
86,2,2
86.08,2,2
86.16,2,2
86.24,2,2
86.32,2,2
86.4,2,2
86.48,2,2
86.56,2,2
86.64,2,2
86.72,2,2
86.8,2,2
86.88,2,2
86.96,2,2
87.04,2,2
87.12,2,2
87.2,2,2
87.28,2,2
87.36,2,2
87.44,2,2
87.52,2,2
87.6,2,2
87.68,2,2
87.76,2,2
87.84,2,2
87.92,2,2
88,2,2
88.08,2,2
88.16,2,2
88.24,2,2
88.32,2,2
88.4,2,2
88.48,2,2
88.56,2,2
88.64,2,2
88.72,2,2
88.8,2,2
88.88,2,2
88.96,2,2
89.04,2,2
89.12,2,2
89.2,2,2
89.28,2,2
89.36,2,2
89.44,2,2
89.52,2,2
89.6,2,2
89.68,2,2
89.76,2,2
89.84,2,2
89.92,2,2
90,2,2
90,2,2
90.08,2,2
90.16,2,2
90.24,2,2
90.32,2,2
90.4,2,2
90.48,2,2
90.56,2,2
90.64,2,2
90.72,2,2
90.8,2,2
90.88,2,2
90.96,2,2
91.04,2,2
91.12,2,2
91.2,2,2
91.28,2,2
91.36,2,2
91.44,2,2
91.52,2,2
91.6,2,2
91.68,2,2
91.76,2,2
91.84,2,2
91.92,2,2
92,2,2
92.08,2,2
92.16,2,2
92.24,2,2
92.32,2,2
92.4,2,2
92.48,2,2
92.56,2,2
92.64,2,2
92.72,2,2
92.8,2,2
92.88,2,2
92.96,2,2
93.04,2,2
93.12,2,2
93.2,2,2
93.28,2,2
93.36,2,2
93.44,2,2
93.52,2,2
93.6,2,2
93.68,2,2
93.76,2,2
93.84,2,2
93.92,2,2
94,2,2
94.08,2,2
94.16,2,2
94.24,2,2
94.32,2,2
94.4,2,2
94.48,2,2
94.56,2,2
94.64,2,2
94.72,2,2
94.8,2,2
94.88,2,2
94.96,2,2
95,2,2
95,2,2
95.04,2,2
95.12,2,2
95.2,2,2
95.28,2,2
95.36,2,2
95.44,2,2
95.52,2,2
95.6,2,2
95.68,2,2
95.76,2,2
95.84,2,2
95.92,2,2
96,2,2
96.08,2,2
96.16,2,2
96.24,2,2
96.32,2,2
96.4,2,2
96.48,2,2
96.56,2,2
96.64,2,2
96.72,2,2
96.8,2,2
96.88,2,2
96.96,2,2
97.04,2,2
97.12,2,2
97.2,2,2
97.28,2,2
97.36,2,2
97.44,2,2
97.52,2,2
97.6,2,2
97.68,2,2
97.76,2,2
97.84,2,2
97.92,2,2
98,2,2
98.08,2,2
98.16,2,2
98.24,2,2
98.32,2,2
98.4,2,2
98.48,2,2
98.56,2,2
98.64,2,2
98.72,2,2
98.8,2,2
98.88,2,2
98.96,2,2
99.04,2,2
99.12,2,2
99.2,2,2
99.28,2,2
99.36,2,2
99.44,2,2
99.52,2,2
99.6,2,2
99.68,2,2
99.76,2,2
99.84,2,2
99.92,2,2
100,2,2
100,3,3
100.08,3,3
100.16,3,3
100.24,3,3
100.32,3,3
100.4,3,3
100.48,3,3
100.56,3,3
100.64,3,3
100.72,3,3
100.8,3,3
100.88,3,3
100.96,3,3
101.04,3,3
101.12,3,3
101.2,3,3
101.28,3,3
101.36,3,3
101.44,3,3
101.52,3,3
101.6,3,3
101.68,3,3
101.76,3,3
101.84,3,3
101.92,3,3
102,3,3
102.08,3,3
102.16,3,3
102.24,3,3
102.32,3,3
102.4,3,3
102.48,3,3
102.56,3,3
102.64,3,3
102.72,3,3
102.8,3,3
102.88,3,3
102.96,3,3
103.04,3,3
103.12,3,3
103.2,3,3
103.28,3,3
103.36,3,3
103.44,3,3
103.52,3,3
103.6,3,3
103.68,3,3
103.76,3,3
103.84,3,3
103.92,3,3
104,3,3
104.08,3,3
104.16,3,3
104.24,3,3
104.32,3,3
104.4,3,3
104.48,3,3
104.56,3,3
104.64,3,3
104.72,3,3
104.8,3,3
104.88,3,3
104.96,3,3
105,3,3
105,3,3
105.04,3,3
105.12,3,3
105.2,3,3
105.28,3,3
105.36,3,3
105.44,3,3
105.52,3,3
105.6,3,3
105.68,3,3
105.76,3,3
105.84,3,3
105.92,3,3
106,3,3
106.08,3,3
106.16,3,3
106.24,3,3
106.32,3,3
106.4,3,3
106.48,3,3
106.56,3,3
106.64,3,3
106.72,3,3
106.8,3,3
106.88,3,3
106.96,3,3
107.04,3,3
107.12,3,3
107.2,3,3
107.28,3,3
107.36,3,3
107.44,3,3
107.52,3,3
107.6,3,3
107.68,3,3
107.76,3,3
107.84,3,3
107.92,3,3
108,3,3
108.08,3,3
108.16,3,3
108.24,3,3
108.32,3,3
108.4,3,3
108.48,3,3
108.56,3,3
108.64,3,3
108.72,3,3
108.8,3,3
108.88,3,3
108.96,3,3
109.04,3,3
109.12,3,3
109.2,3,3
109.28,3,3
109.36,3,3
109.44,3,3
109.52,3,3
109.6,3,3
109.68,3,3
109.76,3,3
109.84,3,3
109.92,3,3
110,3,3
110,2,2
110.08,2,2
110.16,2,2
110.24,2,2
110.32,2,2
110.4,2,2
110.48,2,2
110.56,2,2
110.64,2,2
110.72,2,2
110.8,2,2
110.88,2,2
110.96,2,2
111.04,2,2
111.12,2,2
111.2,2,2
111.28,2,2
111.36,2,2
111.44,2,2
111.52,2,2
111.6,2,2
111.68,2,2
111.76,2,2
111.84,2,2
111.92,2,2
112,2,2
112.08,2,2
112.16,2,2
112.24,2,2
112.32,2,2
112.4,2,2
112.48,2,2
112.56,2,2
112.64,2,2
112.72,2,2
112.8,2,2
112.88,2,2
112.96,2,2
113.04,2,2
113.12,2,2
113.2,2,2
113.28,2,2
113.36,2,2
113.44,2,2
113.52,2,2
113.6,2,2
113.68,2,2
113.76,2,2
113.84,2,2
113.92,2,2
114,2,2
114.08,2,2
114.16,2,2
114.24,2,2
114.32,2,2
114.4,2,2
114.48,2,2
114.56,2,2
114.64,2,2
114.72,2,2
114.8,2,2
114.88,2,2
114.96,2,2
115,2,2
115,2,2
115.04,2,2
115.12,2,2
115.2,2,2
115.28,2,2
115.36,2,2
115.44,2,2
115.52,2,2
115.6,2,2
115.68,2,2
115.76,2,2
115.84,2,2
115.92,2,2
116,2,2
116.08,2,2
116.16,2,2
116.24,2,2
116.32,2,2
116.4,2,2
116.48,2,2
116.56,2,2
116.64,2,2
116.72,2,2
116.8,2,2
116.88,2,2
116.96,2,2
117.04,2,2
117.12,2,2
117.2,2,2
117.28,2,2
117.36,2,2
117.44,2,2
117.52,2,2
117.6,2,2
117.68,2,2
117.76,2,2
117.84,2,2
117.92,2,2
118,2,2
118.08,2,2
118.16,2,2
118.24,2,2
118.32,2,2
118.4,2,2
118.48,2,2
118.56,2,2
118.64,2,2
118.72,2,2
118.8,2,2
118.88,2,2
118.96,2,2
119.04,2,2
119.12,2,2
119.2,2,2
119.28,2,2
119.36,2,2
119.44,2,2
119.52,2,2
119.6,2,2
119.68,2,2
119.76,2,2
119.84,2,2
119.92,2,2
120,2,2
120,3,3
120.08,3,3
120.16,3,3
120.24,3,3
120.32,3,3
120.4,3,3
120.48,3,3
120.56,3,3
120.64,3,3
120.72,3,3
120.8,3,3
120.88,3,3
120.96,3,3
121.04,3,3
121.12,3,3
121.2,3,3
121.28,3,3
121.36,3,3
121.44,3,3
121.52,3,3
121.6,3,3
121.68,3,3
121.76,3,3
121.84,3,3
121.92,3,3
122,3,3
122.08,3,3
122.16,3,3
122.24,3,3
122.32,3,3
122.4,3,3
122.48,3,3
122.56,3,3
122.64,3,3
122.72,3,3
122.8,3,3
122.88,3,3
122.96,3,3
123.04,3,3
123.12,3,3
123.2,3,3
123.28,3,3
123.36,3,3
123.44,3,3
123.52,3,3
123.6,3,3
123.68,3,3
123.76,3,3
123.84,3,3
123.92,3,3
124,3,3
124.08,3,3
124.16,3,3
124.24,3,3
124.32,3,3
124.4,3,3
124.48,3,3
124.56,3,3
124.64,3,3
124.72,3,3
124.8,3,3
124.88,3,3
124.96,3,3
125,3,3
125,3,3
125.04,3,3
125.12,3,3
125.2,3,3
125.28,3,3
125.36,3,3
125.44,3,3
125.52,3,3
125.6,3,3
125.68,3,3
125.76,3,3
125.84,3,3
125.92,3,3
126,3,3
126.08,3,3
126.16,3,3
126.24,3,3
126.32,3,3
126.4,3,3
126.48,3,3
126.56,3,3
126.64,3,3
126.72,3,3
126.8,3,3
126.88,3,3
126.96,3,3
127.04,3,3
127.12,3,3
127.2,3,3
127.28,3,3
127.36,3,3
127.44,3,3
127.52,3,3
127.6,3,3
127.68,3,3
127.76,3,3
127.84,3,3
127.92,3,3
128,3,3
128.08,3,3
128.16,3,3
128.24,3,3
128.32,3,3
128.4,3,3
128.48,3,3
128.56,3,3
128.64,3,3
128.72,3,3
128.8,3,3
128.88,3,3
128.96,3,3
129.04,3,3
129.12,3,3
129.2,3,3
129.28,3,3
129.36,3,3
129.44,3,3
129.52,3,3
129.6,3,3
129.68,3,3
129.76,3,3
129.84,3,3
129.92,3,3
130,3,3
130,2,2
130.08,2,2
130.16,2,2
130.24,2,2
130.32,2,2
130.4,2,2
130.48,2,2
130.56,2,2
130.64,2,2
130.72,2,2
130.8,2,2
130.88,2,2
130.96,2,2
131.04,2,2
131.12,2,2
131.2,2,2
131.28,2,2
131.36,2,2
131.44,2,2
131.52,2,2
131.6,2,2
131.68,2,2
131.76,2,2
131.84,2,2
131.92,2,2
132,2,2
132.08,2,2
132.16,2,2
132.24,2,2
132.32,2,2
132.4,2,2
132.48,2,2
132.56,2,2
132.64,2,2
132.72,2,2
132.8,2,2
132.88,2,2
132.96,2,2
133.04,2,2
133.12,2,2
133.2,2,2
133.28,2,2
133.36,2,2
133.44,2,2
133.52,2,2
133.6,2,2
133.68,2,2
133.76,2,2
133.84,2,2
133.92,2,2
134,2,2
134.08,2,2
134.16,2,2
134.24,2,2
134.32,2,2
134.4,2,2
134.48,2,2
134.56,2,2
134.64,2,2
134.72,2,2
134.8,2,2
134.88,2,2
134.96,2,2
135,2,2
135,2,2
135.04,2,2
135.12,2,2
135.2,2,2
135.28,2,2
135.36,2,2
135.44,2,2
135.52,2,2
135.6,2,2
135.68,2,2
135.76,2,2
135.84,2,2
135.92,2,2
136,2,2
136.08,2,2
136.16,2,2
136.24,2,2
136.32,2,2
136.4,2,2
136.48,2,2
136.56,2,2
136.64,2,2
136.72,2,2
136.8,2,2
136.88,2,2
136.96,2,2
137.04,2,2
137.12,2,2
137.2,2,2
137.28,2,2
137.36,2,2
137.44,2,2
137.52,2,2
137.6,2,2
137.68,2,2
137.76,2,2
137.84,2,2
137.92,2,2
138,2,2
138.08,2,2
138.16,2,2
138.24,2,2
138.32,2,2
138.4,2,2
138.48,2,2
138.56,2,2
138.64,2,2
138.72,2,2
138.8,2,2
138.88,2,2
138.96,2,2
139.04,2,2
139.12,2,2
139.2,2,2
139.28,2,2
139.36,2,2
139.44,2,2
139.52,2,2
139.6,2,2
139.68,2,2
139.76,2,2
139.84,2,2
139.92,2,2
140,2,2
140,2,2
140.08,2,2
140.16,2,2
140.24,2,2
140.32,2,2
140.4,2,2
140.48,2,2
140.56,2,2
140.64,2,2
140.72,2,2
140.8,2,2
140.88,2,2
140.96,2,2
141.04,2,2
141.12,2,2
141.2,2,2
141.28,2,2
141.36,2,2
141.44,2,2
141.52,2,2
141.6,2,2
141.68,2,2
141.76,2,2
141.84,2,2
141.92,2,2
142,2,2
142.08,2,2
142.16,2,2
142.24,2,2
142.32,2,2
142.4,2,2
142.48,2,2
142.56,2,2
142.64,2,2
142.72,2,2
142.8,2,2
142.88,2,2
142.96,2,2
143.04,2,2
143.12,2,2
143.2,2,2
143.28,2,2
143.36,2,2
143.44,2,2
143.52,2,2
143.6,2,2
143.68,2,2
143.76,2,2
143.84,2,2
143.92,2,2
144,2,2
144.08,2,2
144.16,2,2
144.24,2,2
144.32,2,2
144.4,2,2
144.48,2,2
144.56,2,2
144.64,2,2
144.72,2,2
144.8,2,2
144.88,2,2
144.96,2,2
145,2,2
145,3,3
145.04,3,3
145.12,3,3
145.2,3,3
145.28,3,3
145.36,3,3
145.44,3,3
145.52,3,3
145.6,3,3
145.68,3,3
145.76,3,3
145.84,3,3
145.92,3,3
146,3,3
146.08,3,3
146.16,3,3
146.24,3,3
146.32,3,3
146.4,3,3
146.48,3,3
146.56,3,3
146.64,3,3
146.72,3,3
146.8,3,3
146.88,3,3
146.96,3,3
147.04,3,3
147.12,3,3
147.2,3,3
147.28,3,3
147.36,3,3
147.44,3,3
147.52,3,3
147.6,3,3
147.68,3,3
147.76,3,3
147.84,3,3
147.92,3,3
148,3,3
148.08,3,3
148.16,3,3
148.24,3,3
148.32,3,3
148.4,3,3
148.48,3,3
148.56,3,3
148.64,3,3
148.72,3,3
148.8,3,3
148.88,3,3
148.96,3,3
149.04,3,3
149.12,3,3
149.2,3,3
149.28,3,3
149.36,3,3
149.44,3,3
149.52,3,3
149.6,3,3
149.68,3,3
149.76,3,3
149.84,3,3
149.92,3,3
150,3,3
150,3,3
150.08,3,3
150.16,3,3
150.24,3,3
150.32,3,3
150.4,3,3
150.48,3,3
150.56,3,3
150.64,3,3
150.72,3,3
150.8,3,3
150.88,3,3
150.96,3,3
151.04,3,3
151.12,3,3
151.2,3,3
151.28,3,3
151.36,3,3
151.44,3,3
151.52,3,3
151.6,3,3
151.68,3,3
151.76,3,3
151.84,3,3
151.92,3,3
152,3,3
152.08,3,3
152.16,3,3
152.24,3,3
152.32,3,3
152.4,3,3
152.48,3,3
152.56,3,3
152.64,3,3
152.72,3,3
152.8,3,3
152.88,3,3
152.96,3,3
153.04,3,3
153.12,3,3
153.2,3,3
153.28,3,3
153.36,3,3
153.44,3,3
153.52,3,3
153.6,3,3
153.68,3,3
153.76,3,3
153.84,3,3
153.92,3,3
154,3,3
154.08,3,3
154.16,3,3
154.24,3,3
154.32,3,3
154.4,3,3
154.48,3,3
154.56,3,3
154.64,3,3
154.72,3,3
154.8,3,3
154.88,3,3
154.96,3,3
155,3,3
155,2,2
155.04,2,2
155.12,2,2
155.2,2,2
155.28,2,2
155.36,2,2
155.44,2,2
155.52,2,2
155.6,2,2
155.68,2,2
155.76,2,2
155.84,2,2
155.92,2,2
156,2,2
156.08,2,2
156.16,2,2
156.24,2,2
156.32,2,2
156.4,2,2
156.48,2,2
156.56,2,2
156.64,2,2
156.72,2,2
156.8,2,2
156.88,2,2
156.96,2,2
157.04,2,2
157.12,2,2
157.2,2,2
157.28,2,2
157.36,2,2
157.44,2,2
157.52,2,2
157.6,2,2
157.68,2,2
157.76,2,2
157.84,2,2
157.92,2,2
158,2,2
158.08,2,2
158.16,2,2
158.24,2,2
158.32,2,2
158.4,2,2
158.48,2,2
158.56,2,2
158.64,2,2
158.72,2,2
158.8,2,2
158.88,2,2
158.96,2,2
159.04,2,2
159.12,2,2
159.2,2,2
159.28,2,2
159.36,2,2
159.44,2,2
159.52,2,2
159.6,2,2
159.68,2,2
159.76,2,2
159.84,2,2
159.92,2,2
160,2,2
160,2,2
160.08,2,2
160.16,2,2
160.24,2,2
160.32,2,2
160.4,2,2
160.48,2,2
160.56,2,2
160.64,2,2
160.72,2,2
160.8,2,2
160.88,2,2
160.96,2,2
161.04,2,2
161.12,2,2
161.2,2,2
161.28,2,2
161.36,2,2
161.44,2,2
161.52,2,2
161.6,2,2
161.68,2,2
161.76,2,2
161.84,2,2
161.92,2,2
162,2,2
162.08,2,2
162.16,2,2
162.24,2,2
162.32,2,2
162.4,2,2
162.48,2,2
162.56,2,2
162.64,2,2
162.72,2,2
162.8,2,2
162.88,2,2
162.96,2,2
163.04,2,2
163.12,2,2
163.2,2,2
163.28,2,2
163.36,2,2
163.44,2,2
163.52,2,2
163.6,2,2
163.68,2,2
163.76,2,2
163.84,2,2
163.92,2,2
164,2,2
164.08,2,2
164.16,2,2
164.24,2,2
164.32,2,2
164.4,2,2
164.48,2,2
164.56,2,2
164.64,2,2
164.72,2,2
164.8,2,2
164.88,2,2
164.96,2,2
165,2,2
165,3,3
165.04,3,3
165.12,3,3
165.2,3,3
165.28,3,3
165.36,3,3
165.44,3,3
165.52,3,3
165.6,3,3
165.68,3,3
165.76,3,3
165.84,3,3
165.92,3,3
166,3,3
166.08,3,3
166.16,3,3
166.24,3,3
166.32,3,3
166.4,3,3
166.48,3,3
166.56,3,3
166.64,3,3
166.72,3,3
166.8,3,3
166.88,3,3
166.96,3,3
167.04,3,3
167.12,3,3
167.2,3,3
167.28,3,3
167.36,3,3
167.44,3,3
167.52,3,3
167.6,3,3
167.68,3,3
167.76,3,3
167.84,3,3
167.92,3,3
168,3,3
168.08,3,3
168.16,3,3
168.24,3,3
168.32,3,3
168.4,3,3
168.48,3,3
168.56,3,3
168.64,3,3
168.72,3,3
168.8,3,3
168.88,3,3
168.96,3,3
169.04,3,3
169.12,3,3
169.2,3,3
169.28,3,3
169.36,3,3
169.44,3,3
169.52,3,3
169.6,3,3
169.68,3,3
169.76,3,3
169.84,3,3
169.92,3,3
170,3,3
170,3,3
170.08,3,3
170.16,3,3
170.24,3,3
170.32,3,3
170.4,3,3
170.48,3,3
170.56,3,3
170.64,3,3
170.72,3,3
170.8,3,3
170.88,3,3
170.96,3,3
171.04,3,3
171.12,3,3
171.2,3,3
171.28,3,3
171.36,3,3
171.44,3,3
171.52,3,3
171.6,3,3
171.68,3,3
171.76,3,3
171.84,3,3
171.92,3,3
172,3,3
172.08,3,3
172.16,3,3
172.24,3,3
172.32,3,3
172.4,3,3
172.48,3,3
172.56,3,3
172.64,3,3
172.72,3,3
172.8,3,3
172.88,3,3
172.96,3,3
173.04,3,3
173.12,3,3
173.2,3,3
173.28,3,3
173.36,3,3
173.44,3,3
173.52,3,3
173.6,3,3
173.68,3,3
173.76,3,3
173.84,3,3
173.92,3,3
174,3,3
174.08,3,3
174.16,3,3
174.24,3,3
174.32,3,3
174.4,3,3
174.48,3,3
174.56,3,3
174.64,3,3
174.72,3,3
174.8,3,3
174.88,3,3
174.96,3,3
175,3,3
175,2,2
175.04,2,2
175.12,2,2
175.2,2,2
175.28,2,2
175.36,2,2
175.44,2,2
175.52,2,2
175.6,2,2
175.68,2,2
175.76,2,2
175.84,2,2
175.92,2,2
176,2,2
176.08,2,2
176.16,2,2
176.24,2,2
176.32,2,2
176.4,2,2
176.48,2,2
176.56,2,2
176.64,2,2
176.72,2,2
176.8,2,2
176.88,2,2
176.96,2,2
177.04,2,2
177.12,2,2
177.2,2,2
177.28,2,2
177.36,2,2
177.44,2,2
177.52,2,2
177.6,2,2
177.68,2,2
177.76,2,2
177.84,2,2
177.92,2,2
178,2,2
178.08,2,2
178.16,2,2
178.24,2,2
178.32,2,2
178.4,2,2
178.48,2,2
178.56,2,2
178.64,2,2
178.72,2,2
178.8,2,2
178.88,2,2
178.96,2,2
179.04,2,2
179.12,2,2
179.2,2,2
179.28,2,2
179.36,2,2
179.44,2,2
179.52,2,2
179.6,2,2
179.68,2,2
179.76,2,2
179.84,2,2
179.92,2,2
180,2,2
180,2,2
180.08,2,2
180.16,2,2
180.24,2,2
180.32,2,2
180.4,2,2
180.48,2,2
180.56,2,2
180.64,2,2
180.72,2,2
180.8,2,2
180.88,2,2
180.96,2,2
181.04,2,2
181.12,2,2
181.2,2,2
181.28,2,2
181.36,2,2
181.44,2,2
181.52,2,2
181.6,2,2
181.68,2,2
181.76,2,2
181.84,2,2
181.92,2,2
182,2,2
182.08,2,2
182.16,2,2
182.24,2,2
182.32,2,2
182.4,2,2
182.48,2,2
182.56,2,2
182.64,2,2
182.72,2,2
182.8,2,2
182.88,2,2
182.96,2,2
183.04,2,2
183.12,2,2
183.2,2,2
183.28,2,2
183.36,2,2
183.44,2,2
183.52,2,2
183.6,2,2
183.68,2,2
183.76,2,2
183.84,2,2
183.92,2,2
184,2,2
184.08,2,2
184.16,2,2
184.24,2,2
184.32,2,2
184.4,2,2
184.48,2,2
184.56,2,2
184.64,2,2
184.72,2,2
184.8,2,2
184.88,2,2
184.96,2,2
185,2,2
185,2,2
185.04,2,2
185.12,2,2
185.2,2,2
185.28,2,2
185.36,2,2
185.44,2,2
185.52,2,2
185.6,2,2
185.68,2,2
185.76,2,2
185.84,2,2
185.92,2,2
186,2,2
186.08,2,2
186.16,2,2
186.24,2,2
186.32,2,2
186.4,2,2
186.48,2,2
186.56,2,2
186.64,2,2
186.72,2,2
186.8,2,2
186.88,2,2
186.96,2,2
187.04,2,2
187.12,2,2
187.2,2,2
187.28,2,2
187.36,2,2
187.44,2,2
187.52,2,2
187.6,2,2
187.68,2,2
187.76,2,2
187.84,2,2
187.92,2,2
188,2,2
188.08,2,2
188.16,2,2
188.24,2,2
188.32,2,2
188.4,2,2
188.48,2,2
188.56,2,2
188.64,2,2
188.72,2,2
188.8,2,2
188.88,2,2
188.96,2,2
189.04,2,2
189.12,2,2
189.2,2,2
189.28,2,2
189.36,2,2
189.44,2,2
189.52,2,2
189.6,2,2
189.68,2,2
189.76,2,2
189.84,2,2
189.92,2,2
190,2,2
190,2,2
190.08,2,2
190.16,2,2
190.24,2,2
190.32,2,2
190.4,2,2
190.48,2,2
190.56,2,2
190.64,2,2
190.72,2,2
190.8,2,2
190.88,2,2
190.96,2,2
191.04,2,2
191.12,2,2
191.2,2,2
191.28,2,2
191.36,2,2
191.44,2,2
191.52,2,2
191.6,2,2
191.68,2,2
191.76,2,2
191.84,2,2
191.92,2,2
192,2,2
192.08,2,2
192.16,2,2
192.24,2,2
192.32,2,2
192.4,2,2
192.48,2,2
192.56,2,2
192.64,2,2
192.72,2,2
192.8,2,2
192.88,2,2
192.96,2,2
193.04,2,2
193.12,2,2
193.2,2,2
193.28,2,2
193.36,2,2
193.44,2,2
193.52,2,2
193.6,2,2
193.68,2,2
193.76,2,2
193.84,2,2
193.92,2,2
194,2,2
194.08,2,2
194.16,2,2
194.24,2,2
194.32,2,2
194.4,2,2
194.48,2,2
194.56,2,2
194.64,2,2
194.72,2,2
194.8,2,2
194.88,2,2
194.96,2,2
195,2,2
195,2,2
195.04,2,2
195.12,2,2
195.2,2,2
195.28,2,2
195.36,2,2
195.44,2,2
195.52,2,2
195.6,2,2
195.68,2,2
195.76,2,2
195.84,2,2
195.92,2,2
196,2,2
196.08,2,2
196.16,2,2
196.24,2,2
196.32,2,2
196.4,2,2
196.48,2,2
196.56,2,2
196.64,2,2
196.72,2,2
196.8,2,2
196.88,2,2
196.96,2,2
197.04,2,2
197.12,2,2
197.2,2,2
197.28,2,2
197.36,2,2
197.44,2,2
197.52,2,2
197.6,2,2
197.68,2,2
197.76,2,2
197.84,2,2
197.92,2,2
198,2,2
198.08,2,2
198.16,2,2
198.24,2,2
198.32,2,2
198.4,2,2
198.48,2,2
198.56,2,2
198.64,2,2
198.72,2,2
198.8,2,2
198.88,2,2
198.96,2,2
199.04,2,2
199.12,2,2
199.2,2,2
199.28,2,2
199.36,2,2
199.44,2,2
199.52,2,2
199.6,2,2
199.68,2,2
199.76,2,2
199.84,2,2
199.92,2,2
200,2,2
200,2,2
200.08,2,2
200.16,2,2
200.24,2,2
200.32,2,2
200.4,2,2
200.48,2,2
200.56,2,2
200.64,2,2
200.72,2,2
200.8,2,2
200.88,2,2
200.96,2,2
201.04,2,2
201.12,2,2
201.2,2,2
201.28,2,2
201.36,2,2
201.44,2,2
201.52,2,2
201.6,2,2
201.68,2,2
201.76,2,2
201.84,2,2
201.92,2,2
202,2,2
202.08,2,2
202.16,2,2
202.24,2,2
202.32,2,2
202.4,2,2
202.48,2,2
202.56,2,2
202.64,2,2
202.72,2,2
202.8,2,2
202.88,2,2
202.96,2,2
203.04,2,2
203.12,2,2
203.2,2,2
203.28,2,2
203.36,2,2
203.44,2,2
203.52,2,2
203.6,2,2
203.68,2,2
203.76,2,2
203.84,2,2
203.92,2,2
204,2,2
204.08,2,2
204.16,2,2
204.24,2,2
204.32,2,2
204.4,2,2
204.48,2,2
204.56,2,2
204.64,2,2
204.72,2,2
204.8,2,2
204.88,2,2
204.96,2,2
205,2,2
205,2,2
205.04,2,2
205.12,2,2
205.2,2,2
205.28,2,2
205.36,2,2
205.44,2,2
205.52,2,2
205.6,2,2
205.68,2,2
205.76,2,2
205.84,2,2
205.92,2,2
206,2,2
206.08,2,2
206.16,2,2
206.24,2,2
206.32,2,2
206.4,2,2
206.48,2,2
206.56,2,2
206.64,2,2
206.72,2,2
206.8,2,2
206.88,2,2
206.96,2,2
207.04,2,2
207.12,2,2
207.2,2,2
207.28,2,2
207.36,2,2
207.44,2,2
207.52,2,2
207.6,2,2
207.68,2,2
207.76,2,2
207.84,2,2
207.92,2,2
208,2,2
208.08,2,2
208.16,2,2
208.24,2,2
208.32,2,2
208.4,2,2
208.48,2,2
208.56,2,2
208.64,2,2
208.72,2,2
208.8,2,2
208.88,2,2
208.96,2,2
209.04,2,2
209.12,2,2
209.2,2,2
209.28,2,2
209.36,2,2
209.44,2,2
209.52,2,2
209.6,2,2
209.68,2,2
209.76,2,2
209.84,2,2
209.92,2,2
210,2,2
210,2,2
210.08,2,2
210.16,2,2
210.24,2,2
210.32,2,2
210.4,2,2
210.48,2,2
210.56,2,2
210.64,2,2
210.72,2,2
210.8,2,2
210.88,2,2
210.96,2,2
211.04,2,2
211.12,2,2
211.2,2,2
211.28,2,2
211.36,2,2
211.44,2,2
211.52,2,2
211.6,2,2
211.68,2,2
211.76,2,2
211.84,2,2
211.92,2,2
212,2,2
212.08,2,2
212.16,2,2
212.24,2,2
212.32,2,2
212.4,2,2
212.48,2,2
212.56,2,2
212.64,2,2
212.72,2,2
212.8,2,2
212.88,2,2
212.96,2,2
213.04,2,2
213.12,2,2
213.2,2,2
213.28,2,2
213.36,2,2
213.44,2,2
213.52,2,2
213.6,2,2
213.68,2,2
213.76,2,2
213.84,2,2
213.92,2,2
214,2,2
214.08,2,2
214.16,2,2
214.24,2,2
214.32,2,2
214.4,2,2
214.48,2,2
214.56,2,2
214.64,2,2
214.72,2,2
214.8,2,2
214.88,2,2
214.96,2,2
215,2,2
215,2,2
215.04,2,2
215.12,2,2
215.2,2,2
215.28,2,2
215.36,2,2
215.44,2,2
215.52,2,2
215.6,2,2
215.68,2,2
215.76,2,2
215.84,2,2
215.92,2,2
216,2,2
216.08,2,2
216.16,2,2
216.24,2,2
216.32,2,2
216.4,2,2
216.48,2,2
216.56,2,2
216.64,2,2
216.72,2,2
216.8,2,2
216.88,2,2
216.96,2,2
217.04,2,2
217.12,2,2
217.2,2,2
217.28,2,2
217.36,2,2
217.44,2,2
217.52,2,2
217.6,2,2
217.68,2,2
217.76,2,2
217.84,2,2
217.92,2,2
218,2,2
218.08,2,2
218.16,2,2
218.24,2,2
218.32,2,2
218.4,2,2
218.48,2,2
218.56,2,2
218.64,2,2
218.72,2,2
218.8,2,2
218.88,2,2
218.96,2,2
219.04,2,2
219.12,2,2
219.2,2,2
219.28,2,2
219.36,2,2
219.44,2,2
219.52,2,2
219.6,2,2
219.68,2,2
219.76,2,2
219.84,2,2
219.92,2,2
220,2,2
220,2,2
220.08,2,2
220.16,2,2
220.24,2,2
220.32,2,2
220.4,2,2
220.48,2,2
220.56,2,2
220.64,2,2
220.72,2,2
220.8,2,2
220.88,2,2
220.96,2,2
221.04,2,2
221.12,2,2
221.2,2,2
221.28,2,2
221.36,2,2
221.44,2,2
221.52,2,2
221.6,2,2
221.68,2,2
221.76,2,2
221.84,2,2
221.92,2,2
222,2,2
222.08,2,2
222.16,2,2
222.24,2,2
222.32,2,2
222.4,2,2
222.48,2,2
222.56,2,2
222.64,2,2
222.72,2,2
222.8,2,2
222.88,2,2
222.96,2,2
223.04,2,2
223.12,2,2
223.2,2,2
223.28,2,2
223.36,2,2
223.44,2,2
223.52,2,2
223.6,2,2
223.68,2,2
223.76,2,2
223.84,2,2
223.92,2,2
224,2,2
224.08,2,2
224.16,2,2
224.24,2,2
224.32,2,2
224.4,2,2
224.48,2,2
224.56,2,2
224.64,2,2
224.72,2,2
224.8,2,2
224.88,2,2
224.96,2,2
225,2,2
225,2,2
225.04,2,2
225.12,2,2
225.2,2,2
225.28,2,2
225.36,2,2
225.44,2,2
225.52,2,2
225.6,2,2
225.68,2,2
225.76,2,2
225.84,2,2
225.92,2,2
226,2,2
226.08,2,2
226.16,2,2
226.24,2,2
226.32,2,2
226.4,2,2
226.48,2,2
226.56,2,2
226.64,2,2
226.72,2,2
226.8,2,2
226.88,2,2
226.96,2,2
227.04,2,2
227.12,2,2
227.2,2,2
227.28,2,2
227.36,2,2
227.44,2,2
227.52,2,2
227.6,2,2
227.68,2,2
227.76,2,2
227.84,2,2
227.92,2,2
228,2,2
228.08,2,2
228.16,2,2
228.24,2,2
228.32,2,2
228.4,2,2
228.48,2,2
228.56,2,2
228.64,2,2
228.72,2,2
228.8,2,2
228.88,2,2
228.96,2,2
229.04,2,2
229.12,2,2
229.2,2,2
229.28,2,2
229.36,2,2
229.44,2,2
229.52,2,2
229.6,2,2
229.68,2,2
229.76,2,2
229.84,2,2
229.92,2,2
230,2,2
230,2,2
230.08,2,2
230.16,2,2
230.24,2,2
230.32,2,2
230.4,2,2
230.48,2,2
230.56,2,2
230.64,2,2
230.72,2,2
230.8,2,2
230.88,2,2
230.96,2,2
231.04,2,2
231.12,2,2
231.2,2,2
231.28,2,2
231.36,2,2
231.44,2,2
231.52,2,2
231.6,2,2
231.68,2,2
231.76,2,2
231.84,2,2
231.92,2,2
232,2,2
232.08,2,2
232.16,2,2
232.24,2,2
232.32,2,2
232.4,2,2
232.48,2,2
232.56,2,2
232.64,2,2
232.72,2,2
232.8,2,2
232.88,2,2
232.96,2,2
233.04,2,2
233.12,2,2
233.2,2,2
233.28,2,2
233.36,2,2
233.44,2,2
233.52,2,2
233.6,2,2
233.68,2,2
233.76,2,2
233.84,2,2
233.92,2,2
234,2,2
234.08,2,2
234.16,2,2
234.24,2,2
234.32,2,2
234.4,2,2
234.48,2,2
234.56,2,2
234.64,2,2
234.72,2,2
234.8,2,2
234.88,2,2
234.96,2,2
235,2,2
235,2,2
235.04,2,2
235.12,2,2
235.2,2,2
235.28,2,2
235.36,2,2
235.44,2,2
235.52,2,2
235.6,2,2
235.68,2,2
235.76,2,2
235.84,2,2
235.92,2,2
236,2,2
236.08,2,2
236.16,2,2
236.24,2,2
236.32,2,2
236.4,2,2
236.48,2,2
236.56,2,2
236.64,2,2
236.72,2,2
236.8,2,2
236.88,2,2
236.96,2,2
237.04,2,2
237.12,2,2
237.2,2,2
237.28,2,2
237.36,2,2
237.44,2,2
237.52,2,2
237.6,2,2
237.68,2,2
237.76,2,2
237.84,2,2
237.92,2,2
238,2,2
238.08,2,2
238.16,2,2
238.24,2,2
238.32,2,2
238.4,2,2
238.48,2,2
238.56,2,2
238.64,2,2
238.72,2,2
238.8,2,2
238.88,2,2
238.96,2,2
239.04,2,2
239.12,2,2
239.2,2,2
239.28,2,2
239.36,2,2
239.44,2,2
239.52,2,2
239.6,2,2
239.68,2,2
239.76,2,2
239.84,2,2
239.92,2,2
240,2,2
240,2,2
240.08,2,2
240.16,2,2
240.24,2,2
240.32,2,2
240.4,2,2
240.48,2,2
240.56,2,2
240.64,2,2
240.72,2,2
240.8,2,2
240.88,2,2
240.96,2,2
241.04,2,2
241.12,2,2
241.2,2,2
241.28,2,2
241.36,2,2
241.44,2,2
241.52,2,2
241.6,2,2
241.68,2,2
241.76,2,2
241.84,2,2
241.92,2,2
242,2,2
242.08,2,2
242.16,2,2
242.24,2,2
242.32,2,2
242.4,2,2
242.48,2,2
242.56,2,2
242.64,2,2
242.72,2,2
242.8,2,2
242.88,2,2
242.96,2,2
243.04,2,2
243.12,2,2
243.2,2,2
243.28,2,2
243.36,2,2
243.44,2,2
243.52,2,2
243.6,2,2
243.68,2,2
243.76,2,2
243.84,2,2
243.92,2,2
244,2,2
244.08,2,2
244.16,2,2
244.24,2,2
244.32,2,2
244.4,2,2
244.48,2,2
244.56,2,2
244.64,2,2
244.72,2,2
244.8,2,2
244.88,2,2
244.96,2,2
245,2,2
245,2,2
245.04,2,2
245.12,2,2
245.2,2,2
245.28,2,2
245.36,2,2
245.44,2,2
245.52,2,2
245.6,2,2
245.68,2,2
245.76,2,2
245.84,2,2
245.92,2,2
246,2,2
246.08,2,2
246.16,2,2
246.24,2,2
246.32,2,2
246.4,2,2
246.48,2,2
246.56,2,2
246.64,2,2
246.72,2,2
246.8,2,2
246.88,2,2
246.96,2,2
247.04,2,2
247.12,2,2
247.2,2,2
247.28,2,2
247.36,2,2
247.44,2,2
247.52,2,2
247.6,2,2
247.68,2,2
247.76,2,2
247.84,2,2
247.92,2,2
248,2,2
248.08,2,2
248.16,2,2
248.24,2,2
248.32,2,2
248.4,2,2
248.48,2,2
248.56,2,2
248.64,2,2
248.72,2,2
248.8,2,2
248.88,2,2
248.96,2,2
249.04,2,2
249.12,2,2
249.2,2,2
249.28,2,2
249.36,2,2
249.44,2,2
249.52,2,2
249.6,2,2
249.68,2,2
249.76,2,2
249.84,2,2
249.92,2,2
250,2,2
250,2,2
250.08,2,2
250.16,2,2
250.24,2,2
250.32,2,2
250.4,2,2
250.48,2,2
250.56,2,2
250.64,2,2
250.72,2,2
250.8,2,2
250.88,2,2
250.96,2,2
251.04,2,2
251.12,2,2
251.2,2,2
251.28,2,2
251.36,2,2
251.44,2,2
251.52,2,2
251.6,2,2
251.68,2,2
251.76,2,2
251.84,2,2
251.92,2,2
252,2,2
252.08,2,2
252.16,2,2
252.24,2,2
252.32,2,2
252.4,2,2
252.48,2,2
252.56,2,2
252.64,2,2
252.72,2,2
252.8,2,2
252.88,2,2
252.96,2,2
253.04,2,2
253.12,2,2
253.2,2,2
253.28,2,2
253.36,2,2
253.44,2,2
253.52,2,2
253.6,2,2
253.68,2,2
253.76,2,2
253.84,2,2
253.92,2,2
254,2,2
254.08,2,2
254.16,2,2
254.24,2,2
254.32,2,2
254.4,2,2
254.48,2,2
254.56,2,2
254.64,2,2
254.72,2,2
254.8,2,2
254.88,2,2
254.96,2,2
255,2,2
255,2,2
255.04,2,2
255.12,2,2
255.2,2,2
255.28,2,2
255.36,2,2
255.44,2,2
255.52,2,2
255.6,2,2
255.68,2,2
255.76,2,2
255.84,2,2
255.92,2,2
256,2,2
256.08,2,2
256.16,2,2
256.24,2,2
256.32,2,2
256.4,2,2
256.48,2,2
256.56,2,2
256.64,2,2
256.72,2,2
256.8,2,2
256.88,2,2
256.96,2,2
257.04,2,2
257.12,2,2
257.2,2,2
257.28,2,2
257.36,2,2
257.44,2,2
257.52,2,2
257.6,2,2
257.68,2,2
257.76,2,2
257.84,2,2
257.92,2,2
258,2,2
258.08,2,2
258.16,2,2
258.24,2,2
258.32,2,2
258.4,2,2
258.48,2,2
258.56,2,2
258.64,2,2
258.72,2,2
258.8,2,2
258.88,2,2
258.96,2,2
259.04,2,2
259.12,2,2
259.2,2,2
259.28,2,2
259.36,2,2
259.44,2,2
259.52,2,2
259.6,2,2
259.68,2,2
259.76,2,2
259.84,2,2
259.92,2,2
260,2,2
260,2,2
260.08,2,2
260.16,2,2
260.24,2,2
260.32,2,2
260.4,2,2
260.48,2,2
260.56,2,2
260.64,2,2
260.72,2,2
260.8,2,2
260.88,2,2
260.96,2,2
261.04,2,2
261.12,2,2
261.2,2,2
261.28,2,2
261.36,2,2
261.44,2,2
261.52,2,2
261.6,2,2
261.68,2,2
261.76,2,2
261.84,2,2
261.92,2,2
262,2,2
262.08,2,2
262.16,2,2
262.24,2,2
262.32,2,2
262.4,2,2
262.48,2,2
262.56,2,2
262.64,2,2
262.72,2,2
262.8,2,2
262.88,2,2
262.96,2,2
263.04,2,2
263.12,2,2
263.2,2,2
263.28,2,2
263.36,2,2
263.44,2,2
263.52,2,2
263.6,2,2
263.68,2,2
263.76,2,2
263.84,2,2
263.92,2,2
264,2,2
264.08,2,2
264.16,2,2
264.24,2,2
264.32,2,2
264.4,2,2
264.48,2,2
264.56,2,2
264.64,2,2
264.72,2,2
264.8,2,2
264.88,2,2
264.96,2,2
265,2,2
265,2,2
265.04,2,2
265.12,2,2
265.2,2,2
265.28,2,2
265.36,2,2
265.44,2,2
265.52,2,2
265.6,2,2
265.68,2,2
265.76,2,2
265.84,2,2
265.92,2,2
266,2,2
266.08,2,2
266.16,2,2
266.24,2,2
266.32,2,2
266.4,2,2
266.48,2,2
266.56,2,2
266.64,2,2
266.72,2,2
266.8,2,2
266.88,2,2
266.96,2,2
267.04,2,2
267.12,2,2
267.2,2,2
267.28,2,2
267.36,2,2
267.44,2,2
267.52,2,2
267.6,2,2
267.68,2,2
267.76,2,2
267.84,2,2
267.92,2,2
268,2,2
268.08,2,2
268.16,2,2
268.24,2,2
268.32,2,2
268.4,2,2
268.48,2,2
268.56,2,2
268.64,2,2
268.72,2,2
268.8,2,2
268.88,2,2
268.96,2,2
269.04,2,2
269.12,2,2
269.2,2,2
269.28,2,2
269.36,2,2
269.44,2,2
269.52,2,2
269.6,2,2
269.68,2,2
269.76,2,2
269.84,2,2
269.92,2,2
270,2,2
270,2,2
270.08,2,2
270.16,2,2
270.24,2,2
270.32,2,2
270.4,2,2
270.48,2,2
270.56,2,2
270.64,2,2
270.72,2,2
270.8,2,2
270.88,2,2
270.96,2,2
271.04,2,2
271.12,2,2
271.2,2,2
271.28,2,2
271.36,2,2
271.44,2,2
271.52,2,2
271.6,2,2
271.68,2,2
271.76,2,2
271.84,2,2
271.92,2,2
272,2,2
272.08,2,2
272.16,2,2
272.24,2,2
272.32,2,2
272.4,2,2
272.48,2,2
272.56,2,2
272.64,2,2
272.72,2,2
272.8,2,2
272.88,2,2
272.96,2,2
273.04,2,2
273.12,2,2
273.2,2,2
273.28,2,2
273.36,2,2
273.44,2,2
273.52,2,2
273.6,2,2
273.68,2,2
273.76,2,2
273.84,2,2
273.92,2,2
274,2,2
274.08,2,2
274.16,2,2
274.24,2,2
274.32,2,2
274.4,2,2
274.48,2,2
274.56,2,2
274.64,2,2
274.72,2,2
274.8,2,2
274.88,2,2
274.96,2,2
275,2,2
275,2,2
275.04,2,2
275.12,2,2
275.2,2,2
275.28,2,2
275.36,2,2
275.44,2,2
275.52,2,2
275.6,2,2
275.68,2,2
275.76,2,2
275.84,2,2
275.92,2,2
276,2,2
276.08,2,2
276.16,2,2
276.24,2,2
276.32,2,2
276.4,2,2
276.48,2,2
276.56,2,2
276.64,2,2
276.72,2,2
276.8,2,2
276.88,2,2
276.96,2,2
277.04,2,2
277.12,2,2
277.2,2,2
277.28,2,2
277.36,2,2
277.44,2,2
277.52,2,2
277.6,2,2
277.68,2,2
277.76,2,2
277.84,2,2
277.92,2,2
278,2,2
278.08,2,2
278.16,2,2
278.24,2,2
278.32,2,2
278.4,2,2
278.48,2,2
278.56,2,2
278.64,2,2
278.72,2,2
278.8,2,2
278.88,2,2
278.96,2,2
279.04,2,2
279.12,2,2
279.2,2,2
279.28,2,2
279.36,2,2
279.44,2,2
279.52,2,2
279.6,2,2
279.68,2,2
279.76,2,2
279.84,2,2
279.92,2,2
280,2,2
280,3,3
280.08,3,3
280.16,3,3
280.24,3,3
280.32,3,3
280.4,3,3
280.48,3,3
280.56,3,3
280.64,3,3
280.72,3,3
280.8,3,3
280.88,3,3
280.96,3,3
281.04,3,3
281.12,3,3
281.2,3,3
281.28,3,3
281.36,3,3
281.44,3,3
281.52,3,3
281.6,3,3
281.68,3,3
281.76,3,3
281.84,3,3
281.92,3,3
282,3,3
282.08,3,3
282.16,3,3
282.24,3,3
282.32,3,3
282.4,3,3
282.48,3,3
282.56,3,3
282.64,3,3
282.72,3,3
282.8,3,3
282.88,3,3
282.96,3,3
283.04,3,3
283.12,3,3
283.2,3,3
283.28,3,3
283.36,3,3
283.44,3,3
283.52,3,3
283.6,3,3
283.68,3,3
283.76,3,3
283.84,3,3
283.92,3,3
284,3,3
284.08,3,3
284.16,3,3
284.24,3,3
284.32,3,3
284.4,3,3
284.48,3,3
284.56,3,3
284.64,3,3
284.72,3,3
284.8,3,3
284.88,3,3
284.96,3,3
285,3,3
285,3,3
285.04,3,3
285.12,3,3
285.2,3,3
285.28,3,3
285.36,3,3
285.44,3,3
285.52,3,3
285.6,3,3
285.68,3,3
285.76,3,3
285.84,3,3
285.92,3,3
286,3,3
286.08,3,3
286.16,3,3
286.24,3,3
286.32,3,3
286.4,3,3
286.48,3,3
286.56,3,3
286.64,3,3
286.72,3,3
286.8,3,3
286.88,3,3
286.96,3,3
287.04,3,3
287.12,3,3
287.2,3,3
287.28,3,3
287.36,3,3
287.44,3,3
287.52,3,3
287.6,3,3
287.68,3,3
287.76,3,3
287.84,3,3
287.92,3,3
288,3,3
288.08,3,3
288.16,3,3
288.24,3,3
288.32,3,3
288.4,3,3
288.48,3,3
288.56,3,3
288.64,3,3
288.72,3,3
288.8,3,3
288.88,3,3
288.96,3,3
289.04,3,3
289.12,3,3
289.2,3,3
289.28,3,3
289.36,3,3
289.44,3,3
289.52,3,3
289.6,3,3
289.68,3,3
289.76,3,3
289.84,3,3
289.92,3,3
290,3,3
290,2,2
290.08,2,2
290.16,2,2
290.24,2,2
290.32,2,2
290.4,2,2
290.48,2,2
290.56,2,2
290.64,2,2
290.72,2,2
290.8,2,2
290.88,2,2
290.96,2,2
291.04,2,2
291.12,2,2
291.2,2,2
291.28,2,2
291.36,2,2
291.44,2,2
291.52,2,2
291.6,2,2
291.68,2,2
291.76,2,2
291.84,2,2
291.92,2,2
292,2,2
292.08,2,2
292.16,2,2
292.24,2,2
292.32,2,2
292.4,2,2
292.48,2,2
292.56,2,2
292.64,2,2
292.72,2,2
292.8,2,2
292.88,2,2
292.96,2,2
293.04,2,2
293.12,2,2
293.2,2,2
293.28,2,2
293.36,2,2
293.44,2,2
293.52,2,2
293.6,2,2
293.68,2,2
293.76,2,2
293.84,2,2
293.92,2,2
294,2,2
294.08,2,2
294.16,2,2
294.24,2,2
294.32,2,2
294.4,2,2
294.48,2,2
294.56,2,2
294.64,2,2
294.72,2,2
294.8,2,2
294.88,2,2
294.96,2,2
295,2,2
295,2,2
295.04,2,2
295.12,2,2
295.2,2,2
295.28,2,2
295.36,2,2
295.44,2,2
295.52,2,2
295.6,2,2
295.68,2,2
295.76,2,2
295.84,2,2
295.92,2,2
296,2,2
296.08,2,2
296.16,2,2
296.24,2,2
296.32,2,2
296.4,2,2
296.48,2,2
296.56,2,2
296.64,2,2
296.72,2,2
296.8,2,2
296.88,2,2
296.96,2,2
297.04,2,2
297.12,2,2
297.2,2,2
297.28,2,2
297.36,2,2
297.44,2,2
297.52,2,2
297.6,2,2
297.68,2,2
297.76,2,2
297.84,2,2
297.92,2,2
298,2,2
298.08,2,2
298.16,2,2
298.24,2,2
298.32,2,2
298.4,2,2
298.48,2,2
298.56,2,2
298.64,2,2
298.72,2,2
298.8,2,2
298.88,2,2
298.96,2,2
299.04,2,2
299.12,2,2
299.2,2,2
299.28,2,2
299.36,2,2
299.44,2,2
299.52,2,2
299.6,2,2
299.68,2,2
299.76,2,2
299.84,2,2
299.92,2,2
300,2,2
300,3,3
300.08,3,3
300.16,3,3
300.24,3,3
300.32,3,3
300.4,3,3
300.48,3,3
300.56,3,3
300.64,3,3
300.72,3,3
300.8,3,3
300.88,3,3
300.96,3,3
301.04,3,3
301.12,3,3
301.2,3,3
301.28,3,3
301.36,3,3
301.44,3,3
301.52,3,3
301.6,3,3
301.68,3,3
301.76,3,3
301.84,3,3
301.92,3,3
302,3,3
302.08,3,3
302.16,3,3
302.24,3,3
302.32,3,3
302.4,3,3
302.48,3,3
302.56,3,3
302.64,3,3
302.72,3,3
302.8,3,3
302.88,3,3
302.96,3,3
303.04,3,3
303.12,3,3
303.2,3,3
303.28,3,3
303.36,3,3
303.44,3,3
303.52,3,3
303.6,3,3
303.68,3,3
303.76,3,3
303.84,3,3
303.92,3,3
304,3,3
304.08,3,3
304.16,3,3
304.24,3,3
304.32,3,3
304.4,3,3
304.48,3,3
304.56,3,3
304.64,3,3
304.72,3,3
304.8,3,3
304.88,3,3
304.96,3,3
305,3,3
305,3,3
305.04,3,3
305.12,3,3
305.2,3,3
305.28,3,3
305.36,3,3
305.44,3,3
305.52,3,3
305.6,3,3
305.68,3,3
305.76,3,3
305.84,3,3
305.92,3,3
306,3,3
306.08,3,3
306.16,3,3
306.24,3,3
306.32,3,3
306.4,3,3
306.48,3,3
306.56,3,3
306.64,3,3
306.72,3,3
306.8,3,3
306.88,3,3
306.96,3,3
307.04,3,3
307.12,3,3
307.2,3,3
307.28,3,3
307.36,3,3
307.44,3,3
307.52,3,3
307.6,3,3
307.68,3,3
307.76,3,3
307.84,3,3
307.92,3,3
308,3,3
308.08,3,3
308.16,3,3
308.24,3,3
308.32,3,3
308.4,3,3
308.48,3,3
308.56,3,3
308.64,3,3
308.72,3,3
308.8,3,3
308.88,3,3
308.96,3,3
309.04,3,3
309.12,3,3
309.2,3,3
309.28,3,3
309.36,3,3
309.44,3,3
309.52,3,3
309.6,3,3
309.68,3,3
309.76,3,3
309.84,3,3
309.92,3,3
310,3,3
310,2,2
310.08,2,2
310.16,2,2
310.24,2,2
310.32,2,2
310.4,2,2
310.48,2,2
310.56,2,2
310.64,2,2
310.72,2,2
310.8,2,2
310.88,2,2
310.96,2,2
311.04,2,2
311.12,2,2
311.2,2,2
311.28,2,2
311.36,2,2
311.44,2,2
311.52,2,2
311.6,2,2
311.68,2,2
311.76,2,2
311.84,2,2
311.92,2,2
312,2,2
312.08,2,2
312.16,2,2
312.24,2,2
312.32,2,2
312.4,2,2
312.48,2,2
312.56,2,2
312.64,2,2
312.72,2,2
312.8,2,2
312.88,2,2
312.96,2,2
313.04,2,2
313.12,2,2
313.2,2,2
313.28,2,2
313.36,2,2
313.44,2,2
313.52,2,2
313.6,2,2
313.68,2,2
313.76,2,2
313.84,2,2
313.92,2,2
314,2,2
314.08,2,2
314.16,2,2
314.24,2,2
314.32,2,2
314.4,2,2
314.48,2,2
314.56,2,2
314.64,2,2
314.72,2,2
314.8,2,2
314.88,2,2
314.96,2,2
315,2,2
315,2,2
315.04,2,2
315.12,2,2
315.2,2,2
315.28,2,2
315.36,2,2
315.44,2,2
315.52,2,2
315.6,2,2
315.68,2,2
315.76,2,2
315.84,2,2
315.92,2,2
316,2,2
316.08,2,2
316.16,2,2
316.24,2,2
316.32,2,2
316.4,2,2
316.48,2,2
316.56,2,2
316.64,2,2
316.72,2,2
316.8,2,2
316.88,2,2
316.96,2,2
317.04,2,2
317.12,2,2
317.2,2,2
317.28,2,2
317.36,2,2
317.44,2,2
317.52,2,2
317.6,2,2
317.68,2,2
317.76,2,2
317.84,2,2
317.92,2,2
318,2,2
318.08,2,2
318.16,2,2
318.24,2,2
318.32,2,2
318.4,2,2
318.48,2,2
318.56,2,2
318.64,2,2
318.72,2,2
318.8,2,2
318.88,2,2
318.96,2,2
319.04,2,2
319.12,2,2
319.2,2,2
319.28,2,2
319.36,2,2
319.44,2,2
319.52,2,2
319.6,2,2
319.68,2,2
319.76,2,2
319.84,2,2
319.92,2,2
320,2,2
320,2,2
320.08,2,2
320.16,2,2
320.24,2,2
320.32,2,2
320.4,2,2
320.48,2,2
320.56,2,2
320.64,2,2
320.72,2,2
320.8,2,2
320.88,2,2
320.96,2,2
321.04,2,2
321.12,2,2
321.2,2,2
321.28,2,2
321.36,2,2
321.44,2,2
321.52,2,2
321.6,2,2
321.68,2,2
321.76,2,2
321.84,2,2
321.92,2,2
322,2,2
322.08,2,2
322.16,2,2
322.24,2,2
322.32,2,2
322.4,2,2
322.48,2,2
322.56,2,2
322.64,2,2
322.72,2,2
322.8,2,2
322.88,2,2
322.96,2,2
323.04,2,2
323.12,2,2
323.2,2,2
323.28,2,2
323.36,2,2
323.44,2,2
323.52,2,2
323.6,2,2
323.68,2,2
323.76,2,2
323.84,2,2
323.92,2,2
324,2,2
324.08,2,2
324.16,2,2
324.24,2,2
324.32,2,2
324.4,2,2
324.48,2,2
324.56,2,2
324.64,2,2
324.72,2,2
324.8,2,2
324.88,2,2
324.96,2,2
325,2,2
325,3,3
325.04,3,3
325.12,3,3
325.2,3,3
325.28,3,3
325.36,3,3
325.44,3,3
325.52,3,3
325.6,3,3
325.68,3,3
325.76,3,3
325.84,3,3
325.92,3,3
326,3,3
326.08,3,3
326.16,3,3
326.24,3,3
326.32,3,3
326.4,3,3
326.48,3,3
326.56,3,3
326.64,3,3
326.72,3,3
326.8,3,3
326.88,3,3
326.96,3,3
327.04,3,3
327.12,3,3
327.2,3,3
327.28,3,3
327.36,3,3
327.44,3,3
327.52,3,3
327.6,3,3
327.68,3,3
327.76,3,3
327.84,3,3
327.92,3,3
328,3,3
328.08,3,3
328.16,3,3
328.24,3,3
328.32,3,3
328.4,3,3
328.48,3,3
328.56,3,3
328.64,3,3
328.72,3,3
328.8,3,3
328.88,3,3
328.96,3,3
329.04,3,3
329.12,3,3
329.2,3,3
329.28,3,3
329.36,3,3
329.44,3,3
329.52,3,3
329.6,3,3
329.68,3,3
329.76,3,3
329.84,3,3
329.92,3,3
330,3,3
330,3,3
330.08,3,3
330.16,3,3
330.24,3,3
330.32,3,3
330.4,3,3
330.48,3,3
330.56,3,3
330.64,3,3
330.72,3,3
330.8,3,3
330.88,3,3
330.96,3,3
331.04,3,3
331.12,3,3
331.2,3,3
331.28,3,3
331.36,3,3
331.44,3,3
331.52,3,3
331.6,3,3
331.68,3,3
331.76,3,3
331.84,3,3
331.92,3,3
332,3,3
332.08,3,3
332.16,3,3
332.24,3,3
332.32,3,3
332.4,3,3
332.48,3,3
332.56,3,3
332.64,3,3
332.72,3,3
332.8,3,3
332.88,3,3
332.96,3,3
333.04,3,3
333.12,3,3
333.2,3,3
333.28,3,3
333.36,3,3
333.44,3,3
333.52,3,3
333.6,3,3
333.68,3,3
333.76,3,3
333.84,3,3
333.92,3,3
334,3,3
334.08,3,3
334.16,3,3
334.24,3,3
334.32,3,3
334.4,3,3
334.48,3,3
334.56,3,3
334.64,3,3
334.72,3,3
334.8,3,3
334.88,3,3
334.96,3,3
335,3,3
335,2,2
335.04,2,2
335.12,2,2
335.2,2,2
335.28,2,2
335.36,2,2
335.44,2,2
335.52,2,2
335.6,2,2
335.68,2,2
335.76,2,2
335.84,2,2
335.92,2,2
336,2,2
336.08,2,2
336.16,2,2
336.24,2,2
336.32,2,2
336.4,2,2
336.48,2,2
336.56,2,2
336.64,2,2
336.72,2,2
336.8,2,2
336.88,2,2
336.96,2,2
337.04,2,2
337.12,2,2
337.2,2,2
337.28,2,2
337.36,2,2
337.44,2,2
337.52,2,2
337.6,2,2
337.68,2,2
337.76,2,2
337.84,2,2
337.92,2,2
338,2,2
338.08,2,2
338.16,2,2
338.24,2,2
338.32,2,2
338.4,2,2
338.48,2,2
338.56,2,2
338.64,2,2
338.72,2,2
338.8,2,2
338.88,2,2
338.96,2,2
339.04,2,2
339.12,2,2
339.2,2,2
339.28,2,2
339.36,2,2
339.44,2,2
339.52,2,2
339.6,2,2
339.68,2,2
339.76,2,2
339.84,2,2
339.92,2,2
340,2,2
340,2,2
340.08,2,2
340.16,2,2
340.24,2,2
340.32,2,2
340.4,2,2
340.48,2,2
340.56,2,2
340.64,2,2
340.72,2,2
340.8,2,2
340.88,2,2
340.96,2,2
341.04,2,2
341.12,2,2
341.2,2,2
341.28,2,2
341.36,2,2
341.44,2,2
341.52,2,2
341.6,2,2
341.68,2,2
341.76,2,2
341.84,2,2
341.92,2,2
342,2,2
342.08,2,2
342.16,2,2
342.24,2,2
342.32,2,2
342.4,2,2
342.48,2,2
342.56,2,2
342.64,2,2
342.72,2,2
342.8,2,2
342.88,2,2
342.96,2,2
343.04,2,2
343.12,2,2
343.2,2,2
343.28,2,2
343.36,2,2
343.44,2,2
343.52,2,2
343.6,2,2
343.68,2,2
343.76,2,2
343.84,2,2
343.92,2,2
344,2,2
344.08,2,2
344.16,2,2
344.24,2,2
344.32,2,2
344.4,2,2
344.48,2,2
344.56,2,2
344.64,2,2
344.72,2,2
344.8,2,2
344.88,2,2
344.96,2,2
345,2,2
345,3,3
345.04,3,3
345.12,3,3
345.2,3,3
345.28,3,3
345.36,3,3
345.44,3,3
345.52,3,3
345.6,3,3
345.68,3,3
345.76,3,3
345.84,3,3
345.92,3,3
346,3,3
346.08,3,3
346.16,3,3
346.24,3,3
346.32,3,3
346.4,3,3
346.48,3,3
346.56,3,3
346.64,3,3
346.72,3,3
346.8,3,3
346.88,3,3
346.96,3,3
347.04,3,3
347.12,3,3
347.2,3,3
347.28,3,3
347.36,3,3
347.44,3,3
347.52,3,3
347.6,3,3
347.68,3,3
347.76,3,3
347.84,3,3
347.92,3,3
348,3,3
348.08,3,3
348.16,3,3
348.24,3,3
348.32,3,3
348.4,3,3
348.48,3,3
348.56,3,3
348.64,3,3
348.72,3,3
348.8,3,3
348.88,3,3
348.96,3,3
349.04,3,3
349.12,3,3
349.2,3,3
349.28,3,3
349.36,3,3
349.44,3,3
349.52,3,3
349.6,3,3
349.68,3,3
349.76,3,3
349.84,3,3
349.92,3,3
350,3,3
350,3,3
350.08,3,3
350.16,3,3
350.24,3,3
350.32,3,3
350.4,3,3
350.48,3,3
350.56,3,3
350.64,3,3
350.72,3,3
350.8,3,3
350.88,3,3
350.96,3,3
351.04,3,3
351.12,3,3
351.2,3,3
351.28,3,3
351.36,3,3
351.44,3,3
351.52,3,3
351.6,3,3
351.68,3,3
351.76,3,3
351.84,3,3
351.92,3,3
352,3,3
352.08,3,3
352.16,3,3
352.24,3,3
352.32,3,3
352.4,3,3
352.48,3,3
352.56,3,3
352.64,3,3
352.72,3,3
352.8,3,3
352.88,3,3
352.96,3,3
353.04,3,3
353.12,3,3
353.2,3,3
353.28,3,3
353.36,3,3
353.44,3,3
353.52,3,3
353.6,3,3
353.68,3,3
353.76,3,3
353.84,3,3
353.92,3,3
354,3,3
354.08,3,3
354.16,3,3
354.24,3,3
354.32,3,3
354.4,3,3
354.48,3,3
354.56,3,3
354.64,3,3
354.72,3,3
354.8,3,3
354.88,3,3
354.96,3,3
355,3,3
355,2,2
355.04,2,2
355.12,2,2
355.2,2,2
355.28,2,2
355.36,2,2
355.44,2,2
355.52,2,2
355.6,2,2
355.68,2,2
355.76,2,2
355.84,2,2
355.92,2,2
356,2,2
356.08,2,2
356.16,2,2
356.24,2,2
356.32,2,2
356.4,2,2
356.48,2,2
356.56,2,2
356.64,2,2
356.72,2,2
356.8,2,2
356.88,2,2
356.96,2,2
357.04,2,2
357.12,2,2
357.2,2,2
357.28,2,2
357.36,2,2
357.44,2,2
357.52,2,2
357.6,2,2
357.68,2,2
357.76,2,2
357.84,2,2
357.92,2,2
358,2,2
358.08,2,2
358.16,2,2
358.24,2,2
358.32,2,2
358.4,2,2
358.48,2,2
358.56,2,2
358.64,2,2
358.72,2,2
358.8,2,2
358.88,2,2
358.96,2,2
359.04,2,2
359.12,2,2
359.2,2,2
359.28,2,2
359.36,2,2
359.44,2,2
359.52,2,2
359.6,2,2
359.68,2,2
359.76,2,2
359.84,2,2
359.92,2,2
360,2,2
360,2,2
360.08,2,2
360.16,2,2
360.24,2,2
360.32,2,2
360.4,2,2
360.48,2,2
360.56,2,2
360.64,2,2
360.72,2,2
360.8,2,2
360.88,2,2
360.96,2,2
361.04,2,2
361.12,2,2
361.2,2,2
361.28,2,2
361.36,2,2
361.44,2,2
361.52,2,2
361.6,2,2
361.68,2,2
361.76,2,2
361.84,2,2
361.92,2,2
362,2,2
362.08,2,2
362.16,2,2
362.24,2,2
362.32,2,2
362.4,2,2
362.48,2,2
362.56,2,2
362.64,2,2
362.72,2,2
362.8,2,2
362.88,2,2
362.96,2,2
363.04,2,2
363.12,2,2
363.2,2,2
363.28,2,2
363.36,2,2
363.44,2,2
363.52,2,2
363.6,2,2
363.68,2,2
363.76,2,2
363.84,2,2
363.92,2,2
364,2,2
364.08,2,2
364.16,2,2
364.24,2,2
364.32,2,2
364.4,2,2
364.48,2,2
364.56,2,2
364.64,2,2
364.72,2,2
364.8,2,2
364.88,2,2
364.96,2,2
365,2,2
365,2,2
365.04,2,2
365.12,2,2
365.2,2,2
365.28,2,2
365.36,2,2
365.44,2,2
365.52,2,2
365.6,2,2
365.68,2,2
365.76,2,2
365.84,2,2
365.92,2,2
366,2,2
366.08,2,2
366.16,2,2
366.24,2,2
366.32,2,2
366.4,2,2
366.48,2,2
366.56,2,2
366.64,2,2
366.72,2,2
366.8,2,2
366.88,2,2
366.96,2,2
367.04,2,2
367.12,2,2
367.2,2,2
367.28,2,2
367.36,2,2
367.44,2,2
367.52,2,2
367.6,2,2
367.68,2,2
367.76,2,2
367.84,2,2
367.92,2,2
368,2,2
368.08,2,2
368.16,2,2
368.24,2,2
368.32,2,2
368.4,2,2
368.48,2,2
368.56,2,2
368.64,2,2
368.72,2,2
368.8,2,2
368.88,2,2
368.96,2,2
369.04,2,2
369.12,2,2
369.2,2,2
369.28,2,2
369.36,2,2
369.44,2,2
369.52,2,2
369.6,2,2
369.68,2,2
369.76,2,2
369.84,2,2
369.92,2,2
370,2,2
370,2,2
370.08,2,2
370.16,2,2
370.24,2,2
370.32,2,2
370.4,2,2
370.48,2,2
370.56,2,2
370.64,2,2
370.72,2,2
370.8,2,2
370.88,2,2
370.96,2,2
371.04,2,2
371.12,2,2
371.2,2,2
371.28,2,2
371.36,2,2
371.44,2,2
371.52,2,2
371.6,2,2
371.68,2,2
371.76,2,2
371.84,2,2
371.92,2,2
372,2,2
372.08,2,2
372.16,2,2
372.24,2,2
372.32,2,2
372.4,2,2
372.48,2,2
372.56,2,2
372.64,2,2
372.72,2,2
372.8,2,2
372.88,2,2
372.96,2,2
373.04,2,2
373.12,2,2
373.2,2,2
373.28,2,2
373.36,2,2
373.44,2,2
373.52,2,2
373.6,2,2
373.68,2,2
373.76,2,2
373.84,2,2
373.92,2,2
374,2,2
374.08,2,2
374.16,2,2
374.24,2,2
374.32,2,2
374.4,2,2
374.48,2,2
374.56,2,2
374.64,2,2
374.72,2,2
374.8,2,2
374.88,2,2
374.96,2,2
375,2,2
375,2,2
375.04,2,2
375.12,2,2
375.2,2,2
375.28,2,2
375.36,2,2
375.44,2,2
375.52,2,2
375.6,2,2
375.68,2,2
375.76,2,2
375.84,2,2
375.92,2,2
376,2,2
376.08,2,2
376.16,2,2
376.24,2,2
376.32,2,2
376.4,2,2
376.48,2,2
376.56,2,2
376.64,2,2
376.72,2,2
376.8,2,2
376.88,2,2
376.96,2,2
377.04,2,2
377.12,2,2
377.2,2,2
377.28,2,2
377.36,2,2
377.44,2,2
377.52,2,2
377.6,2,2
377.68,2,2
377.76,2,2
377.84,2,2
377.92,2,2
378,2,2
378.08,2,2
378.16,2,2
378.24,2,2
378.32,2,2
378.4,2,2
378.48,2,2
378.56,2,2
378.64,2,2
378.72,2,2
378.8,2,2
378.88,2,2
378.96,2,2
379.04,2,2
379.12,2,2
379.2,2,2
379.28,2,2
379.36,2,2
379.44,2,2
379.52,2,2
379.6,2,2
379.68,2,2
379.76,2,2
379.84,2,2
379.92,2,2
380,2,2
380,2,2
380.08,2,2
380.16,2,2
380.24,2,2
380.32,2,2
380.4,2,2
380.48,2,2
380.56,2,2
380.64,2,2
380.72,2,2
380.8,2,2
380.88,2,2
380.96,2,2
381.04,2,2
381.12,2,2
381.2,2,2
381.28,2,2
381.36,2,2
381.44,2,2
381.52,2,2
381.6,2,2
381.68,2,2
381.76,2,2
381.84,2,2
381.92,2,2
382,2,2
382.08,2,2
382.16,2,2
382.24,2,2
382.32,2,2
382.4,2,2
382.48,2,2
382.56,2,2
382.64,2,2
382.72,2,2
382.8,2,2
382.88,2,2
382.96,2,2
383.04,2,2
383.12,2,2
383.2,2,2
383.28,2,2
383.36,2,2
383.44,2,2
383.52,2,2
383.6,2,2
383.68,2,2
383.76,2,2
383.84,2,2
383.92,2,2
384,2,2
384.08,2,2
384.16,2,2
384.24,2,2
384.32,2,2
384.4,2,2
384.48,2,2
384.56,2,2
384.64,2,2
384.72,2,2
384.8,2,2
384.88,2,2
384.96,2,2
385,2,2
385,2,2
385.04,2,2
385.12,2,2
385.2,2,2
385.28,2,2
385.36,2,2
385.44,2,2
385.52,2,2
385.6,2,2
385.68,2,2
385.76,2,2
385.84,2,2
385.92,2,2
386,2,2
386.08,2,2
386.16,2,2
386.24,2,2
386.32,2,2
386.4,2,2
386.48,2,2
386.56,2,2
386.64,2,2
386.72,2,2
386.8,2,2
386.88,2,2
386.96,2,2
387.04,2,2
387.12,2,2
387.2,2,2
387.28,2,2
387.36,2,2
387.44,2,2
387.52,2,2
387.6,2,2
387.68,2,2
387.76,2,2
387.84,2,2
387.92,2,2
388,2,2
388.08,2,2
388.16,2,2
388.24,2,2
388.32,2,2
388.4,2,2
388.48,2,2
388.56,2,2
388.64,2,2
388.72,2,2
388.8,2,2
388.88,2,2
388.96,2,2
389.04,2,2
389.12,2,2
389.2,2,2
389.28,2,2
389.36,2,2
389.44,2,2
389.52,2,2
389.6,2,2
389.68,2,2
389.76,2,2
389.84,2,2
389.92,2,2
390,2,2
390,2,2
390.08,2,2
390.16,2,2
390.24,2,2
390.32,2,2
390.4,2,2
390.48,2,2
390.56,2,2
390.64,2,2
390.72,2,2
390.8,2,2
390.88,2,2
390.96,2,2
391.04,2,2
391.12,2,2
391.2,2,2
391.28,2,2
391.36,2,2
391.44,2,2
391.52,2,2
391.6,2,2
391.68,2,2
391.76,2,2
391.84,2,2
391.92,2,2
392,2,2
392.08,2,2
392.16,2,2
392.24,2,2
392.32,2,2
392.4,2,2
392.48,2,2
392.56,2,2
392.64,2,2
392.72,2,2
392.8,2,2
392.88,2,2
392.96,2,2
393.04,2,2
393.12,2,2
393.2,2,2
393.28,2,2
393.36,2,2
393.44,2,2
393.52,2,2
393.6,2,2
393.68,2,2
393.76,2,2
393.84,2,2
393.92,2,2
394,2,2
394.08,2,2
394.16,2,2
394.24,2,2
394.32,2,2
394.4,2,2
394.48,2,2
394.56,2,2
394.64,2,2
394.72,2,2
394.8,2,2
394.88,2,2
394.96,2,2
395,2,2
395,2,2
395.04,2,2
395.12,2,2
395.2,2,2
395.28,2,2
395.36,2,2
395.44,2,2
395.52,2,2
395.6,2,2
395.68,2,2
395.76,2,2
395.84,2,2
395.92,2,2
396,2,2
396.08,2,2
396.16,2,2
396.24,2,2
396.32,2,2
396.4,2,2
396.48,2,2
396.56,2,2
396.64,2,2
396.72,2,2
396.8,2,2
396.88,2,2
396.96,2,2
397.04,2,2
397.12,2,2
397.2,2,2
397.28,2,2
397.36,2,2
397.44,2,2
397.52,2,2
397.6,2,2
397.68,2,2
397.76,2,2
397.84,2,2
397.92,2,2
398,2,2
398.08,2,2
398.16,2,2
398.24,2,2
398.32,2,2
398.4,2,2
398.48,2,2
398.56,2,2
398.64,2,2
398.72,2,2
398.8,2,2
398.88,2,2
398.96,2,2
399.04,2,2
399.12,2,2
399.2,2,2
399.28,2,2
399.36,2,2
399.44,2,2
399.52,2,2
399.6,2,2
399.68,2,2
399.76,2,2
399.84,2,2
399.92,2,2
400,2,2
400,2,2
