"time","mass1.T","mass2.T"
0,373.15,273.15
0.0005,373.116677775006,273.183322224994
0.001,373.083377754253,273.216622245747
0.0015,373.050099914728,273.249900085272
0.002,373.016844254785,273.283155745215
0.0025,372.983610718721,273.316389281279
0.003,372.950399316773,273.349600683227
0.0035,372.917210052842,273.382789947158
0.004,372.884042926927,273.415957073073
0.0045,372.850897772759,273.449102227241
0.005,372.817774641552,273.482225358448
0.0055,372.78467356456,273.51532643544
0.006,372.751594541781,273.548405458219
0.0065,372.718537573217,273.581462426783
0.007,372.685502658867,273.614497341133
0.0075,372.652489798732,273.647510201268
0.008,372.61949899281,273.68050100719
0.0085,372.586529788968,273.713470211032
0.009,372.553582224166,273.746417775834
0.0095,372.520656547204,273.779343452796
0.01,372.487752758082,273.812247241918
0.0105,372.454870856801,273.8451291432
0.011,372.422010843359,273.877989156641
0.0115,372.389172717757,273.910827282243
0.012,372.356356479995,273.943643520005
0.0125,372.323562130073,273.976437869927
0.013,372.290789667991,274.009210332009
0.0135,372.258039093749,274.041960906251
0.014,372.225310407347,274.074689592653
0.0145,372.192603608785,274.107396391215
0.015,372.159918698063,274.140081301937
0.0155,372.127255675181,274.172744324819
0.016,372.094614540139,274.205385459861
0.0165,372.061994658184,274.238005341816
0.017,372.029394372419,274.270605627581
0.0175,371.996815646606,274.303184353394
0.018,371.964258480745,274.335741519255
0.0185,371.931722874835,274.368277125165
0.019,371.899208828878,274.400791171123
0.0195,371.866716342871,274.433283657129
0.02,371.834245416817,274.465754583183
0.0205,371.801796050714,274.498203949286
0.021,371.769368244563,274.530631755437
0.0215,371.736961998364,274.563038001636
0.022,371.704577312116,274.595422687884
0.0225,371.67221418582,274.62778581418
0.023,371.639872619476,274.660127380524
0.0235,371.607552613084,274.692447386916
0.024,371.575254166643,274.724745833357
0.0245,371.542977280154,274.757022719846
0.025,371.510721953617,274.789278046383
0.0255,371.478488187032,274.821511812968
0.026,371.446275980398,274.853724019602
0.0265,371.414085333716,274.885914666284
0.027,371.381916246986,274.918083753014
0.0275,371.349768720207,274.950231279793
0.028,371.31764275338,274.98235724662
0.0285,371.285538346505,275.014461653495
0.029,371.253455499582,275.046544500418
0.0295,371.22139421261,275.07860578739
0.03,371.18935448559,275.11064551441
0.0305,371.157336318522,275.142663681478
0.031,371.125339711405,275.174660288595
0.0315,371.093364664241,275.20663533576
0.032,371.061411177027,275.238588822973
0.0325,371.029479249766,275.270520750234
0.033,370.997566438393,275.302433561607
0.0335,370.965672143284,275.334327856716
0.034,370.933799091811,275.366200908189
0.0345,370.901947283975,275.398052716025
0.035,370.870116719776,275.429883280224
0.0355,370.838307399213,275.461692600787
0.036,370.806519322287,275.493480677714
0.0365,370.774752488997,275.525247511003
0.037,370.743006899344,275.556993100656
0.0375,370.711282553327,275.588717446673
0.038,370.679579450947,275.620420549053
0.0385,370.647897592204,275.652102407796
0.039,370.616236977097,275.683763022903
0.0395,370.584597605627,275.715402394373
0.04,370.552979477793,275.747020522207
0.0405,370.521382593596,275.778617406404
0.041,370.489806953036,275.810193046964
0.0415,370.458252556112,275.841747443888
0.042,370.426719402825,275.873280597175
0.0425,370.395207493174,275.904792506826
0.043,370.36371682716,275.93628317284
0.0435,370.332247404783,275.967752595217
0.044,370.300799226042,275.999200773958
0.0445,370.269372290937,276.030627709063
0.045,370.23796659947,276.06203340053
0.0455,370.206582151638,276.093417848362
0.046,370.175218947444,276.124781052556
0.0465,370.143876986886,276.156123013114
0.047,370.112556269965,276.187443730036
0.0475,370.08125679668,276.21874320332
0.048,370.049978567032,276.250021432969
0.0485,370.01872158102,276.28127841898
0.049,369.987485838645,276.312514161355
0.0495,369.956266257383,276.343733742617
0.05,369.925065340508,276.374934659492
0.0505,369.893885231471,276.406114768529
0.051,369.862725930271,276.437274069729
0.0515,369.83158743691,276.46841256309
0.052,369.800469751387,276.499530248613
0.0525,369.769372873702,276.530627126298
0.053,369.738296803855,276.561703196145
0.0535,369.707241541846,276.592758458154
0.054,369.676207087675,276.623792912325
0.0545,369.645193441343,276.654806558657
0.055,369.614200602848,276.685799397152
0.0555,369.583228572192,276.716771427808
0.056,369.552277349373,276.747722650627
0.0565,369.521346934393,276.778653065607
0.057,369.49043732725,276.80956267275
0.0575,369.459548527946,276.840451472054
0.058,369.42868053648,276.87131946352
0.0585,369.397833352852,276.902166647148
0.059,369.367006977062,276.932993022938
0.0595,369.33620140911,276.96379859089
0.06,369.305416648996,276.994583351004
0.0605,369.27465269672,277.02534730328
0.061,369.243909552283,277.056090447717
0.0615,369.213187215683,277.086812784317
0.062,369.182485686922,277.117514313078
0.0625,369.151804965998,277.148195034002
0.063,369.121145052913,277.178854947087
0.0635,369.090505947666,277.209494052334
0.064,369.059887650256,277.240112349744
0.0645,369.029290160685,277.270709839315
0.065,368.998713478952,277.301286521048
0.0655,368.968157605057,277.331842394943
0.066,368.937615622783,277.362384377217
0.0665,368.907093493585,277.392906506415
0.067,368.876591730358,277.423408269642
0.0675,368.846110333102,277.453889666898
0.068,368.815649301817,277.484350698183
0.0685,368.785208636503,277.514791363497
0.069,368.75478833716,277.54521166284
0.0695,368.724388403788,277.575611596212
0.07,368.694008836387,277.605991163613
0.0705,368.663649634957,277.636350365043
0.071,368.633310799498,277.666689200502
0.0715,368.60299233001,277.69700766999
0.072,368.572694226493,277.727305773507
0.0725,368.542416488946,277.757583511054
0.073,368.512159117371,277.787840882629
0.0735,368.481922111767,277.818077888233
0.074,368.451705472133,277.848294527867
0.0745,368.421509198471,277.878490801529
0.075,368.39133329078,277.90866670922
0.0755,368.361177749059,277.938822250941
0.076,368.33104257331,277.96895742669
0.0765,368.300927763531,277.999072236469
0.077,368.270833319723,278.029166680277
0.0775,368.240759241887,278.059240758113
0.078,368.210705530021,278.089294469979
0.0785,368.180672184126,278.119327815874
0.079,368.150659204202,278.149340795798
0.0795,368.12066659025,278.17933340975
0.08,368.090694342268,278.209305657732
0.0805,368.060742460257,278.239257539743
0.081,368.030810944217,278.269189055783
0.0815,368.000899794148,278.299100205852
0.082,367.971008306113,278.328991693887
0.0825,367.941133281938,278.358866718063
0.083,367.911278212293,278.388721787707
0.0835,367.881443085054,278.418556914946
0.084,367.851627888093,278.448372111907
0.0845,367.821832609284,278.478167390716
0.085,367.7920572365,278.5079427635
0.0855,367.762301757615,278.537698242385
0.086,367.732566160503,278.567433839497
0.0865,367.702850433037,278.597149566963
0.087,367.67315456309,278.62684543691
0.0875,367.643478538536,278.656521461464
0.088,367.613822347249,278.686177652751
0.0885,367.584185977102,278.715814022898
0.089,367.554569415968,278.745430584032
0.0895,367.524972651721,278.775027348279
0.09,367.495395672235,278.804604327765
0.0905,367.465838465383,278.834161534617
0.091,367.436301019039,278.863698980961
0.0915,367.406783321075,278.893216678925
0.092,367.377285359367,278.922714640633
0.0925,367.347807121786,278.952192878214
0.093,367.318348596207,278.981651403793
0.0935,367.288909770503,279.011090229497
0.094,367.259490632548,279.040509367452
0.0945,367.230091170215,279.069908829785
0.095,367.200711371378,279.099288628622
0.0955,367.17135122391,279.12864877609
0.096,367.142010715685,279.157989284316
0.0965,367.112689834575,279.187310165425
0.097,367.083388568456,279.216611431544
0.0975,367.0541069052,279.2458930948
0.098,367.024844832681,279.275155167319
0.0985,366.995602338772,279.304397661229
0.099,366.966379411346,279.333620588654
0.0995,366.937176038278,279.362823961722
0.1,366.907992207441,279.392007792559
0.1005,366.878827906708,279.421172093292
0.101,366.849683123953,279.450316876047
0.1015,366.82055784705,279.47944215295
0.102,366.791452063871,279.508547936129
0.1025,366.762365762291,279.537634237709
0.103,366.733298930182,279.566701069817
0.1035,366.704251555419,279.595748444581
0.104,366.675223625875,279.624776374125
0.1045,366.646215129424,279.653784870576
0.105,366.617226053938,279.682773946062
0.1055,366.588256387292,279.711743612708
0.106,366.559306117359,279.740693882641
0.1065,366.530375232012,279.769624767988
0.107,366.501463719125,279.798536280875
0.1075,366.472571566572,279.827428433428
0.108,366.443698762226,279.856301237774
0.1085,366.41484529396,279.88515470604
0.109,366.386011149648,279.913988850352
0.1095,366.357196317164,279.942803682836
0.11,366.328400784381,279.971599215619
0.1105,366.299624539173,280.000375460827
0.111,366.270867569413,280.029132430587
0.1115,366.242129862974,280.057870137026
0.112,366.213411407731,280.086588592269
0.1125,366.184712191556,280.115287808444
0.113,366.156032202323,280.143967797677
0.1135,366.127371427906,280.172628572094
0.114,366.098729856178,280.201270143822
0.1145,366.070107475013,280.229892524987
0.115,366.041503460347,280.258496539654
0.1155,366.012918071258,280.287081928742
0.116,365.984351769379,280.315648230621
0.1165,365.955804541394,280.344195458606
0.117,365.927276373983,280.372723626017
0.1175,365.898767253831,280.401232746169
0.118,365.870277167619,280.429722832381
0.1185,365.841806102031,280.458193897969
0.119,365.813354043748,280.486645956252
0.1195,365.784920979454,280.515079020546
0.12,365.756506895831,280.543493104169
0.1205,365.728111779562,280.571888220438
0.121,365.699735617329,280.600264382671
0.1215,365.671378395815,280.628621604185
0.122,365.643040101703,280.656959898297
0.1225,365.614720721675,280.685279278325
0.123,365.586420242415,280.713579757585
0.1235,365.558138650603,280.741861349397
0.124,365.529875932924,280.770124067076
0.1245,365.50163207606,280.79836792394
0.125,365.473407066694,280.826592933307
0.1255,365.445200891507,280.854799108493
0.126,365.417013537183,280.882986462817
0.1265,365.388844990405,280.911155009596
0.127,365.360695237854,280.939304762146
0.1275,365.332564266214,280.967435733786
0.128,365.304452062168,280.995547937832
0.1285,365.276358612397,281.023641387603
0.129,365.248283903585,281.051716096415
0.1295,365.220227922414,281.079772077586
0.13,365.192190655566,281.107809344434
0.1305,365.164172089726,281.135827910274
0.131,365.136172211574,281.163827788426
0.1315,365.108191007794,281.191808992206
0.132,365.080228465068,281.219771534932
0.1325,365.052284570079,281.247715429921
0.133,365.02435930951,281.27564069049
0.1335,364.996452670043,281.303547329957
0.134,364.968564638361,281.331435361639
0.1345,364.940695201147,281.359304798853
0.135,364.912844345082,281.387155654918
0.1355,364.88501205685,281.41498794315
0.136,364.857198323134,281.442801676866
0.1365,364.829403130616,281.470596869384
0.137,364.801626465978,281.498373534022
0.1375,364.773868315904,281.526131684097
0.138,364.746128667075,281.553871332925
0.1385,364.718407506175,281.581592493825
0.139,364.690704819886,281.609295180114
0.1395,364.663020594891,281.636979405109
0.14,364.635354817873,281.664645182127
0.1405,364.607707475513,281.692292524487
0.141,364.580078554495,281.719921445505
0.1415,364.552468041502,281.747531958498
0.142,364.524875923216,281.775124076785
0.1425,364.497302186319,281.802697813681
0.143,364.469746817494,281.830253182506
0.1435,364.442209803424,281.857790196576
0.144,364.414691130792,281.885308869208
0.1445,364.38719078628,281.91280921372
0.145,364.35970875657,281.94029124343
0.1455,364.332245028346,281.967754971654
0.146,364.304799588291,281.99520041171
0.1465,364.277372423085,282.022627576915
0.147,364.249963519413,282.050036480587
0.1475,364.222572923747,282.077427076253
0.148,364.195201191797,282.104798808203
0.1485,364.167847712629,282.132152287371
0.149,364.140512473392,282.159487526608
0.1495,364.113195461238,282.186804538762
0.15,364.085896663318,282.214103336682
0.1505,364.058616066783,282.241383933217
0.151,364.031353658784,282.268646341217
0.1515,364.004109426471,282.295890573529
0.152,363.976883356995,282.323116643005
0.1525,363.949675437508,282.350324562492
0.153,363.92248565516,282.37751434484
0.1535,363.895313997103,282.404686002897
0.154,363.868160450487,282.431839549513
0.1545,363.841025002463,282.458974997538
0.155,363.813907640181,282.486092359819
0.1555,363.786808350794,282.513191649206
0.156,363.759727121452,282.540272878548
0.1565,363.732663939306,282.567336060695
0.157,363.705618791506,282.594381208494
0.1575,363.678591665204,282.621408334796
0.158,363.65158254755,282.64841745245
0.1585,363.624591425696,282.675408574304
0.159,363.597618286793,282.702381713207
0.1595,363.570663117991,282.72933688201
0.16,363.543725906441,282.75627409356
0.1605,363.516806639294,282.783193360706
0.161,363.489905303701,282.810094696299
0.1615,363.463021886813,282.836978113187
0.162,363.436156375782,282.863843624218
0.1625,363.409308757757,282.890691242243
0.163,363.38247901989,282.91752098011
0.1635,363.355667149332,282.944332850668
0.164,363.328873133233,282.971126866767
0.1645,363.302096958745,282.997903041255
0.165,363.275338613019,283.024661386982
0.1655,363.248598083204,283.051401916796
0.166,363.221875356454,283.078124643546
0.1665,363.195170419917,283.104829580083
0.167,363.168483260746,283.131516739254
0.1675,363.14181386609,283.15818613391
0.168,363.115162223102,283.184837776898
0.1685,363.088528318932,283.211471681068
0.169,363.061912140731,283.238087859269
0.1695,363.035313675649,283.264686324351
0.17,363.008732910838,283.291267089162
0.1705,362.982169833449,283.317830166551
0.171,362.955624430632,283.344375569368
0.1715,362.929096689539,283.370903310461
0.172,362.90258659732,283.39741340268
0.1725,362.876094141127,283.423905858873
0.173,362.84961930811,283.45038069189
0.1735,362.82316208542,283.47683791458
0.174,362.796722460208,283.503277539792
0.1745,362.770300419625,283.529699580375
0.175,362.743895950822,283.556104049178
0.1755,362.71750904095,283.58249095905
0.176,362.69113967716,283.60886032284
0.1765,362.664787846602,283.635212153398
0.177,362.638453536428,283.661546463572
0.1775,362.612136733789,283.687863266211
0.178,362.585837425835,283.714162574165
0.1785,362.559555599718,283.740444400282
0.179,362.533291242588,283.766708757412
0.1795,362.507044341596,283.792955658404
0.18,362.480814883893,283.819185116107
0.1805,362.454603475504,283.845396524496
0.181,362.428410024655,283.871589975345
0.1815,362.402234030334,283.897765969666
0.182,362.376075480464,283.923924519536
0.1825,362.349934362967,283.950065637033
0.183,362.323810665767,283.976189334233
0.1835,362.297704376786,284.002295623215
0.184,362.271615483946,284.028384516054
0.1845,362.245543975172,284.054456024828
0.185,362.219489838385,284.080510161615
0.1855,362.193453061509,284.106546938491
0.186,362.167433632466,284.132566367534
0.1865,362.141431539179,284.158568460821
0.187,362.115446769571,284.184553230429
0.1875,362.089479311565,284.210520688435
0.188,362.063529153083,284.236470846917
0.1885,362.037596282049,284.262403717951
0.189,362.011680686385,284.288319313615
0.1895,361.985782354014,284.314217645986
0.19,361.959901272859,284.340098727141
0.1905,361.934037430843,284.365962569157
0.191,361.908190815888,284.391809184112
0.1915,361.882361415918,284.417638584082
0.192,361.856549218855,284.443450781145
0.1925,361.830754212621,284.469245787379
0.193,361.804976385141,284.495023614859
0.1935,361.779215724336,284.520784275664
0.194,361.75347221813,284.54652778187
0.1945,361.727745854445,284.572254145555
0.195,361.702036621204,284.597963378796
0.1955,361.676344506329,284.623655493671
0.196,361.650669497745,284.649330502255
0.1965,361.625011583373,284.674988416627
0.197,361.599370751137,284.700629248863
0.1975,361.573746988959,284.726253011041
0.198,361.548140284762,284.751859715238
0.1985,361.522550626468,284.777449373532
0.199,361.496978002002,284.803021997998
0.1995,361.471422399285,284.828577600716
0.2,361.44588380624,284.85411619376
0.2005,361.42036221079,284.87963778921
0.201,361.394857600858,284.905142399142
0.2015,361.369369964367,284.930630035633
0.202,361.34389928924,284.95610071076
0.2025,361.318445563399,284.981554436601
0.203,361.293008774767,285.006991225233
0.2035,361.267588911268,285.032411088732
0.204,361.242185960823,285.057814039177
0.2045,361.216799911356,285.083200088644
0.205,361.19143075079,285.10856924921
0.2055,361.166078467047,285.133921532953
0.206,361.14074304805,285.15925695195
0.2065,361.115424481722,285.184575518278
0.207,361.090122755986,285.209877244014
0.2075,361.064837858764,285.235162141236
0.208,361.03956977798,285.26043022202
0.2085,361.014318501557,285.285681498443
0.209,360.989084017416,285.310915982584
0.2095,360.963866313482,285.336133686518
0.21,360.938665377676,285.361334622324
0.2105,360.913481197922,285.386518802078
0.211,360.888313762142,285.411686237858
0.2115,360.863163058259,285.436836941741
0.212,360.838029074197,285.461970925803
0.2125,360.812911797877,285.487088202123
0.213,360.787811233519,285.512188766481
0.2135,360.762728317458,285.537271682542
0.214,360.737662117453,285.562337882547
0.2145,360.712612622095,285.587387377905
0.215,360.687579819977,285.612420180023
0.2155,360.66256369969,285.63743630031
0.216,360.637564249828,285.662435750173
0.2165,360.612581458981,285.687418541019
0.217,360.587615315743,285.712384684258
0.2175,360.562665808704,285.737334191296
0.218,360.537732926459,285.762267073542
0.2185,360.512816657597,285.787183342403
0.219,360.487916990713,285.812083009287
0.2195,360.463033914397,285.836966085603
0.22,360.438167417242,285.861832582758
0.2205,360.41331748784,285.88668251216
0.221,360.388484114783,285.911515885217
0.2215,360.363667286663,285.936332713337
0.222,360.338866992073,285.961133007927
0.2225,360.314083219604,285.985916780396
0.223,360.289315957849,286.010684042151
0.2235,360.2645651954,286.0354348046
0.224,360.239830920848,286.060169079152
0.2245,360.215113122787,286.084886877213
0.225,360.190411789807,286.109588210193
0.2255,360.165726910502,286.134273089498
0.226,360.141058473463,286.158941526537
0.2265,360.116406467283,286.183593532717
0.227,360.091770880553,286.208229119447
0.2275,360.067151701866,286.232848298134
0.228,360.042548919814,286.257451080186
0.2285,360.017962522989,286.282037477011
0.229,359.993392499983,286.306607500017
0.2295,359.968838839389,286.331161160612
0.23,359.944301529797,286.355698470203
0.2305,359.919780559801,286.380219440199
0.231,359.895275917993,286.404724082007
0.2315,359.870787592965,286.429212407036
0.232,359.846315573308,286.453684426692
0.2325,359.821859847615,286.478140152385
0.233,359.797420404478,286.502579595522
0.2335,359.77299723249,286.52700276751
0.234,359.748590320242,286.551409679758
0.2345,359.724199656327,286.575800343674
0.235,359.699825229336,286.600174770665
0.2355,359.675467027861,286.624532972139
0.236,359.651125040496,286.648874959504
0.2365,359.626799255832,286.673200744168
0.237,359.60248966246,286.69751033754
0.2375,359.578196248974,286.721803751026
0.238,359.553919003966,286.746080996035
0.2385,359.529657916026,286.770342083974
0.239,359.505412973749,286.794587026251
0.2395,359.481184165725,286.818815834275
0.24,359.456971480547,286.843028519454
0.2405,359.432774906806,286.867225093194
0.241,359.408594433096,286.891405566904
0.2415,359.384430048009,286.915569951992
0.242,359.360281740135,286.939718259865
0.2425,359.336149498068,286.963850501932
0.243,359.3120333104,286.9879666896
0.2435,359.287933165722,287.012066834278
0.244,359.263849052627,287.036150947373
0.2445,359.239780959707,287.060219040293
0.245,359.215728875554,287.084271124446
0.2455,359.191692788761,287.10830721124
0.246,359.167672924247,287.132327075753
0.2465,359.14366930969,287.15633069031
0.247,359.119681686402,287.180318313598
0.2475,359.095710043667,287.204289956333
0.248,359.071754370774,287.228245629226
0.2485,359.04781465702,287.25218534298
0.249,359.023890891709,287.276109108291
0.2495,358.999983064152,287.300016935848
0.25,358.976091163665,287.323908836335
0.2505,358.952215179574,287.347784820426
0.251,358.928355101209,287.371644898791
0.2515,358.904510917908,287.395489082092
0.252,358.880682619017,287.419317380983
0.2525,358.856870193888,287.443129806112
0.253,358.833073631878,287.466926368122
0.2535,358.809292922355,287.490707077645
0.254,358.78552805469,287.51447194531
0.2545,358.761779018262,287.538220981738
0.255,358.738045802459,287.561954197541
0.2555,358.714328396674,287.585671603326
0.256,358.690626790306,287.609373209694
0.2565,358.666940972762,287.633059027238
0.257,358.643270933457,287.656729066543
0.2575,358.619616661811,287.680383338189
0.258,358.595978147252,287.704021852748
0.2585,358.572355379214,287.727644620786
0.259,358.54874834714,287.75125165286
0.2595,358.525157040476,287.774842959524
0.26,358.501581448679,287.798418551321
0.2605,358.478021561211,287.821978438789
0.261,358.45447736754,287.84552263246
0.2615,358.430948857142,287.869051142858
0.262,358.407436019501,287.892563980499
0.2625,358.383938844106,287.916061155894
0.263,358.360457320453,287.939542679547
0.2635,358.336991438047,287.963008561954
0.264,358.313541186396,287.986458813604
0.2645,358.290106555019,288.009893444981
0.265,358.26668753344,288.03331246656
0.2655,358.243284111189,288.056715888811
0.266,358.219896277805,288.080103722195
0.2665,358.196524022832,288.103475977168
0.267,358.173167335822,288.126832664178
0.2675,358.149826206334,288.150173793666
0.268,358.126500623933,288.173499376067
0.2685,358.103190578191,288.196809421809
0.269,358.079896058687,288.220103941313
0.2695,358.056617055009,288.243382944991
0.27,358.033353556748,288.266646443252
0.2705,358.010105553505,288.289894446495
0.271,357.986873034886,288.313126965114
0.2715,357.963655990505,288.336344009495
0.272,357.940454409983,288.359545590017
0.2725,357.917268282947,288.382731717053
0.273,357.894097599031,288.405902400969
0.2735,357.870942347877,288.429057652123
0.274,357.847802519133,288.452197480867
0.2745,357.824678102454,288.475321897546
0.275,357.801569087501,288.498430912499
0.2755,357.778475463944,288.521524536056
0.276,357.755397221459,288.544602778541
0.2765,357.732334349727,288.567665650274
0.277,357.709286838438,288.590713161562
0.2775,357.686254677288,288.613745322712
0.278,357.663237855982,288.636762144018
0.2785,357.640236364228,288.659763635772
0.279,357.617250191744,288.682749808256
0.2795,357.594279328255,288.705720671745
0.28,357.571323763489,288.728676236511
0.2805,357.548383487186,288.751616512814
0.281,357.52545848909,288.77454151091
0.2815,357.502548758953,288.797451241047
0.282,357.479654286532,288.820345713468
0.2825,357.456775061593,288.843224938408
0.283,357.433911073908,288.866088926093
0.2835,357.411062313256,288.888937686744
0.284,357.388228769423,288.911771230577
0.2845,357.365410432201,288.934589567799
0.285,357.342607291392,288.957392708608
0.2855,357.3198193368,288.9801806632
0.286,357.29704655824,289.00295344176
0.2865,357.274288945531,289.025711054469
0.287,357.251546488502,289.048453511498
0.2875,357.228819176986,289.071180823014
0.288,357.206107000824,289.093892999176
0.2885,357.183409949864,289.116590050136
0.289,357.160728013961,289.139271986039
0.2895,357.138061182977,289.161938817023
0.29,357.11540944678,289.18459055322
0.2905,357.092772795245,289.207227204755
0.291,357.070151218256,289.229848781744
0.2915,357.047544705701,289.252455294299
0.292,357.024953247476,289.275046752524
0.2925,357.002376833484,289.297623166516
0.293,356.979815453636,289.320184546364
0.2935,356.957269097848,289.342730902152
0.294,356.934737756044,289.365262243956
0.2945,356.912221418154,289.387778581846
0.295,356.889720074116,289.410279925884
0.2955,356.867233713874,289.432766286126
0.296,356.84476232738,289.45523767262
0.2965,356.822305904591,289.477694095409
0.297,356.799864435473,289.500135564527
0.2975,356.777437909997,289.522562090003
0.298,356.755026318142,289.544973681858
0.2985,356.732629649895,289.567370350105
0.299,356.710247895247,289.589752104753
0.2995,356.687881044198,289.612118955802
0.3,356.665529086754,289.634470913246
0.3005,356.64319201293,289.656807987071
0.301,356.620869812743,289.679130187257
0.3015,356.598562476223,289.701437523777
0.302,356.576269993402,289.723730006598
0.3025,356.553992354322,289.746007645678
0.303,356.531729549031,289.76827045097
0.3035,356.509481567581,289.790518432419
0.304,356.487248400036,289.812751599964
0.3045,356.465030036464,289.834969963536
0.305,356.44282646694,289.85717353306
0.3055,356.420637681545,289.879362318455
0.306,356.39846367037,289.90153632963
0.3065,356.37630442351,289.923695576491
0.307,356.354159931067,289.945840068933
0.3075,356.332030183152,289.967969816849
0.308,356.30991516988,289.99008483012
0.3085,356.287814881376,290.012185118624
0.309,356.26572930777,290.03427069223
0.3095,356.2436584392,290.0563415608
0.31,356.221602265808,290.078397734192
0.3105,356.199560777747,290.100439222253
0.311,356.177533965174,290.122466034826
0.3115,356.15552194909,290.14447805091
0.312,356.133524785361,290.166475214639
0.3125,356.111542278375,290.188457721625
0.313,356.089574418487,290.210425581513
0.3135,356.067621196059,290.232378803941
0.314,356.045682601461,290.254317398539
0.3145,356.023758625072,290.276241374928
0.315,356.001849257277,290.298150742723
0.3155,355.97995448847,290.32004551153
0.316,355.958074309054,290.341925690946
0.3165,355.936208709439,290.363791290561
0.317,355.914357680043,290.385642319957
0.3175,355.892521211293,290.407478788707
0.318,355.870699293622,290.429300706378
0.3185,355.848891917473,290.451108082527
0.319,355.827099073297,290.472900926703
0.3195,355.805320751551,290.494679248449
0.32,355.783556942702,290.516443057298
0.3205,355.761807637224,290.538192362776
0.321,355.7400728256,290.5599271744
0.3215,355.71835249832,290.58164750168
0.322,355.696646645882,290.603353354118
0.3225,355.674955258793,290.625044741207
0.323,355.653278327568,290.646721672432
0.3235,355.631615842728,290.668384157272
0.324,355.609967794805,290.690032205195
0.3245,355.588334174336,290.711665825664
0.325,355.566714971869,290.733285028131
0.3255,355.545110177957,290.754889822043
0.326,355.523519783164,290.776480216837
0.3265,355.501943778059,290.798056221941
0.327,355.480382153222,290.819617846778
0.3275,355.458834899239,290.841165100761
0.328,355.437302006705,290.862697993295
0.3285,355.415783466222,290.884216533778
0.329,355.394279268402,290.905720731598
0.3295,355.372789403861,290.927210596139
0.33,355.351313863229,290.948686136771
0.3305,355.329852637138,290.970147362862
0.331,355.308405716233,290.991594283768
0.3315,355.286973091162,291.013026908838
0.332,355.265554752586,291.034445247414
0.3325,355.244150691172,291.055849308828
0.333,355.222760897593,291.077239102407
0.3335,355.201385362533,291.098614637467
0.334,355.180024076683,291.119975923317
0.3345,355.158677030741,291.14132296926
0.335,355.137344215414,291.162655784586
0.3355,355.116025621417,291.183974378583
0.336,355.094721239474,291.205278760526
0.3365,355.073431060315,291.226568939685
0.337,355.052155074679,291.247844925321
0.3375,355.030893273312,291.269106726688
0.338,355.009645646971,291.290354353029
0.3385,354.988412186418,291.311587813583
0.339,354.967192882423,291.332807117577
0.3395,354.945987725767,291.354012274234
0.34,354.924796707235,291.375203292765
0.3405,354.903619817624,291.396380182376
0.341,354.882457047736,291.417542952264
0.3415,354.861308388382,291.438691611618
0.342,354.840173830382,291.459826169618
0.3425,354.819053364562,291.480946635438
0.343,354.797946981758,291.502053018242
0.3435,354.776854672813,291.523145327187
0.344,354.755776428578,291.544223571422
0.3445,354.734712239912,291.565287760088
0.345,354.713662097683,291.586337902317
0.3455,354.692625992766,291.607374007234
0.346,354.671603916044,291.628396083956
0.3465,354.650595858408,291.649404141592
0.347,354.629601810758,291.670398189242
0.3475,354.608621764001,291.691378235999
0.348,354.587655709052,291.712344290948
0.3485,354.566703636835,291.733296363165
0.349,354.545765538281,291.754234461719
0.3495,354.52484140433,291.77515859567
0.35,354.503931225928,291.796068774072
0.3505,354.483034994032,291.816965005968
0.351,354.462152699605,291.837847300395
0.3515,354.441284333618,291.858715666382
0.352,354.42042988705,291.87957011295
0.3525,354.39958935089,291.90041064911
0.353,354.378762716132,291.921237283868
0.3535,354.357949973781,291.942050026219
0.354,354.337151114848,291.962848885152
0.3545,354.316366130352,291.983633869648
0.355,354.295595011321,292.004404988679
0.3555,354.274837748791,292.025162251209
0.356,354.254094333805,292.045905666195
0.3565,354.233364757414,292.066635242586
0.357,354.21264901068,292.08735098932
0.3575,354.191947084668,292.108052915332
0.358,354.171258970456,292.128741029544
0.3585,354.150584659126,292.149415340874
0.359,354.129924141771,292.170075858229
0.3595,354.10927740949,292.19072259051
0.36,354.08864445339,292.21135554661
0.3605,354.068025264589,292.231974735411
0.361,354.047419834209,292.252580165791
0.3615,354.026828153382,292.273171846618
0.362,354.006250213248,292.293749786752
0.3625,353.985686004956,292.314313995044
0.363,353.96513551966,292.33486448034
0.3635,353.944598748526,292.355401251474
0.364,353.924075682724,292.375924317276
0.3645,353.903566313435,292.396433686566
0.365,353.883070631846,292.416929368154
0.3655,353.862588629154,292.437411370846
0.366,353.842120296562,292.457879703438
0.3665,353.821665625283,292.478334374717
0.367,353.801224606537,292.498775393463
0.3675,353.780797231552,292.519202768448
0.368,353.760383491563,292.539616508437
0.3685,353.739983377815,292.560016622185
0.369,353.71959688156,292.58040311844
0.3695,353.699223994057,292.600776005943
0.37,353.678864706576,292.621135293424
0.3705,353.658518711962,292.641481288038
0.371,353.638185911287,292.661814088713
0.3715,353.617866663145,292.682133336855
0.372,353.597560958539,292.702439041461
0.3725,353.577268788476,292.722731211524
0.373,353.556990143971,292.743009856029
0.3735,353.536725016043,292.763274983957
0.374,353.51647339572,292.78352660428
0.3745,353.496235274035,292.803764725965
0.375,353.476010642026,292.823989357974
0.3755,353.45579949074,292.84420050926
0.376,353.435601811229,292.864398188771
0.3765,353.41541759455,292.884582405451
0.377,353.395246831768,292.904753168233
0.3775,353.375089513953,292.924910486047
0.378,353.354945632184,292.945054367816
0.3785,353.334815177543,292.965184822458
0.379,353.314698141119,292.985301858881
0.3795,353.294594514008,293.005405485992
0.38,353.274504287314,293.025495712686
0.3805,353.254427452144,293.045572547856
0.381,353.234363999612,293.065636000388
0.3815,353.21431392084,293.08568607916
0.382,353.194277206956,293.105722793044
0.3825,353.174253849092,293.125746150908
0.383,353.154243838389,293.145756161611
0.3835,353.134247165993,293.165752834007
0.384,353.114263823056,293.185736176944
0.3845,353.094293800737,293.205706199263
0.385,353.074337090201,293.225662909799
0.3855,353.05439368262,293.24560631738
0.386,353.03446356917,293.26553643083
0.3865,353.014546741036,293.285453258964
0.387,352.994643189407,293.305356810593
0.3875,352.974752905482,293.325247094518
0.388,352.954875880461,293.345124119539
0.3885,352.935012105554,293.364987894446
0.389,352.915161571977,293.384838428023
0.3895,352.89532427095,293.40467572905
0.39,352.875500193703,293.424499806297
0.3905,352.855689331468,293.444310668532
0.391,352.835891675487,293.464108324513
0.3915,352.816107217006,293.483892782994
0.392,352.796335947278,293.503664052722
0.3925,352.776577857562,293.523422142438
0.393,352.756832939125,293.543167060875
0.3935,352.737101183237,293.562898816763
0.394,352.717382581177,293.582617418823
0.3945,352.69767712423,293.60232287577
0.395,352.677984803686,293.622015196314
0.3955,352.658305610842,293.641694389158
0.396,352.638639537002,293.661360462998
0.3965,352.618986573474,293.681013426526
0.397,352.599346711576,293.700653288424
0.3975,352.579719942628,293.720280057372
0.398,352.56010625796,293.73989374204
0.3985,352.540505648906,293.759494351094
0.399,352.520918106808,293.779081893192
0.3995,352.501343623011,293.798656376989
0.4,352.481782188871,293.818217811129
0.4005,352.462233795747,293.837766204253
0.401,352.442698435005,293.857301564995
0.4015,352.423176098017,293.876823901983
0.402,352.403666776162,293.896333223838
0.4025,352.384170460826,293.915829539174
0.403,352.364687143399,293.935312856601
0.4035,352.345216815279,293.954783184721
0.404,352.32575946787,293.97424053213
0.4045,352.306315092582,293.993684907418
0.405,352.286883680831,294.013116319169
0.4055,352.267465224041,294.032534775959
0.406,352.24805971364,294.05194028636
0.4065,352.228667141063,294.071332858937
0.407,352.209287497752,294.090712502248
0.4075,352.189920775155,294.110079224845
0.408,352.170566964726,294.129433035274
0.4085,352.151226057925,294.148773942075
0.409,352.13189804622,294.16810195378
0.4095,352.112582921082,294.187417078918
0.41,352.093280673992,294.206719326008
0.4105,352.073991296435,294.226008703565
0.411,352.054714779903,294.245285220097
0.4115,352.035451115893,294.264548884107
0.412,352.016200295911,294.283799704089
0.4125,351.996962311467,294.303037688533
0.413,351.977737154078,294.322262845922
0.4135,351.958524815267,294.341475184733
0.414,351.939325286565,294.360674713436
0.4145,351.920138559505,294.379861440495
0.415,351.900964625632,294.399035374368
0.4155,351.881803476493,294.418196523507
0.416,351.862655103643,294.437344896357
0.4165,351.843519498643,294.456480501357
0.417,351.82439665306,294.47560334694
0.4175,351.805286558468,294.494713441532
0.418,351.786189206446,294.513810793554
0.4185,351.767104588581,294.532895411419
0.419,351.748032696466,294.551967303534
0.4195,351.728973521698,294.571026478302
0.42,351.709927055883,294.590072944117
0.4205,351.690893290632,294.609106709368
0.421,351.671872217563,294.628127782438
0.4215,351.652863828299,294.647136171701
0.422,351.63386811447,294.66613188553
0.4225,351.614885067714,294.685114932286
0.423,351.595914679673,294.704085320327
0.4235,351.576956941995,294.723043058005
0.424,351.558011846336,294.741988153664
0.4245,351.539079384358,294.760920615642
0.425,351.520159547728,294.779840452272
0.4255,351.501252328121,294.79874767188
0.426,351.482357717216,294.817642282784
0.4265,351.463475706701,294.836524293299
0.427,351.444606288268,294.855393711732
0.4275,351.425749453617,294.874250546383
0.428,351.406905194454,294.893094805546
0.4285,351.38807350249,294.91192649751
0.429,351.369254369443,294.930745630557
0.4295,351.350447678685,294.949552321315
0.43,351.331653407464,294.968346592536
0.4305,351.312871663283,294.987128336717
0.431,351.294102437789,295.005897562211
0.4315,351.275345722635,295.024654277365
0.432,351.25660150948,295.04339849052
0.4325,351.237869789989,295.062130210011
0.433,351.219150555831,295.080849444169
0.4335,351.200443798683,295.099556201318
0.434,351.181749510226,295.118250489775
0.4345,351.163067682147,295.136932317853
0.435,351.144398306141,295.155601693859
0.4355,351.125741373907,295.174258626093
0.436,351.107096877148,295.192903122852
0.4365,351.088464807575,295.211535192425
0.437,351.069845156906,295.230154843094
0.4375,351.051237916861,295.248762083139
0.438,351.032643079169,295.267356920831
0.4385,351.014060635563,295.285939364437
0.439,350.995490577783,295.304509422217
0.4395,350.976932897574,295.323067102426
0.44,350.958387586686,295.341612413314
0.4405,350.939854636877,295.360145363124
0.441,350.921334039907,295.378665960093
0.4415,350.902825787547,295.397174212453
0.442,350.884329871569,295.415670128431
0.4425,350.865846283754,295.434153716246
0.443,350.847375015886,295.452624984114
0.4435,350.828916059756,295.471083940244
0.444,350.810469407163,295.489530592837
0.4445,350.792035049908,295.507964950092
0.445,350.7736129798,295.526387020201
0.4455,350.755203188652,295.544796811348
0.446,350.736805668286,295.563194331714
0.4465,350.718420410526,295.581579589474
0.447,350.700047407205,295.599952592795
0.4475,350.681686650159,295.618313349842
0.448,350.663338131231,295.636661868769
0.4485,350.64500184227,295.65499815773
0.449,350.626677775131,295.673322224869
0.4495,350.608365921674,295.691634078326
0.45,350.590066273764,295.709933726236
0.4505,350.571778823275,295.728221176725
0.451,350.553503562082,295.746496437918
0.4515,350.53524048207,295.76475951793
0.452,350.516989575127,295.783010424873
0.4525,350.498750833149,295.801249166851
0.453,350.480524248036,295.819475751964
0.4535,350.462309811694,295.837690188306
0.454,350.444107516035,295.855892483965
0.4545,350.425917352977,295.874082647023
0.455,350.407739314444,295.892260685556
0.4555,350.389573392365,295.910426607635
0.456,350.371419578676,295.928580421324
0.4565,350.353277865316,295.946722134684
0.457,350.335148244234,295.964851755767
0.4575,350.31703070738,295.98296929262
0.458,350.298925246714,296.001074753287
0.4585,350.280831854198,296.019168145802
0.459,350.262750521804,296.037249478196
0.4595,350.244681241505,296.055318758495
0.46,350.226624005285,296.073375994715
0.4605,350.208578805128,296.091421194872
0.461,350.190545633029,296.109454366971
0.4615,350.172524480985,296.127475519015
0.462,350.154515341001,296.145484658999
0.4625,350.136518205086,296.163481794914
0.463,350.118533065257,296.181466934743
0.4635,350.100559913535,296.199440086465
0.464,350.082598741947,296.217401258053
0.4645,350.064649542527,296.235350457474
0.465,350.046712307312,296.253287692688
0.4655,350.028787028347,296.271212971653
0.466,350.010873697683,296.289126302317
0.4665,349.992972307376,296.307027692624
0.467,349.975082849488,296.324917150512
0.4675,349.957205316086,296.342794683914
0.468,349.939339699243,296.360660300757
0.4685,349.921485991038,296.378514008962
0.469,349.903644183557,296.396355816443
0.4695,349.88581426889,296.41418573111
0.47,349.867996239133,296.432003760867
0.4705,349.850190086388,296.449809913612
0.471,349.832395802763,296.467604197237
0.4715,349.814613380373,296.485386619628
0.472,349.796842811335,296.503157188665
0.4725,349.779084087776,296.520915912224
0.473,349.761337201826,296.538662798175
0.4735,349.743602145621,296.556397854379
0.474,349.725878911305,296.574121088695
0.4745,349.708167491026,296.591832508975
0.475,349.690467876936,296.609532123064
0.4755,349.672780061197,296.627219938803
0.476,349.655104035973,296.644895964027
0.4765,349.637439793436,296.662560206564
0.477,349.619787325763,296.680212674237
0.4775,349.602146625135,296.697853374865
0.478,349.584517683743,296.715482316257
0.4785,349.56690049378,296.73309950622
0.479,349.549295047445,296.750704952555
0.4795,349.531701336946,296.768298663054
0.48,349.514119354492,296.785880645508
0.4805,349.496549092303,296.803450907697
0.481,349.478990542599,296.821009457401
0.4815,349.461443697611,296.838556302388
0.482,349.443908549574,296.856091450427
0.4825,349.426385090726,296.873614909274
0.483,349.408873313314,296.891126686686
0.4835,349.39137320959,296.90862679041
0.484,349.373884771812,296.926115228188
0.4845,349.356407992243,296.943592007757
0.485,349.338942863152,296.961057136848
0.4855,349.321489376814,296.978510623186
0.486,349.304047525509,296.995952474491
0.4865,349.286617301524,297.013382698476
0.487,349.269198697151,297.030801302849
0.4875,349.251791704688,297.048208295312
0.488,349.234396316438,297.065603683562
0.4885,349.217012469086,297.082987530914
0.489,349.199640155555,297.100359844445
0.4895,349.18227941978,297.11772058022
0.49,349.16493025404,297.13506974596
0.4905,349.14759265062,297.15240734938
0.491,349.130266601813,297.169733398187
0.4915,349.112952099913,297.187047900087
0.492,349.095649137223,297.204350862777
0.4925,349.078357706051,297.22164229395
0.493,349.061077798708,297.238922201292
0.4935,349.043809407514,297.256190592486
0.494,349.026552524793,297.273447475207
0.4945,349.009307142874,297.290692857127
0.495,348.992073254091,297.307926745909
0.4955,348.974850850785,297.325149149215
0.496,348.957639925302,297.342360074698
0.4965,348.940440469993,297.359559530007
0.497,348.923252477216,297.376747522784
0.4975,348.906075939332,297.393924060668
0.498,348.888910848709,297.411089151291
0.4985,348.871757197721,297.428242802279
0.499,348.854614978747,297.445385021253
0.4995,348.837484184171,297.462515815829
0.5,348.820364806382,297.479635193618
0.5005,348.803256837776,297.496743162224
0.501,348.786160270755,297.513839729245
0.5015,348.769075097723,297.530924902277
0.502,348.752001311094,297.547998688906
0.5025,348.734938903284,297.565061096716
0.503,348.717887866716,297.582112133284
0.5035,348.700848193819,297.599151806181
0.504,348.683819877026,297.616180122974
0.5045,348.666802908777,297.633197091223
0.505,348.649797281516,297.650202718484
0.5055,348.632802987694,297.667197012306
0.506,348.615820019766,297.684179980234
0.5065,348.598848370195,297.701151629805
0.507,348.581888031446,297.718111968554
0.5075,348.564938995992,297.735061004008
0.508,348.548001256311,297.751998743689
0.5085,348.531074804886,297.768925195114
0.509,348.514159634206,297.785840365794
0.5095,348.497255736765,297.802744263235
0.51,348.480363105062,297.819636894938
0.5105,348.463481731604,297.836518268396
0.511,348.446611608901,297.853388391099
0.5115,348.429752729469,297.870247270531
0.512,348.41290508583,297.88709491417
0.5125,348.396068670512,297.903931329488
0.513,348.379243476046,297.920756523954
0.5135,348.362429494971,297.937570505029
0.514,348.345626719832,297.954373280168
0.5145,348.328835143177,297.971164856824
0.515,348.31205475756,297.98794524244
0.5155,348.295285555543,298.004714444457
0.516,348.278527529691,298.021472470309
0.5165,348.261780672575,298.038219327425
0.517,348.245044976772,298.054955023228
0.5175,348.228320434864,298.071679565136
0.518,348.211607039439,298.088392960561
0.5185,348.194904783091,298.105095216909
0.519,348.178213658417,298.121786341583
0.5195,348.161533658022,298.138466341978
0.52,348.144864774516,298.155135225484
0.5205,348.128207000514,298.171792999486
0.521,348.111560328636,298.188439671364
0.5215,348.094924751509,298.205075248491
0.522,348.078300261765,298.221699738235
0.5225,348.061686852041,298.238313147959
0.523,348.04508451498,298.25491548502
0.5235,348.028493243229,298.271506756771
0.524,348.011913029442,298.288086970558
0.5245,347.995343866279,298.304656133721
0.525,347.978785746404,298.321214253596
0.5255,347.962238662487,298.337761337513
0.526,347.945702607205,298.354297392795
0.5265,347.929177573238,298.370822426762
0.527,347.912663553273,298.387336446727
0.5275,347.896160540001,298.403839459999
0.528,347.879668526122,298.420331473878
0.5285,347.863187504338,298.436812495662
0.529,347.846717467357,298.453282532643
0.5295,347.830258407893,298.469741592107
0.53,347.813810318668,298.486189681332
0.5305,347.797373192404,298.502626807596
0.531,347.780947021834,298.519052978166
0.5315,347.764531799693,298.535468200307
0.532,347.748127518724,298.551872481276
0.5325,347.731734171672,298.568265828328
0.533,347.715351751291,298.584648248709
0.5335,347.698980250338,298.601019749662
0.534,347.682619661579,298.617380338421
0.5345,347.66626997778,298.63373002222
0.535,347.649931191718,298.650068808282
0.5355,347.633603296173,298.666396703827
0.536,347.617286283929,298.682713716071
0.5365,347.600980147778,298.699019852222
0.537,347.584684880517,298.715315119483
0.5375,347.568400474948,298.731599525052
0.538,347.552126923878,298.747873076122
0.5385,347.53586422012,298.76413577988
0.539,347.519612356494,298.780387643506
0.5395,347.503371325822,298.796628674178
0.54,347.487141120936,298.812858879064
0.5405,347.470921734669,298.829078265331
0.541,347.454713159862,298.845286840138
0.5415,347.438515389362,298.861484610638
0.542,347.42232841602,298.87767158398
0.5425,347.406152232693,298.893847767307
0.543,347.389986832244,298.910013167756
0.5435,347.37383220754,298.92616779246
0.544,347.357688351456,298.942311648544
0.5445,347.34155525687,298.95844474313
0.545,347.325432916667,298.974567083333
0.5455,347.309321323737,298.990678676263
0.546,347.293220470976,299.006779529025
0.5465,347.277130351284,299.022869648717
0.547,347.261050957568,299.038949042432
0.5475,347.244982218135,299.055017781865
0.548,347.228924134775,299.071075865225
0.5485,347.212876752444,299.087123247557
0.549,347.196840064019,299.103159935981
0.5495,347.180814062384,299.119185937616
0.55,347.164798740427,299.135201259573
0.5505,347.148794091041,299.151205908959
0.551,347.132800107126,299.167199892874
0.5515,347.116816781583,299.183183218417
0.552,347.100844107324,299.199155892676
0.5525,347.084882077261,299.215117922739
0.553,347.068930684314,299.231069315686
0.5535,347.052989921408,299.247010078592
0.554,347.037059781473,299.262940218527
0.5545,347.021140257444,299.278859742556
0.555,347.00523134226,299.29476865774
0.5555,346.989333028868,299.310666971132
0.556,346.973445310219,299.326554689781
0.5565,346.957568179267,299.342431820733
0.557,346.941701628975,299.358298371025
0.5575,346.925845652308,299.374154347692
0.558,346.910000242238,299.389999757762
0.5585,346.894165391742,299.405834608258
0.559,346.878341093802,299.421658906198
0.5595,346.862527341405,299.437472658595
0.56,346.846724127543,299.453275872457
0.5605,346.830931445215,299.469068554785
0.561,346.815149287422,299.484850712578
0.5615,346.799377647173,299.500622352827
0.562,346.783616517481,299.516383482519
0.5625,346.767865891365,299.532134108635
0.563,346.752125761848,299.547874238152
0.5635,346.736396121959,299.563603878041
0.564,346.720676964733,299.579323035267
0.5645,346.704968283208,299.595031716792
0.565,346.689270070429,299.610729929571
0.5655,346.673582319446,299.626417680554
0.566,346.657905023314,299.642094976687
0.5665,346.642238175092,299.657761824908
0.567,346.626581767847,299.673418232153
0.5675,346.610935794649,299.689064205351
0.568,346.595300248574,299.704699751426
0.5685,346.579675122702,299.720324877298
0.569,346.564060410121,299.735939589879
0.5695,346.548456103921,299.75154389608
0.57,346.532862197198,299.767137802802
0.5705,346.517278683056,299.782721316944
0.571,346.501705554601,299.798294445399
0.5715,346.486142804945,299.813857195055
0.572,346.470590427206,299.829409572794
0.5725,346.455048414507,299.844951585493
0.573,346.439516759975,299.860483240025
0.5735,346.423995456744,299.876004543256
0.574,346.408484497952,299.891515502049
0.5745,346.392983876742,299.907016123258
0.575,346.377493586263,299.922506413737
0.5755,346.36201361967,299.93798638033
0.576,346.346543970122,299.953456029878
0.5765,346.331084630782,299.968915369218
0.577,346.315635594822,299.984364405178
0.5775,346.300196855414,299.999803144586
0.578,346.28476840574,300.01523159426
0.5785,346.269350238985,300.030649761015
0.579,346.25394234834,300.04605765166
0.5795,346.238544726999,300.061455273001
0.58,346.223157368164,300.076842631836
0.5805,346.207780265041,300.092219734959
0.581,346.192413410842,300.107586589158
0.5815,346.177056798783,300.122943201217
0.582,346.161710422085,300.138289577915
0.5825,346.146374273976,300.153625726024
0.583,346.131048347688,300.168951652312
0.5835,346.115732636458,300.184267363542
0.584,346.100427133529,300.199572866471
0.5845,346.085131832149,300.214868167851
0.585,346.06984672557,300.23015327443
0.5855,346.054571807052,300.245428192948
0.586,346.039307069857,300.260692930143
0.5865,346.024052507254,300.275947492746
0.587,346.008808112518,300.291191887482
0.5875,345.993573878926,300.306426121074
0.588,345.978349799765,300.321650200235
0.5885,345.963135868322,300.336864131678
0.589,345.947932077893,300.352067922107
0.5895,345.932738421777,300.367261578223
0.59,345.917554893281,300.382445106719
0.5905,345.902381485714,300.397618514286
0.591,345.887218192392,300.412781807608
0.5915,345.872065006636,300.427934993364
0.592,345.856921921771,300.443078078229
0.5925,345.841788931129,300.458211068871
0.593,345.826666028047,300.473333971953
0.5935,345.811553205866,300.488446794134
0.594,345.796450457933,300.503549542067
0.5945,345.7813577776,300.5186422224
0.595,345.766275158225,300.533724841775
0.5955,345.751202593169,300.548797406831
0.596,345.736140075801,300.563859924199
0.5965,345.721087599493,300.578912400507
0.597,345.706045157625,300.593954842375
0.5975,345.691012743578,300.608987256422
0.598,345.675990350742,300.624009649258
0.5985,345.66097797251,300.63902202749
0.599,345.645975602282,300.654024397718
0.5995,345.630983233462,300.669016766538
0.6,345.616000859459,300.683999140541
0.6005,345.601028473687,300.698971526313
0.601,345.586066069567,300.713933930433
0.6015,345.571113640524,300.728886359476
0.602,345.556171179988,300.743828820012
0.6025,345.541238681394,300.758761318606
0.603,345.526316138184,300.773683861816
0.6035,345.511403543802,300.788596456198
0.604,345.496500891701,300.803499108299
0.6045,345.481608175336,300.818391824664
0.605,345.46672538817,300.83327461183
0.6055,345.451852523668,300.848147476332
0.606,345.436989575304,300.863010424696
0.6065,345.422136442577,300.877863557423
0.607,345.407293142321,300.892706857679
0.6075,345.39245973359,300.90754026641
0.608,345.37763620981,300.92236379019
0.6085,345.362822564409,300.937177435591
0.609,345.348018790818,300.951981209182
0.6095,345.333224882477,300.966775117523
0.61,345.318440832828,300.981559167172
0.6105,345.303666635319,300.996333364681
0.611,345.288902283401,301.011097716599
0.6115,345.274147770532,301.025852229468
0.612,345.259403090175,301.040596909825
0.6125,345.244668235795,301.055331764205
0.613,345.229943200864,301.070056799136
0.6135,345.21522797886,301.08477202114
0.614,345.200522563262,301.099477436738
0.6145,345.185826947558,301.114173052442
0.615,345.171141125238,301.128858874762
0.6155,345.156465089799,301.143534910201
0.616,345.14179883474,301.15820116526
0.6165,345.127142353567,301.172857646433
0.617,345.11249563979,301.18750436021
0.6175,345.097858686924,301.202141313076
0.618,345.08323148849,301.21676851151
0.6185,345.068614038012,301.231385961988
0.619,345.054006329019,301.245993670981
0.6195,345.039408355046,301.260591644954
0.62,345.024820109633,301.275179890367
0.6205,345.010241586322,301.289758413678
0.621,344.995672778663,301.304327221337
0.6215,344.98111368021,301.31888631979
0.622,344.966564284521,301.333435715479
0.6225,344.952024585159,301.347975414841
0.623,344.937494575693,301.362505424307
0.6235,344.922974249696,301.377025750305
0.624,344.908463600744,301.391536399256
0.6245,344.893962622422,301.406037377578
0.625,344.879471308316,301.420528691684
0.6255,344.864989652018,301.435010347982
0.626,344.850517647127,301.449482352873
0.6265,344.836055287243,301.463944712757
0.627,344.821602565974,301.478397434027
0.6275,344.80715947693,301.49284052307
0.628,344.792726013729,301.507273986271
0.6285,344.778302169991,301.521697830009
0.629,344.763887939343,301.536112060657
0.6295,344.749483315415,301.550516684585
0.63,344.735088291844,301.564911708156
0.6305,344.720702862269,301.579297137731
0.631,344.706327020337,301.593672979663
0.6315,344.691960759696,301.608039240304
0.632,344.677604074003,301.622395925997
0.6325,344.663256956917,301.636743043083
0.633,344.648919402102,301.651080597898
0.6335,344.634591403229,301.665408596771
0.634,344.620272953971,301.679727046029
0.6345,344.605964048008,301.694035951992
0.635,344.591664679023,301.708335320977
0.6355,344.577374840705,301.722625159295
0.636,344.563094526748,301.736905473252
0.6365,344.548823730851,301.751176269149
0.637,344.534562446716,301.765437553284
0.6375,344.520310668051,301.779689331949
0.638,344.50606838857,301.79393161143
0.6385,344.491835601991,301.808164398009
0.639,344.477612302035,301.822387697965
0.6395,344.46339848243,301.83660151757
0.64,344.449194136908,301.850805863092
0.6405,344.434999259207,301.865000740793
0.641,344.420813843068,301.879186156932
0.6415,344.406637882237,301.893362117763
0.642,344.392471370467,301.907528629533
0.6425,344.378314301514,301.921685698486
0.643,344.364166669139,301.935833330861
0.6435,344.350028467107,301.949971532893
0.644,344.33589968919,301.96410031081
0.6445,344.321780329163,301.978219670837
0.645,344.307670380806,301.992329619194
0.6455,344.293569837906,302.006430162094
0.646,344.279478694251,302.020521305749
0.6465,344.265396943638,302.034603056362
0.647,344.251324579865,302.048675420135
0.6475,344.237261596737,302.062738403263
0.648,344.223207988064,302.076792011936
0.6485,344.20916374766,302.09083625234
0.649,344.195128869343,302.104871130657
0.6495,344.181103346938,302.118896653062
0.65,344.167087174274,302.132912825726
0.6505,344.153080345184,302.146919654816
0.651,344.139082853506,302.160917146494
0.6515,344.125094693083,302.174905306917
0.652,344.111115857764,302.188884142236
0.6525,344.097146341402,302.202853658599
0.653,344.083186137853,302.216813862147
0.6535,344.06923524098,302.23076475902
0.654,344.055293644651,302.244706355349
0.6545,344.041361342739,302.258638657261
0.655,344.027438329118,302.272561670882
0.6555,344.013524597673,302.286475402327
0.656,343.999620142288,302.300379857712
0.6565,343.985724956856,302.314275043144
0.657,343.971839035273,302.328160964727
0.6575,343.95796237144,302.34203762856
0.658,343.944094959262,302.355905040738
0.6585,343.930236792651,302.369763207349
0.659,343.916387865522,302.383612134478
0.6595,343.902548171795,302.397451828205
0.66,343.888717705396,302.411282294604
0.6605,343.874896460255,302.425103539745
0.661,343.861084430306,302.438915569694
0.6615,343.847281609489,302.452718390511
0.662,343.833487991748,302.466512008252
0.6625,343.819703571034,302.480296428966
0.663,343.8059283413,302.4940716587
0.6635,343.792162296504,302.507837703496
0.664,343.778405430612,302.521594569388
0.6645,343.764657737591,302.535342262409
0.665,343.750919211415,302.549080788585
0.6655,343.737189766734,302.562810233266
0.666,343.723469424611,302.576530575389
0.6665,343.709758226684,302.590241773316
0.667,343.696056166864,302.603943833136
0.6675,343.682363239066,302.617636760934
0.668,343.668679437211,302.631320562789
0.6685,343.655004755222,302.644995244778
0.669,343.641339187026,302.658660812974
0.6695,343.627682726556,302.672317273444
0.67,343.614035367747,302.685964632253
0.6705,343.600397104539,302.699602895461
0.671,343.586767930876,302.713232069124
0.6715,343.573147840706,302.726852159294
0.672,343.55953682798,302.74046317202
0.6725,343.545934886654,302.754065113346
0.673,343.532342010689,302.767657989311
0.6735,343.518758194048,302.781241805952
0.674,343.505183430699,302.794816569301
0.6745,343.491617714614,302.808382285386
0.675,343.478061039769,302.821938960231
0.6755,343.464513400144,302.835486599856
0.676,343.450974789722,302.849025210278
0.6765,343.437445202492,302.862554797508
0.677,343.423924632446,302.876075367555
0.6775,343.410413073578,302.889586926422
0.678,343.396910519889,302.903089480111
0.6785,343.383416965383,302.916583034617
0.679,343.369932404068,302.930067595932
0.6795,343.356456829955,302.943543170045
0.68,343.342990237059,302.957009762941
0.6805,343.329532619402,302.970467380599
0.681,343.316083971005,302.983916028995
0.6815,343.302644285897,302.997355714103
0.682,343.289213558109,303.010786441891
0.6825,343.275791781677,303.024208218323
0.683,343.26237895064,303.03762104936
0.6835,343.248975059041,303.051024940959
0.684,343.235580100928,303.064419899072
0.6845,343.222194070352,303.077805929648
0.685,343.208816961368,303.091183038632
0.6855,343.195448768034,303.104551231966
0.686,343.182089484415,303.117910515585
0.6865,343.168739104577,303.131260895423
0.687,343.155397622591,303.144602377409
0.6875,343.142065032531,303.157934967469
0.688,343.128741328477,303.171258671523
0.6885,343.11542650451,303.18457349549
0.689,343.102120554717,303.197879445283
0.6895,343.088823473189,303.211176526811
0.69,343.07553525402,303.22446474598
0.6905,343.062255891309,303.237744108691
0.691,343.048985379156,303.251014620844
0.6915,343.035723711668,303.264276288332
0.692,343.022470882955,303.277529117045
0.6925,343.009226887131,303.290773112869
0.693,342.995991718314,303.304008281686
0.6935,342.982765370624,303.317234629376
0.694,342.969547838187,303.330452161813
0.6945,342.956339115132,303.343660884868
0.695,342.943139195593,303.356860804407
0.6955,342.929948073706,303.370051926294
0.696,342.916765743612,303.383234256388
0.6965,342.903592199456,303.396407800544
0.697,342.890427435386,303.409572564614
0.6975,342.877271445555,303.422728554445
0.698,342.864124224119,303.435875775881
0.6985,342.850985765238,303.449014234762
0.699,342.837856063075,303.462143936925
0.6995,342.824735111799,303.475264888201
0.7,342.811622905582,303.488377094418
0.7005,342.798519438598,303.501480561402
0.701,342.785424705026,303.514575294974
0.7015,342.772338699051,303.527661300949
0.702,342.759261414858,303.540738585142
0.7025,342.746192846638,303.553807153362
0.703,342.733132988586,303.566867011414
0.7035,342.720081834901,303.579918165099
0.704,342.707039379783,303.592960620217
0.7045,342.69400561744,303.60599438256
0.705,342.68098054208,303.61901945792
0.7055,342.667964147919,303.632035852081
0.706,342.654956429171,303.645043570829
0.7065,342.64195738006,303.65804261994
0.707,342.628966994809,303.671033005191
0.7075,342.615985267648,303.684014732352
0.708,342.603012192809,303.696987807191
0.7085,342.590047764527,303.709952235473
0.709,342.577091977044,303.722908022956
0.7095,342.564144824603,303.735855175397
0.71,342.551206301451,303.748793698549
0.7105,342.538276401839,303.761723598161
0.711,342.525355120024,303.774644879976
0.7115,342.512442450263,303.787557549737
0.712,342.499538386819,303.800461613181
0.7125,342.486642923959,303.813357076041
0.713,342.473756055953,303.826243944047
0.7135,342.460877777074,303.839122222926
0.714,342.4480080816,303.8519919184
0.7145,342.435146963813,303.864853036187
0.715,342.422294417997,303.877705582004
0.7155,342.40945043844,303.89054956156
0.716,342.396615019437,303.903384980563
0.7165,342.383788155283,303.916211844717
0.717,342.370969840277,303.929030159723
0.7175,342.358160068724,303.941839931276
0.718,342.345358834932,303.954641165068
0.7185,342.33256613321,303.96743386679
0.719,342.319781957874,303.980218042126
0.7195,342.307006303242,303.992993696758
0.72,342.294239163637,304.005760836363
0.7205,342.281480533385,304.018519466615
0.721,342.268730406814,304.031269593186
0.7215,342.25598877826,304.04401122174
0.722,342.243255642057,304.056744357943
0.7225,342.230530992548,304.069469007452
0.723,342.217814824076,304.082185175924
0.7235,342.20510713099,304.09489286901
0.724,342.192407907641,304.107592092359
0.7245,342.179717148385,304.120282851615
0.725,342.167034847581,304.132965152419
0.7255,342.154360999591,304.145639000409
0.726,342.141695598783,304.158304401217
0.7265,342.129038639525,304.170961360475
0.727,342.116390116191,304.183609883809
0.7275,342.10375002316,304.19624997684
0.728,342.091118354812,304.208881645188
0.7285,342.078495105532,304.221504894468
0.729,342.065880269708,304.234119730292
0.7295,342.053273841732,304.246726158268
0.73,342.040675815999,304.259324184001
0.7305,342.02808618691,304.27191381309
0.731,342.015504948866,304.284495051134
0.7315,342.002932096274,304.297067903726
0.732,341.990367623545,304.309632376456
0.7325,341.977811525091,304.322188474909
0.733,341.965263795331,304.334736204669
0.7335,341.952724428685,304.347275571315
0.734,341.940193419578,304.359806580422
0.7345,341.927670762439,304.372329237561
0.735,341.915156451698,304.384843548302
0.7355,341.902650481791,304.397349518209
0.736,341.890152847158,304.409847152842
0.7365,341.87766354224,304.42233645776
0.737,341.865182561485,304.434817438515
0.7375,341.852709899341,304.447290100659
0.738,341.840245550263,304.459754449737
0.7385,341.827789508706,304.472210491294
0.739,341.815341769132,304.484658230868
0.7395,341.802902326005,304.497097673995
0.74,341.790471173792,304.509528826208
0.7405,341.778048306964,304.521951693036
0.741,341.765633719997,304.534366280003
0.7415,341.753227407368,304.546772592632
0.742,341.74082936356,304.55917063644
0.7425,341.728439583058,304.571560416942
0.743,341.716058060351,304.583941939649
0.7435,341.703684789932,304.596315210068
0.744,341.691319766296,304.608680233704
0.7445,341.678962983944,304.621037016056
0.745,341.666614437378,304.633385562622
0.7455,341.654274121106,304.645725878894
0.746,341.641942029637,304.658057970363
0.7465,341.629618157486,304.670381842514
0.747,341.617302499169,304.682697500831
0.7475,341.604995049208,304.695004950792
0.748,341.592695802127,304.707304197873
0.7485,341.580404752453,304.719595247547
0.749,341.568121894719,304.731878105281
0.7495,341.555847223459,304.744152776541
0.75,341.543580733211,304.756419266789
0.7505,341.531322418517,304.768677581483
0.751,341.519072273924,304.780927726076
0.7515,341.506830293979,304.793169706021
0.752,341.494596473235,304.805403526765
0.7525,341.482370806248,304.817629193752
0.753,341.470153287578,304.829846712422
0.7535,341.457943911787,304.842056088213
0.754,341.445742673442,304.854257326558
0.7545,341.433549567112,304.866450432888
0.755,341.42136458737,304.87863541263
0.7555,341.409187728795,304.890812271206
0.756,341.397018985965,304.902981014035
0.7565,341.384858353464,304.915141646536
0.757,341.37270582588,304.92729417412
0.7575,341.360561397803,304.939438602197
0.758,341.348425063828,304.951574936172
0.7585,341.336296818551,304.963703181449
0.759,341.324176656574,304.975823343426
0.7595,341.312064572502,304.987935427498
0.76,341.299960560941,305.000039439059
0.7605,341.287864616504,305.012135383496
0.761,341.275776733805,305.024223266195
0.7615,341.263696907462,305.036303092538
0.762,341.251625132097,305.048374867903
0.7625,341.239561402335,305.060438597665
0.763,341.227505712804,305.072494287196
0.7635,341.215458058137,305.084541941863
0.764,341.203418432968,305.096581567032
0.7645,341.191386831936,305.108613168064
0.765,341.179363249683,305.120636750317
0.7655,341.167347680855,305.132652319145
0.766,341.155340120101,305.1446598799
0.7665,341.143340562072,305.156659437928
0.767,341.131349001425,305.168650998575
0.7675,341.119365432819,305.180634567181
0.768,341.107389850916,305.192610149084
0.7685,341.095422250382,305.204577749618
0.769,341.083462625886,305.216537374114
0.7695,341.071510972102,305.228489027898
0.77,341.059567283704,305.240432716296
0.7705,341.047631555372,305.252368444628
0.771,341.03570378179,305.26429621821
0.7715,341.023783957642,305.276216042358
0.772,341.01187207762,305.28812792238
0.7725,340.999968136415,305.300031863585
0.773,340.988072128723,305.311927871277
0.7735,340.976184049245,305.323815950755
0.774,340.964303892682,305.335696107318
0.7745,340.952431653742,305.347568346258
0.775,340.940567327134,305.359432672866
0.7755,340.928710907571,305.371289092429
0.776,340.916862389769,305.383137610231
0.7765,340.905021768447,305.394978231553
0.777,340.89318903833,305.406810961671
0.7775,340.881364194142,305.418635805858
0.778,340.869547230613,305.430452769387
0.7785,340.857738142477,305.442261857523
0.779,340.845936924469,305.454063075531
0.7795,340.834143571329,305.465856428671
0.78,340.822358077801,305.477641922199
0.7805,340.810580438629,305.489419561371
0.781,340.798810648564,305.501189351436
0.7815,340.787048702358,305.512951297642
0.782,340.775294594767,305.524705405233
0.7825,340.763548320551,305.536451679449
0.783,340.751809874472,305.548190125528
0.7835,340.740079299375,305.559920700625
0.784,340.728356564772,305.571643435228
0.7845,340.716641644148,305.583358355852
0.785,340.704934532296,305.595065467704
0.7855,340.693235224012,305.606764775988
0.786,340.681543714099,305.618456285902
0.7865,340.669859997358,305.630140002642
0.787,340.658184068598,305.641815931402
0.7875,340.646515922628,305.653484077372
0.788,340.634855554264,305.665144445736
0.7885,340.623202958322,305.676797041678
0.789,340.611558129624,305.688441870376
0.7895,340.599921062992,305.700078937008
0.79,340.588291753255,305.711708246745
0.7905,340.576670195243,305.723329804757
0.791,340.565056383791,305.734943616209
0.7915,340.553450313736,305.746549686264
0.792,340.54185197992,305.75814802008
0.7925,340.530261377185,305.769738622815
0.793,340.518678500381,305.781321499619
0.7935,340.507103344357,305.792896655643
0.794,340.495535903969,305.804464096031
0.7945,340.483976174073,305.816023825927
0.795,340.472424149531,305.827575850469
0.7955,340.460879825207,305.839120174793
0.796,340.449343195969,305.850656804031
0.7965,340.437814256687,305.862185743313
0.797,340.426293002237,305.873706997763
0.7975,340.414779427495,305.885220572505
0.798,340.403273527342,305.896726472658
0.7985,340.391775296663,305.908224703337
0.799,340.380284730346,305.919715269654
0.7995,340.368801823281,305.931198176719
0.8,340.357326570362,305.942673429638
0.8005,340.345858966487,305.954141033513
0.801,340.334399006558,305.965600993443
0.8015,340.322946685476,305.977053314524
0.802,340.311501998151,305.988498001849
0.8025,340.300064939493,305.999935060507
0.803,340.288635504416,306.011364495584
0.8035,340.277213687838,306.022786312162
0.804,340.265799484678,306.034200515322
0.8045,340.25439288986,306.04560711014
0.805,340.242993898313,306.057006101687
0.8055,340.231602504965,306.068397495035
0.806,340.220218704752,306.079781295248
0.8065,340.208842492609,306.091157507391
0.807,340.197473863477,306.102526136523
0.8075,340.186112812299,306.113887187701
0.808,340.174759334023,306.125240665977
0.8085,340.163413423598,306.136586576402
0.809,340.152075075978,306.147924924022
0.8095,340.140744286119,306.159255713881
0.81,340.12942104898,306.17057895102
0.8105,340.118105359525,306.181894640475
0.811,340.106797212721,306.193202787279
0.8115,340.095496603536,306.204503396464
0.812,340.084203526943,306.215796473057
0.8125,340.072917977918,306.227082022082
0.813,340.061639951442,306.238360048558
0.8135,340.050369442495,306.249630557505
0.814,340.039106446063,306.260893553937
0.8145,340.027850957136,306.272149042864
0.815,340.016602970706,306.283397029294
0.8155,340.005362481768,306.294637518232
0.816,339.99412948532,306.30587051468
0.8165,339.982903976365,306.317096023635
0.817,339.971685949907,306.328314050093
0.8175,339.960475400955,306.339524599045
0.818,339.949272324519,306.350727675481
0.8185,339.938076715615,306.361923284385
0.819,339.92688856926,306.37311143074
0.8195,339.915707880475,306.384292119525
0.82,339.904534644284,306.395465355716
0.8205,339.893368855716,306.406631144284
0.821,339.8822105098,306.4177894902
0.8215,339.87105960157,306.42894039843
0.822,339.859916126062,306.440083873938
0.8225,339.848780078318,306.451219921682
0.823,339.837651453381,306.462348546619
0.8235,339.826530246296,306.473469753704
0.824,339.815416452113,306.484583547887
0.8245,339.804310065886,306.495689934114
0.825,339.79321108267,306.50678891733
0.8255,339.782119497524,306.517880502476
0.826,339.771035305511,306.528964694489
0.8265,339.759958501696,306.540041498304
0.827,339.748889081147,306.551110918853
0.8275,339.737827038937,306.562172961063
0.828,339.726772370139,306.573227629861
0.8285,339.715725069833,306.584274930167
0.829,339.704685133099,306.595314866901
0.8295,339.693652555022,306.606347444978
0.83,339.682627330688,306.617372669312
0.8305,339.67160945519,306.62839054481
0.831,339.660598923619,306.639401076381
0.8315,339.649595731074,306.650404268926
0.832,339.638599872653,306.661400127347
0.8325,339.627611343461,306.672388656539
0.833,339.616630138603,306.683369861397
0.8335,339.605656253188,306.694343746812
0.834,339.594689682329,306.705310317671
0.8345,339.583730421142,306.716269578858
0.835,339.572778464744,306.727221535256
0.8355,339.561833808259,306.738166191741
0.836,339.55089644681,306.74910355319
0.8365,339.539966375525,306.760033624475
0.837,339.529043589536,306.770956410464
0.8375,339.518128083976,306.781871916024
0.838,339.507219853983,306.792780146017
0.8385,339.496318894698,306.803681105302
0.839,339.485425201262,306.814574798738
0.8395,339.474538768824,306.825461231176
0.84,339.463659592531,306.836340407469
0.8405,339.452787667538,306.847212332462
0.841,339.441922988999,306.858077011001
0.8415,339.431065552073,306.868934447927
0.842,339.420215351922,306.879784648078
0.8425,339.409372383712,306.890627616288
0.843,339.398536642609,306.901463357391
0.8435,339.387708123785,306.912291876215
0.844,339.376886822413,306.923113177587
0.8445,339.366072733671,306.933927266329
0.845,339.35526585274,306.94473414726
0.8455,339.344466174801,306.955533825199
0.846,339.333673695042,306.966326304958
0.8465,339.322888408651,306.977111591349
0.847,339.312110310821,306.987889689179
0.8475,339.301339396747,306.998660603253
0.848,339.290575661628,307.009424338372
0.8485,339.279819100664,307.020180899336
0.849,339.26906970906,307.03093029094
0.8495,339.258327482024,307.041672517976
0.85,339.247592414767,307.052407585233
0.8505,339.2368645025,307.0631354975
0.851,339.226143740442,307.073856259558
0.8515,339.215430123811,307.08456987619
0.852,339.204723647829,307.095276352171
0.8525,339.194024307723,307.105975692277
0.853,339.183332098721,307.116667901279
0.8535,339.172647016054,307.127352983946
0.854,339.161969054957,307.138030945043
0.8545,339.151298210667,307.148701789333
0.855,339.140634478425,307.159365521575
0.8555,339.129977853473,307.170022146527
0.856,339.119328331059,307.180671668941
0.8565,339.108685906433,307.191314093567
0.857,339.098050574845,307.201949425155
0.8575,339.087422331552,307.212577668448
0.858,339.076801171812,307.223198828188
0.8585,339.066187090886,307.233812909114
0.859,339.055580084038,307.244419915962
0.8595,339.044980146537,307.255019853464
0.86,339.034387273651,307.265612726349
0.8605,339.023801460654,307.276198539346
0.861,339.013222702822,307.286777297178
0.8615,339.002650995434,307.297349004566
0.862,338.992086333773,307.307913666227
0.8625,338.981528713123,307.318471286877
0.863,338.970978128771,307.329021871229
0.8635,338.960434576009,307.339565423991
0.864,338.949898050131,307.350101949869
0.8645,338.939368546433,307.360631453567
0.865,338.928846060215,307.371153939785
0.8655,338.918330586779,307.381669413221
0.866,338.907822121432,307.392177878568
0.8665,338.89732065948,307.40267934052
0.867,338.886826196236,307.413173803764
0.8675,338.876338727014,307.423661272986
0.868,338.86585824713,307.43414175287
0.8685,338.855384751906,307.444615248094
0.869,338.844918236664,307.455081763336
0.8695,338.834458696729,307.465541303271
0.87,338.824006127431,307.475993872569
0.8705,338.813560524101,307.486439475899
0.871,338.803121882075,307.496878117925
0.8715,338.792690196688,307.507309803312
0.872,338.782265463282,307.517734536718
0.8725,338.7718476772,307.5281523228
0.873,338.761436833788,307.538563166212
0.8735,338.751032928395,307.548967071605
0.874,338.740635956373,307.559364043627
0.8745,338.730245913076,307.569754086924
0.875,338.719862793863,307.580137206137
0.8755,338.709486594093,307.590513405907
0.876,338.699117309131,307.600882690869
0.8765,338.688754934342,307.611245065658
0.877,338.678399465095,307.621600534905
0.8775,338.668050896763,307.631949103237
0.878,338.65770922472,307.64229077528
0.8785,338.647374444343,307.652625555657
0.879,338.637046551014,307.662953448986
0.8795,338.626725540116,307.673274459884
0.88,338.616411407035,307.683588592965
0.8805,338.60610414716,307.69389585284
0.881,338.595803755882,307.704196244118
0.8815,338.585510228597,307.714489771403
0.882,338.575223560702,307.724776439298
0.8825,338.564943747598,307.735056252402
0.883,338.554670784687,307.745329215313
0.8835,338.544404667376,307.755595332625
0.884,338.534145391073,307.765854608927
0.8845,338.52389295119,307.77610704881
0.885,338.513647343142,307.786352656858
0.8855,338.503408562346,307.796591437654
0.886,338.493176604222,307.806823395778
0.8865,338.482951464193,307.817048535807
0.887,338.472733137684,307.827266862316
0.8875,338.462521620125,307.837478379875
0.888,338.452316906946,307.847683093054
0.8885,338.442118993581,307.857881006419
0.889,338.431927875468,307.868072124532
0.8895,338.421743548046,307.878256451954
0.89,338.411566006757,307.888433993243
0.8905,338.401395247047,307.898604752953
0.891,338.391231264364,307.908768735636
0.8915,338.381074054159,307.918925945841
0.892,338.370923611884,307.929076388116
0.8925,338.360779932998,307.939220067002
0.893,338.350643012957,307.949356987043
0.8935,338.340512847225,307.959487152775
0.894,338.330389431267,307.969610568733
0.8945,338.320272760548,307.979727239452
0.895,338.310162830541,307.989837169459
0.8955,338.300059636717,307.999940363283
0.896,338.289963174552,308.010036825448
0.8965,338.279873439525,308.020126560475
0.897,338.269790427116,308.030209572884
0.8975,338.259714132811,308.040285867189
0.898,338.249644552094,308.050355447906
0.8985,338.239581680456,308.060418319544
0.899,338.229525513389,308.070474486611
0.8995,338.219476046388,308.080523953612
0.9,338.20943327495,308.09056672505
0.9005,338.199397194575,308.100602805425
0.901,338.189367800767,308.110632199233
0.9015,338.17934508903,308.12065491097
0.902,338.169329054875,308.130670945125
0.9025,338.159319693811,308.140680306189
0.903,338.149317001352,308.150682998648
0.9035,338.139320973016,308.160679026984
0.904,338.129331604321,308.170668395679
0.9045,338.11934889079,308.18065110921
0.905,338.109372827947,308.190627172053
0.9055,338.099403411319,308.200596588681
0.906,338.089440636436,308.210559363564
0.9065,338.079484498832,308.220515501168
0.907,338.069534994042,308.230465005958
0.9075,338.059592117603,308.240407882397
0.908,338.049655865057,308.250344134943
0.9085,338.039726231947,308.260273768053
0.909,338.029803213819,308.270196786181
0.9095,338.019886806223,308.280113193777
0.91,338.009977004709,308.290022995292
0.9105,338.000073804831,308.299926195169
0.911,337.990177202147,308.309822797853
0.9115,337.980287192216,308.319712807784
0.912,337.9704037706,308.3295962294
0.9125,337.960526932864,308.339473067136
0.913,337.950656674576,308.349343325425
0.9135,337.940792998444,308.359207001556
0.914,337.930936049339,308.369063950661
0.9145,337.921085669292,308.378914330708
0.915,337.91124185391,308.38875814609
0.9155,337.901404598798,308.398595401202
0.916,337.891573899569,308.408426100431
0.9165,337.881749751835,308.418250248165
0.917,337.871932151212,308.428067848788
0.9175,337.862121093319,308.437878906681
0.918,337.852316573777,308.447683426223
0.9185,337.842518588212,308.457481411788
0.919,337.832727132249,308.467272867751
0.9195,337.822942201519,308.477057798481
0.92,337.813163791655,308.486836208345
0.9205,337.803391898291,308.496608101709
0.921,337.793626517066,308.506373482934
0.9215,337.783867643621,308.516132356379
0.922,337.774115273599,308.525884726401
0.9225,337.764369402646,308.535630597354
0.923,337.754630026413,308.545369973587
0.9235,337.744897140549,308.555102859451
0.924,337.735170740711,308.564829259289
0.9245,337.725450822555,308.574549177445
0.925,337.715737381741,308.584262618259
0.9255,337.706030413932,308.593969586068
0.926,337.696329914794,308.603670085206
0.9265,337.686635879994,308.613364120006
0.927,337.676948305204,308.623051694796
0.9275,337.667267186097,308.632732813903
0.928,337.657592518349,308.642407481651
0.9285,337.64792429764,308.65207570236
0.929,337.638262519651,308.661737480349
0.9295,337.628607180067,308.671392819933
0.93,337.618958274574,308.681041725426
0.9305,337.609315798863,308.690684201137
0.931,337.599679748627,308.700320251373
0.9315,337.590050119559,308.709949880441
0.932,337.58042690736,308.71957309264
0.9325,337.570810107728,308.729189892272
0.933,337.561199716368,308.738800283632
0.9335,337.551595728985,308.748404271015
0.934,337.541998141288,308.758001858712
0.9345,337.532406948988,308.767593051012
0.935,337.5228221478,308.7771778522
0.9355,337.51324373344,308.78675626656
0.936,337.503671701628,308.796328298372
0.9365,337.494106048085,308.805893951915
0.937,337.484546768537,308.815453231463
0.9375,337.47499385871,308.82500614129
0.938,337.465447314336,308.834552685664
0.9385,337.455907131146,308.844092868855
0.939,337.446373304875,308.853626695125
0.9395,337.436845831263,308.863154168737
0.94,337.427324706049,308.872675293951
0.9405,337.417809924977,308.882190075023
0.941,337.408301483794,308.891698516206
0.9415,337.398799378246,308.901200621754
0.942,337.389303604087,308.910696395913
0.9425,337.379814157069,308.920185842931
0.943,337.370331032949,308.929668967051
0.9435,337.360854227487,308.939145772513
0.944,337.351383736444,308.948616263556
0.9445,337.341919555585,308.958080444415
0.945,337.332461680676,308.967538319324
0.9455,337.323010107488,308.976989892512
0.946,337.313564831792,308.986435168208
0.9465,337.304125849365,308.995874150636
0.947,337.294693155982,309.005306844018
0.9475,337.285266747424,309.014733252576
0.948,337.275846619475,309.024153380525
0.9485,337.266432767919,309.033567232081
0.949,337.257025188544,309.042974811456
0.9495,337.247623877142,309.052376122858
0.95,337.238228829504,309.061771170496
0.9505,337.228840041428,309.071159958572
0.951,337.219457508711,309.080542491289
0.9515,337.210081227154,309.089918772846
0.952,337.200711192561,309.099288807439
0.9525,337.191347400738,309.108652599262
0.953,337.181989847493,309.118010152507
0.9535,337.172638528639,309.127361471361
0.954,337.163293439988,309.136706560012
0.9545,337.153954577358,309.146045422642
0.955,337.144621936567,309.155378063433
0.9555,337.135295513438,309.164704486562
0.956,337.125975303793,309.174024696207
0.9565,337.116661303461,309.183338696539
0.957,337.107353508269,309.192646491731
0.9575,337.098051914051,309.201948085949
0.958,337.08875651664,309.21124348336
0.9585,337.079467311874,309.220532688126
0.959,337.070184295592,309.229815704408
0.9595,337.060907463637,309.239092536363
0.96,337.051636811852,309.248363188148
0.9605,337.042372336085,309.257627663915
0.961,337.033114032186,309.266885967814
0.9615,337.023861896007,309.276138103993
0.962,337.014615923403,309.285384076597
0.9625,337.005376110231,309.294623889769
0.963,336.996142452351,309.303857547649
0.9635,336.986914945625,309.313085054375
0.964,336.97769358592,309.322306414081
0.9645,336.968478369101,309.331521630899
0.965,336.959269291039,309.340730708961
0.9655,336.950066347606,309.349933652394
0.966,336.940869534678,309.359130465322
0.9665,336.931678848132,309.368321151868
0.967,336.922494283848,309.377505716152
0.9675,336.913315837709,309.386684162291
0.968,336.904143505599,309.395856494401
0.9685,336.894977283407,309.405022716593
0.969,336.885817167022,309.414182832978
0.9695,336.876663152337,309.423336847663
0.97,336.867515235247,309.432484764753
0.9705,336.85837341165,309.44162658835
0.971,336.849237677445,309.450762322555
0.9715,336.840108028536,309.459891971464
0.972,336.830984460827,309.469015539173
0.9725,336.821866970226,309.478133029774
0.973,336.812755552643,309.487244447357
0.9735,336.80365020399,309.49634979601
0.974,336.794550920183,309.505449079818
0.9745,336.785457697138,309.514542302862
0.975,336.776370530776,309.523629469224
0.9755,336.767289417019,309.532710582981
0.976,336.758214351792,309.541785648208
0.9765,336.749145331022,309.550854668978
0.977,336.740082350639,309.559917649361
0.9775,336.731025406575,309.568974593425
0.978,336.721974494766,309.578025505234
0.9785,336.712929611147,309.587070388853
0.979,336.703890751659,309.596109248341
0.9795,336.694857912244,309.605142087756
0.98,336.685831088846,309.614168911154
0.9805,336.676810277412,309.623189722588
0.981,336.667795473892,309.632204526108
0.9815,336.658786674237,309.641213325764
0.982,336.649783874401,309.650216125599
0.9825,336.640787070342,309.659212929658
0.983,336.631796258018,309.668203741982
0.9835,336.622811433391,309.677188566609
0.984,336.613832592425,309.686167407575
0.9845,336.604859731086,309.695140268914
0.985,336.595892845343,309.704107154657
0.9855,336.586931931168,309.713068068832
0.986,336.577976984533,309.722023015467
0.9865,336.569028001415,309.730971998585
0.987,336.560084977793,309.739915022207
0.9875,336.551147909647,309.748852090353
0.988,336.542216792961,309.757783207039
0.9885,336.53329162372,309.76670837628
0.989,336.524372397912,309.775627602088
0.9895,336.515459111528,309.784540888472
0.99,336.50655176056,309.79344823944
0.9905,336.497650341005,309.802349658995
0.991,336.488754848859,309.811245151141
0.9915,336.479865280123,309.820134719878
0.992,336.470981630798,309.829018369202
0.9925,336.462103896891,309.837896103109
0.993,336.453232074407,309.846767925593
0.9935,336.444366159357,309.855633840643
0.994,336.435506147753,309.864493852247
0.9945,336.426652035608,309.873347964392
0.995,336.417803818939,309.882196181061
0.9955,336.408961493767,309.891038506233
0.996,336.400125056111,309.89987494389
0.9965,336.391294501995,309.908705498005
0.997,336.382469827446,309.917530172554
0.9975,336.373651028493,309.926348971507
0.998,336.364838101166,309.935161898835
0.9985,336.356031041497,309.943968958503
0.999,336.347229845524,309.952770154476
0.9995,336.338434509283,309.961565490717
1,336.329645028815,309.970354971185
1,336.329645028815,309.970354971185
