"time","c.v","opAmp.out.v","opAmp.out.i"
0,1,-15,0.0235
0.0005,0.825183960007659,-15,0.0233251839600077
0.001,0.652278075217816,-15,0.0231522780752178
0.0015,0.481261379186031,-15,0.022981261379186
0.002,0.312113209229069,-15,0.0228121132092291
0.0025,0.144813146503207,-15,0.0226448131465032
0.003,-0.0206590025515657,-15,0.0224793409974484
0.0035,-0.184323201514215,-15,0.0223156767984858
0.004,-0.346199213749532,-15,0.0221538007862505
0.0045,-0.506306581549432,-15,0.0219936934184506
0.005,-0.664664615905641,-15,0.0218353353840944
0.0055,-0.821292435165589,-15,0.0216787075648344
0.006,-0.9762089385991,-15,0.0215237910614009
0.0065,-1.12943282458905,-15,0.0213705671754109
0.007,-1.28098258660332,-15,0.0212190174133967
0.0075,-1.43087651555953,-15,0.0210691234844405
0.008,-1.57913270464022,-15,0.0209208672953598
0.0085,-1.72576904657901,-15,0.020774230953421
0.009,-1.87080324102277,-15,0.0206291967589772
0.0095,-2.01425279197882,-15,0.0204857472080212
0.01,-2.15613501311662,-15,0.0203438649868834
0.0105,-2.29646702991679,-15,0.0202035329700832
0.011,-2.43526577969805,-15,0.020064734220302
0.0115,-2.57254801494662,-15,0.0199274519850534
0.012,-2.70833030398212,-15,0.0197916696960179
0.0125,-2.84262903567434,-15,0.0196573709643257
0.013,-2.97546041947427,-15,0.0195245395805257
0.0135,-3.10684048726261,-15,0.0193931595127374
0.014,-3.23678509681764,-15,0.0192632149031824
0.0145,-3.36530993285182,-15,0.0191346900671482
0.015,-3.49243050406456,-15,0.0190075694959354
0.0155,-3.61816215411387,-15,0.0188818378458861
0.016,-3.74252005756997,-15,0.01875747994243
0.0165,-3.86551922321406,-15,0.0186344807767859
0.017,-3.98717449594692,-15,0.0185128255040531
0.0175,-4.10750055869754,-15,0.0183924994413025
0.018,-4.22651193593156,-15,0.0182734880640684
0.0185,-4.3442229932488,-15,0.0181557770067512
0.019,-4.46064793944124,-15,0.0180393520605588
0.0195,-4.57580082967658,-15,0.0179241991703234
0.02,-4.68969556690282,-15,0.0178103044330972
0.0205,-4.80234590187024,-15,0.0176976540981298
0.021,-4.91376540230168,-15,0.0175862345976983
0.0215,-5.02396753402595,-15,0.0174760324659741
0.022,-5.1329655992436,-15,0.0173670344007564
0.0225,-5.24077275542984,-15,0.0172592272445702
0.023,-5.34740201708677,-15,0.0171525979829132
0.0235,-5.45286624879392,-15,0.0170471337512061
0.024,-5.55717817213908,-15,0.0169428218278609
0.0245,-5.66035038472616,-15,0.0168396496152738
0.025,-5.7623953402724,-15,0.0167376046597276
0.0255,-5.86332535716267,-15,0.0166366746428373
0.026,-5.96315262011856,-15,0.0165368473798814
0.0265,-6.06188916251899,-15,0.016438110837481
0.027,-6.15954690724994,-15,0.0163404530927501
0.0275,-6.25613764433029,-15,0.0162438623556697
0.028,-6.3516730335199,-15,0.0161483269664801
0.0285,-6.44616460810272,-15,0.0160538353918973
0.029,-6.53962377149144,-15,0.0159603762285086
0.0295,-6.63206178939591,-15,0.0158679382106041
0.03,-6.72348982931248,-15,0.0157765101706875
0.0305,-6.81391892765676,-15,0.0156860810723432
0.031,-6.90336000109967,-15,0.0155966399989003
0.0315,-6.99182384806535,-15,0.0155081761519346
0.032,-7.07932113501068,-15,0.0154206788649893
0.0325,-7.16586242054243,-15,0.0153341375794576
0.033,-7.25145815652955,-15,0.0152485418434705
0.0335,-7.33611867575583,-15,0.0151638813242442
0.034,-7.41985419895054,-15,0.0150801458010495
0.0345,-7.48948300754138,15,-0.0299894830075414
0.035,-7.24376374797377,15,-0.0297437637479738
0.0355,-7.00072825190019,15,-0.0295007282519002
0.036,-6.76034843734309,15,-0.0292603484373431
0.0365,-6.52259508221563,15,-0.0290225950822156
0.037,-6.28743939218986,15,-0.0287874393921899
0.0375,-6.05485300940739,15,-0.0285548530094074
0.038,-5.82480785019405,15,-0.028324807850194
0.0385,-5.59727615290001,15,-0.0280972761529
0.039,-5.37223046120296,15,-0.027872230461203
0.0395,-5.14964361441032,15,-0.0276496436144103
0.04,-4.929488741324,15,-0.027429488741324
0.0405,-4.71173924307842,15,-0.0272117392430784
0.041,-4.49636885035975,15,-0.0269963688503598
0.0415,-4.28335159431805,15,-0.0267833515943181
0.042,-4.07266176595988,15,-0.0265726617659599
0.0425,-3.86427392022533,15,-0.0263642739202253
0.043,-3.65816292533596,15,-0.026158162925336
0.0435,-3.4543038918726,15,-0.0259543038918726
0.044,-3.25267223288629,15,-0.0257526722328863
0.0445,-3.05324359317091,15,-0.0255532435931709
0.045,-2.8559939171208,15,-0.0253559939171208
0.0455,-2.66089938787888,15,-0.0251608993878789
0.046,-2.46793646134106,15,-0.0249679364613411
0.0465,-2.27708185213181,15,-0.0247770818521318
0.047,-2.08831251946423,15,-0.0245883125194642
0.0475,-1.90160568490693,15,-0.0244016056849069
0.048,-1.71693880911803,15,-0.024216938809118
0.0485,-1.53428960207179,15,-0.0240342896020718
0.049,-1.3536360135833,15,-0.0238536360135833
0.0495,-1.17495623142967,15,-0.0236749562314297
0.05,-0.998228708284132,15,-0.0234982287082841
0.0505,-0.823432113563467,15,-0.0233234321135635
0.051,-0.650545350686431,15,-0.0231505453506864
0.0515,-0.479547557702023,15,-0.022979547557702
0.052,-0.310418083061598,15,-0.0228104180830616
0.0525,-0.143136520185251,15,-0.0226431365201853
0.053,0.0223173218259217,15,-0.0224776826781741
0.0535,0.185963412644777,15,-0.0223140365873552
0.054,0.347821505137106,15,-0.0221521784948629
0.0545,0.507911138542578,15,-0.0219920888614574
0.055,0.666251636900654,15,-0.0218337483630993
0.0555,0.822862104995633,15,-0.0216771378950044
0.056,0.97776145005991,15,-0.0215222385499401
0.0565,1.13096836941262,15,-0.0213690316305874
0.057,1.28250135104651,15,-0.0212174986489535
0.0575,1.43237868478786,15,-0.0210676213152121
0.058,1.58061845987158,15,-0.0209193815401284
0.0585,1.7272385677979,15,-0.0207727614322021
0.059,1.87225670489975,15,-0.0206277432951003
0.0595,2.01569037383043,15,-0.0204843096261696
0.06,2.15755688629661,15,-0.0203424431137034
0.0605,2.29787336186428,15,-0.0202021266381357
0.061,2.4366567366328,15,-0.0200633432633672
0.0615,2.57392376089343,15,-0.0199260762391066
0.062,2.70969100241922,15,-0.0197903089975808
0.0625,2.8439748486551,15,-0.0196560251513449
0.063,2.97679150890809,15,-0.0195232084910919
0.0635,3.10815701202788,15,-0.0193918429879721
0.064,3.23808720607128,15,-0.0192619127939287
0.0645,3.36659778064575,15,-0.0191334022193542
0.065,3.49370424912036,15,-0.0190062957508796
0.0655,3.61942195663588,15,-0.0188805780433641
0.066,3.74376608220698,15,-0.018756233917793
0.0665,3.86675162580067,15,-0.0186332483741993
0.067,3.98839341451845,15,-0.0185116065854815
0.0675,4.10870614627935,15,-0.0183912938537207
0.068,4.22770434466117,15,-0.0182722956553388
0.0685,4.34540237552246,15,-0.0181545976244775
0.069,4.46181444894599,15,-0.018038185551054
0.0695,4.5769546050832,15,-0.0179230453949168
0.07,4.69083672928056,15,-0.0178091632707194
0.0705,4.80347457938497,15,-0.017696525420615
0.071,4.91488175190005,15,-0.0175851182481
0.0715,5.02507169562826,15,-0.0174749283043717
0.072,5.13405771349847,15,-0.0173659422865015
0.0725,5.24185294802459,15,-0.0172581470519754
0.073,5.3484704028217,15,-0.0171515295971783
0.0735,5.45392295595553,15,-0.0170460770440445
0.074,5.55822333667119,15,-0.0169417766633288
0.0745,5.6613841361068,15,-0.0168386158638932
0.075,5.76341780902698,15,-0.016736582190973
0.0755,5.8643366563519,15,-0.0166356633436481
0.076,5.964152855454,15,-0.016535847144546
0.0765,6.06287846267558,15,-0.0164371215373244
0.077,6.16052539583285,15,-0.0163394746041671
0.0775,6.25710544360846,15,-0.0162428945563915
0.078,6.35263026718652,15,-0.0161473697328135
0.0785,6.44711137806167,15,-0.0160528886219383
0.079,6.54056018059138,15,-0.0159594398194086
0.0795,6.63298796197034,15,-0.0158670120380297
0.08,6.72440588008635,15,-0.0157755941199136
0.0805,6.81482497194586,15,-0.0156851750280541
0.081,6.90425615520195,15,-0.015595743844798
0.0815,6.99271020327339,15,-0.0155072897967266
0.082,7.08019779717041,15,-0.0154198022028296
0.0825,7.16672950269214,15,-0.0153332704973079
0.083,7.25231576578536,15,-0.0152476842342146
0.0835,7.33696691914838,15,-0.0151630330808516
0.084,7.42069318365421,15,-0.0150793068163458
0.0845,7.48699249514917,-15,0.0299869924951492
0.085,7.24129922856012,-15,0.0297412992285601
0.0855,6.99828985951736,-15,0.0294982898595174
0.086,6.75793622281371,-15,0.0292579362228137
0.0865,6.52020911671272,-15,0.0290202091167127
0.087,6.28507944619809,-15,0.0287850794461981
0.0875,6.05251876250613,-15,0.0285525187625061
0.088,5.82249895289458,-15,0.0283224989528946
0.0885,5.59499236098565,-15,0.0280949923609857
0.089,5.36997153220597,-15,0.027869971532206
0.0895,5.1474093088201,-15,0.0276474093088201
0.09,4.92727881171434,-15,0.0274272788117143
0.0905,4.70955347898799,-15,0.027209553478988
0.091,4.49420702828613,-15,0.0269942070282861
0.0915,4.28121343419768,-15,0.0267812134341977
0.092,4.07054698371303,-15,0.026570546983713
0.0925,3.86218226200924,-15,0.0263621822620092
0.093,3.65609412990368,-15,0.0261560941299037
0.0935,3.45225770127821,-15,0.0259522577012782
0.094,3.25064839375928,-15,0.0257506483937593
0.0945,3.05124186649425,-15,0.0255512418664943
0.095,2.85401405657488,-15,0.0253540140565749
0.0955,2.65894116069562,-15,0.0251589411606956
0.096,2.46599962986213,-15,0.0249659996298621
0.0965,2.27516618157461,-15,0.0247751661815746
0.097,2.08641777572839,-15,0.0245864177757284
0.0975,1.89973163986139,-15,0.0243997316398614
0.098,1.7150852350682,-15,0.0242150852350682
0.0985,1.53245628053145,-15,0.0240324562805315
0.099,1.35182273083457,-15,0.0238518227308346
0.0995,1.17316278416136,-15,0.0236731627841614
0.1,0.996454876847832,-15,0.0234964548768478
0.1005,0.821677678860965,-15,0.023321677678861
0.101,0.648810095632175,-15,0.0231488100956322
0.1015,0.477831262250762,-15,0.0229778312622508
0.102,0.308720542172416,-15,0.0228087205421724
0.1025,0.141457524887262,-15,0.0226414575248873
0.103,-0.0239779773507658,-15,0.0224760220226492
0.1035,-0.187605932210079,-15,0.0223123940677899
0.104,-0.349446088958455,-15,0.0221505539110415
0.1045,-0.50951798173469,-15,0.0219904820182653
0.105,-0.667840930552307,-15,0.0218321590694477
0.1055,-0.824434041199975,-15,0.0216755659588
0.106,-0.979316215320286,-15,0.0215206837846797
0.1065,-1.13250614676839,-15,0.0213674938532316
0.107,-1.28402232470697,-15,0.021215977675293
0.1075,-1.43388303588337,-15,0.0210661169641166
0.108,-1.58210636930047,-15,0.0209178936306995
0.1085,-1.72871021641897,-15,0.020771289783581
0.109,-1.87371227022227,-15,0.0206262877297777
0.1095,-2.01713003049232,-15,0.0204828699695077
0.11,-2.15898080974685,-15,0.0203410191902531
0.1105,-2.29928173039969,-15,0.0202007182696003
0.111,-2.43804972335965,-15,0.0200619502766404
0.1115,-2.57530153699905,-15,0.019924698463001
0.112,-2.71105373883559,-15,0.0197889462611644
0.1125,-2.84532271464488,-15,0.0196546772853551
0.113,-2.9781246670487,-15,0.0195218753329513
0.1135,-3.10947562543598,-15,0.019390524374564
0.114,-3.23939144423688,-15,0.0192606085557631
0.1145,-3.36788780465402,-15,0.019132112195346
0.115,-3.49498021224806,-15,0.0190050197877519
0.1155,-3.62068400844218,-15,0.0188793159915578
0.116,-3.74501436594008,-15,0.0187549856340599
0.1165,-3.86798629176257,-15,0.0186320137082374
0.117,-3.98961462440376,-15,0.0185103853755962
0.1175,-4.10991404637364,-15,0.0183900859536264
0.118,-4.2288990782942,-15,0.0182711009217058
0.1185,-4.34658408159343,-15,0.0181534159184066
0.119,-4.46298325692631,-15,0.0180370167430737
0.1195,-4.57811065563724,-15,0.0179218893443628
0.12,-4.69198017400518,-15,0.0178080198259948
0.1205,-4.80460555536178,-15,0.0176953944446382
0.121,-4.9160003907028,-15,0.0175839996092972
0.1215,-5.02617812681546,-15,0.0174738218731845
0.122,-5.1351520624276,-15,0.0173648479375724
0.1225,-5.24293534945225,-15,0.0172570646505478
0.123,-5.34954099547878,-15,0.0171504590045212
0.1235,-5.45498186885495,-15,0.0170450181311451
0.124,-5.55927069665346,-15,0.0169407293033465
0.1245,-5.66242006474903,-15,0.016837579935251
0.125,-5.76444242224456,-15,0.0167355575777554
0.1255,-5.86535008417722,-15,0.0166346499158228
0.126,-5.96515523063231,-15,0.0165348447693677
0.1265,-6.06386990556607,-15,0.0164361300944339
0.127,-6.16150602371405,-15,0.016338493976286
0.1275,-6.25807537050644,-15,0.0162419246294936
0.128,-6.35358960244613,-15,0.0161464103975539
0.1285,-6.44806024487892,-15,0.0160519397551211
0.129,-6.54149870126082,-15,0.0159585012987392
0.1295,-6.63391624999141,-15,0.0158660837500086
0.13,-6.72532404626742,-15,0.0157746759537326
0.1305,-6.81573311970833,-15,0.0156842668802917
0.131,-6.90515438402395,-15,0.0155948456159761
0.1315,-6.99359863251459,-15,0.0155064013674854
0.132,-7.0810765404362,-15,0.0154189234595638
0.1325,-7.16759866362039,-15,0.0153324013363796
0.133,-7.25317544649226,-15,0.0152468245535077
0.1335,-7.33781721839037,-15,0.0151621827816096
0.134,-7.42153419576999,-15,0.01507846580423
0.1345,-7.48448358569409,15,-0.0299844835856941
0.135,-7.23881810983993,15,-0.0297388181098399
0.1355,-6.99583672071705,15,-0.029495836720717
0.136,-6.75551036008024,15,-0.0292555103600802
0.1365,-6.51780984757852,15,-0.0290178098475785
0.137,-6.28270644166023,15,-0.0287827064416602
0.1375,-6.05017177822058,15,-0.0285501717782206
0.138,-5.8201777743353,15,-0.0283201777743353
0.1385,-5.59269667259375,15,-0.0280926966725938
0.139,-5.36770102303308,15,-0.0278677010230331
0.1395,-5.14516366165597,15,-0.027645163661656
0.14,-4.92505773468336,15,-0.0274250577346834
0.1405,-4.70735663889055,15,-0.0272073566388906
0.141,-4.49203413080616,15,-0.0269920341308062
0.1415,-4.27906423906953,15,-0.0267790642390695
0.142,-4.0684212481397,15,-0.0265684212481397
0.1425,-3.86007973514262,15,-0.0263600797351426
0.143,-3.65401456445302,15,-0.026154014564453
0.1435,-3.45020085779905,15,-0.0259502008577991
0.144,-3.24861402863417,15,-0.0257486140286342
0.1445,-3.04922973031772,15,-0.0255492297303177
0.145,-2.85202391291295,15,-0.025352023912913
0.1455,-2.65697275802358,15,-0.0251569727580236
0.146,-2.46405273667242,15,-0.0249640527366724
0.1465,-2.27324056041502,15,-0.024773240560415
0.147,-2.08451319907605,15,-0.0245845131990761
0.1475,-1.89784787624732,15,-0.0243978478762473
0.148,-1.71322205815375,15,-0.0242132220581537
0.1485,-1.53061345906287,15,-0.0240306134590629
0.149,-1.35000003311292,15,-0.0238500000331129
0.1495,-1.17135997420777,15,-0.0236713599742078
0.15,-0.994671746500051,15,-0.0234946717465001
0.1505,-0.819914015497019,15,-0.023319914015497
0.151,-0.647065693137167,15,-0.0231470656931372
0.1515,-0.476105918803362,15,-0.0229761059188034
0.152,-0.307014048464697,15,-0.0228070140484647
0.1525,-0.139769679042002,15,-0.022639769679042
0.153,0.0256473761995307,15,-0.0224743526238005
0.1535,0.189257081764568,15,-0.0223107429182354
0.154,0.351079187517744,15,-0.0221489208124823
0.1545,0.51113322849043,15,-0.0219888667715096
0.155,0.669438521572841,15,-0.0218305614784272
0.1555,0.826014170187593,15,-0.0216739858298124
0.156,0.980879076621831,15,-0.0215191209233782
0.1565,1.13405193350406,15,-0.0213659480664959
0.157,1.28555122424748,15,-0.0212144487757525
0.1575,1.43539523538646,15,-0.0210646047646135
0.158,1.58360205169604,15,-0.020916397948304
0.1585,1.73018956100893,15,-0.0207698104389911
0.159,1.87517545548005,15,-0.0206248245445199
0.1595,2.01857723401594,15,-0.0204814227659841
0.16,2.16041220381764,15,-0.0203395877961824
0.1605,2.30069748126338,15,-0.0201993025187366
0.161,2.43944999860225,15,-0.0200605500013978
0.1615,2.57668650252076,15,-0.0199233134974792
0.162,2.71242355728315,15,-0.0197875764427169
0.1625,2.84667754692813,15,-0.0196533224530719
0.163,2.97946467746578,15,-0.0195205353225342
0.1635,3.11080097026753,15,-0.0193891990297325
0.164,3.24070227538427,15,-0.0192592977246157
0.1645,3.36918427729944,15,-0.0191308157227006
0.165,3.49626248626762,15,-0.0190037375137324
0.1655,3.62195224442298,15,-0.018878047755577
0.166,3.74626872788717,15,-0.0187537312721128
0.1665,3.86922692129784,15,-0.0186307730787022
0.167,3.99084166519162,15,-0.0185091583348084
0.1675,4.11112764824543,15,-0.0183888723517546
0.168,4.23009939104292,15,-0.0182699006089571
0.1685,4.34777125653573,15,-0.0181522287434643
0.169,4.46415745199166,15,-0.0180358425480083
0.1695,4.57927200270003,15,-0.0179207279973
0.17,4.69312880779004,15,-0.01780687119221
0.1705,4.80574161582292,15,-0.0176942583841771
0.171,4.91712402048209,15,-0.0175828759795179
0.1715,5.02728946783636,15,-0.0174727105321636
0.172,5.13625125817234,15,-0.0173637487418277
0.1725,5.24402251996523,15,-0.0172559774800348
0.173,5.35061627029555,15,-0.0171493837297045
0.1735,5.45604537832783,15,-0.0170439546216722
0.174,5.56032257074834,15,-0.0169396774292517
0.1745,5.66346043623348,15,-0.0168365395637665
0.175,5.76547142718876,15,-0.0167345285728112
0.1755,5.86636782921177,15,-0.0166336321707882
0.176,5.96616183554677,15,-0.0165338381644532
0.1765,6.06486549304211,15,-0.0164351345069579
0.177,6.16249071720242,15,-0.0163375092827976
0.1775,6.25904929449956,15,-0.0162409507055004
0.178,6.35455288229584,15,-0.0161454471177042
0.1785,6.44901297941992,15,-0.0160509870205801
0.179,6.54244100503387,15,-0.0159575589949661
0.1795,6.63484823719971,15,-0.0158651517628003
0.18,6.72624583165932,15,-0.0157737541683407
0.1805,6.81664482336748,15,-0.0156833551766325
0.181,6.90605612378977,15,-0.0155939438762102
0.1815,6.99449050018092,15,-0.0155055094998191
0.182,7.08195864284691,15,-0.0154180413571531
0.1825,7.16847111029403,15,-0.015331528889706
0.183,7.25403834643902,15,-0.015245961653561
0.1835,7.3386706820371,15,-0.0151613293179629
0.184,7.42237833493315,15,-0.0150776216650669
0.1845,7.48186393216657,-15,0.0299818639321666
0.185,7.23622667006508,-15,0.0297362266700651
0.1855,6.99327293593192,-15,0.0294932729359319
0.186,6.75297436078752,-15,0.0292529743607875
0.1865,6.5153015288577,-15,0.0290153015288577
0.187,6.28022565386357,-15,0.0287802256538636
0.1875,6.04771815723213,-15,0.0285477181572321
0.188,5.81775098782558,-15,0.0283177509878256
0.1885,5.59029641437535,-15,0.0280902964143753
0.189,5.36532700420172,-15,0.0278653270042017
0.1895,5.14281560942419,-15,0.0276428156094242
0.19,4.92273535365041,-15,0.0274227353536504
0.1905,4.70505966207587,-15,0.0272050596620759
0.191,4.48976226577669,-15,0.0269897622657767
0.1915,4.27681720049252,-15,0.0267768172004925
0.192,4.06619876277089,-15,0.0265661987627709
0.1925,3.85788153902951,-15,0.0263578815390295
0.193,3.65184039319694,-15,0.0261518403931969
0.1935,3.44805045272107,-15,0.0259480504527211
0.194,3.2464871277345,-15,0.0257464871277345
0.1945,3.04712608108902,-15,0.025547126081089
0.195,2.84994325589796,-15,0.025349943255898
0.1955,2.65491484562631,-15,0.0251549148456263
0.196,2.46201731816009,-15,0.0249620173181601
0.1965,2.2712273855428,-15,0.0247712273855428
0.197,2.082522024733,-15,0.024582522024733
0.1975,1.89587845587438,-15,0.0243958784558744
0.198,1.71127415101509,-15,0.0242112741510151
0.1985,1.52868682556306,-15,0.0240286868255631
0.199,1.34809443748787,-15,0.0238480944374879
0.1995,1.16947520786417,-15,0.0236694752078642
0.2,0.992807574043671,-15,0.0234928075740437
0.2005,0.818070218104949,-15,0.0233180702181049
0.201,0.645242050231029,-15,0.023145242050231
0.2015,0.474302201587087,-15,0.0229743022015871
0.202,0.305230044596138,-15,0.0228052300445961
0.2025,0.138005170732312,-15,0.0226380051707323
0.203,-0.0273926002024365,-15,0.0224726073997976
0.2035,-0.190983236179549,-15,0.0223090167638205
0.204,-0.352786486331157,-15,0.0221472135136688
0.2045,-0.512821874712684,-15,0.0219871781252873
0.205,-0.671108717640684,-15,0.0218288912823593
0.2055,-0.827666122187231,-15,0.0216723338778128
0.206,-0.982512983718098,-15,0.0215174870162819
0.2065,-1.13566798966461,-15,0.0213643320103354
0.207,-1.28714962508347,-15,0.0212128503749165
0.2075,-1.43697617222632,-15,0.0210630238277737
0.208,-1.58516571530271,-15,0.0209148342846973
0.2085,-1.73173613929822,-15,0.0207682638607018
0.209,-1.87670513481221,-15,0.0206232948651878
0.2095,-2.02009019806941,-15,0.0204799098019306
0.21,-2.16190863583567,-15,0.0203380913641643
0.2105,-2.30217756643846,-15,0.0201978224335615
0.211,-2.44091391915598,-15,0.020059086080844
0.2115,-2.5781344378538,-15,0.0199218655621462
0.212,-2.71385568658558,-15,0.0197861443134144
0.2125,-2.84809404697627,-15,0.0196519059530237
0.213,-2.9808657187179,-15,0.0195191342812821
0.2135,-3.1121867283292,-15,0.0193878132716708
0.214,-3.24207292617942,-15,0.0192579270738206
0.2145,-3.37053998759421,-15,0.0191294600124058
0.215,-3.49760341854258,-15,0.0190023965814574
0.2155,-3.62327855526364,-15,0.0188767214447364
0.216,-3.74758056573431,-15,0.0187524194342657
0.2165,-3.87052445247762,-15,0.0186294755475224
0.217,-3.99212505495216,-15,0.0185078749450478
0.2175,-4.11239704949613,-15,0.0183876029505039
0.218,-4.23135494986288,-15,0.0182686450501371
0.2185,-4.34901311430289,-15,0.0181509868856971
0.219,-4.46538574324335,-15,0.0180346142567567
0.2195,-4.58048688217239,-15,0.0179195131178276
0.22,-4.69433042346087,-15,0.0178056695765391
0.2205,-4.80693010818417,-15,0.0176930698918158
0.221,-4.91829952442261,-15,0.0175817004755774
0.2215,-5.02845211517593,-15,0.0174715478848241
0.222,-5.13740117783019,-15,0.0173625988221698
0.2225,-5.24515986466214,-15,0.0172548401353379
0.223,-5.35174118540847,-15,0.0171482588145915
0.2235,-5.45715800905813,-15,0.0170428419909419
0.224,-5.56142303770003,-15,0.0169385769623
0.2245,-5.66454886220122,-15,0.0168354511377988
0.225,-5.76654793556589,-15,0.0167334520644341
0.2255,-5.86743257084121,-15,0.0166325674291588
0.226,-5.96721494742441,-15,0.0165327850525756
0.2265,-6.06590711271725,-15,0.0164340928872828
0.227,-6.16352095703769,-15,0.0163364790429623
0.2275,-6.2600682704902,-15,0.0162399317295098
0.228,-6.35556071000996,-15,0.01614443928999
0.2285,-6.45000980275794,-15,0.0160499901972421
0.229,-6.54342695075511,-15,0.0159565730492449
0.2295,-6.63582343243908,-15,0.0158641765675609
0.23,-6.72721037839425,-15,0.0157727896216057
0.2305,-6.81759882887145,-15,0.0156824011711286
0.231,-6.9069996960635,-15,0.0155930003039365
0.2315,-6.99542377191865,-15,0.0155045762280813
0.232,-7.0828817313725,-15,0.0154171182686275
0.2325,-7.16938413382353,-15,0.0153306158661765
0.233,-7.25494141226698,-15,0.015245058587733
0.2335,-7.33956389841407,-15,0.0151604361015859
0.234,-7.42326179833165,-15,0.0150767382016683
0.2345,-7.47937452718486,15,-0.0299793745271849
0.235,-7.23376477290208,15,-0.0297337647729021
0.2355,-6.99083860964977,15,-0.0294908386096498
0.236,-6.75056686018595,15,-0.0292505668601859
0.2365,-6.51292035844221,15,-0.0290129203584422
0.237,-6.27787037579396,15,-0.028777870375794
0.2375,-6.04538855145584,15,-0.0285453885514558
0.238,-5.81544680947475,15,-0.0283154468094748
0.2385,-5.58801739857507,15,-0.0280880173985751
0.239,-5.36307287502997,15,-0.02786307287503
0.2395,-5.14058607989856,15,-0.0276405860798986
0.24,-4.92053016685582,15,-0.0274205301668558
0.2405,-4.70287853846583,15,-0.0272028785384658
0.241,-4.48760495778394,15,-0.0269876049577839
0.2415,-4.27468345973394,15,-0.0267746834597339
0.242,-4.06408833237303,15,-0.026564088332373
0.2425,-3.85579416100871,15,-0.0263557941610087
0.243,-3.64977581427507,15,-0.0261497758142751
0.2435,-3.44600842041354,15,-0.0259460084204135
0.244,-3.24446739773344,15,-0.0257444673977334
0.2445,-3.04512840561389,15,-0.0255451284056139
0.245,-2.84796739924609,15,-0.0253479673992461
0.2455,-2.65296056584689,15,-0.0251529605658469
0.246,-2.46008438199806,15,-0.0249600843819981
0.2465,-2.26931556382319,15,-0.0247693155638232
0.247,-2.08063108712586,15,-0.0245806310871259
0.2475,-1.89400818025539,15,-0.0243940081802554
0.248,-1.7094243146592,15,-0.0242094243146592
0.2485,-1.52685720957783,15,-0.0240268572095778
0.249,-1.34628482409069,15,-0.0238462848240907
0.2495,-1.16768535761303,15,-0.023667685357613
0.25,-0.991037278745247,15,-0.0234910372787452
0.2505,-0.816319258011908,15,-0.0233163192580119
0.251,-0.643510212189419,15,-0.0231435102121894
0.2515,-0.472589284996876,15,-0.0229725892849969
0.252,-0.303535837486823,15,-0.0228035358374868
0.2525,-0.13632947107506,15,-0.0226363294710751
0.253,0.0290499964151259,15,-0.0224709500035849
0.2535,0.192622524866689,15,-0.0223073774751333
0.254,0.354407859819711,15,-0.0221455921401803
0.2545,0.514425531864929,15,-0.0219855744681351
0.255,0.672694853161259,15,-0.0218273051468387
0.2555,0.829234923161421,15,-0.0216707650768386
0.256,0.984064639751547,15,-0.0215159353602485
0.2565,1.13720269121047,15,-0.0213627973087895
0.257,1.28866755682476,15,-0.0212113324431752
0.2575,1.43847751894563,15,-0.0210615224810544
0.258,1.58665065823239,15,-0.0209133493417676
0.2585,1.73320485849011,15,-0.0207667951415099
0.259,1.87815780781868,15,-0.0206218421921813
0.2595,2.02152700116972,15,-0.0204784729988303
0.26,2.16332974173472,15,-0.0203366702582653
0.2605,2.30358314208205,15,-0.0201964168579179
0.261,2.44230413059886,15,-0.0200576958694011
0.2615,2.57950945017832,15,-0.0199204905498217
0.262,2.71521566133786,15,-0.0197847843386621
0.2625,2.84943914441604,15,-0.019650560855584
0.263,2.98219610176961,15,-0.0195178038982304
0.2635,3.11350255070276,15,-0.0193864974492972
0.264,3.24337433827835,15,-0.0192566256617216
0.2645,3.37182714522344,15,-0.0191281728547766
0.265,3.49887647830035,15,-0.0190011235216996
0.2655,3.62453767619605,15,-0.0188754623238039
0.266,3.74882591163008,15,-0.0187511740883699
0.2665,3.8717561645951,15,-0.0186282438354049
0.267,3.9933432740032,15,-0.0185066567259968
0.2675,4.11360192456264,15,-0.0183863980754374
0.268,4.2325466335812,15,-0.0182674533664188
0.2685,4.350191760776,15,-0.018149808239224
0.269,4.4665515102217,15,-0.0180334484897783
0.2695,4.58163990285789,15,-0.0179183600971421
0.27,4.69547083632638,15,-0.0178045291636736
0.2705,4.80805805544834,15,-0.0176919419445517
0.271,4.91941515083916,15,-0.0175805848491608
0.2715,5.0295555655385,15,-0.0174704444344615
0.272,5.13849259684291,15,-0.0173615074031571
0.2725,5.24623936918333,15,-0.0172537606308167
0.273,5.35280889823574,15,-0.0171471911017643
0.2735,5.4582140496682,15,-0.0170417859503318
0.274,5.56246754730016,15,-0.0169375324526998
0.2745,5.66558197697852,15,-0.0168344180230215
0.275,5.76756978831671,15,-0.0167324302116833
0.2755,5.86844326296331,15,-0.0166315567370367
0.276,5.96821459310059,15,-0.0165317854068994
0.2765,6.06689582220944,15,-0.0164331041777906
0.277,6.16449886311591,15,-0.0163355011368841
0.2775,6.26103549964868,15,-0.0162389645003513
0.278,6.35651738579062,15,-0.0161434826142094
0.2785,6.45095601872079,15,-0.0160490439812792
0.279,6.54436281469449,15,-0.0159556371853055
0.2795,6.63674904923381,15,-0.0158632509507662
0.28,6.72812587557362,15,-0.0157718741244264
0.2805,6.81850432619486,15,-0.0156814956738051
0.281,6.90789530930536,15,-0.0155921046906946
0.2815,6.99630959075111,15,-0.0155036904092489
0.282,7.08375785806123,15,-0.0154162421419388
0.2825,7.17025066736225,15,-0.0153297493326377
0.283,7.2557984602219,15,-0.0152442015397781
0.2835,7.34041156507719,15,-0.0151595884349228
0.284,7.42410019733665,15,-0.0150758998026633
0.2845,7.47686741229871,-15,0.0299768674122987
0.285,7.23128519070542,-15,0.0297312851907054
0.2855,6.98838597072726,-15,0.0294883859707273
0.286,6.7481409986206,-15,0.0292481409986206
0.2865,6.51052104454692,-15,0.0290105210445469
0.287,6.27549728708948,-15,0.0287754972870895
0.2875,6.0430413732963,-15,0.0285430413732963
0.288,5.81312526058814,-15,0.0283131252605881
0.2885,5.58572119378787,-15,0.0280857211937879
0.289,5.36080172283856,-15,0.0278608017228386
0.2895,5.13833968227073,-15,0.0276383396822707
0.29,4.9183082628695,-15,0.0274183082628695
0.2905,4.70068090752355,-15,0.0272006809075235
0.291,4.48543133812435,-15,0.0269854313381243
0.2915,4.27253358446517,-15,0.0267725335844652
0.292,4.06196195291345,-15,0.0265619619529135
0.2925,3.85369102722304,-15,0.026353691027223
0.293,3.64769567075718,-15,0.0261476956707572
0.2935,3.44395101758468,-15,0.0259439510175847
0.294,3.24243247991062,-15,0.0257424324799106
0.2945,3.04311573178279,-15,0.0255431157317828
0.295,2.8459767173722,-15,0.0253459767173722
0.2955,2.65099164436088,-15,0.0251509916443609
0.296,2.45813698055383,-15,0.0249581369805538
0.2965,2.26738944481274,-15,0.0247673894448127
0.297,2.07872601609605,-15,0.024578726016096
0.2975,1.89212392232574,-15,0.0243921239223257
0.298,1.70756063934777,-15,0.0242075606393478
0.2985,1.52501389826892,-15,0.0240250138982689
0.299,1.3444616643968,-15,0.0238444616643968
0.2995,1.1658821455969,-15,0.0236658821455969
0.3,0.989253787992823,-15,0.0234892537879928
0.3005,0.814555273627195,-15,0.0233145552736272
0.301,0.641765516357512,-15,0.0231417655163575
0.3015,0.47086365942775,-15,0.0229708636594277
0.302,0.301829073074085,-15,0.0228018290730741
0.3025,0.134641358838544,-15,0.0226346413588385
0.303,-0.0307196595609378,-15,0.0224692803404391
0.3035,-0.194273944881994,-15,0.022305726055118
0.304,-0.356041239549291,-15,0.0221439587604507
0.3045,-0.516041067090809,-15,0.0219839589329092
0.305,-0.674292733919503,-15,0.0218257072660805
0.3055,-0.830815344511957,-15,0.021669184655488
0.306,-0.985627791736665,-15,0.0215143722082633
0.3065,-1.13874876103717,-15,0.0213612512389628
0.307,-1.29019672823805,-15,0.0212098032717619
0.3075,-1.43998997589889,-15,0.0210600100241011
0.308,-1.58814658435856,-15,0.0209118534156414
0.3085,-1.73468443661998,-15,0.02076531556338
0.309,-1.87962121333722,-15,0.0206203787866628
0.3095,-2.02297441129188,-15,0.0204770255887081
0.31,-2.16476133362946,-15,0.0203352386663705
0.3105,-2.304999095214,-15,0.020195000904786
0.311,-2.44370461622525,-15,0.0200562953837747
0.3115,-2.58089464056281,-15,0.0199191053594372
0.312,-2.71658572801159,-15,0.0197834142719884
0.3125,-2.85079425768668,-15,0.0196492057423133
0.313,-2.98353642388516,-15,0.0195164635761148
0.3135,-3.11482824818956,-15,0.0193851717518104
0.314,-3.2446855792436,-15,0.0192553144207564
0.3145,-3.37312409176737,-15,0.0191268759082326
0.315,-3.50015928555898,-15,0.018999840714441
0.3155,-3.62580649129431,-15,0.0188741935087057
0.316,-3.7500808766815,-15,0.0187499191233185
0.3165,-3.87299744229497,-15,0.018627002557705
0.317,-3.99457102289186,-15,0.0185054289771081
0.3175,-4.11481628861854,-15,0.0183851837113815
0.318,-4.23374775534323,-15,0.0182662522446568
0.3185,-4.35137977860217,-15,0.0181486202213978
0.319,-4.46772655637188,-15,0.0180322734436281
0.3195,-4.58280212692558,-15,0.0179171978730744
0.32,-4.69662038236639,-15,0.0178033796176336
0.3205,-4.80919506100393,-15,0.0176908049389961
0.321,-4.9205397512764,-15,0.0175794602487236
0.3215,-5.03066788683713,-15,0.0174693321131629
0.322,-5.13959276284494,-15,0.0173604072371551
0.3225,-5.24732752690617,-15,0.0172526724730938
0.323,-5.35388518354898,-15,0.017146114816451
0.3235,-5.4592785893437,-15,0.0170407214106563
0.324,-5.56352046676031,-15,0.0169364795332397
0.3245,-5.6666233984839,-15,0.0168333766015161
0.325,-5.76859982981842,-15,0.0167314001701816
0.3255,-5.86946206604021,-15,0.0166305379339598
0.326,-5.96922228077254,-15,0.0165307777192275
0.3265,-6.06789251627173,-15,0.0164321074837283
0.327,-6.16548468266411,-15,0.0163345153173359
0.3275,-6.26201055737423,-15,0.0162379894426258
0.328,-6.3574817891776,-15,0.0161425182108224
0.3285,-6.45190990300461,-15,0.0160480900969954
0.329,-6.54530629684445,-15,0.0159546937031556
0.3295,-6.63768224272879,-15,0.0158623177572712
0.33,-6.72904888745212,-15,0.0157709511125479
0.3305,-6.81941726077761,-15,0.0156805827392224
0.331,-6.90879827059536,-15,0.0155912017294046
0.3315,-6.99720270510477,-15,0.0155027972948952
0.332,-7.08464123092696,-15,0.015415358769073
0.3325,-7.17112440387014,-15,0.0153288755961299
0.333,-7.25666266279762,-15,0.0152433373372024
0.3335,-7.34126633289632,-15,0.0151587336671037
0.334,-7.42494562517656,-15,0.0150750543748234
0.3345,-7.47437919103473,15,-0.0299743791910347
0.335,-7.22882396057575,15,-0.0297288239605758
0.3355,-6.98595167039657,15,-0.0294859516703966
0.336,-6.74573330566832,15,-0.0292457333056683
0.3365,-6.50813965329859,15,-0.0290081396532986
0.337,-6.27314191097298,15,-0.028773141910973
0.3375,-6.0407117336878,15,-0.0285407117336878
0.338,-5.81082107038889,15,-0.0283108210703889
0.3385,-5.58344218187762,15,-0.0280834421818776
0.339,-5.35854763099414,15,-0.0278585476309941
0.3395,-5.13611029046821,15,-0.0276361102904682
0.34,-4.91610326870464,15,-0.0274161032687046
0.3405,-4.69850002621151,15,-0.0271985000262115
0.341,-4.48327428828287,15,-0.0269832742882829
0.3415,-4.27040010328686,15,-0.0267704001032869
0.342,-4.05985178624279,15,-0.0265598517862428
0.3425,-3.8516039028251,15,-0.0263516039028251
0.343,-3.64563134168128,15,-0.0261456313416813
0.3435,-3.44190922723516,15,-0.0259419092272352
0.344,-3.24041298923917,15,-0.0257404129892392
0.3445,-3.04111829519776,15,-0.0255411182951978
0.345,-2.84400109679035,15,-0.0253440010967904
0.3455,-2.64903760256709,15,-0.0251490376025671
0.346,-2.45620427558551,15,-0.0249562042755855
0.3465,-2.26547785199212,15,-0.0247654778519921
0.347,-2.07683530333442,15,-0.0245768353033344
0.3475,-1.89025386815497,15,-0.024390253868155
0.348,-1.70571102315722,15,-0.0242057110231572
0.3485,-1.52318449442517,15,-0.0240231844944252
0.349,-1.34265225158901,15,-0.023842652251589
0.3495,-1.16409250343939,15,-0.0236640925034394
0.35,-0.987483697434332,15,-0.0234874836974343
0.3505,-0.812804518166829,15,-0.0233128045181668
0.351,-0.640033882009532,15,-0.0231400338820095
0.3515,-0.469150936458043,15,-0.022969150936458
0.352,-0.300135057402864,15,-0.0228001350574029
0.3525,-0.132965844718166,15,-0.0226329658447182
0.353,0.0323768780766958,15,-0.0224676231219233
0.3535,0.195913067752335,15,-0.0223040869322477
0.354,0.357662463735833,15,-0.0221423375362642
0.3545,0.51764458624003,15,-0.02198235541376
0.355,0.675878741863545,15,-0.0218241212581365
0.3555,0.832384030143778,15,-0.0216676159698562
0.356,0.987179340441797,15,-0.0215128206595582
0.3565,1.14028335587154,15,-0.0213597166441285
0.357,1.29171455584817,15,-0.0212082854441518
0.3575,1.44149121881881,15,-0.0210585087811812
0.358,1.58963142431894,15,-0.0209103685756811
0.3585,1.73615305080616,15,-0.0207638469491938
0.359,1.8810737793435,15,-0.0206189262206565
0.3595,2.02441110520484,15,-0.0204755888947952
0.36,2.16618233029694,15,-0.0203338176697031
0.3605,2.30640456492546,15,-0.0201935954350745
0.361,2.44509472969603,15,-0.020054905270304
0.3615,2.58226956708539,15,-0.0199177304329146
0.362,2.71794563453673,15,-0.0197820543654633
0.3625,2.85213930707846,15,-0.0196478606929215
0.363,2.98486677816406,15,-0.0195151332218359
0.3635,3.11614406977812,15,-0.0193838559302219
0.364,3.24598702731764,15,-0.0192540129726824
0.3645,3.37441132206902,15,-0.019125588677931
0.365,3.50143245123165,15,-0.0189985675487683
0.3655,3.62706574806893,15,-0.0188729342519311
0.366,3.75132637698721,15,-0.0187486736230128
0.3665,3.87422933588836,15,-0.0186257706641116
0.367,3.99578945480429,15,-0.0185042105451957
0.3675,4.11602140840578,15,-0.0183839785915942
0.368,4.23493970928665,15,-0.0182650602907133
0.3685,4.3525587109104,15,-0.0181474412890896
0.369,4.46889260503855,15,-0.0180311073949615
0.3695,4.58395543570334,15,-0.0179160445642967
0.37,4.69776109146562,15,-0.0178022389085344
0.3705,4.8103233088908,15,-0.0176896766911092
0.371,4.92165566951381,15,-0.0175783443304862
0.3715,5.03177161341374,15,-0.0174682283865863
0.372,5.14068443189901,15,-0.017359315568101
0.3725,5.24840727107785,15,-0.0172515927289222
0.373,5.35495312864357,15,-0.0171450468713564
0.3735,5.46033486669079,15,-0.0170396651333092
0.374,5.5645652050558,15,-0.0169354347949442
0.3745,5.66765672484235,15,-0.0168323432751576
0.375,5.76962186474445,15,-0.0167303781352556
0.3755,5.8704729339446,15,-0.0166295270660554
0.376,5.97022210544441,15,-0.0165297778945556
0.3765,6.06888141969106,15,-0.0164311185803089
0.377,6.16646278025317,15,-0.0163335372197468
0.3775,6.26297796725694,15,-0.0162370220327431
0.378,6.35843863035832,15,-0.0161415613696417
0.3785,6.45285629240926,15,-0.0160471437075907
0.379,6.54624234538016,15,-0.0159537576546198
0.3795,6.63860806258576,15,-0.0158613919374142
0.38,6.72996459293201,15,-0.015770035407068
0.3805,6.82032296381836,15,-0.0156796770361816
0.381,6.90969407787083,15,-0.0155903059221292
0.3815,6.99808872319266,15,-0.0155019112768073
0.382,7.08551756949623,15,-0.0154144824305038
0.3825,7.17199117002935,15,-0.0153280088299706
0.383,7.25751996175297,15,-0.015242480038247
0.3835,7.34211426725867,15,-0.0151578857327413
0.384,7.42578429559194,15,-0.0150742157044081
0.3845,7.47169486795642,-15,0.0299716948679564
0.385,7.22616894503329,-15,0.0297261689450333
0.3855,6.98332571399873,-15,0.0294833257139987
0.386,6.743136045386,-15,0.029243136045386
0.3865,6.50557076134937,-15,0.0290055707613494
0.387,6.27060108177222,-15,0.0287706010817722
0.3875,6.03819866984519,-15,0.0285381986698452
0.388,5.80833547027889,-15,0.0283083354702789
0.3885,5.58098374489649,-15,0.0280809837448965
0.389,5.35611605919327,-15,0.0278561160591933
0.3895,5.13370527491073,-15,0.0276337052749107
0.39,4.9137245414285,-15,0.0274137245414285
0.3905,4.69614728347195,-15,0.0271961472834719
0.391,4.48094724939614,-15,0.0269809472493961
0.3915,4.26809848994541,-15,0.0267680984899454
0.392,4.05757531768895,-15,0.026557575317689
0.3925,3.8493523067716,-15,0.0263493523067716
0.393,3.64340434563242,-15,0.0261434043456324
0.3935,3.439706564048,-15,0.025939706564048
0.394,3.23823439518016,-15,0.0257382343951802
0.3945,3.03896350267486,-15,0.0255389635026749
0.395,2.84186984992474,-15,0.0253418698499247
0.3955,2.64692964027395,-15,0.0251469296402739
0.396,2.45411934645215,-15,0.0249541193464522
0.3965,2.26341570285762,-15,0.0247634157028576
0.397,2.07479568615601,-15,0.024574795686156
0.3975,1.88823653649445,-15,0.0243882365364945
0.398,1.70371573329599,-15,0.024203715733296
0.3985,1.52121100516733,-15,0.0240212110051673
0.399,1.34070032497631,-15,0.0238407003249763
0.3995,1.16216190326194,-15,0.0236621619032619
0.4,0.985574191039854,-15,0.0234855741910399
0.4005,0.810915874892912,-15,0.0233109158748929
0.401,0.63816587391704,-15,0.023138165873917
0.4015,0.467303338220167,-15,0.0229673033382202
0.402,0.298307645994118,-15,0.0227983076459941
0.4025,0.131158399575547,-15,0.0226311583995755
0.403,-0.0341645751785318,-15,0.0224658354248215
0.4035,-0.197681232748127,-15,0.0223023187672519
0.404,-0.359411310325009,-15,0.022140588689675
0.4045,-0.519374323952819,-15,0.0219806256760472
0.405,-0.67758958017764,-15,0.0218224104198224
0.4055,-0.834076175511826,-15,0.0216659238244882
0.406,-0.988852997135907,-15,0.0215111470028641
0.4065,-1.14193872587581,-15,0.0213580612741242
0.407,-1.29335183918262,-15,0.0212066481608174
0.4075,-1.4431106134447,-15,0.0210568893865553
0.408,-1.59123312624101,-15,0.020908766873759
0.4085,-1.73773725142776,-15,0.0207622627485722
0.409,-1.88264067108428,-15,0.0206173593289157
0.4095,-2.02596087747348,-15,0.0204740391225265
0.41,-2.16771517059671,-15,0.0203322848294033
0.4105,-2.30792065664745,-15,0.0201920793433525
0.411,-2.44659425674759,-15,0.0200534057432524
0.4115,-2.58375271062642,-15,0.0199162472893736
0.412,-2.7194125738735,-15,0.0197805874261265
0.4125,-2.85359021807369,-15,0.0196464097819263
0.413,-2.98630183656533,-15,0.0195136981634347
0.4135,-3.11756344892104,-15,0.019382436551079
0.414,-3.24739089876874,-15,0.0192526091012313
0.4145,-3.3757998542328,-15,0.0191242001457672
0.415,-3.50280581227623,-15,0.0189971941877238
0.4155,-3.62842410393118,-15,0.0188715758960688
0.416,-3.75266989193974,-15,0.0187473301080603
0.4165,-3.87555817092292,-15,0.0186244418290771
0.417,-3.99710377097474,-15,0.0185028962290253
0.4175,-4.1173213645531,-15,0.0183826786354469
0.418,-4.23622546266944,-15,0.0182637745373306
0.4185,-4.35383041552344,-15,0.0181461695844766
0.419,-4.47015041503106,-15,0.0180298495849689
0.4195,-4.58519950307445,-15,0.0179148004969256
0.42,-4.69899156669111,-15,0.0178010084333089
0.4205,-4.81154033942804,-15,0.017688459660572
0.421,-4.92285940280651,-15,0.0175771405971935
0.4215,-5.03296219489965,-15,0.0174670378051004
0.422,-5.14186200555092,-15,0.0173581379944491
0.4225,-5.24957197811092,-15,0.0172504280218891
0.423,-5.35610511009407,-15,0.0171438948899059
0.4235,-5.46147426173812,-15,0.0170385257382619
0.424,-5.56569215148127,-15,0.0169343078485187
0.4245,-5.6687713578167,-15,0.0168312286421833
0.425,-5.77072431922298,-15,0.016729275680777
0.4255,-5.87156334313335,-15,0.0166284366568666
0.426,-5.97130060121865,-15,0.0165286993987813
0.4265,-6.06994813140353,-15,0.0164300518685965
0.427,-6.16751783705448,-15,0.0163324821629455
0.4275,-6.26402149663219,-15,0.0162359785033678
0.428,-6.35947075852159,-15,0.0161405292414784
0.4285,-6.45387714330277,-15,0.0160461228566972
0.429,-6.54725204230813,-15,0.0159527479576919
0.4295,-6.63960672768444,-15,0.0158603932723156
0.43,-6.73095234698348,-15,0.0157690476530165
0.4305,-6.82129992564343,-15,0.0156787000743566
0.431,-6.91066036509944,-15,0.0155893396349006
0.4315,-6.99904445287289,-15,0.0155009555471271
0.432,-7.08646285721021,-15,0.0154135371427898
0.4325,-7.1729261300369,-15,0.0153270738699631
0.433,-7.25844470686087,-15,0.0152415552931391
0.4335,-7.34302890858332,-15,0.0151569710914167
0.434,-7.42668894331085,-15,0.0150733110566891
0.4345,-7.4692054201535,15,-0.0299692054201535
0.435,-7.22370637159034,15,-0.0297237063715903
0.4355,-6.98088942563761,15,-0.0294808894256376
0.436,-6.74072615650601,15,-0.029240726156506
0.4365,-6.50318715004562,15,-0.0290031871500456
0.437,-6.2682436434272,15,-0.0287682436434272
0.4375,-6.03586706833202,15,-0.028535867068332
0.438,-5.80602938628431,15,-0.0283060293862843
0.4385,-5.57870288521088,15,-0.0280787028852109
0.439,-5.35386014701204,15,-0.027853860147012
0.4395,-5.13147403847367,15,-0.0276314740384737
0.44,-4.91151769934566,15,-0.0274115176993457
0.4405,-4.69396457441328,15,-0.0271939645744133
0.441,-4.47878840388949,15,-0.0269787884038895
0.4415,-4.26596323970151,15,-0.0267659632397015
0.442,-4.05546339395586,15,-0.0265554633939559
0.4425,-3.84726346430399,15,-0.026347263464304
0.443,-3.6413383315853,15,-0.0261413383315853
0.4435,-3.43766313530448,15,-0.0259376631353045
0.444,-3.23621330152829,15,-0.0257362133015283
0.4445,-3.03696450551035,15,-0.0255369645055104
0.445,-2.83989270530426,15,-0.0253398927053043
0.4455,-2.64497410662402,15,-0.025144974106624
0.446,-2.45218519144857,15,-0.0249521851914486
0.4465,-2.26150268439795,15,-0.024761502684398
0.447,-2.07290357563024,15,-0.0245729035756302
0.4475,-1.88636509818227,15,-0.0243863650981823
0.448,-1.70186473685954,15,-0.0242018647368595
0.4485,-1.51938021978812,15,-0.0240193802197881
0.449,-1.33888951634117,15,-0.0238388895163412
0.4495,-1.16037086018833,15,-0.0236603708601883
0.45,-0.983802700553801,15,-0.0234838027005538
0.4505,-0.809163731227736,15,-0.0233091637312277
0.451,-0.636432875871038,15,-0.023136432875871
0.4515,-0.465589275969118,15,-0.0229655892759691
0.452,-0.296612316130413,15,-0.0227966123161304
0.4525,-0.129481599024935,15,-0.0226294815990249
0.453,0.0358230437607084,15,-0.0224641769562393
0.4535,0.1993215686591,15,-0.0223006784313409
0.454,0.361033713414839,15,-0.0221389662865852
0.4545,0.520978993285969,15,-0.021979021006714
0.455,0.679176711273218,15,-0.0218208232887268
0.4555,0.83564596445055,15,-0.0216643540355494
0.456,0.990405638053849,15,-0.0215095943619462
0.4565,1.14347440859216,15,-0.0213565255914078
0.457,1.29487075097262,15,-0.0212051292490274
0.4575,1.4446129370373,15,-0.0210553870629627
0.458,1.59271904080937,15,-0.0209072809591906
0.4585,1.73920693721757,15,-0.0207607930627824
0.459,1.88409430684933,15,-0.0206159056931507
0.4595,2.02739863638837,15,-0.0204726013636116
0.46,2.16913722224305,15,-0.0203308627777569
0.4605,2.30932717310721,15,-0.0201906728268928
0.461,2.4479854096675,15,-0.0200520145903325
0.4615,2.58512866526496,15,-0.019914871334735
0.462,2.72077349482325,15,-0.0197792265051768
0.4625,2.85493627133724,15,-0.0196450637286628
0.463,2.98763318484188,15,-0.0195123668151581
0.4635,3.11888025294156,15,-0.0193811197470584
0.464,3.24869331704668,15,-0.0192513066829533
0.4645,3.37708804425051,15,-0.0191229119557495
0.465,3.50407993105011,15,-0.0189959200689499
0.4655,3.62968430527256,15,-0.0188703156947274
0.466,3.75391632670308,15,-0.0187460836732969
0.4665,3.87679098893276,15,-0.0186232090110672
0.467,3.99832312312986,15,-0.0185016768768701
0.4675,4.11852739813497,15,-0.018381472601865
0.468,4.23741831882942,15,-0.0182625816811706
0.4685,4.35501023555596,15,-0.018144989764444
0.469,4.47131734069956,15,-0.0180286826593004
0.4695,4.58635367176103,15,-0.017913646328239
0.47,4.70013311317251,15,-0.0177998668868275
0.4705,4.81266939811304,15,-0.017687330601887
0.471,4.92397610837124,15,-0.0175760238916288
0.4715,5.03406667714606,15,-0.0174659333228539
0.472,5.14295439487173,15,-0.0173570456051283
0.4725,5.25065240613258,15,-0.0172493475938674
0.473,5.35717371299369,15,-0.0171428262870063
0.4735,5.46253117678712,15,-0.0170374688232129
0.474,5.56673750463271,15,-0.0169332624953673
0.4745,5.66980526274862,15,-0.0168301947372514
0.475,5.77174690361038,15,-0.0167282530963896
0.4755,5.87257473311073,15,-0.0166274252668893
0.476,5.97230092351687,15,-0.0165276990764831
0.4765,6.07093751511891,15,-0.0164290624848811
0.477,6.16849640352675,15,-0.0163315035964732
0.4775,6.26498935462755,15,-0.0162350106453725
0.478,6.36042802536199,15,-0.016139571974638
0.4785,6.45482393617459,15,-0.0160451760638254
0.479,6.54818848238315,15,-0.0159518115176168
0.4795,6.64053293572927,15,-0.0158594670642707
0.48,6.73186843240201,15,-0.015768131567598
0.4805,6.82220598888989,15,-0.0156777940111101
0.481,6.91155651773923,15,-0.0155884434822608
0.4815,6.99993080453588,15,-0.0155000691954641
0.482,7.0873395178529,15,-0.0154126604821471
0.4825,7.17379321071975,15,-0.0153262067892802
0.483,7.25930231576488,15,-0.0152406976842351
0.4835,7.34387715367603,15,-0.015156122846324
0.484,7.42752792676166,15,-0.0150724720732383
0.4845,7.46667321997028,-15,0.0299666732199703
0.485,7.22120182495479,-15,0.0297212018249548
0.4855,6.97841225991582,-15,0.0294784122599158
0.486,6.73827607020247,-15,0.0292382760702025
0.4865,6.50076383706008,-15,0.0290007638370601
0.487,6.26584680758463,-15,0.0287658468075846
0.4875,6.03349641694368,-15,0.0285334964169437
0.488,5.80368463472541,-15,0.0283036846347254
0.4885,5.57638374990841,-15,0.0280763837499084
0.489,5.35156634938054,-15,0.0278515663493805
0.4895,5.12920530332073,-15,0.0276292053033207
0.49,4.90927375352124,-15,0.0274092737535212
0.4905,4.69174514397855,-15,0.0271917451439786
0.491,4.4765932225678,-15,0.0269765932225678
0.4915,4.26379204276145,-15,0.0267637920427615
0.492,4.05331591858712,-15,0.0265533159185871
0.4925,3.84513945266788,-15,0.0263451394526679
0.493,3.6392375266707,-15,0.0261392375266707
0.4935,3.43558528439742,-15,0.0259355852843974
0.494,3.23415815327587,-15,0.0257341581532759
0.4945,3.03493181223877,-15,0.0255349318122388
0.495,2.8378822212306,-15,0.0253378822212306
0.4955,2.64298558932365,-15,0.0251429855893236
0.496,2.45021840070364,-15,0.0249502184007036
0.4965,2.25955738288304,-15,0.024759557382883
0.497,2.07097952847281,-15,0.0245709795284728
0.4975,1.88446207305242,-15,0.0243844620730524
0.498,1.6999825039169,-15,0.0241999825039169
0.4985,1.51751855161415,-15,0.0240175185516141
0.499,1.33704818855874,-15,0.0238370481885587
0.4995,1.15854965063048,-15,0.0236585496506305
0.5,0.982001389606261,-15,0.0234820013896063
0.5005,0.807382101803447,-15,0.0233073821018034
0.501,0.634670712455768,-15,0.0231346707124558
0.5015,0.463846366116207,-15,0.0229638463661162
0.502,0.294888449429278,-15,0.0227948884494293
0.5025,0.127776567471032,-15,0.022627776567471
0.503,-0.0375094459793252,-15,0.0224624905540207
0.5035,-0.200989545317762,-15,0.0222990104546822
0.504,-0.36268346613389,-15,0.0221373165338661
0.5045,-0.522610720552314,-15,0.0219773892794477
0.505,-0.680790610426703,-15,0.0218192093895733
0.5055,-0.837242230357109,-15,0.0216627577696429
0.506,-0.991984463242594,-15,0.0215080155367574
0.5065,-1.1450359836471,-15,0.0213549640163529
0.507,-1.29641526430427,-15,0.0212035847356957
0.5075,-1.44614057504492,-15,0.0210538594249551
0.508,-1.59422998784821,-15,0.0209057700121518
0.5085,-1.74070137563404,-15,0.020759298624366
0.509,-1.8855724170225,-15,0.0206144275829775
0.5095,-2.02886059659917,-15,0.0204711394034008
0.51,-2.17058320905545,-15,0.0203294167909445
0.5105,-2.31075736115509,-15,0.0201892426388449
0.511,-2.44939997134155,-15,0.0200506000286584
0.5115,-2.58652777145067,-15,0.0199134722285493
0.512,-2.72215731447616,-15,0.0197778426855238
0.5125,-2.85630497136485,-15,0.0196436950286352
0.513,-2.98898693049835,-15,0.0195110130695016
0.5135,-3.12021920764667,-15,0.0193797807923533
0.514,-3.25001764244957,-15,0.0192499823575504
0.5145,-3.37839790002411,-15,0.0191216020999759
0.515,-3.50537547537659,-15,0.0189946245246234
0.5155,-3.63096569453497,-15,0.018869034305465
0.516,-3.75518371545652,-15,0.0187448162845435
0.5165,-3.87804453020084,-15,0.0186219554697992
0.517,-3.99956296824807,-15,0.0185004370317519
0.5175,-4.1197536965419,-15,0.0183802463034581
0.518,-4.23863121853313,-15,0.0182613687814669
0.5185,-4.3562098828999,-15,0.0181437901171001
0.519,-4.4725038804423,-15,0.0180274961195577
0.5195,-4.58752724710463,-15,0.0179124727528954
0.52,-4.70129386579268,-15,0.0177987061342073
0.5205,-4.81381746819073,-15,0.0176861825318093
0.521,-4.92511163412029,-15,0.0175748883658797
0.5215,-5.03518979597612,-15,0.0174648102040239
0.522,-5.14406524253334,-15,0.0173559347574667
0.5225,-5.25175111699196,-15,0.017248248883008
0.523,-5.35826042006947,-15,0.0171417395799305
0.5235,-5.46360601178848,-15,0.0170363939882115
0.524,-5.56780059398707,-15,0.0169321994060129
0.5245,-5.67085673691958,-15,0.0168291432630804
0.525,-5.7727868896816,-15,0.0167272131103184
0.5255,-5.87360335685321,-15,0.0166263966431468
0.526,-5.97331830942152,-15,0.0165266816905785
0.5265,-6.0719437864305,-15,0.0164280562135695
0.527,-6.16949167843305,-15,0.0163305083215669
0.5275,-6.2659737553409,-15,0.0162340262446591
0.528,-6.36140167081684,-15,0.0161385983291832
0.5285,-6.45578694408003,-15,0.01604421305592
0.529,-6.54914096925604,-15,0.015950859030744
0.5295,-6.64147501692869,-15,0.0158585249830713
0.53,-6.73280021843655,-15,0.0157671997815634
0.5305,-6.82312759424669,-15,0.0156768724057533
0.531,-6.9124680537769,-15,0.0155875319462231
0.5315,-7.00083238148746,-15,0.0154991676185125
0.532,-7.08823124486046,-15,0.0154117687551395
0.5325,-7.17467519587047,-15,0.0153253248041295
0.533,-7.26017466434059,-15,0.0152398253356594
0.5335,-7.34473997145532,-15,0.0151552600285447
0.534,-7.42838131680902,-15,0.015071618683191
0.5345,-7.46418315578544,15,-0.0299641831557854
0.535,-7.21873884652898,15,-0.029718738846529
0.5355,-6.97597636785951,15,-0.0294759763678595
0.536,-6.73586693557426,15,-0.0292358669355743
0.5365,-6.49838109624383,15,-0.0289983810962438
0.537,-6.26349014172786,15,-0.0287634901417279
0.5375,-6.03116549626584,15,-0.0285311654962658
0.538,-5.80137919553995,15,-0.0283013791955399
0.5385,-5.57410351977822,15,-0.0280741035197782
0.539,-5.34931104958979,15,-0.0278493110495898
0.5395,-5.12697467075742,15,-0.0276269746707574
0.54,-4.90706753886285,15,-0.0274070675388629
0.5405,-4.68956307744487,15,-0.0271895630774449
0.541,-4.47443504437666,15,-0.0269744350443767
0.5415,-4.26165745091818,15,-0.0267616574509182
0.542,-4.05120465091224,15,-0.0265512046509122
0.5425,-3.84305125622313,15,-0.0263430512562231
0.543,-3.63717212736984,15,-0.0261371721273698
0.5435,-3.43354245207314,15,-0.0259335424520731
0.544,-3.23213762483084,15,-0.0257321376248308
0.5445,-3.03293335960823,15,-0.0255329333596082
0.545,-2.83590560273005,15,-0.02533590560273
0.5455,-2.64103057051471,15,-0.0251410305705147
0.546,-2.44828474448878,15,-0.0249482847444888
0.5465,-2.25764485327305,15,-0.024757644853273
0.547,-2.06908789657838,15,-0.0245690878965784
0.5475,-1.88259110773934,15,-0.0243825911077393
0.548,-1.69813198472379,15,-0.0241981319847238
0.5485,-1.51568826000722,15,-0.0240156882600072
0.549,-1.33523791439342,15,-0.0238352379143934
0.5495,-1.15675916660756,15,-0.0236567591666076
0.55,-0.980230478127492,15,-0.0234802304781275
0.5505,-0.80563054378301,15,-0.023305630543783
0.551,-0.632938289781882,15,-0.0231329382897819
0.5515,-0.46213287270452,15,-0.0229621328727045
0.552,-0.293193676094967,15,-0.022793193676095
0.5525,-0.126100308540026,15,-0.02262610030854
0.553,0.0391673982289538,15,-0.022460832601771
0.5535,0.202629389090543,15,-0.0222973706109095
0.554,0.364305395789761,15,-0.0221356946042102
0.5545,0.524214933129268,15,-0.0219757850668707
0.555,0.682377298785621,15,-0.0218176227012144
0.5555,0.8388115838193,15,-0.0216611884161807
0.556,0.993536669490032,15,-0.02150646333051
0.5565,1.14657122940121,15,-0.0213534287705988
0.557,1.29793373432152,15,-0.0212020662656785
0.5575,1.44764245321954,15,-0.0210523575467805
0.558,1.59571545483427,15,-0.0209042845451657
0.5585,1.7421706108726,15,-0.0207578293891274
0.559,1.88702559858674,15,-0.0206129744014133
0.5595,2.03029790127195,15,-0.020469702098728
0.56,2.17200481040873,15,-0.0203279951895913
0.5605,2.31216343079877,15,-0.0201878365692012
0.561,2.45079067955133,15,-0.0200492093204487
0.5615,2.58790328657184,15,-0.0199120967134282
0.562,2.72351780220255,15,-0.0197764821977975
0.5625,2.85765059525449,15,-0.0196423494047455
0.563,2.99031785321817,15,-0.0195096821467818
0.5635,3.12153558946379,15,-0.0193784644105362
0.564,3.2513196418364,15,-0.0192486803581636
0.5645,3.37968567386173,15,-0.0191203143261383
0.565,3.50664917892601,15,-0.018993350821074
0.5655,3.63222548157162,15,-0.0188677745184284
0.566,3.75642973726273,15,-0.0187435702627373
0.5665,3.87927693546982,15,-0.0186207230645302
0.567,4.00078190345129,15,-0.0184992180965487
0.5675,4.12095930593565,15,-0.0183790406940644
0.568,4.23982364764246,15,-0.0182601763523575
0.5685,4.35738927516341,15,-0.0181426107248366
0.569,4.47367037836231,15,-0.0180263296216377
0.5695,4.58868098981297,15,-0.017911319010187
0.57,4.70243499350739,15,-0.0177975650064926
0.5705,4.81494612100687,15,-0.0176850538789931
0.571,4.92622795487206,15,-0.0175737720451279
0.5715,5.03629393051908,15,-0.0174637060694809
0.572,5.14515732780161,15,-0.0173548426721984
0.5725,5.2528312713561,15,-0.0172471687286439
0.573,5.35932876984171,15,-0.0171406712301583
0.5735,5.4646626788146,15,-0.0170353373211854
0.574,5.56884571417096,15,-0.016931154285829
0.5745,5.67189045386269,15,-0.0168281095461373
0.575,5.77380932495288,15,-0.0167261906750471
0.5755,5.87461462364272,15,-0.0166253853763573
0.576,5.97431852502919,15,-0.0165256814749708
0.5765,6.07293306452675,15,-0.0164270669354732
0.577,6.17047014684985,15,-0.0163295298531501
0.5775,6.26694154763276,15,-0.0162330584523672
0.578,6.36235889444153,15,-0.0161376411055585
0.5785,6.45673370754655,15,-0.0160432662924535
0.579,6.55007738242658,15,-0.0159499226175734
0.5795,6.64240118689491,15,-0.0158575988131051
0.58,6.7337162665351,15,-0.0157662837334649
0.5805,6.82403364623496,15,-0.015675966353765
0.581,6.91336420409537,15,-0.0155866357959046
0.5815,7.00171873578462,15,-0.0154982812642154
0.582,7.08910790660763,15,-0.0154108920933924
0.5825,7.17554226602844,15,-0.0153244577339716
0.583,7.26103224920404,15,-0.015238967750796
0.5835,7.34558817669326,15,-0.0151544118233067
0.584,7.42922025019198,15,-0.015070779749808
0.5845,7.46061578734588,-15,0.0299606157873459
0.585,7.21521049825032,-15,0.0297152104982503
0.5855,6.97248640020274,-15,0.0294724864002027
0.586,6.73241506020612,-15,0.0292324150602061
0.5865,6.49496687943031,-15,0.0289949668794303
0.587,6.2601130786715,-15,0.0287601130786715
0.5875,6.0278252473365,-15,0.0285278252473365
0.588,5.79807536987593,-15,0.0282980753698759
0.5885,5.57083573327406,-15,0.0280708357332741
0.589,5.34607890239887,-15,0.0278460789023989
0.5895,5.12377774231966,-15,0.0276237777423197
0.59,4.9039054283391,-15,0.0274039054283391
0.5905,4.68643544238931,-15,0.0271864354423893
0.591,4.47134152100855,-15,0.0269713415210086
0.5915,4.25859771774799,-15,0.026758597717748
0.592,4.04817834884405,-15,0.026548178348844
0.5925,3.84005802617358,-15,0.0263400580261736
0.593,3.63421162293065,-15,0.0261342116229306
0.5935,3.43061429996314,-15,0.0259306142999631
0.594,3.2292414782719,-15,0.0257292414782719
0.5945,3.03006885802526,-15,0.0255300688580253
0.595,2.83307239516544,-15,0.0253330723951654
0.5955,2.63822831562578,-15,0.0251382283156258
0.596,2.44551310407634,-15,0.0249455131040763
0.5965,2.25490349902824,-15,0.0247549034990282
0.597,2.0663764935738,-15,0.0245663764935738
0.5975,1.87990933318589,-15,0.0243799093331859
0.598,1.69547951036548,-15,0.0241954795103655
0.5985,1.51306477019287,-15,0.0240130647701929
0.599,1.33264309413673,-15,0.0238326430941367
0.5995,1.15419270562492,-15,0.0236541927056249
0.6,0.977692066121045,-15,0.023477692066121
0.6005,0.803119873861534,-15,0.0233031198738615
0.601,0.630455057100667,-15,0.0231304550571007
0.6015,0.459676774347899,-15,0.0229596767743479
0.602,0.290764413660471,-15,0.0227907644136605
0.6025,0.123697591252605,-15,0.0226236975912526
0.603,-0.041543860264382,-15,0.0224584561397356
0.6035,-0.204979886336359,-15,0.0222950201136636
0.604,-0.366630211030697,-15,0.0221333697889693
0.6045,-0.52651434376559,-15,0.0219734856562344
0.605,-0.684651583883946,-15,0.0218153484161161
0.6055,-0.841061019034159,-15,0.0216589389809658
0.606,-0.995761524010788,-15,0.0215042384759892
0.6065,-1.14877177155617,-15,0.0213512282284438
0.607,-1.3001102304319,-15,0.0211998897695681
0.6075,-1.44979516737764,-15,0.0210502048326224
0.608,-1.59784464512905,-15,0.0209021553548709
0.6085,-1.7442765348848,-15,0.0207557234651152
0.609,-1.88910851127284,-15,0.0206108914887272
0.6095,-2.03235805492585,-15,0.0204676419450741
0.61,-2.17404245261423,-15,0.0203259575473858
0.6105,-2.31417880735889,-15,0.0201858211926411
0.611,-2.45278403413819,-15,0.0200472159658618
0.6115,-2.58987486084058,-15,0.0199101251391594
0.612,-2.72546783232535,-15,0.0197745321676746
0.6125,-2.85957931602598,-15,0.019640420683974
0.613,-2.99222549977068,-15,0.0195077745002293
0.6135,-3.12342239089558,-15,0.0193765776091044
0.614,-3.25318582471871,-15,0.0192468141752813
0.6145,-3.38153146440894,-15,0.0191184685355911
0.615,-3.50847480177599,-15,0.018991525198224
0.6155,-3.63403115482206,-15,0.0188659688451779
0.616,-3.75821567973697,-15,0.018741784320263
0.6165,-3.881043365776,-15,0.018618956634224
0.617,-4.00252903800521,-15,0.0184974709619948
0.6175,-4.12268735659031,-15,0.0183773126434097
0.618,-4.2415328260297,-15,0.0182584671739703
0.6185,-4.35907979128861,-15,0.0181409202087114
0.619,-4.47534243917656,-15,0.0180246575608234
0.6195,-4.59033480054456,-15,0.0179096651994554
0.62,-4.70407075613807,-15,0.0177959292438619
0.6205,-4.81656403431925,-15,0.0176834359656808
0.621,-4.92782821086253,-15,0.0175721717891375
0.6215,-5.03787671471732,-15,0.0174621232852827
0.622,-5.146722829519,-15,0.017353277170481
0.6225,-5.25437969350789,-15,0.0172456203064921
0.623,-5.36086029752961,-15,0.0171391397024704
0.6235,-5.46617749482159,-15,0.0170338225051784
0.624,-5.5703439974369,-15,0.0169296560025631
0.6245,-5.67337237830461,-15,0.0168266276216954
0.625,-5.77527506999945,-15,0.0167247249300005
0.6255,-5.87606437341629,-15,0.0166239356265837
0.626,-5.97575245405362,-15,0.0165242475459464
0.6265,-6.07435134359457,-15,0.0164256486564054
0.627,-6.17187294087779,-15,0.0163281270591222
0.6275,-6.26832901780014,-15,0.0162316709821999
0.628,-6.3637312169285,-15,0.0161362687830715
0.6285,-6.45809105181393,-15,0.0160419089481861
0.629,-6.55141991074526,-15,0.0159485800892547
0.6295,-6.64372905927321,-15,0.0158562709407268
0.63,-6.73502963951414,-15,0.0157649703604859
0.6305,-6.82533266900005,-15,0.015674667331
0.631,-6.91464904768628,-15,0.0155853509523137
0.6315,-7.00298955643492,-15,0.0154970104435651
0.632,-7.09036485815043,-15,0.0154096351418496
0.6325,-7.17678549633565,-15,0.0153232145036643
0.633,-7.26226190305294,-15,0.0152377380969471
0.6335,-7.34680439547781,-15,0.0151531956045222
0.634,-7.43042317812364,-15,0.0150695768218764
0.6345,-7.45812523255524,15,-0.0299581252325552
0.635,-7.21274756887937,15,-0.0297127475688794
0.6355,-6.97005110051807,15,-0.0294700511005181
0.636,-6.7300064843425,15,-0.0292300064843425
0.6365,-6.49258460672522,15,-0.0289925846067252
0.637,-6.25775680958442,15,-0.0287577568095844
0.6375,-6.02549474768789,15,-0.0285254947476879
0.638,-5.79577037596174,15,-0.0282957703759617
0.6385,-5.56855596059382,15,-0.0280685559605938
0.639,-5.34382408257289,15,-0.0278438240825729
0.6395,-5.12154759683622,15,-0.0276215475968362
0.64,-4.90169969141865,15,-0.0274016996914187
0.6405,-4.68425379682807,15,-0.0271842537968281
0.641,-4.46918370716444,15,-0.0269691837071644
0.6415,-4.25646348419981,15,-0.0267564634841998
0.642,-4.04606741948697,15,-0.026546067419487
0.6425,-3.83797014805501,15,-0.026337970148055
0.643,-3.6321465434563,15,-0.0261321465434563
0.6435,-3.42857177084745,15,-0.0259285717708475
0.644,-3.2272212600435,15,-0.0257272212600435
0.6445,-3.02807070191424,15,-0.0255280707019142
0.645,-2.8310960677893,15,-0.0253310960677893
0.6455,-2.63627357201288,15,-0.0251362735720129
0.646,-2.44357971330253,15,-0.0249435797133025
0.6465,-2.25299122459924,15,-0.0247529912245992
0.647,-2.06448510966254,15,-0.0245644851096625
0.6475,-1.87803861340634,15,-0.0243780386134063
0.648,-1.69362923067418,15,-0.0241936292306742
0.6485,-1.51123470038838,15,-0.0240112347003884
0.649,-1.33083300168936,15,-0.0238308330016894
0.6495,-1.15240236319498,15,-0.023652402363195
0.65,-0.975921265988488,15,-0.0234759212659885
0.6505,-0.80136840389362,15,-0.0233013684038936
0.651,-0.628722714260393,15,-0.0231287227142604
0.6515,-0.457963354355452,15,-0.0229579633543555
0.652,-0.289069711097074,15,-0.0227890697110971
0.6525,-0.122021402758947,15,-0.022622021402759
0.653,0.04320173357175,15,-0.0224567982664282
0.6535,0.206619639347321,15,-0.0222933803606527
0.654,0.368252042169636,15,-0.0221317479578304
0.6545,0.528118454712397,15,-0.0219718815452876
0.655,0.686238165560852,15,-0.0218137618344392
0.6555,0.842630262124493,15,-0.0216573697378755
0.656,0.997313622578937,15,-0.0215026863774211
0.6565,1.15030691593656,15,-0.0213496930840634
0.657,1.30162860537941,15,-0.0211983713946206
0.6575,1.45129695540818,15,-0.0210487030445918
0.658,1.59933002956839,15,-0.0209006699704316
0.6585,1.74574569514018,15,-0.0207542543048598
0.659,1.89056162315675,15,-0.0206094383768433
0.6595,2.03379529228281,15,-0.0204662047077172
0.66,2.17546398962586,15,-0.0203245360103741
0.6605,2.31558481424706,15,-0.0201844151857529
0.661,2.45417467943073,15,-0.0200458253205693
0.6615,2.59125031283725,15,-0.0199087496871628
0.662,2.72682825660736,15,-0.0197731717433926
0.6625,2.86092487683806,15,-0.0196390751231619
0.663,2.99355635991544,15,-0.0195064436400846
0.6635,3.12473871084455,15,-0.0193752612891555
0.664,3.25448776433685,15,-0.0192455122356631
0.6645,3.38281918117043,15,-0.0191171808188296
0.665,3.50974844992715,15,-0.0189902515500728
0.6655,3.63529088967318,15,-0.0188647091103268
0.666,3.75946165348554,15,-0.0187405383465145
0.6665,3.88227572838772,15,-0.0186177242716123
0.667,4.00374793642808,15,-0.0184962520635719
0.6675,4.12389293953464,15,-0.0183761070604654
0.668,4.24272523928917,15,-0.0182572747607108
0.6685,4.36025917578698,15,-0.018139740824213
0.669,4.47650893425044,15,-0.0180234910657496
0.6695,4.59148854547603,15,-0.017908511454524
0.67,4.70521188662273,15,-0.0177947881133773
0.6705,4.81769268348978,15,-0.0176823073165102
0.671,4.92894451230718,15,-0.0175710554876928
0.6715,5.03898080141062,15,-0.0174610191985894
0.672,5.14781482808631,15,-0.0173521851719137
0.6725,5.255459731736,15,-0.017244540268264
0.673,5.36192850662679,15,-0.0171380714933732
0.6735,5.46723400608451,15,-0.0170327659939155
0.674,5.5713889442561,15,-0.0169286110557439
0.6745,5.67440589787174,15,-0.0168255941021283
0.675,5.77629727036098,15,-0.016723702729639
0.6755,5.87707537599255,15,-0.0166229246240075
0.676,5.97675238170126,15,-0.0165232476182987
0.6765,6.07534032039652,15,-0.0164246596796035
0.677,6.17285109442631,15,-0.0163271489055737
0.6775,6.26929647719866,15,-0.0162307035228013
0.678,6.36468808674862,15,-0.0161353119132514
0.6785,6.45903744470956,15,-0.0160409625552904
0.679,6.5523559435278,15,-0.0159476440564722
0.6795,6.64465484805268,15,-0.0158553451519473
0.68,6.73594530087766,15,-0.0157640546991223
0.6805,6.82623832386523,15,-0.0156737616761348
0.681,6.91554479744134,15,-0.0155844552025587
0.6815,7.00387550301276,15,-0.0154961244969872
0.682,7.09124110804772,15,-0.0154087588919523
0.6825,7.17765215878506,15,-0.0153223478412149
0.683,7.26311908711757,15,-0.0152368809128824
0.6835,7.34765221203457,15,-0.0151523477879654
0.684,7.43126173610474,15,-0.0150687382638953
0.6845,7.45553256869884,-15,0.0299555325686988
0.685,7.21018318796736,-15,0.0297101831879674
0.6855,6.96751462361091,-15,0.0294675146236109
0.686,6.72749770983339,-15,0.0292274977098334
0.6865,6.49010329528556,-15,0.0289901032952856
0.687,6.25530261521853,-15,0.0287553026152185
0.6875,6.02306735173845,-15,0.0285230673517384
0.688,5.79336947353812,-15,0.0282933694735381
0.6885,5.56618126349344,-15,0.0280661812634934
0.689,5.34147530689561,-15,0.0278414753068956
0.6895,5.1192244881288,-15,0.0276192244881288
0.69,4.89940196884158,-15,0.0273994019688416
0.6905,4.68198120060693,-15,0.0271819812006069
0.691,4.4669359458649,-15,0.0269669359458649
0.6915,4.25424027384439,-15,0.0267542402738444
0.692,4.04386851719036,-15,0.0265438685171904
0.6925,3.8357952668351,-15,0.0263357952668351
0.693,3.62999543015966,-15,0.0261299954301597
0.6935,3.42644415403828,-15,0.0259264441540383
0.694,3.22511688968548,-15,0.0257251168896855
0.6945,3.02598931901227,-15,0.0255259893190123
0.695,2.82903742127227,-15,0.0253290374212723
0.6955,2.63423741905255,-15,0.0251342374190526
0.696,2.44156579977246,-15,0.0249415657997725
0.6965,2.2509993161352,-15,0.0247509993161352
0.697,2.06251496048969,-15,0.0245625149604897
0.6975,1.8760899897805,-15,0.0243760899897805
0.698,1.69170189957775,-15,0.0241917018995777
0.6985,1.50932843449511,-15,0.0240093284344951
0.699,1.32894758318043,-15,0.0238289475831804
0.6995,1.15053757199278,-15,0.0236505375719928
0.7,0.974076867138222,-15,0.0234740768671382
0.7005,0.799544170745555,-15,0.0232995441707456
0.701,0.626918416997327,-15,0.0231269184169973
0.7015,0.4561787709544,-15,0.0229561787709544
0.702,0.287304625710387,-15,0.0227873046257104
0.7025,0.120275598253379,-15,0.0226202755982534
0.703,-0.044928471021544,-15,0.0224550715289785
0.7035,-0.208327522214428,-15,0.0222916724777856
0.704,-0.369941278287373,-15,0.0221300587217126
0.7045,-0.529789241915206,-15,0.0219702107580848
0.705,-0.687890704895292,-15,0.0218121092951047
0.7055,-0.844264750297516,-15,0.0216557352497025
0.706,-0.998930251687387,-15,0.0215010697483126
0.7065,-1.15190587648574,-15,0.0213480941235143
0.707,-1.30321008875803,-15,0.021196789911242
0.7075,-1.452861151705,-15,0.021047138848295
0.708,-1.60087712983144,-15,0.0208991228701686
0.7085,-1.74727588511632,-15,0.0207527241148837
0.709,-1.89207508564504,-15,0.020607924914355
0.7095,-2.03529221149023,-15,0.0204647077885098
0.71,-2.17694455014915,-15,0.0203230554498508
0.7105,-2.31704919636008,-15,0.0201829508036399
0.711,-2.45562305800627,-15,0.0200443769419937
0.7115,-2.59268286310249,-15,0.0199073171368975
0.712,-2.72824515528159,-15,0.0197717548447184
0.7125,-2.86232629498007,-15,0.0196376737050199
0.713,-2.99494246310232,-15,0.0195050575368977
0.7135,-3.12610966792352,-15,0.0193738903320765
0.714,-3.2558437416265,-15,0.0192441562583735
0.7145,-3.38416034162259,-15,0.0191158396583774
0.715,-3.5110749530138,-15,0.0189889250469862
0.7155,-3.63660289599303,-15,0.018863397104007
0.716,-3.76075932233694,-15,0.0187392406776631
0.7165,-3.88355921653826,-15,0.0186164407834617
0.717,-4.00501739719341,-15,0.0184949826028066
0.7175,-4.12514852642837,-15,0.0183748514735716
0.718,-4.24396710475494,-15,0.0182560328952451
0.7185,-4.36148747274944,-15,0.0181385125272506
0.719,-4.47772381126207,-15,0.0180222761887379
0.7195,-4.59269015230749,-15,0.0179073098476925
0.72,-4.7064003728774,-15,0.0177935996271226
0.7205,-4.81886819727435,-15,0.0176811318027256
0.721,-4.93010719648806,-15,0.0175698928035119
0.7215,-5.04013079912824,-15,0.0174598692008718
0.722,-5.14895228542648,-15,0.0173510477145735
0.7225,-5.2565847898364,-15,0.0172434152101636
0.723,-5.36304129985893,-15,0.0171369587001411
0.7235,-5.46833466664885,-15,0.0170316653333512
0.724,-5.57247759944328,-15,0.0169275224005567
0.7245,-5.67548266821678,-15,0.0168245173317832
0.725,-5.77736230187437,-15,0.0167226376981256
0.7255,-5.87812879914713,-15,0.0166218712008529
0.726,-5.97779432289641,-15,0.0165222056771036
0.7265,-6.07637090291479,-15,0.0164236290970852
0.727,-6.1738704333932,-15,0.0163261295666068
0.7275,-6.27030468446371,-15,0.0162296953155363
0.728,-6.3656852960786,-15,0.0161343147039214
0.7285,-6.46002378104084,-15,0.0160399762189592
0.729,-6.55333152190843,-15,0.0159466684780916
0.7295,-6.64561978285232,-15,0.0158543802171477
0.73,-6.73689970335405,-15,0.0157631002966459
0.7305,-6.82718230139489,-15,0.0156728176986051
0.731,-6.91647847003986,-15,0.0155835215299601
0.7315,-7.00479898916573,-15,0.0154952010108343
0.732,-7.09215451929531,-15,0.0154078454807047
0.7325,-7.17855560488017,-15,0.0153214443951198
0.733,-7.264012673866,-15,0.015235987326134
0.7335,-7.34853603996974,-15,0.0151514639600303
0.734,-7.43213590392202,-15,0.015067864096078
0.7345,-7.45305902933426,15,-0.0299530590293343
0.735,-7.20773629771146,15,-0.0297077362977115
0.7355,-6.9650938405379,15,-0.0294650938405379
0.736,-6.72510316846197,15,-0.029225103168462
0.7365,-6.48773486331067,15,-0.0289877348633107
0.737,-6.25296019609613,15,-0.0287529601960961
0.7375,-6.02075061255614,15,-0.0285207506125561
0.738,-5.79107809423192,15,-0.0282910780942319
0.7385,-5.56391495225985,15,-0.0280639149522598
0.739,-5.33923378637511,15,-0.0278392337863751
0.7395,-5.11700748496022,15,-0.0276170074849602
0.74,-4.89720920674236,15,-0.0273972092067424
0.7405,-4.67981241779302,15,-0.027179812417793
0.741,-4.46479087449925,15,-0.0269647908744992
0.7415,-4.25211864801823,15,-0.0267521186480182
0.742,-4.04177006940175,15,-0.0265417700694018
0.7425,-3.83371975280669,15,-0.0263337197528067
0.743,-3.62794259854074,15,-0.0261279425985407
0.7435,-3.42441376306273,15,-0.0259244137630627
0.744,-3.2231086912849,15,-0.0257231086912849
0.7445,-3.02400307523608,15,-0.0255240030752361
0.745,-2.82707289116504,15,-0.025327072891165
0.7455,-2.63229436113719,15,-0.0251322943611372
0.746,-2.43964398458522,15,-0.0249396439845852
0.7465,-2.24909850252701,15,-0.024749098502527
0.747,-2.06063492176886,15,-0.0245606349217689
0.7475,-1.87423049177914,15,-0.0243742304917791
0.748,-1.68986271357531,15,-0.0241898627135753
0.7485,-1.50750933139864,15,-0.0240075093313986
0.749,-1.32714833062541,15,-0.0238271483306254
0.7495,-1.14875795831361,15,-0.0236487579583136
0.75,-0.972316681380971,15,-0.023472316681381
0.7505,-0.797803207925321,15,-0.0232978032079253
0.751,-0.625196477776008,15,-0.023125196477776
0.7515,-0.454475646540681,15,-0.0229544756465407
0.752,-0.285620113992139,15,-0.0227856201139921
0.7525,-0.11860949761577,15,-0.0226186094976158
0.753,0.0465763572659878,15,-0.022453423642734
0.7535,0.209957391500053,15,-0.0222900426084999
0.754,0.371553328782939,15,-0.0221284466712171
0.7545,0.531383671788611,15,-0.0219686163282114
0.755,0.689467708096757,15,-0.0218105322919032
0.7555,0.845824521521104,15,-0.0216541754784789
0.756,1.00047298407396,15,-0.021499527015926
0.7565,1.15343175858173,15,-0.0213465682414183
0.757,1.30471930685325,15,-0.0211952806931467
0.7575,1.45435388767069,15,-0.0210456461123293
0.758,1.6023535617074,15,-0.0208976464382926
0.7585,1.74873619137645,15,-0.0207512638086235
0.759,1.89351944442578,15,-0.0206064805555742
0.7595,2.03672079520487,15,-0.0204632792047951
0.76,2.17835752725406,15,-0.0203216424727459
0.7605,2.31844673697048,15,-0.0201815532630295
0.761,2.4570053334754,15,-0.0200429946665246
0.7615,2.59405003742874,15,-0.0199059499625713
0.762,2.72959739194155,15,-0.0197704026080584
0.7625,2.8636637583249,15,-0.0196363362416751
0.763,2.99626531553018,15,-0.0195037346844698
0.7635,3.12741806885671,15,-0.0193725819311433
0.764,3.2571378485814,15,-0.0192428621514186
0.7645,3.38544031095048,15,-0.0191145596890495
0.765,3.51234094083178,15,-0.0189876590591682
0.7655,3.63785505517902,15,-0.018862144944821
0.766,3.76199780312588,15,-0.0187380021968741
0.7665,3.88478416717177,15,-0.0186152158328282
0.767,4.00622896785858,15,-0.0184937710321414
0.7675,4.12634686368593,15,-0.0183736531363141
0.768,4.24515234955922,15,-0.0182548476504408
0.7685,4.36265976477892,15,-0.0181373402352211
0.769,4.47888329176582,15,-0.0180211167082342
0.7695,4.59383695787672,15,-0.0179061630421233
0.77,4.70753463748091,15,-0.0177924653625191
0.7705,4.81999005377,15,-0.01768000994623
0.771,4.93121677969233,15,-0.0175687832203077
0.7715,5.04122823729478,15,-0.0174587717627052
0.772,5.15003770778325,15,-0.0173499622922168
0.7725,5.25765832607714,15,-0.0172423416739229
0.773,5.36410308463255,15,-0.0171358969153674
0.7735,5.46938483522298,15,-0.017030615164777
0.774,5.57351628424835,15,-0.0169264837157516
0.7745,5.67650997708967,15,-0.0168234900229103
0.775,5.77837836150975,15,-0.0167216216384902
0.7755,5.87913373438984,15,-0.0166208662656102
0.776,5.97878825904179,15,-0.0165212117409582
0.7765,6.0773539668513,15,-0.0164226460331487
0.777,6.17484275317606,15,-0.0163251572468239
0.7775,6.27126636361529,15,-0.0162287336363847
0.778,6.36663645103003,15,-0.01613336354897
0.7785,6.4609645274161,15,-0.0160390354725839
0.779,6.55426197968776,15,-0.0159457380203122
0.7795,6.64654007122258,15,-0.0158534599287774
0.78,6.73780993831806,15,-0.0157621900616819
0.7805,6.82808257791211,15,-0.0156719174220879
0.781,6.91736889887533,15,-0.0155826311011247
0.7815,7.00567967882722,15,-0.0154943203211728
0.782,7.09302557840659,15,-0.0154069744215934
0.7825,7.17941714273508,15,-0.0153205828572649
0.783,7.26486480063816,15,-0.0152351351993618
0.7835,7.34937885985516,15,-0.0151506211401448
0.784,7.43296952324451,15,-0.0150670304767555
0.7845,7.44996323763179,-15,0.0299499632376318
0.785,7.20467468453143,-15,0.0297046746845314
0.7855,6.96206633066805,-15,0.029462066330668
0.786,6.72210894716956,-15,0.0292221089471696
0.7865,6.48477340702068,-15,0.0289847734070207
0.787,6.25003095999103,-15,0.028750030959991
0.7875,6.01785329568677,-15,0.0285178532956868
0.788,5.78821238777218,-15,0.0282882123877722
0.7885,5.56108052537379,-15,0.0280610805253738
0.789,5.33643030059561,-15,0.0278364303005956
0.7895,5.11423460030549,-15,0.0276142346003055
0.79,4.89446660173255,-15,0.0273944666017325
0.7905,4.67709975464473,-15,0.0271770997546447
0.791,4.46210783409315,-15,0.0269621078340932
0.7915,4.24946491449061,-15,0.0267494649144906
0.792,4.03914533211517,-15,0.0265391453321152
0.7925,3.83112368739622,-15,0.0263311236873962
0.793,3.62537489199712,-15,0.0261253748919971
0.7935,3.42187410025832,-15,0.0259218741002583
0.794,3.22059676876192,-15,0.0257205967687619
0.7945,3.02151858482892,-15,0.0255215185848289
0.795,2.82461553539345,-15,0.0253246155353935
0.7955,2.62986384592283,-15,0.0251298638459228
0.796,2.43724001300654,-15,0.0249372400130065
0.7965,2.24672079284592,-15,0.0247467207928459
0.797,2.05828318475012,-15,0.0245582831847501
0.7975,1.87190445068563,-15,0.0243719044506856
0.798,1.68756209186507,-15,0.0241875620918651
0.7985,1.50523385841204,-15,0.024005233858412
0.799,1.3248977444881,-15,0.0238248977444881
0.7995,1.14653198166905,-15,0.0236465319816691
0.8,0.970115041910723,-15,0.0234701150419107
0.8005,0.795625632334074,-15,0.0232956256323341
0.801,0.623042692458427,-15,0.0231230426924584
0.8015,0.452345392566458,-15,0.0229523453925665
0.802,0.28351313078308,-15,0.0227835131307831
0.8025,0.11652552917254,-15,0.0226165255291725
0.803,-0.0486375669087063,-15,0.0224513624330913
0.8035,-0.211996092663194,-15,0.0222880039073368
0.804,-0.373569766226555,-15,0.0221264302337734
0.8045,-0.533378084529132,-15,0.0219666219154709
0.805,-0.691440335693269,-15,0.0218085596643067
0.8055,-0.847775597687134,-15,0.0216522244023129
0.806,-1.00240273942821,-15,0.0214975972605718
0.8065,-1.15534042368374,-15,0.0213446595763163
0.807,-1.30660711006564,-15,0.0211933928899344
0.8075,-1.45622105729889,-15,0.0210437789427011
0.808,-1.60420032550554,-15,0.0208957996744945
0.8085,-1.75056277101299,-15,0.020749437228987
0.809,-1.89532605909517,-15,0.0206046739409048
0.8095,-2.03850766501529,-15,0.0204614923349847
0.81,-2.18012487205855,-15,0.0203198751279415
0.8105,-2.32019476969235,-15,0.0201798052303076
0.811,-2.4587342628974,-15,0.0200412657371026
0.8115,-2.59576007514709,-15,0.0199042399248529
0.812,-2.73128874602941,-15,0.0197687112539706
0.8125,-2.86533663117524,-15,0.0196346633688248
0.813,-2.99791990841159,-15,0.0195020800915884
0.8135,-3.12905458177698,-15,0.019370945418223
0.814,-3.25875647958703,-15,0.019241243520413
0.8145,-3.38704125471546,-15,0.0191129587452845
0.815,-3.5139243892595,-15,0.0189860756107405
0.8155,-3.63942119939602,-15,0.018860578800604
0.816,-3.7635468332154,-15,0.0187364531667846
0.8165,-3.8863162707327,-15,0.0186136837292673
0.817,-4.00774432782541,-15,0.0184922556721746
0.8175,-4.12784566273226,-15,0.0183721543372677
0.818,-4.24663477244233,-15,0.0182533652275577
0.8185,-4.36412599317738,-15,0.0181358740068226
0.819,-4.48033350324525,-15,0.0180196664967547
0.8195,-4.59527133091953,-15,0.0179047286690805
0.82,-4.70895334981633,-15,0.0177910466501837
0.8205,-4.82139328011957,-15,0.0176786067198804
0.821,-4.93260469030991,-15,0.0175673953096901
0.8215,-5.04260100544156,-15,0.0174573989945584
0.822,-5.15139550251255,-15,0.0173486044974875
0.8225,-5.25900131209834,-15,0.0172409986879017
0.823,-5.36543141921709,-15,0.0171345685807829
0.8235,-5.47069867165279,-15,0.0170293013283472
0.824,-5.57481577555039,-15,0.0169251842244496
0.8245,-5.67779529718389,-15,0.0168222047028161
0.825,-5.77964966306403,-15,0.016720350336936
0.8255,-5.88039116870902,-15,0.016619608831291
0.826,-5.98003197402496,-15,0.016519968025975
0.8265,-6.07858410524623,-15,0.0164214158947538
0.827,-6.17605945428063,-15,0.0163239405457194
0.8275,-6.27246978818778,-15,0.0162275302118122
0.828,-6.3678267440932,-15,0.0161321732559068
0.8285,-6.46214183139387,-15,0.0160378581686061
0.829,-6.55542643045,-15,0.01594457356955
0.8295,-6.64769180249902,-15,0.015852308197501
0.83,-6.73894908431675,-15,0.0157610509156833
0.8305,-6.82920929064454,-15,0.0156707907093555
0.831,-6.91848331241034,-15,0.0155815166875897
0.8315,-7.00678192669696,-15,0.015493218073303
0.832,-7.09411579143778,-15,0.0154058842085622
0.8325,-7.18049544834698,-15,0.015319504551653
0.833,-7.26593132284283,-15,0.0152340686771572
0.8335,-7.35043372583195,-15,0.0151495662741681
0.834,-7.43401285555018,-15,0.0150659871444498
0.8345,-7.44747717840048,15,-0.0299474771784005
0.835,-7.20221538286598,15,-0.029702215382866
0.8355,-6.95963335337645,15,-0.0294596333533764
0.836,-6.71970247113231,15,-0.0292197024711323
0.8365,-6.48239319089967,15,-0.0289823931908997
0.837,-6.24767676736739,15,-0.0287476767673674
0.8375,-6.01552481220812,15,-0.0285155248122081
0.838,-5.78590932813145,15,-0.0282859093281315
0.8385,-5.55880261710726,15,-0.0280588026171073
0.839,-5.33417726152163,15,-0.0278341772615216
0.8395,-5.11200613436753,15,-0.0276120061343675
0.84,-4.89226243767194,15,-0.0273922624376719
0.8405,-4.67491966227968,15,-0.0271749196622797
0.841,-4.45995156202378,15,-0.0269599515620238
0.8415,-4.24733220530479,15,-0.0267473322053048
0.842,-4.03703592385039,15,-0.0265370359238504
0.8425,-3.82903734333805,15,-0.0263290373433381
0.843,-3.62331135263171,15,-0.0261233113526317
0.8435,-3.41983312585638,15,-0.0259198331258564
0.844,-3.21857809977951,15,-0.0257185780997795
0.8445,-3.01952198743945,15,-0.0255195219874395
0.845,-2.82264075966607,15,-0.0253226407596661
0.8455,-2.62791065615462,15,-0.0251279106561546
0.846,-2.43530817538321,15,-0.0249353081753832
0.8465,-2.24481006857136,15,-0.0247448100685714
0.847,-2.05639334311607,15,-0.0245563933431161
0.8475,-1.87003525736958,15,-0.0243700352573696
0.848,-1.68571331685416,15,-0.0241857133168542
0.8485,-1.50340527779713,15,-0.0240034052777971
0.849,-1.32308913939115,15,-0.0238230891393911
0.8495,-1.14474313636114,15,-0.0236447431363611
0.85,-0.968345743259619,15,-0.0234683457432596
0.8505,-0.793875669674023,15,-0.023293875669674
0.851,-0.621311857625205,15,-0.0231213118576252
0.8515,-0.450633477930484,15,-0.0229506334779305
0.852,-0.281819928242274,15,-0.0227818199282423
0.8525,-0.114850831560629,15,-0.0226148508315606
0.853,0.050293955266307,15,-0.0224497060447337
0.8535,0.213634370855227,15,-0.0222863656291448
0.854,0.375190131445308,15,-0.0221248098685547
0.8545,0.534980738782213,15,-0.0219650192612178
0.855,0.693025470876017,15,-0.021806974529124
0.8555,0.849343406525534,15,-0.0216506565934745
0.856,1.00395341439204,15,-0.021496046585608
0.8565,1.15687415689401,15,-0.021343125843106
0.857,1.30812408735167,15,-0.0211918759126483
0.8575,1.45772145995147,15,-0.0210422785400485
0.858,1.60568433291573,15,-0.0208943156670843
0.8585,1.75203056598185,15,-0.0207479694340181
0.859,1.89677782130911,15,-0.0206032221786909
0.8595,2.03994356578366,15,-0.0204600564342163
0.86,2.18154508206254,15,-0.0203184549179375
0.8605,2.3215994621374,15,-0.0201784005378626
0.861,2.46012361059569,15,-0.0200398763894043
0.8615,2.59713424075164,15,-0.0199028657592484
0.862,2.73264789329566,15,-0.0197673521067043
0.8625,2.86668092540348,15,-0.0196333190745965
0.863,2.99924951633625,15,-0.0195007504836638
0.8635,3.13036965928192,15,-0.0193696303407181
0.864,3.26005718389112,15,-0.0192399428161089
0.8645,3.3883277440863,15,-0.0191116722559137
0.865,3.51519682326044,15,-0.0189848031767396
0.8655,3.64067972999113,15,-0.0188593202700089
0.866,3.76479160953668,15,-0.0187352083904633
0.8665,3.88754744384553,15,-0.0186124525561545
0.867,4.00896205033681,15,-0.0184910379496632
0.8675,4.12905008167823,15,-0.0183709499183218
0.868,4.24782602937083,15,-0.0182521739706292
0.8685,4.36530423189274,15,-0.0181346957681073
0.869,4.48149886945318,15,-0.0180185011305468
0.8695,4.59642396635315,15,-0.0179035760336469
0.87,4.71009338917367,15,-0.0177899066108263
0.8705,4.82252086045982,15,-0.0176774791395402
0.871,4.93371995069022,15,-0.0175662800493098
0.8715,5.04370408249238,15,-0.0174562959175076
0.872,5.15248652475587,15,-0.0173475134752441
0.8725,5.26008041047658,15,-0.0172399195895234
0.873,5.36649872661058,15,-0.0171335012733894
0.8735,5.47175431879041,15,-0.0170282456812096
0.874,5.57585988708338,15,-0.0169241401129166
0.8745,5.67882799737847,15,-0.0168211720026215
0.875,5.780671079065,15,-0.016719328920935
0.8755,5.88140142534723,15,-0.0166185985746528
0.876,5.9810311921697,15,-0.0165189688078303
0.8765,6.079572402771,15,-0.016420427597229
0.877,6.17703695284948,15,-0.0163229630471505
0.8775,6.27343660694072,15,-0.0162265633930593
0.878,6.36878299982257,15,-0.0161312170001774
0.8785,6.46308763608149,15,-0.0160369123639185
0.879,6.55636190043663,15,-0.0159436380995634
0.8795,6.64861705151778,15,-0.0158513829484822
0.88,6.73986422499038,15,-0.0157601357750096
0.8805,6.83011442956635,15,-0.0156698855704336
0.881,6.91937856080567,15,-0.0155806214391943
0.8815,7.00766739320606,15,-0.0154923326067939
0.882,7.09499158401843,15,-0.0154050084159816
0.8825,7.18136166926158,15,-0.0153186383307384
0.883,7.26678807474604,15,-0.015233211925254
0.8835,7.35128111215744,15,-0.0151487188878426
0.884,7.43485098044822,15,-0.0150651490195518
0.8845,7.44418773909376,-15,0.0299441877390938
0.885,7.19896230352249,-15,0.0296989623035225
0.8855,6.9564164388803,-15,0.0294564164388803
0.886,6.71652079717788,-15,0.0292165207971779
0.8865,6.47924627280347,-15,0.0289792462728035
0.887,6.24456421653039,-15,0.0287445642165304
0.8875,6.01244629527341,-15,0.0285124462952734
0.888,5.78286448133633,-15,0.0282828644813363
0.8885,5.55579106584893,-15,0.0280557910658489
0.889,5.33119864781559,-15,0.0278311986478156
0.8895,5.10906010514149,-15,0.0276090601051415
0.89,4.88934864008438,-15,0.0273893486400844
0.8905,4.67203769703737,-15,0.0271720376970374
0.891,4.45710108204441,-15,0.0269571010820444
0.8915,4.24451287264831,-15,0.0267445128726483
0.892,4.03424738447362,-15,0.0265342473844736
0.8925,3.82627925654414,-15,0.0263262792565441
0.893,3.62058338824307,-15,0.0261205833882431
0.8935,3.41713495192368,-15,0.0259171349519237
0.894,3.21590940001768,-15,0.0257159094000177
0.8945,3.01688243302517,-15,0.0255168824330252
0.895,2.82003004170393,-15,0.0253200300417039
0.8955,2.62532845187755,-15,0.0251253284518776
0.896,2.43275417799819,-15,0.0249327541779982
0.8965,2.2422839685526,-15,0.0247422839685526
0.897,2.05389483969529,-15,0.0245538948396953
0.8975,1.86756405299769,-15,0.0243675640529977
0.898,1.68326911582123,-15,0.0241832691158212
0.8985,1.50098778175717,-15,0.0240009877817572
0.899,1.32069804401987,-15,0.0238206980440199
0.8995,1.14237813916249,-15,0.0236423781391625
0.9,0.966006566948918,-15,0.0234660065669489
0.9005,0.791562032232253,-15,0.0232915620322323
0.901,0.619023485007885,-15,0.0231190234850079
0.9015,0.4483700994707,-15,0.0229483700994707
0.902,0.279581271177666,-15,0.0227795812711777
0.9025,0.112636632682403,-15,0.0226126366326824
0.903,-0.0524839665699796,-15,0.02244751603343
0.9035,-0.215800455269947,-15,0.0222841995447301
0.904,-0.377332548409714,-15,0.0221226674515903
0.9045,-0.537099746126102,-15,0.0219629002538739
0.905,-0.695121328533993,-15,0.021804878671466
0.9055,-0.851416367224163,-15,0.0216485836327758
0.906,-1.00600372990055,-15,0.0214939962700995
0.9065,-1.15890207504426,-15,0.0213410979249557
0.907,-1.31012985343422,-15,0.0211898701465658
0.9075,-1.45970531865545,-15,0.0210402946813445
0.908,-1.60764652304503,-15,0.020892353476955
0.9085,-1.75397132259875,-15,0.0207460286774012
0.909,-1.89869737754468,-15,0.0206013026224553
0.9095,-2.04184215556631,-15,0.0204581578444337
0.91,-2.18342293236387,-15,0.0203165770676361
0.9105,-2.32345679415834,-15,0.0201765432058417
0.911,-2.46196064275053,-15,0.0200380393572495
0.9115,-2.59895119488476,-15,0.0199010488051152
0.912,-2.73444498523902,-15,0.019765555014761
0.9125,-2.86845836862111,-15,0.0196315416313789
0.913,-3.00100752216542,-15,0.0194989924778346
0.9135,-3.13210843592771,-15,0.0193678915640723
0.914,-3.26177693531727,-15,0.0192382230646827
0.9145,-3.39002867550366,-15,0.0191099713244963
0.915,-3.5168791391291,-15,0.0189831208608709
0.9155,-3.64234364105576,-15,0.0188576563589442
0.916,-3.76643733047352,-15,0.0187335626695265
0.9165,-3.88917515780085,-15,0.0186108248421991
0.917,-4.01057194740262,-15,0.0184894280525974
0.9175,-4.1306423578513,-15,0.0183693576421487
0.918,-4.2494008838474,-15,0.0182505991161526
0.9185,-4.36686186277478,-15,0.0181331381372252
0.919,-4.48303947664881,-15,0.0180169605233512
0.9195,-4.59794771885204,-15,0.017902052281148
0.92,-4.71160047331806,-15,0.0177883995266819
0.9205,-4.82401146039634,-15,0.0176759885396037
0.921,-4.93519424953231,-15,0.0175648057504677
0.9215,-5.04516226285313,-15,0.0174548377371469
0.922,-5.15392877637918,-15,0.0173460712236208
0.9225,-5.26150689086642,-15,0.0172384931091336
0.923,-5.36790960701782,-15,0.0171320903929822
0.9235,-5.47314976832003,-15,0.01702685023168
0.924,-5.5772400787917,-15,0.0169227599212083
0.9245,-5.68019310472186,-15,0.0168198068952781
0.925,-5.78202127347439,-15,0.0167179787265256
0.9255,-5.88273685101754,-15,0.0166172631489825
0.926,-5.98235200937871,-15,0.0165176479906213
0.9265,-6.08087877327224,-15,0.0164191212267278
0.927,-6.17832903700356,-15,0.0163216709629964
0.9275,-6.27471456610914,-15,0.0162252854338909
0.928,-6.37004699313163,-15,0.0161299530068684
0.9285,-6.46433780145672,-15,0.0160356621985433
0.929,-6.5575983881092,-15,0.0159424016118908
0.9295,-6.64984001105863,-15,0.0158501599889414
0.93,-6.74107380620146,-15,0.0157589261937985
0.9305,-6.83131078889366,-15,0.0156686892111063
0.931,-6.92056184696578,-15,0.0155794381530342
0.9315,-7.00883773379666,-15,0.0154911622662033
0.932,-7.09614911872256,-15,0.0154038508812774
0.9325,-7.18250654142878,-15,0.0153174934585712
0.933,-7.26792042724118,-15,0.0152320795727588
0.9335,-7.35240108855381,-15,0.0151475989114462
0.934,-7.43595872426836,-15,0.0150640412757316
0.9345,-7.44170350046391,15,-0.0299417035004639
0.935,-7.19650508448276,15,-0.0296965050844828
0.9355,-6.95398607452269,15,-0.0294539860745227
0.936,-6.71411699656324,15,-0.0292141169965632
0.9365,-6.47686876690249,15,-0.0289768687669025
0.937,-6.24221268759388,15,-0.0287422126875939
0.9375,-6.01012044666498,15,-0.028510120446665
0.938,-5.78056402913265,15,-0.0282805640291327
0.9385,-5.55351573368272,15,-0.0280535157336827
0.939,-5.32894816253934,15,-0.0278289481625393
0.9395,-5.10683420429961,15,-0.0276068342042996
0.94,-4.88714705812234,15,-0.0273871470581223
0.9405,-4.66986017566972,15,-0.0271698601756697
0.941,-4.45494735541099,15,-0.026954947355411
0.9415,-4.24238267370595,15,-0.0267423826737059
0.942,-4.03214046743913,15,-0.0265321404674391
0.9425,-3.82419535861348,15,-0.0263241953586135
0.943,-3.6185222607429,15,-0.0261185222607429
0.9435,-3.41509634175374,15,-0.0259150963417537
0.944,-3.21389306367172,15,-0.0257138930636717
0.9445,-3.01488812476138,15,-0.0255148881247614
0.945,-2.81805752223097,15,-0.025318057522231
0.9455,-2.62337748296568,15,-0.0251233774829657
0.946,-2.43082452158119,15,-0.0249308245215812
0.9465,-2.24037539644595,15,-0.024740375396446
0.947,-2.0520071189554,15,-0.0245520071189554
0.9475,-1.86569695764115,15,-0.0243656969576412
0.948,-1.681422422264,15,-0.024181422422264
0.9485,-1.4991612711414,15,-0.0239991612711414
0.949,-1.31889150636948,15,-0.0238188915063695
0.9495,-1.14059136736145,15,-0.0236405913673615
0.95,-0.964239334856402,15,-0.0234642393348564
0.9505,-0.789814123093926,15,-0.0232898141230939
0.951,-0.617294679618774,15,-0.0231172946796188
0.9515,-0.446660182484647,15,-0.0229466601824846
0.952,-0.277890037232042,15,-0.022777890037232
0.9525,-0.110963873485478,15,-0.0226109638734855
0.953,0.0541384560662472,15,-0.0224458615439337
0.9535,0.217436879391977,15,-0.022282563120608
0.954,0.378951107514888,15,-0.0221210488924851
0.9545,0.538700628453381,15,-0.0219612993715466
0.955,0.69670472529322,15,-0.0218032952747068
0.9555,0.852982468304853,15,-0.0216470175316951
0.956,1.00755271951417,15,-0.0214924472804858
0.9565,1.16043413478266,15,-0.0213395658652173
0.957,1.31164516714917,15,-0.0211883548328508
0.9575,1.46120406870827,15,-0.0210387959312917
0.958,1.6091288931033,15,-0.0208908711068967
0.9585,1.75543748815004,15,-0.02074456251185
0.959,1.90014751507849,15,-0.0205998524849215
0.9595,2.04327644198985,15,-0.0204567235580101
0.96,2.18484154592613,15,-0.0203151584540739
0.9605,2.32485990856093,15,-0.0201751400914391
0.961,2.46334843051717,15,-0.0200366515694828
0.9615,2.60032382855241,15,-0.0198996761714476
0.962,2.73580263624998,15,-0.01976419736375
0.9625,2.86980120221327,15,-0.0196301987977867
0.963,3.00233569956131,15,-0.0194976643004387
0.9635,3.1334221260916,15,-0.0193665778739084
0.964,3.26307630437272,15,-0.0192369236956273
0.9645,3.39131388070253,15,-0.0191086861192975
0.965,3.51815033250342,15,-0.0189818496674966
0.9655,3.64360097005558,15,-0.0188563990299444
0.966,3.76768093596234,15,-0.0187323190640377
0.9665,3.89040520385235,15,-0.0186095947961476
0.967,4.01178858522732,15,-0.0184882114147727
0.9675,4.13184573265562,15,-0.0183681542673444
0.968,4.25059113787472,15,-0.0182494088621253
0.9685,4.36803913098839,15,-0.0181319608690116
0.969,4.48420388609675,15,-0.0180157961139032
0.9695,4.59909942604684,15,-0.0179009005739532
0.97,4.71273961941816,15,-0.0177872603805818
0.9705,4.82513818065167,15,-0.0176748618193483
0.971,4.93630867405062,15,-0.0175636913259494
0.9715,5.0462645195199,15,-0.0174537354804801
0.972,5.15501898922917,15,-0.0173449810107708
0.9725,5.26258520836839,15,-0.0172374147916316
0.973,5.36897615782118,15,-0.0171310238421788
0.9735,5.47420468048852,15,-0.0170257953195115
0.974,5.5782834778924,15,-0.0169217165221076
0.9745,5.68122511120588,15,-0.0168187748887941
0.975,5.78304200291491,15,-0.0167169579970851
0.9755,5.88374644388895,15,-0.016616253556111
0.976,5.98335058960914,15,-0.0165166494103909
0.9765,6.08186646145498,15,-0.016418133538545
0.977,6.17930594744179,15,-0.0163206940525582
0.9775,6.2756808101937,15,-0.0162243191898063
0.978,6.3710026825988,15,-0.0161289973174012
0.9785,6.46528306944365,15,-0.0160347169305563
0.979,6.55853334731249,15,-0.0159414666526875
0.9795,6.65076477321256,15,-0.0158492352267874
0.98,6.74198847986054,15,-0.0157580115201395
0.9805,6.83221547763051,15,-0.0156677845223695
0.981,6.92145665377877,15,-0.0155785433462212
0.9815,7.00972278135658,15,-0.0154902772186434
0.982,7.09702451440941,15,-0.0154029754855906
0.9825,7.18337239070692,15,-0.0153166276092931
0.983,7.26877683184896,15,-0.015231223168151
0.9835,7.35324814483608,15,-0.0151467518551639
0.984,7.4367965241611,15,-0.0150632034758389
0.9845,7.43879885480821,-15,0.0299387988548082
0.985,7.19363224121029,-15,0.0296936322412103
0.9855,6.95114457699111,-15,0.0294511445769911
0.986,6.71130653242097,-15,0.029211306532421
0.9865,6.47408901288112,-15,0.0289740890128811
0.987,6.23946330312251,-15,0.0287394633031225
0.9875,6.00740110284248,-15,0.0285074011028425
0.988,5.77787439786661,-15,0.0282778743978666
0.9885,5.55085549029194,-15,0.0280508554902919
0.989,5.32631698592191,-15,0.0278263169859219
0.9895,5.10423178052378,-15,0.0276042317805238
0.99,4.88457307119246,-15,0.0273845730711925
0.9905,4.6673143158157,-15,0.0271673143158157
0.991,4.45242931080648,-15,0.0269524293108065
0.9915,4.23989213994418,-15,0.0267398921399442
0.992,4.02967714716158,-15,0.0265296771471616
0.9925,3.82175895212256,-15,0.0263217589521226
0.993,3.61611247502376,-15,0.0261161124750238
0.9935,3.41271288505276,-15,0.0259127128850528
0.994,3.2115356488969,-15,0.0257115356488969
0.9945,3.01255646713109,-15,0.0255125564671311
0.995,2.8157513394457,-15,0.0253157513394457
0.9955,2.62109649872588,-15,0.0251210964987259
0.996,2.42856845891118,-15,0.0249285684589112
0.9965,2.23814398385423,-15,0.0247381439838542
0.997,2.04980008653072,-15,0.0245498000865307
0.9975,1.86351403910397,-15,0.024363514039104
0.998,1.67926335414382,-15,0.0241792633541438
0.9985,1.49702579286917,-15,0.0239970257928692
0.999,1.31677936027514,-15,0.0238167793602751
0.9995,1.1385022986611,-15,0.0236385022986611
1,0.962173089857978,-15,0.023462173089858
1,0.962173089857978,-15,0.023462173089858
