"time","nRXFERGATE.y"
0,5
0.0024,5
0.0048,5
0.0072,5
0.0096,5
0.012,5
0.0144,5
0.0168,5
0.0192,5
0.0216,5
0.024,5
0.0264,5
0.0288,5
0.0312,5
0.0336,5
0.036,5
0.0384,5
0.0408,5
0.0432,5
0.0456,5
0.048,5
0.0504,5
0.0528,5
0.0552,5
0.0576,5
0.06,5
0.0624,5
0.0648,5
0.0672,5
0.0696,5
0.072,5
0.0744,5
0.0768,5
0.0792,5
0.0816,5
0.084,5
0.0864,5
0.0888,5
0.0912,5
0.0936,5
0.096,5
0.0984,5
0.1008,5
0.1032,5
0.1056,5
0.108,5
0.1104,5
0.1128,5
0.1152,5
0.1176,5
0.12,5
0.1224,5
0.1248,5
0.1272,5
0.1296,5
0.132,5
0.1344,5
0.1368,5
0.1392,5
0.1416,5
0.144,5
0.1464,5
0.1488,5
0.1512,5
0.1536,5
0.156,5
0.1584,5
0.1608,5
0.1632,5
0.1656,5
0.168,5
0.1704,5
0.1728,5
0.1752,5
0.1776,5
0.18,5
0.1824,5
0.1848,5
0.1872,5
0.1896,5
0.192,5
0.1944,5
0.1968,5
0.1992,5
0.2016,5
0.204,5
0.2064,5
0.2088,5
0.2112,5
0.2136,5
0.216,5
0.2184,5
0.2208,5
0.2232,5
0.2256,5
0.228,5
0.2304,5
0.2328,5
0.2352,5
0.2376,5
0.24,5
0.2424,5
0.2448,5
0.2472,5
0.2496,5
0.252,5
0.2544,5
0.2568,5
0.2592,5
0.2616,5
0.264,5
0.2664,5
0.2688,5
0.2712,5
0.2736,5
0.276,5
0.2784,5
0.2808,5
0.2832,5
0.2856,5
0.288,5
0.2904,5
0.2928,5
0.2952,5
0.2976,5
0.3,5
0.3024,5
0.3048,5
0.3072,5
0.3096,5
0.312,5
0.3144,5
0.3168,5
0.3192,5
0.3216,5
0.324,5
0.3264,5
0.3288,5
0.3312,5
0.3336,5
0.336,5
0.3384,5
0.3408,5
0.3432,5
0.3456,5
0.348,5
0.3504,5
0.3528,5
0.3552,5
0.3576,5
0.36,5
0.3624,5
0.3648,5
0.3672,5
0.3696,5
0.372,5
0.3744,5
0.3768,5
0.3792,5
0.3816,5
0.384,5
0.3864,5
0.3888,5
0.3912,5
0.3936,5
0.396,5
0.3984,5
0.4008,5
0.4032,5
0.4056,5
0.408,5
0.4104,5
0.4128,5
0.4152,5
0.4176,5
0.42,5
0.4224,5
0.4248,5
0.4272,5
0.4296,5
0.432,5
0.4344,5
0.4368,5
0.4392,5
0.4416,5
0.444,5
0.4464,5
0.4488,5
0.4512,5
0.4536,5
0.456,5
0.4584,5
0.4608,5
0.4632,5
0.4656,5
0.468,5
0.4704,5
0.4728,5
0.4752,5
0.4776,5
0.48,5
0.4824,5
0.4848,5
0.4872,5
0.4896,5
0.492,5
0.4944,5
0.4968,5
0.4992,5
0.5016,5
0.504,5
0.5064,5
0.5088,5
0.5112,5
0.5136,5
0.516,5
0.5184,5
0.5208,5
0.5232,5
0.5256,5
0.528,5
0.5304,5
0.5328,5
0.5352,5
0.5376,5
0.54,5
0.5424,5
0.5448,5
0.5472,5
0.5496,5
0.552,5
0.5544,5
0.5568,5
0.5592,5
0.5616,5
0.564,5
0.5664,5
0.5688,5
0.5712,5
0.5736,5
0.576,5
0.5784,5
0.5808,5
0.5832,5
0.5856,5
0.588,5
0.5904,5
0.5928,5
0.5952,5
0.5976,5
0.6,5
0.6024,5
0.6048,5
0.6072,5
0.6096,5
0.612,5
0.6144,5
0.6168,5
0.6192,5
0.6216,5
0.624,5
0.6264,5
0.6288,5
0.6312,5
0.6336,5
0.636,5
0.6384,5
0.6408,5
0.6432,5
0.6456,5
0.648,5
0.6504,5
0.6528,5
0.6552,5
0.6576,5
0.66,5
0.6624,5
0.6648,5
0.6672,5
0.6696,5
0.672,5
0.6744,5
0.6768,5
0.6792,5
0.6816,5
0.684,5
0.6864,5
0.6888,5
0.6912,5
0.6936,5
0.696,5
0.6984,5
0.7008,5
0.7032,5
0.7056,5
0.708,5
0.7104,5
0.7128,5
0.7152,5
0.7176,5
0.72,5
0.7224,5
0.7248,5
0.7272,5
0.7296,5
0.732,5
0.7344,5
0.7368,5
0.7392,5
0.7416,5
0.744,5
0.7464,5
0.7488,5
0.7512,5
0.7536,5
0.756,5
0.7584,5
0.7608,5
0.7632,5
0.7656,5
0.768,5
0.7704,5
0.7728,5
0.7752,5
0.7776,5
0.78,5
0.7824,5
0.7848,5
0.7872,5
0.7896,5
0.792,5
0.7944,5
0.7968,5
0.7992,5
0.8016,5
0.804,5
0.8064,5
0.8088,5
0.8112,5
0.8136,5
0.816,5
0.8184,5
0.8208,5
0.8232,5
0.8256,5
0.828,5
0.8304,5
0.8328,5
0.8352,5
0.8376,5
0.84,5
0.8424,5
0.8448,5
0.8472,5
0.8496,5
0.852,5
0.8544,5
0.8568,5
0.8592,5
0.8616,5
0.864,5
0.8664,5
0.8688,5
0.8712,5
0.8736,5
0.876,5
0.8784,5
0.8808,5
0.8832,5
0.8856,5
0.888,5
0.8904,5
0.8928,5
0.8952,5
0.8976,5
0.9,5
0.9024,5
0.9048,5
0.9072,5
0.9096,5
0.912,5
0.9144,5
0.9168,5
0.9192,5
0.9216,5
0.924,5
0.9264,5
0.9288,5
0.9312,5
0.9336,5
0.936,5
0.9384,5
0.9408,5
0.9432,5
0.9456,5
0.948,5
0.9504,5
0.9528,5
0.9552,5
0.9576,5
0.96,5
0.9624,5
0.9648,5
0.9672,5
0.9696,5
0.972,5
0.9744,5
0.9768,5
0.9792,5
0.9816,5
0.984,5
0.9864,5
0.9888,5
0.9912,5
0.9936,5
0.996,5
0.9984,5
1,5
1,5
1.0008,5
1.0032,5
1.0056,5
1.008,5
1.0104,5
1.0128,5
1.0152,5
1.0176,5
1.02,5
1.0224,5
1.0248,5
1.0272,5
1.0296,5
1.032,5
1.0344,5
1.0368,5
1.0392,5
1.0416,5
1.044,5
1.0464,5
1.0488,5
1.0512,5
1.0536,5
1.056,5
1.0584,5
1.0608,5
1.0632,5
1.0656,5
1.068,5
1.0704,5
1.0728,5
1.0752,5
1.0776,5
1.08,5
1.0824,5
1.0848,5
1.0872,5
1.0896,5
1.092,5
1.0944,5
1.0968,5
1.0992,5
1.1016,5
1.104,5
1.1064,5
1.1088,5
1.1112,5
1.1136,5
1.116,5
1.1184,5
1.1208,5
1.1232,5
1.1256,5
1.128,5
1.1304,5
1.1328,5
1.1352,5
1.1376,5
1.14,5
1.1424,5
1.1448,5
1.1472,5
1.1496,5
1.152,5
1.1544,5
1.1568,5
1.1592,5
1.1616,5
1.164,5
1.1664,5
1.1688,5
1.1712,5
1.1736,5
1.176,5
1.1784,5
1.1808,5
1.1832,5
1.1856,5
1.188,5
1.1904,5
1.1928,5
1.1952,5
1.1976,5
1.2,5
1.2024,5
1.2048,5
1.2072,5
1.2096,5
1.212,5
1.2144,5
1.2168,5
1.2192,5
1.2216,5
1.224,5
1.2264,5
1.2288,5
1.2312,5
1.2336,5
1.236,5
1.2384,5
1.2408,5
1.2432,5
1.2456,5
1.248,5
1.2504,5
1.2528,5
1.2552,5
1.2576,5
1.26,5
1.2624,5
1.2648,5
1.2672,5
1.2696,5
1.272,5
1.2744,5
1.2768,5
1.2792,5
1.2816,5
1.284,5
1.2864,5
1.2888,5
1.2912,5
1.2936,5
1.296,5
1.2984,5
1.3008,5
1.3032,5
1.3056,5
1.308,5
1.3104,5
1.3128,5
1.3152,5
1.3176,5
1.32,5
1.3224,5
1.3248,5
1.3272,5
1.3296,5
1.332,5
1.3344,5
1.3368,5
1.3392,5
1.3416,5
1.344,5
1.3464,5
1.3488,5
1.3512,5
1.3536,5
1.356,5
1.3584,5
1.3608,5
1.3632,5
1.3656,5
1.368,5
1.3704,5
1.3728,5
1.3752,5
1.3776,5
1.38,5
1.3824,5
1.3848,5
1.3872,5
1.3896,5
1.392,5
1.3944,5
1.3968,5
1.3992,5
1.4016,5
1.404,5
1.4064,5
1.4088,5
1.4112,5
1.4136,5
1.416,5
1.4184,5
1.4208,5
1.4232,5
1.4256,5
1.428,5
1.4304,5
1.4328,5
1.4352,5
1.4376,5
1.44,5
1.4424,5
1.4448,5
1.4472,5
1.4496,5
1.452,5
1.4544,5
1.4568,5
1.4592,5
1.4616,5
1.464,5
1.4664,5
1.4688,5
1.4712,5
1.4736,5
1.476,5
1.4784,5
1.4808,5
1.4832,5
1.4856,5
1.488,5
1.4904,5
1.4928,5
1.4952,5
1.4976,5
1.5,5
1.5024,5
1.5048,5
1.5072,5
1.5096,5
1.512,5
1.5144,5
1.5168,5
1.5192,5
1.5216,5
1.524,5
1.5264,5
1.5288,5
1.5312,5
1.5336,5
1.536,5
1.5384,5
1.5408,5
1.5432,5
1.5456,5
1.548,5
1.5504,5
1.5528,5
1.5552,5
1.5576,5
1.56,5
1.5624,5
1.5648,5
1.5672,5
1.5696,5
1.572,5
1.5744,5
1.5768,5
1.5792,5
1.5816,5
1.584,5
1.5864,5
1.5888,5
1.5912,5
1.5936,5
1.596,5
1.5984,5
1.6008,5
1.6032,5
1.6056,5
1.608,5
1.6104,5
1.6128,5
1.6152,5
1.6176,5
1.62,5
1.6224,5
1.6248,5
1.6272,5
1.6296,5
1.632,5
1.6344,5
1.6368,5
1.6392,5
1.6416,5
1.644,5
1.6464,5
1.6488,5
1.6512,5
1.6536,5
1.656,5
1.6584,5
1.6608,5
1.6632,5
1.6656,5
1.668,5
1.6704,5
1.6728,5
1.6752,5
1.6776,5
1.68,5
1.6824,5
1.6848,5
1.6872,5
1.6896,5
1.692,5
1.6944,5
1.6968,5
1.6992,5
1.7016,5
1.704,5
1.7064,5
1.7088,5
1.7112,5
1.7136,5
1.716,5
1.7184,5
1.7208,5
1.7232,5
1.7256,5
1.728,5
1.7304,5
1.7328,5
1.7352,5
1.7376,5
1.74,5
1.7424,5
1.7448,5
1.7472,5
1.7496,5
1.752,5
1.7544,5
1.7568,5
1.7592,5
1.7616,5
1.764,5
1.7664,5
1.7688,5
1.7712,5
1.7736,5
1.776,5
1.7784,5
1.7808,5
1.7832,5
1.7856,5
1.788,5
1.7904,5
1.7928,5
1.7952,5
1.7976,5
1.8,5
1.8024,5
1.8048,5
1.8072,5
1.8096,5
1.812,5
1.8144,5
1.8168,5
1.8192,5
1.8216,5
1.824,5
1.8264,5
1.8288,5
1.8312,5
1.8336,5
1.836,5
1.8384,5
1.8408,5
1.8432,5
1.8456,5
1.848,5
1.8504,5
1.8528,5
1.8552,5
1.8576,5
1.86,5
1.8624,5
1.8648,5
1.8672,5
1.8696,5
1.872,5
1.8744,5
1.8768,5
1.8792,5
1.8816,5
1.884,5
1.8864,5
1.8888,5
1.8912,5
1.8936,5
1.896,5
1.8984,5
1.9008,5
1.9032,5
1.9056,5
1.908,5
1.9104,5
1.9128,5
1.9152,5
1.9176,5
1.92,5
1.9224,5
1.9248,5
1.9272,5
1.9296,5
1.932,5
1.9344,5
1.9368,5
1.9392,5
1.9416,5
1.944,5
1.9464,5
1.9488,5
1.9512,5
1.9536,5
1.956,5
1.9584,5
1.9608,5
1.9632,5
1.9656,5
1.968,5
1.9704,5
1.9728,5
1.9752,5
1.9776,5
1.98,5
1.9824,5
1.9848,5
1.9872,5
1.9896,5
1.992,5
1.9944,5
1.9968,5
1.9992,5
2.0016,5
2.004,5
2.0064,5
2.0088,5
2.0112,5
2.0136,5
2.016,5
2.0184,5
2.0208,5
2.0232,5
2.0256,5
2.028,5
2.0304,5
2.0328,5
2.0352,5
2.0376,5
2.04,5
2.0424,5
2.0448,5
2.0472,5
2.0496,5
2.052,5
2.0544,5
2.0568,5
2.0592,5
2.0616,5
2.064,5
2.0664,5
2.0688,5
2.0712,5
2.0736,5
2.076,5
2.0784,5
2.0808,5
2.0832,5
2.0856,5
2.088,5
2.0904,5
2.0928,5
2.0952,5
2.0976,5
2.1,5
2.1024,5
2.1048,5
2.1072,5
2.1096,5
2.112,5
2.1144,5
2.1168,5
2.1192,5
2.1216,5
2.124,5
2.1264,5
2.1288,5
2.1312,5
2.1336,5
2.136,5
2.1384,5
2.1408,5
2.1432,5
2.1456,5
2.148,5
2.1504,5
2.1528,5
2.1552,5
2.1576,5
2.16,5
2.1624,5
2.1648,5
2.1672,5
2.1696,5
2.172,5
2.1744,5
2.1768,5
2.1792,5
2.1816,5
2.184,5
2.1864,5
2.1888,5
2.1912,5
2.1936,5
2.196,5
2.1984,5
2.2008,5
2.2032,5
2.2056,5
2.208,5
2.2104,5
2.2128,5
2.2152,5
2.2176,5
2.22,5
2.2224,5
2.2248,5
2.2272,5
2.2296,5
2.232,5
2.2344,5
2.2368,5
2.2392,5
2.2416,5
2.244,5
2.2464,5
2.2488,5
2.2512,5
2.2536,5
2.256,5
2.2584,5
2.2608,5
2.2632,5
2.2656,5
2.268,5
2.2704,5
2.2728,5
2.2752,5
2.2776,5
2.28,5
2.2824,5
2.2848,5
2.2872,5
2.2896,5
2.292,5
2.2944,5
2.2968,5
2.2992,5
2.3016,5
2.304,5
2.3064,5
2.3088,5
2.3112,5
2.3136,5
2.316,5
2.3184,5
2.3208,5
2.3232,5
2.3256,5
2.328,5
2.3304,5
2.3328,5
2.3352,5
2.3376,5
2.34,5
2.3424,5
2.3448,5
2.3472,5
2.3496,5
2.352,5
2.3544,5
2.3568,5
2.3592,5
2.3616,5
2.364,5
2.3664,5
2.3688,5
2.3712,5
2.3736,5
2.376,5
2.3784,5
2.3808,5
2.3832,5
2.3856,5
2.388,5
2.3904,5
2.3928,5
2.3952,5
2.3976,5
2.4,5
2.4024,5
2.4048,5
2.4072,5
2.4096,5
2.412,5
2.4144,5
2.4168,5
2.4192,5
2.4216,5
2.424,5
2.4264,5
2.4288,5
2.4312,5
2.4336,5
2.436,5
2.4384,5
2.4408,5
2.4432,5
2.4456,5
2.448,5
2.4504,5
2.4528,5
2.4552,5
2.4576,5
2.46,5
2.4624,5
2.4648,5
2.4672,5
2.4696,5
2.472,5
2.4744,5
2.4768,5
2.4792,5
2.4816,5
2.484,5
2.4864,5
2.4888,5
2.4912,5
2.4936,5
2.496,5
2.4984,5
2.5008,5
2.5032,5
2.5056,5
2.508,5
2.5104,5
2.5128,5
2.5152,5
2.5176,5
2.52,5
2.5224,5
2.5248,5
2.5272,5
2.5296,5
2.532,5
2.5344,5
2.5368,5
2.5392,5
2.5416,5
2.544,5
2.5464,5
2.5488,5
2.5512,5
2.5536,5
2.556,5
2.5584,5
2.5608,5
2.5632,5
2.5656,5
2.568,5
2.5704,5
2.5728,5
2.5752,5
2.5776,5
2.58,5
2.5824,5
2.5848,5
2.5872,5
2.5896,5
2.592,5
2.5944,5
2.5968,5
2.5992,5
2.6016,5
2.604,5
2.6064,5
2.6088,5
2.6112,5
2.6136,5
2.616,5
2.6184,5
2.6208,5
2.6232,5
2.6256,5
2.628,5
2.6304,5
2.6328,5
2.6352,5
2.6376,5
2.64,5
2.6424,5
2.6448,5
2.6472,5
2.6496,5
2.652,5
2.6544,5
2.6568,5
2.6592,5
2.6616,5
2.664,5
2.6664,5
2.6688,5
2.6712,5
2.6736,5
2.676,5
2.6784,5
2.6808,5
2.6832,5
2.6856,5
2.688,5
2.6904,5
2.6928,5
2.6952,5
2.6976,5
2.7,5
2.7024,5
2.7048,5
2.7072,5
2.7096,5
2.712,5
2.7144,5
2.7168,5
2.7192,5
2.7216,5
2.724,5
2.7264,5
2.7288,5
2.7312,5
2.7336,5
2.736,5
2.7384,5
2.7408,5
2.7432,5
2.7456,5
2.748,5
2.7504,5
2.7528,5
2.7552,5
2.7576,5
2.76,5
2.7624,5
2.7648,5
2.7672,5
2.7696,5
2.772,5
2.7744,5
2.7768,5
2.7792,5
2.7816,5
2.784,5
2.7864,5
2.7888,5
2.7912,5
2.7936,5
2.796,5
2.7984,5
2.8008,5
2.8032,5
2.8056,5
2.808,5
2.8104,5
2.8128,5
2.8152,5
2.8176,5
2.82,5
2.8224,5
2.8248,5
2.8272,5
2.8296,5
2.832,5
2.8344,5
2.8368,5
2.8392,5
2.8416,5
2.844,5
2.8464,5
2.8488,5
2.8512,5
2.8536,5
2.856,5
2.8584,5
2.8608,5
2.8632,5
2.8656,5
2.868,5
2.8704,5
2.8728,5
2.8752,5
2.8776,5
2.88,5
2.8824,5
2.8848,5
2.8872,5
2.8896,5
2.892,5
2.8944,5
2.8968,5
2.8992,5
2.9016,5
2.904,5
2.9064,5
2.9088,5
2.9112,5
2.9136,5
2.916,5
2.9184,5
2.9208,5
2.9232,5
2.9256,5
2.928,5
2.9304,5
2.9328,5
2.9352,5
2.9376,5
2.94,5
2.9424,5
2.9448,5
2.9472,5
2.9496,5
2.952,5
2.9544,5
2.9568,5
2.9592,5
2.9616,5
2.964,5
2.9664,5
2.9688,5
2.9712,5
2.9736,5
2.976,5
2.9784,5
2.9808,5
2.9832,5
2.9856,5
2.988,5
2.9904,5
2.9928,5
2.9952,5
2.9976,5
3,5
3.0024,5
3.0048,5
3.0072,5
3.0096,5
3.012,5
3.0144,5
3.0168,5
3.0192,5
3.0216,5
3.024,5
3.0264,5
3.0288,5
3.0312,5
3.0336,5
3.036,5
3.0384,5
3.0408,5
3.0432,5
3.0456,5
3.048,5
3.0504,5
3.0528,5
3.0552,5
3.0576,5
3.06,5
3.0624,5
3.0648,5
3.0672,5
3.0696,5
3.072,5
3.0744,5
3.0768,5
3.0792,5
3.0816,5
3.084,5
3.0864,5
3.0888,5
3.0912,5
3.0936,5
3.096,5
3.0984,5
3.1008,5
3.1032,5
3.1056,5
3.108,5
3.1104,5
3.1128,5
3.1152,5
3.1176,5
3.12,5
3.1224,5
3.1248,5
3.1272,5
3.1296,5
3.132,5
3.1344,5
3.1368,5
3.1392,5
3.1416,5
3.144,5
3.1464,5
3.1488,5
3.1512,5
3.1536,5
3.156,5
3.1584,5
3.1608,5
3.1632,5
3.1656,5
3.168,5
3.1704,5
3.1728,5
3.1752,5
3.1776,5
3.18,5
3.1824,5
3.1848,5
3.1872,5
3.1896,5
3.192,5
3.1944,5
3.1968,5
3.1992,5
3.2016,5
3.204,5
3.2064,5
3.2088,5
3.2112,5
3.2136,5
3.216,5
3.2184,5
3.2208,5
3.2232,5
3.2256,5
3.228,5
3.2304,5
3.2328,5
3.2352,5
3.2376,5
3.24,5
3.2424,5
3.2448,5
3.2472,5
3.2496,5
3.252,5
3.2544,5
3.2568,5
3.2592,5
3.2616,5
3.264,5
3.2664,5
3.2688,5
3.2712,5
3.2736,5
3.276,5
3.2784,5
3.2808,5
3.2832,5
3.2856,5
3.288,5
3.2904,5
3.2928,5
3.2952,5
3.2976,5
3.3,5
3.3024,5
3.3048,5
3.3072,5
3.3096,5
3.312,5
3.3144,5
3.3168,5
3.3192,5
3.3216,5
3.324,5
3.3264,5
3.3288,5
3.3312,5
3.3336,5
3.336,5
3.3384,5
3.3408,5
3.3432,5
3.3456,5
3.348,5
3.3504,5
3.3528,5
3.3552,5
3.3576,5
3.36,5
3.3624,5
3.3648,5
3.3672,5
3.3696,5
3.372,5
3.3744,5
3.3768,5
3.3792,5
3.3816,5
3.384,5
3.3864,5
3.3888,5
3.3912,5
3.3936,5
3.396,5
3.3984,5
3.4008,5
3.4032,5
3.4056,5
3.408,5
3.4104,5
3.4128,5
3.4152,5
3.4176,5
3.42,5
3.4224,5
3.4248,5
3.4272,5
3.4296,5
3.432,5
3.4344,5
3.4368,5
3.4392,5
3.4416,5
3.444,5
3.4464,5
3.4488,5
3.4512,5
3.4536,5
3.456,5
3.4584,5
3.4608,5
3.4632,5
3.4656,5
3.468,5
3.4704,5
3.4728,5
3.4752,5
3.4776,5
3.48,5
3.4824,5
3.4848,5
3.4872,5
3.4896,5
3.492,5
3.4944,5
3.4968,5
3.4992,5
3.5016,5
3.504,5
3.5064,5
3.5088,5
3.5112,5
3.5136,5
3.516,5
3.5184,5
3.5208,5
3.5232,5
3.5256,5
3.528,5
3.5304,5
3.5328,5
3.5352,5
3.5376,5
3.54,5
3.5424,5
3.5448,5
3.5472,5
3.5496,5
3.552,5
3.5544,5
3.5568,5
3.5592,5
3.5616,5
3.564,5
3.5664,5
3.5688,5
3.5712,5
3.5736,5
3.576,5
3.5784,5
3.5808,5
3.5832,5
3.5856,5
3.588,5
3.5904,5
3.5928,5
3.5952,5
3.5976,5
3.6,5
3.6024,5
3.6048,5
3.6072,5
3.6096,5
3.612,5
3.6144,5
3.6168,5
3.6192,5
3.6216,5
3.624,5
3.6264,5
3.6288,5
3.6312,5
3.6336,5
3.636,5
3.6384,5
3.6408,5
3.6432,5
3.6456,5
3.648,5
3.6504,5
3.6528,5
3.6552,5
3.6576,5
3.66,5
3.6624,5
3.6648,5
3.6672,5
3.6696,5
3.672,5
3.6744,5
3.6768,5
3.6792,5
3.6816,5
3.684,5
3.6864,5
3.6888,5
3.6912,5
3.6936,5
3.696,5
3.6984,5
3.7008,5
3.7032,5
3.7056,5
3.708,5
3.7104,5
3.7128,5
3.7152,5
3.7176,5
3.72,5
3.7224,5
3.7248,5
3.7272,5
3.7296,5
3.732,5
3.7344,5
3.7368,5
3.7392,5
3.7416,5
3.744,5
3.7464,5
3.7488,5
3.7512,5
3.7536,5
3.756,5
3.7584,5
3.7608,5
3.7632,5
3.7656,5
3.768,5
3.7704,5
3.7728,5
3.7752,5
3.7776,5
3.78,5
3.7824,5
3.7848,5
3.7872,5
3.7896,5
3.792,5
3.7944,5
3.7968,5
3.7992,5
3.8016,5
3.804,5
3.8064,5
3.8088,5
3.8112,5
3.8136,5
3.816,5
3.8184,5
3.8208,5
3.8232,5
3.8256,5
3.828,5
3.8304,5
3.8328,5
3.8352,5
3.8376,5
3.84,5
3.8424,5
3.8448,5
3.8472,5
3.8496,5
3.852,5
3.8544,5
3.8568,5
3.8592,5
3.8616,5
3.864,5
3.8664,5
3.8688,5
3.8712,5
3.8736,5
3.876,5
3.8784,5
3.8808,5
3.8832,5
3.8856,5
3.888,5
3.8904,5
3.8928,5
3.8952,5
3.8976,5
3.9,5
3.9024,5
3.9048,5
3.9072,5
3.9096,5
3.912,5
3.9144,5
3.9168,5
3.9192,5
3.9216,5
3.924,5
3.9264,5
3.9288,5
3.9312,5
3.9336,5
3.936,5
3.9384,5
3.9408,5
3.9432,5
3.9456,5
3.948,5
3.9504,5
3.9528,5
3.9552,5
3.9576,5
3.96,5
3.9624,5
3.9648,5
3.9672,5
3.9696,5
3.972,5
3.9744,5
3.9768,5
3.9792,5
3.9816,5
3.984,5
3.9864,5
3.9888,5
3.9912,5
3.9936,5
3.996,5
3.9984,5
4.0008,5
4.0032,5
4.0056,5
4.008,5
4.0104,5
4.0128,5
4.0152,5
4.0176,5
4.02,5
4.0224,5
4.0248,5
4.0272,5
4.0296,5
4.032,5
4.0344,5
4.0368,5
4.0392,5
4.0416,5
4.044,5
4.0464,5
4.0488,5
4.0512,5
4.0536,5
4.056,5
4.0584,5
4.0608,5
4.0632,5
4.0656,5
4.068,5
4.0704,5
4.0728,5
4.0752,5
4.0776,5
4.08,5
4.0824,5
4.0848,5
4.0872,5
4.0896,5
4.092,5
4.0944,5
4.0968,5
4.0992,5
4.1016,5
4.104,5
4.1064,5
4.1088,5
4.1112,5
4.1136,5
4.116,5
4.1184,5
4.1208,5
4.1232,5
4.1256,5
4.128,5
4.1304,5
4.1328,5
4.1352,5
4.1376,5
4.14,5
4.1424,5
4.1448,5
4.1472,5
4.1496,5
4.152,5
4.1544,5
4.1568,5
4.1592,5
4.1616,5
4.164,5
4.1664,5
4.1688,5
4.1712,5
4.1736,5
4.176,5
4.1784,5
4.1808,5
4.1832,5
4.1856,5
4.188,5
4.1904,5
4.1928,5
4.1952,5
4.1976,5
4.2,5
4.2024,5
4.2048,5
4.2072,5
4.2096,5
4.212,5
4.2144,5
4.2168,5
4.2192,5
4.2216,5
4.224,5
4.2264,5
4.2288,5
4.2312,5
4.2336,5
4.236,5
4.2384,5
4.2408,5
4.2432,5
4.2456,5
4.248,5
4.2504,5
4.2528,5
4.2552,5
4.2576,5
4.26,5
4.2624,5
4.2648,5
4.2672,5
4.2696,5
4.272,5
4.2744,5
4.2768,5
4.2792,5
4.2816,5
4.284,5
4.2864,5
4.2888,5
4.2912,5
4.2936,5
4.296,5
4.2984,5
4.3008,5
4.3032,5
4.3056,5
4.308,5
4.3104,5
4.3128,5
4.3152,5
4.3176,5
4.32,5
4.3224,5
4.3248,5
4.3272,5
4.3296,5
4.332,5
4.3344,5
4.3368,5
4.3392,5
4.3416,5
4.344,5
4.3464,5
4.3488,5
4.3512,5
4.3536,5
4.356,5
4.3584,5
4.3608,5
4.3632,5
4.3656,5
4.368,5
4.3704,5
4.3728,5
4.3752,5
4.3776,5
4.38,5
4.3824,5
4.3848,5
4.3872,5
4.3896,5
4.392,5
4.3944,5
4.3968,5
4.3992,5
4.4016,5
4.404,5
4.4064,5
4.4088,5
4.4112,5
4.4136,5
4.416,5
4.4184,5
4.4208,5
4.4232,5
4.4256,5
4.428,5
4.4304,5
4.4328,5
4.4352,5
4.4376,5
4.44,5
4.4424,5
4.4448,5
4.4472,5
4.4496,5
4.452,5
4.4544,5
4.4568,5
4.4592,5
4.4616,5
4.464,5
4.4664,5
4.4688,5
4.4712,5
4.4736,5
4.476,5
4.4784,5
4.4808,5
4.4832,5
4.4856,5
4.488,5
4.4904,5
4.4928,5
4.4952,5
4.4976,5
4.5,5
4.5024,5
4.5048,5
4.5072,5
4.5096,5
4.512,5
4.5144,5
4.5168,5
4.5192,5
4.5216,5
4.524,5
4.5264,5
4.5288,5
4.5312,5
4.5336,5
4.536,5
4.5384,5
4.5408,5
4.5432,5
4.5456,5
4.548,5
4.5504,5
4.5528,5
4.5552,5
4.5576,5
4.56,5
4.5624,5
4.5648,5
4.5672,5
4.5696,5
4.572,5
4.5744,5
4.5768,5
4.5792,5
4.5816,5
4.584,5
4.5864,5
4.5888,5
4.5912,5
4.5936,5
4.596,5
4.5984,5
4.6008,5
4.6032,5
4.6056,5
4.608,5
4.6104,5
4.6128,5
4.6152,5
4.6176,5
4.62,5
4.6224,5
4.6248,5
4.6272,5
4.6296,5
4.632,5
4.6344,5
4.6368,5
4.6392,5
4.6416,5
4.644,5
4.6464,5
4.6488,5
4.6512,5
4.6536,5
4.656,5
4.6584,5
4.6608,5
4.6632,5
4.6656,5
4.668,5
4.6704,5
4.6728,5
4.6752,5
4.6776,5
4.68,5
4.6824,5
4.6848,5
4.6872,5
4.6896,5
4.692,5
4.6944,5
4.6968,5
4.6992,5
4.7016,5
4.704,5
4.7064,5
4.7088,5
4.7112,5
4.7136,5
4.716,5
4.7184,5
4.7208,5
4.7232,5
4.7256,5
4.728,5
4.7304,5
4.7328,5
4.7352,5
4.7376,5
4.74,5
4.7424,5
4.7448,5
4.7472,5
4.7496,5
4.752,5
4.7544,5
4.7568,5
4.7592,5
4.7616,5
4.764,5
4.7664,5
4.7688,5
4.7712,5
4.7736,5
4.776,5
4.7784,5
4.7808,5
4.7832,5
4.7856,5
4.788,5
4.7904,5
4.7928,5
4.7952,5
4.7976,5
4.8,5
4.8024,5
4.8048,5
4.8072,5
4.8096,5
4.812,5
4.8144,5
4.8168,5
4.8192,5
4.8216,5
4.824,5
4.8264,5
4.8288,5
4.8312,5
4.8336,5
4.836,5
4.8384,5
4.8408,5
4.8432,5
4.8456,5
4.848,5
4.8504,5
4.8528,5
4.8552,5
4.8576,5
4.86,5
4.8624,5
4.8648,5
4.8672,5
4.8696,5
4.872,5
4.8744,5
4.8768,5
4.8792,5
4.8816,5
4.884,5
4.8864,5
4.8888,5
4.8912,5
4.8936,5
4.896,5
4.8984,5
4.9008,5
4.9032,5
4.9056,5
4.908,5
4.9104,5
4.9128,5
4.9152,5
4.9176,5
4.92,5
4.9224,5
4.9248,5
4.9272,5
4.9296,5
4.932,5
4.9344,5
4.9368,5
4.9392,5
4.9416,5
4.944,5
4.9464,5
4.9488,5
4.9512,5
4.9536,5
4.956,5
4.9584,5
4.9608,5
4.9632,5
4.9656,5
4.968,5
4.9704,5
4.9728,5
4.9752,5
4.9776,5
4.98,5
4.9824,5
4.9848,5
4.9872,5
4.9896,5
4.992,5
4.9944,5
4.9968,5
4.9992,5
5,5
5,5
5.0016,5
5.004,5
5.0064,5
5.0088,5
5.0112,5
5.0136,5
5.016,5
5.0184,5
5.0208,5
5.0232,5
5.0256,5
5.028,5
5.0304,5
5.0328,5
5.0352,5
5.0376,5
5.04,5
5.0424,5
5.0448,5
5.0472,5
5.0496,5
5.052,5
5.0544,5
5.0568,5
5.0592,5
5.0616,5
5.064,5
5.0664,5
5.0688,5
5.0712,5
5.0736,5
5.076,5
5.0784,5
5.0808,5
5.0832,5
5.0856,5
5.088,5
5.0904,5
5.0928,5
5.0952,5
5.0976,5
5.1,5
5.1024,5
5.1048,5
5.1072,5
5.1096,5
5.112,5
5.1144,5
5.1168,5
5.1192,5
5.1216,5
5.124,5
5.1264,5
5.1288,5
5.1312,5
5.1336,5
5.136,5
5.1384,5
5.1408,5
5.1432,5
5.1456,5
5.148,5
5.1504,5
5.1528,5
5.1552,5
5.1576,5
5.16,5
5.1624,5
5.1648,5
5.1672,5
5.1696,5
5.172,5
5.1744,5
5.1768,5
5.1792,5
5.1816,5
5.184,5
5.1864,5
5.1888,5
5.1912,5
5.1936,5
5.196,5
5.1984,5
5.2008,5
5.2032,5
5.2056,5
5.208,5
5.2104,5
5.2128,5
5.2152,5
5.2176,5
5.22,5
5.2224,5
5.2248,5
5.2272,5
5.2296,5
5.232,5
5.2344,5
5.2368,5
5.2392,5
5.2416,5
5.244,5
5.2464,5
5.2488,5
5.2512,5
5.2536,5
5.256,5
5.2584,5
5.2608,5
5.2632,5
5.2656,5
5.268,5
5.2704,5
5.2728,5
5.2752,5
5.2776,5
5.28,5
5.2824,5
5.2848,5
5.2872,5
5.2896,5
5.292,5
5.2944,5
5.2968,5
5.2992,5
5.3016,5
5.304,5
5.3064,5
5.3088,5
5.3112,5
5.3136,5
5.316,5
5.3184,5
5.3208,5
5.3232,5
5.3256,5
5.328,5
5.3304,5
5.3328,5
5.3352,5
5.3376,5
5.34,5
5.3424,5
5.3448,5
5.3472,5
5.3496,5
5.352,5
5.3544,5
5.3568,5
5.3592,5
5.3616,5
5.364,5
5.3664,5
5.3688,5
5.3712,5
5.3736,5
5.376,5
5.3784,5
5.3808,5
5.3832,5
5.3856,5
5.388,5
5.3904,5
5.3928,5
5.3952,5
5.3976,5
5.4,5
5.4024,5
5.4048,5
5.4072,5
5.4096,5
5.412,5
5.4144,5
5.4168,5
5.4192,5
5.4216,5
5.424,5
5.4264,5
5.4288,5
5.4312,5
5.4336,5
5.436,5
5.4384,5
5.4408,5
5.4432,5
5.4456,5
5.448,5
5.4504,5
5.4528,5
5.4552,5
5.4576,5
5.46,5
5.4624,5
5.4648,5
5.4672,5
5.4696,5
5.472,5
5.4744,5
5.4768,5
5.4792,5
5.4816,5
5.484,5
5.4864,5
5.4888,5
5.4912,5
5.4936,5
5.496,5
5.4984,5
5.5008,5
5.5032,5
5.5056,5
5.508,5
5.5104,5
5.5128,5
5.5152,5
5.5176,5
5.52,5
5.5224,5
5.5248,5
5.5272,5
5.5296,5
5.532,5
5.5344,5
5.5368,5
5.5392,5
5.5416,5
5.544,5
5.5464,5
5.5488,5
5.5512,5
5.5536,5
5.556,5
5.5584,5
5.5608,5
5.5632,5
5.5656,5
5.568,5
5.5704,5
5.5728,5
5.5752,5
5.5776,5
5.58,5
5.5824,5
5.5848,5
5.5872,5
5.5896,5
5.592,5
5.5944,5
5.5968,5
5.5992,5
5.6016,5
5.604,5
5.6064,5
5.6088,5
5.6112,5
5.6136,5
5.616,5
5.6184,5
5.6208,5
5.6232,5
5.6256,5
5.628,5
5.6304,5
5.6328,5
5.6352,5
5.6376,5
5.64,5
5.6424,5
5.6448,5
5.6472,5
5.6496,5
5.652,5
5.6544,5
5.6568,5
5.6592,5
5.6616,5
5.664,5
5.6664,5
5.6688,5
5.6712,5
5.6736,5
5.676,5
5.6784,5
5.6808,5
5.6832,5
5.6856,5
5.688,5
5.6904,5
5.6928,5
5.6952,5
5.6976,5
5.7,5
5.7024,5
5.7048,5
5.7072,5
5.7096,5
5.712,5
5.7144,5
5.7168,5
5.7192,5
5.7216,5
5.724,5
5.7264,5
5.7288,5
5.7312,5
5.7336,5
5.736,5
5.7384,5
5.7408,5
5.7432,5
5.7456,5
5.748,5
5.7504,5
5.7528,5
5.7552,5
5.7576,5
5.76,5
5.7624,5
5.7648,5
5.7672,5
5.7696,5
5.772,5
5.7744,5
5.7768,5
5.7792,5
5.7816,5
5.784,5
5.7864,5
5.7888,5
5.7912,5
5.7936,5
5.796,5
5.7984,5
5.8008,5
5.8032,5
5.8056,5
5.808,5
5.8104,5
5.8128,5
5.8152,5
5.8176,5
5.82,5
5.8224,5
5.8248,5
5.8272,5
5.8296,5
5.832,5
5.8344,5
5.8368,5
5.8392,5
5.8416,5
5.844,5
5.8464,5
5.8488,5
5.8512,5
5.8536,5
5.856,5
5.8584,5
5.8608,5
5.8632,5
5.8656,5
5.868,5
5.8704,5
5.8728,5
5.8752,5
5.8776,5
5.88,5
5.8824,5
5.8848,5
5.8872,5
5.8896,5
5.892,5
5.8944,5
5.8968,5
5.8992,5
5.9016,5
5.904,5
5.9064,5
5.9088,5
5.9112,5
5.9136,5
5.916,5
5.9184,5
5.9208,5
5.9232,5
5.9256,5
5.928,5
5.9304,5
5.9328,5
5.9352,5
5.9376,5
5.94,5
5.9424,5
5.9448,5
5.9472,5
5.9496,5
5.952,5
5.9544,5
5.9568,5
5.9592,5
5.9616,5
5.964,5
5.9664,5
5.9688,5
5.9712,5
5.9736,5
5.976,5
5.9784,5
5.9808,5
5.9832,5
5.9856,5
5.988,5
5.9904,5
5.9928,5
5.9952,5
5.9976,5
6,5
6,8
6.0024,8
6.0048,8
6.0072,8
6.0096,8
6.012,8
6.0144,8
6.0168,8
6.0192,8
6.0216,8
6.024,8
6.0264,8
6.0288,8
6.0312,8
6.0336,8
6.036,8
6.0384,8
6.0408,8
6.0432,8
6.0456,8
6.048,8
6.0504,8
6.0528,8
6.0552,8
6.0576,8
6.06,8
6.0624,8
6.0648,8
6.0672,8
6.0696,8
6.072,8
6.0744,8
6.0768,8
6.0792,8
6.0816,8
6.084,8
6.0864,8
6.0888,8
6.0912,8
6.0936,8
6.096,8
6.0984,8
6.1008,8
6.1032,8
6.1056,8
6.108,8
6.1104,8
6.1128,8
6.1152,8
6.1176,8
6.12,8
6.1224,8
6.1248,8
6.1272,8
6.1296,8
6.132,8
6.1344,8
6.1368,8
6.1392,8
6.1416,8
6.144,8
6.1464,8
6.1488,8
6.1512,8
6.1536,8
6.156,8
6.1584,8
6.1608,8
6.1632,8
6.1656,8
6.168,8
6.1704,8
6.1728,8
6.1752,8
6.1776,8
6.18,8
6.1824,8
6.1848,8
6.1872,8
6.1896,8
6.192,8
6.1944,8
6.1968,8
6.1992,8
6.2016,8
6.204,8
6.2064,8
6.2088,8
6.2112,8
6.2136,8
6.216,8
6.2184,8
6.2208,8
6.2232,8
6.2256,8
6.228,8
6.2304,8
6.2328,8
6.2352,8
6.2376,8
6.24,8
6.2424,8
6.2448,8
6.2472,8
6.2496,8
6.252,8
6.2544,8
6.2568,8
6.2592,8
6.2616,8
6.264,8
6.2664,8
6.2688,8
6.2712,8
6.2736,8
6.276,8
6.2784,8
6.2808,8
6.2832,8
6.2856,8
6.288,8
6.2904,8
6.2928,8
6.2952,8
6.2976,8
6.3,8
6.3024,8
6.3048,8
6.3072,8
6.3096,8
6.312,8
6.3144,8
6.3168,8
6.3192,8
6.3216,8
6.324,8
6.3264,8
6.3288,8
6.3312,8
6.3336,8
6.336,8
6.3384,8
6.3408,8
6.3432,8
6.3456,8
6.348,8
6.3504,8
6.3528,8
6.3552,8
6.3576,8
6.36,8
6.3624,8
6.3648,8
6.3672,8
6.3696,8
6.372,8
6.3744,8
6.3768,8
6.3792,8
6.3816,8
6.384,8
6.3864,8
6.3888,8
6.3912,8
6.3936,8
6.396,8
6.3984,8
6.4008,8
6.4032,8
6.4056,8
6.408,8
6.4104,8
6.4128,8
6.4152,8
6.4176,8
6.42,8
6.4224,8
6.4248,8
6.4272,8
6.4296,8
6.432,8
6.4344,8
6.4368,8
6.4392,8
6.4416,8
6.444,8
6.4464,8
6.4488,8
6.4512,8
6.4536,8
6.456,8
6.4584,8
6.4608,8
6.4632,8
6.4656,8
6.468,8
6.4704,8
6.4728,8
6.4752,8
6.4776,8
6.48,8
6.4824,8
6.4848,8
6.4872,8
6.4896,8
6.492,8
6.4944,8
6.4968,8
6.4992,8
6.5016,8
6.504,8
6.5064,8
6.5088,8
6.5112,8
6.5136,8
6.516,8
6.5184,8
6.5208,8
6.5232,8
6.5256,8
6.528,8
6.5304,8
6.5328,8
6.5352,8
6.5376,8
6.54,8
6.5424,8
6.5448,8
6.5472,8
6.5496,8
6.552,8
6.5544,8
6.5568,8
6.5592,8
6.5616,8
6.564,8
6.5664,8
6.5688,8
6.5712,8
6.5736,8
6.576,8
6.5784,8
6.5808,8
6.5832,8
6.5856,8
6.588,8
6.5904,8
6.5928,8
6.5952,8
6.5976,8
6.6,8
6.6024,8
6.6048,8
6.6072,8
6.6096,8
6.612,8
6.6144,8
6.6168,8
6.6192,8
6.6216,8
6.624,8
6.6264,8
6.6288,8
6.6312,8
6.6336,8
6.636,8
6.6384,8
6.6408,8
6.6432,8
6.6456,8
6.648,8
6.6504,8
6.6528,8
6.6552,8
6.6576,8
6.66,8
6.6624,8
6.6648,8
6.6672,8
6.6696,8
6.672,8
6.6744,8
6.6768,8
6.6792,8
6.6816,8
6.684,8
6.6864,8
6.6888,8
6.6912,8
6.6936,8
6.696,8
6.6984,8
6.7008,8
6.7032,8
6.7056,8
6.708,8
6.7104,8
6.7128,8
6.7152,8
6.7176,8
6.72,8
6.7224,8
6.7248,8
6.7272,8
6.7296,8
6.732,8
6.7344,8
6.7368,8
6.7392,8
6.7416,8
6.744,8
6.7464,8
6.7488,8
6.7512,8
6.7536,8
6.756,8
6.7584,8
6.7608,8
6.7632,8
6.7656,8
6.768,8
6.7704,8
6.7728,8
6.7752,8
6.7776,8
6.78,8
6.7824,8
6.7848,8
6.7872,8
6.7896,8
6.792,8
6.7944,8
6.7968,8
6.7992,8
6.8016,8
6.804,8
6.8064,8
6.8088,8
6.8112,8
6.8136,8
6.816,8
6.8184,8
6.8208,8
6.8232,8
6.8256,8
6.828,8
6.8304,8
6.8328,8
6.8352,8
6.8376,8
6.84,8
6.8424,8
6.8448,8
6.8472,8
6.8496,8
6.852,8
6.8544,8
6.8568,8
6.8592,8
6.8616,8
6.864,8
6.8664,8
6.8688,8
6.8712,8
6.8736,8
6.876,8
6.8784,8
6.8808,8
6.8832,8
6.8856,8
6.888,8
6.8904,8
6.8928,8
6.8952,8
6.8976,8
6.9,8
6.9024,8
6.9048,8
6.9072,8
6.9096,8
6.912,8
6.9144,8
6.9168,8
6.9192,8
6.9216,8
6.924,8
6.9264,8
6.9288,8
6.9312,8
6.9336,8
6.936,8
6.9384,8
6.9408,8
6.9432,8
6.9456,8
6.948,8
6.9504,8
6.9528,8
6.9552,8
6.9576,8
6.96,8
6.9624,8
6.9648,8
6.9672,8
6.9696,8
6.972,8
6.9744,8
6.9768,8
6.9792,8
6.9816,8
6.984,8
6.9864,8
6.9888,8
6.9912,8
6.9936,8
6.996,8
6.9984,8
7,8
7,8
7.0008,8
7.0032,8
7.0056,8
7.008,8
7.0104,8
7.0128,8
7.0152,8
7.0176,8
7.02,8
7.0224,8
7.0248,8
7.0272,8
7.0296,8
7.032,8
7.0344,8
7.0368,8
7.0392,8
7.0416,8
7.044,8
7.0464,8
7.0488,8
7.0512,8
7.0536,8
7.056,8
7.0584,8
7.0608,8
7.0632,8
7.0656,8
7.068,8
7.0704,8
7.0728,8
7.0752,8
7.0776,8
7.08,8
7.0824,8
7.0848,8
7.0872,8
7.0896,8
7.092,8
7.0944,8
7.0968,8
7.0992,8
7.1016,8
7.104,8
7.1064,8
7.1088,8
7.1112,8
7.1136,8
7.116,8
7.1184,8
7.1208,8
7.1232,8
7.1256,8
7.128,8
7.1304,8
7.1328,8
7.1352,8
7.1376,8
7.14,8
7.1424,8
7.1448,8
7.1472,8
7.1496,8
7.152,8
7.1544,8
7.1568,8
7.1592,8
7.1616,8
7.164,8
7.1664,8
7.1688,8
7.1712,8
7.1736,8
7.176,8
7.1784,8
7.1808,8
7.1832,8
7.1856,8
7.188,8
7.1904,8
7.1928,8
7.1952,8
7.1976,8
7.2,8
7.2024,8
7.2048,8
7.2072,8
7.2096,8
7.212,8
7.2144,8
7.2168,8
7.2192,8
7.2216,8
7.224,8
7.2264,8
7.2288,8
7.2312,8
7.2336,8
7.236,8
7.2384,8
7.2408,8
7.2432,8
7.2456,8
7.248,8
7.2504,8
7.2528,8
7.2552,8
7.2576,8
7.26,8
7.2624,8
7.2648,8
7.2672,8
7.2696,8
7.272,8
7.2744,8
7.2768,8
7.2792,8
7.2816,8
7.284,8
7.2864,8
7.2888,8
7.2912,8
7.2936,8
7.296,8
7.2984,8
7.3008,8
7.3032,8
7.3056,8
7.308,8
7.3104,8
7.3128,8
7.3152,8
7.3176,8
7.32,8
7.3224,8
7.3248,8
7.3272,8
7.3296,8
7.332,8
7.3344,8
7.3368,8
7.3392,8
7.3416,8
7.344,8
7.3464,8
7.3488,8
7.3512,8
7.3536,8
7.356,8
7.3584,8
7.3608,8
7.3632,8
7.3656,8
7.368,8
7.3704,8
7.3728,8
7.3752,8
7.3776,8
7.38,8
7.3824,8
7.3848,8
7.3872,8
7.3896,8
7.392,8
7.3944,8
7.3968,8
7.3992,8
7.4016,8
7.404,8
7.4064,8
7.4088,8
7.4112,8
7.4136,8
7.416,8
7.4184,8
7.4208,8
7.4232,8
7.4256,8
7.428,8
7.4304,8
7.4328,8
7.4352,8
7.4376,8
7.44,8
7.4424,8
7.4448,8
7.4472,8
7.4496,8
7.452,8
7.4544,8
7.4568,8
7.4592,8
7.4616,8
7.464,8
7.4664,8
7.4688,8
7.4712,8
7.4736,8
7.476,8
7.4784,8
7.4808,8
7.4832,8
7.4856,8
7.488,8
7.4904,8
7.4928,8
7.4952,8
7.4976,8
7.5,8
7.5024,8
7.5048,8
7.5072,8
7.5096,8
7.512,8
7.5144,8
7.5168,8
7.5192,8
7.5216,8
7.524,8
7.5264,8
7.5288,8
7.5312,8
7.5336,8
7.536,8
7.5384,8
7.5408,8
7.5432,8
7.5456,8
7.548,8
7.5504,8
7.5528,8
7.5552,8
7.5576,8
7.56,8
7.5624,8
7.5648,8
7.5672,8
7.5696,8
7.572,8
7.5744,8
7.5768,8
7.5792,8
7.5816,8
7.584,8
7.5864,8
7.5888,8
7.5912,8
7.5936,8
7.596,8
7.5984,8
7.6008,8
7.6032,8
7.6056,8
7.608,8
7.6104,8
7.6128,8
7.6152,8
7.6176,8
7.62,8
7.6224,8
7.6248,8
7.6272,8
7.6296,8
7.632,8
7.6344,8
7.6368,8
7.6392,8
7.6416,8
7.644,8
7.6464,8
7.6488,8
7.6512,8
7.6536,8
7.656,8
7.6584,8
7.6608,8
7.6632,8
7.6656,8
7.668,8
7.6704,8
7.6728,8
7.6752,8
7.6776,8
7.68,8
7.6824,8
7.6848,8
7.6872,8
7.6896,8
7.692,8
7.6944,8
7.6968,8
7.6992,8
7.7016,8
7.704,8
7.7064,8
7.7088,8
7.7112,8
7.7136,8
7.716,8
7.7184,8
7.7208,8
7.7232,8
7.7256,8
7.728,8
7.7304,8
7.7328,8
7.7352,8
7.7376,8
7.74,8
7.7424,8
7.7448,8
7.7472,8
7.7496,8
7.752,8
7.7544,8
7.7568,8
7.7592,8
7.7616,8
7.764,8
7.7664,8
7.7688,8
7.7712,8
7.7736,8
7.776,8
7.7784,8
7.7808,8
7.7832,8
7.7856,8
7.788,8
7.7904,8
7.7928,8
7.7952,8
7.7976,8
7.8,8
7.8024,8
7.8048,8
7.8072,8
7.8096,8
7.812,8
7.8144,8
7.8168,8
7.8192,8
7.8216,8
7.824,8
7.8264,8
7.8288,8
7.8312,8
7.8336,8
7.836,8
7.8384,8
7.8408,8
7.8432,8
7.8456,8
7.848,8
7.8504,8
7.8528,8
7.8552,8
7.8576,8
7.86,8
7.8624,8
7.8648,8
7.8672,8
7.8696,8
7.872,8
7.8744,8
7.8768,8
7.8792,8
7.8816,8
7.884,8
7.8864,8
7.8888,8
7.8912,8
7.8936,8
7.896,8
7.8984,8
7.9008,8
7.9032,8
7.9056,8
7.908,8
7.9104,8
7.9128,8
7.9152,8
7.9176,8
7.92,8
7.9224,8
7.9248,8
7.9272,8
7.9296,8
7.932,8
7.9344,8
7.9368,8
7.9392,8
7.9416,8
7.944,8
7.9464,8
7.9488,8
7.9512,8
7.9536,8
7.956,8
7.9584,8
7.9608,8
7.9632,8
7.9656,8
7.968,8
7.9704,8
7.9728,8
7.9752,8
7.9776,8
7.98,8
7.9824,8
7.9848,8
7.9872,8
7.9896,8
7.992,8
7.9944,8
7.9968,8
7.9992,8
8,8
8,7
8.0016,7
8.004,7
8.0064,7
8.0088,7
8.0112,7
8.0136,7
8.016,7
8.0184,7
8.0208,7
8.0232,7
8.0256,7
8.028,7
8.0304,7
8.0328,7
8.0352,7
8.0376,7
8.04,7
8.0424,7
8.0448,7
8.0472,7
8.0496,7
8.052,7
8.0544,7
8.0568,7
8.0592,7
8.0616,7
8.064,7
8.0664,7
8.0688,7
8.0712,7
8.0736,7
8.076,7
8.0784,7
8.0808,7
8.0832,7
8.0856,7
8.088,7
8.0904,7
8.0928,7
8.0952,7
8.0976,7
8.1,7
8.1024,7
8.1048,7
8.1072,7
8.1096,7
8.112,7
8.1144,7
8.1168,7
8.1192,7
8.1216,7
8.124,7
8.1264,7
8.1288,7
8.1312,7
8.1336,7
8.136,7
8.1384,7
8.1408,7
8.1432,7
8.1456,7
8.148,7
8.1504,7
8.1528,7
8.1552,7
8.1576,7
8.16,7
8.1624,7
8.1648,7
8.1672,7
8.1696,7
8.172,7
8.1744,7
8.1768,7
8.1792,7
8.1816,7
8.184,7
8.1864,7
8.1888,7
8.1912,7
8.1936,7
8.196,7
8.1984,7
8.2008,7
8.2032,7
8.2056,7
8.208,7
8.2104,7
8.2128,7
8.2152,7
8.2176,7
8.22,7
8.2224,7
8.2248,7
8.2272,7
8.2296,7
8.232,7
8.2344,7
8.2368,7
8.2392,7
8.2416,7
8.244,7
8.2464,7
8.2488,7
8.2512,7
8.2536,7
8.256,7
8.2584,7
8.2608,7
8.2632,7
8.2656,7
8.268,7
8.2704,7
8.2728,7
8.2752,7
8.2776,7
8.28,7
8.2824,7
8.2848,7
8.2872,7
8.2896,7
8.292,7
8.2944,7
8.2968,7
8.2992,7
8.3016,7
8.304,7
8.3064,7
8.3088,7
8.3112,7
8.3136,7
8.316,7
8.3184,7
8.3208,7
8.3232,7
8.3256,7
8.328,7
8.3304,7
8.3328,7
8.3352,7
8.3376,7
8.34,7
8.3424,7
8.3448,7
8.3472,7
8.3496,7
8.352,7
8.3544,7
8.3568,7
8.3592,7
8.3616,7
8.364,7
8.3664,7
8.3688,7
8.3712,7
8.3736,7
8.376,7
8.3784,7
8.3808,7
8.3832,7
8.3856,7
8.388,7
8.3904,7
8.3928,7
8.3952,7
8.3976,7
8.4,7
8.4024,7
8.4048,7
8.4072,7
8.4096,7
8.412,7
8.4144,7
8.4168,7
8.4192,7
8.4216,7
8.424,7
8.4264,7
8.4288,7
8.4312,7
8.4336,7
8.436,7
8.4384,7
8.4408,7
8.4432,7
8.4456,7
8.448,7
8.4504,7
8.4528,7
8.4552,7
8.4576,7
8.46,7
8.4624,7
8.4648,7
8.4672,7
8.4696,7
8.472,7
8.4744,7
8.4768,7
8.4792,7
8.4816,7
8.484,7
8.4864,7
8.4888,7
8.4912,7
8.4936,7
8.496,7
8.4984,7
8.5008,7
8.5032,7
8.5056,7
8.508,7
8.5104,7
8.5128,7
8.5152,7
8.5176,7
8.52,7
8.5224,7
8.5248,7
8.5272,7
8.5296,7
8.532,7
8.5344,7
8.5368,7
8.5392,7
8.5416,7
8.544,7
8.5464,7
8.5488,7
8.5512,7
8.5536,7
8.556,7
8.5584,7
8.5608,7
8.5632,7
8.5656,7
8.568,7
8.5704,7
8.5728,7
8.5752,7
8.5776,7
8.58,7
8.5824,7
8.5848,7
8.5872,7
8.5896,7
8.592,7
8.5944,7
8.5968,7
8.5992,7
8.6016,7
8.604,7
8.6064,7
8.6088,7
8.6112,7
8.6136,7
8.616,7
8.6184,7
8.6208,7
8.6232,7
8.6256,7
8.628,7
8.6304,7
8.6328,7
8.6352,7
8.6376,7
8.64,7
8.6424,7
8.6448,7
8.6472,7
8.6496,7
8.652,7
8.6544,7
8.6568,7
8.6592,7
8.6616,7
8.664,7
8.6664,7
8.6688,7
8.6712,7
8.6736,7
8.676,7
8.6784,7
8.6808,7
8.6832,7
8.6856,7
8.688,7
8.6904,7
8.6928,7
8.6952,7
8.6976,7
8.7,7
8.7024,7
8.7048,7
8.7072,7
8.7096,7
8.712,7
8.7144,7
8.7168,7
8.7192,7
8.7216,7
8.724,7
8.7264,7
8.7288,7
8.7312,7
8.7336,7
8.736,7
8.7384,7
8.7408,7
8.7432,7
8.7456,7
8.748,7
8.7504,7
8.7528,7
8.7552,7
8.7576,7
8.76,7
8.7624,7
8.7648,7
8.7672,7
8.7696,7
8.772,7
8.7744,7
8.7768,7
8.7792,7
8.7816,7
8.784,7
8.7864,7
8.7888,7
8.7912,7
8.7936,7
8.796,7
8.7984,7
8.8008,7
8.8032,7
8.8056,7
8.808,7
8.8104,7
8.8128,7
8.8152,7
8.8176,7
8.82,7
8.8224,7
8.8248,7
8.8272,7
8.8296,7
8.832,7
8.8344,7
8.8368,7
8.8392,7
8.8416,7
8.844,7
8.8464,7
8.8488,7
8.8512,7
8.8536,7
8.856,7
8.8584,7
8.8608,7
8.8632,7
8.8656,7
8.868,7
8.8704,7
8.8728,7
8.8752,7
8.8776,7
8.88,7
8.8824,7
8.8848,7
8.8872,7
8.8896,7
8.892,7
8.8944,7
8.8968,7
8.8992,7
8.9016,7
8.904,7
8.9064,7
8.9088,7
8.9112,7
8.9136,7
8.916,7
8.9184,7
8.9208,7
8.9232,7
8.9256,7
8.928,7
8.9304,7
8.9328,7
8.9352,7
8.9376,7
8.94,7
8.9424,7
8.9448,7
8.9472,7
8.9496,7
8.952,7
8.9544,7
8.9568,7
8.9592,7
8.9616,7
8.964,7
8.9664,7
8.9688,7
8.9712,7
8.9736,7
8.976,7
8.9784,7
8.9808,7
8.9832,7
8.9856,7
8.988,7
8.9904,7
8.9928,7
8.9952,7
8.9976,7
9,7
9,7
9.0024,7
9.0048,7
9.0072,7
9.0096,7
9.012,7
9.0144,7
9.0168,7
9.0192,7
9.0216,7
9.024,7
9.0264,7
9.0288,7
9.0312,7
9.0336,7
9.036,7
9.0384,7
9.0408,7
9.0432,7
9.0456,7
9.048,7
9.0504,7
9.0528,7
9.0552,7
9.0576,7
9.06,7
9.0624,7
9.0648,7
9.0672,7
9.0696,7
9.072,7
9.0744,7
9.0768,7
9.0792,7
9.0816,7
9.084,7
9.0864,7
9.0888,7
9.0912,7
9.0936,7
9.096,7
9.0984,7
9.1008,7
9.1032,7
9.1056,7
9.108,7
9.1104,7
9.1128,7
9.1152,7
9.1176,7
9.12,7
9.1224,7
9.1248,7
9.1272,7
9.1296,7
9.132,7
9.1344,7
9.1368,7
9.1392,7
9.1416,7
9.144,7
9.1464,7
9.1488,7
9.1512,7
9.1536,7
9.156,7
9.1584,7
9.1608,7
9.1632,7
9.1656,7
9.168,7
9.1704,7
9.1728,7
9.1752,7
9.1776,7
9.18,7
9.1824,7
9.1848,7
9.1872,7
9.1896,7
9.192,7
9.1944,7
9.1968,7
9.1992,7
9.2016,7
9.204,7
9.2064,7
9.2088,7
9.2112,7
9.2136,7
9.216,7
9.2184,7
9.2208,7
9.2232,7
9.2256,7
9.228,7
9.2304,7
9.2328,7
9.2352,7
9.2376,7
9.24,7
9.2424,7
9.2448,7
9.2472,7
9.2496,7
9.252,7
9.2544,7
9.2568,7
9.2592,7
9.2616,7
9.264,7
9.2664,7
9.2688,7
9.2712,7
9.2736,7
9.276,7
9.2784,7
9.2808,7
9.2832,7
9.2856,7
9.288,7
9.2904,7
9.2928,7
9.2952,7
9.2976,7
9.3,7
9.3024,7
9.3048,7
9.3072,7
9.3096,7
9.312,7
9.3144,7
9.3168,7
9.3192,7
9.3216,7
9.324,7
9.3264,7
9.3288,7
9.3312,7
9.3336,7
9.336,7
9.3384,7
9.3408,7
9.3432,7
9.3456,7
9.348,7
9.3504,7
9.3528,7
9.3552,7
9.3576,7
9.36,7
9.3624,7
9.3648,7
9.3672,7
9.3696,7
9.372,7
9.3744,7
9.3768,7
9.3792,7
9.3816,7
9.384,7
9.3864,7
9.3888,7
9.3912,7
9.3936,7
9.396,7
9.3984,7
9.4008,7
9.4032,7
9.4056,7
9.408,7
9.4104,7
9.4128,7
9.4152,7
9.4176,7
9.42,7
9.4224,7
9.4248,7
9.4272,7
9.4296,7
9.432,7
9.4344,7
9.4368,7
9.4392,7
9.4416,7
9.444,7
9.4464,7
9.4488,7
9.4512,7
9.4536,7
9.456,7
9.4584,7
9.4608,7
9.4632,7
9.4656,7
9.468,7
9.4704,7
9.4728,7
9.4752,7
9.4776,7
9.48,7
9.4824,7
9.4848,7
9.4872,7
9.4896,7
9.492,7
9.4944,7
9.4968,7
9.4992,7
9.5016,7
9.504,7
9.5064,7
9.5088,7
9.5112,7
9.5136,7
9.516,7
9.5184,7
9.5208,7
9.5232,7
9.5256,7
9.528,7
9.5304,7
9.5328,7
9.5352,7
9.5376,7
9.54,7
9.5424,7
9.5448,7
9.5472,7
9.5496,7
9.552,7
9.5544,7
9.5568,7
9.5592,7
9.5616,7
9.564,7
9.5664,7
9.5688,7
9.5712,7
9.5736,7
9.576,7
9.5784,7
9.5808,7
9.5832,7
9.5856,7
9.588,7
9.5904,7
9.5928,7
9.5952,7
9.5976,7
9.6,7
9.6024,7
9.6048,7
9.6072,7
9.6096,7
9.612,7
9.6144,7
9.6168,7
9.6192,7
9.6216,7
9.624,7
9.6264,7
9.6288,7
9.6312,7
9.6336,7
9.636,7
9.6384,7
9.6408,7
9.6432,7
9.6456,7
9.648,7
9.6504,7
9.6528,7
9.6552,7
9.6576,7
9.66,7
9.6624,7
9.6648,7
9.6672,7
9.6696,7
9.672,7
9.6744,7
9.6768,7
9.6792,7
9.6816,7
9.684,7
9.6864,7
9.6888,7
9.6912,7
9.6936,7
9.696,7
9.6984,7
9.7008,7
9.7032,7
9.7056,7
9.708,7
9.7104,7
9.7128,7
9.7152,7
9.7176,7
9.72,7
9.7224,7
9.7248,7
9.7272,7
9.7296,7
9.732,7
9.7344,7
9.7368,7
9.7392,7
9.7416,7
9.744,7
9.7464,7
9.7488,7
9.7512,7
9.7536,7
9.756,7
9.7584,7
9.7608,7
9.7632,7
9.7656,7
9.768,7
9.7704,7
9.7728,7
9.7752,7
9.7776,7
9.78,7
9.7824,7
9.7848,7
9.7872,7
9.7896,7
9.792,7
9.7944,7
9.7968,7
9.7992,7
9.8016,7
9.804,7
9.8064,7
9.8088,7
9.8112,7
9.8136,7
9.816,7
9.8184,7
9.8208,7
9.8232,7
9.8256,7
9.828,7
9.8304,7
9.8328,7
9.8352,7
9.8376,7
9.84,7
9.8424,7
9.8448,7
9.8472,7
9.8496,7
9.852,7
9.8544,7
9.8568,7
9.8592,7
9.8616,7
9.864,7
9.8664,7
9.8688,7
9.8712,7
9.8736,7
9.876,7
9.8784,7
9.8808,7
9.8832,7
9.8856,7
9.888,7
9.8904,7
9.8928,7
9.8952,7
9.8976,7
9.9,7
9.9024,7
9.9048,7
9.9072,7
9.9096,7
9.912,7
9.9144,7
9.9168,7
9.9192,7
9.9216,7
9.924,7
9.9264,7
9.9288,7
9.9312,7
9.9336,7
9.936,7
9.9384,7
9.9408,7
9.9432,7
9.9456,7
9.948,7
9.9504,7
9.9528,7
9.9552,7
9.9576,7
9.96,7
9.9624,7
9.9648,7
9.9672,7
9.9696,7
9.972,7
9.9744,7
9.9768,7
9.9792,7
9.9816,7
9.984,7
9.9864,7
9.9888,7
9.9912,7
9.9936,7
9.996,7
9.9984,7
10,7
10,6
10.0008,6
10.0032,6
10.0056,6
10.008,6
10.0104,6
10.0128,6
10.0152,6
10.0176,6
10.02,6
10.0224,6
10.0248,6
10.0272,6
10.0296,6
10.032,6
10.0344,6
10.0368,6
10.0392,6
10.0416,6
10.044,6
10.0464,6
10.0488,6
10.0512,6
10.0536,6
10.056,6
10.0584,6
10.0608,6
10.0632,6
10.0656,6
10.068,6
10.0704,6
10.0728,6
10.0752,6
10.0776,6
10.08,6
10.0824,6
10.0848,6
10.0872,6
10.0896,6
10.092,6
10.0944,6
10.0968,6
10.0992,6
10.1016,6
10.104,6
10.1064,6
10.1088,6
10.1112,6
10.1136,6
10.116,6
10.1184,6
10.1208,6
10.1232,6
10.1256,6
10.128,6
10.1304,6
10.1328,6
10.1352,6
10.1376,6
10.14,6
10.1424,6
10.1448,6
10.1472,6
10.1496,6
10.152,6
10.1544,6
10.1568,6
10.1592,6
10.1616,6
10.164,6
10.1664,6
10.1688,6
10.1712,6
10.1736,6
10.176,6
10.1784,6
10.1808,6
10.1832,6
10.1856,6
10.188,6
10.1904,6
10.1928,6
10.1952,6
10.1976,6
10.2,6
10.2024,6
10.2048,6
10.2072,6
10.2096,6
10.212,6
10.2144,6
10.2168,6
10.2192,6
10.2216,6
10.224,6
10.2264,6
10.2288,6
10.2312,6
10.2336,6
10.236,6
10.2384,6
10.2408,6
10.2432,6
10.2456,6
10.248,6
10.2504,6
10.2528,6
10.2552,6
10.2576,6
10.26,6
10.2624,6
10.2648,6
10.2672,6
10.2696,6
10.272,6
10.2744,6
10.2768,6
10.2792,6
10.2816,6
10.284,6
10.2864,6
10.2888,6
10.2912,6
10.2936,6
10.296,6
10.2984,6
10.3008,6
10.3032,6
10.3056,6
10.308,6
10.3104,6
10.3128,6
10.3152,6
10.3176,6
10.32,6
10.3224,6
10.3248,6
10.3272,6
10.3296,6
10.332,6
10.3344,6
10.3368,6
10.3392,6
10.3416,6
10.344,6
10.3464,6
10.3488,6
10.3512,6
10.3536,6
10.356,6
10.3584,6
10.3608,6
10.3632,6
10.3656,6
10.368,6
10.3704,6
10.3728,6
10.3752,6
10.3776,6
10.38,6
10.3824,6
10.3848,6
10.3872,6
10.3896,6
10.392,6
10.3944,6
10.3968,6
10.3992,6
10.4016,6
10.404,6
10.4064,6
10.4088,6
10.4112,6
10.4136,6
10.416,6
10.4184,6
10.4208,6
10.4232,6
10.4256,6
10.428,6
10.4304,6
10.4328,6
10.4352,6
10.4376,6
10.44,6
10.4424,6
10.4448,6
10.4472,6
10.4496,6
10.452,6
10.4544,6
10.4568,6
10.4592,6
10.4616,6
10.464,6
10.4664,6
10.4688,6
10.4712,6
10.4736,6
10.476,6
10.4784,6
10.4808,6
10.4832,6
10.4856,6
10.488,6
10.4904,6
10.4928,6
10.4952,6
10.4976,6
10.5,6
10.5024,6
10.5048,6
10.5072,6
10.5096,6
10.512,6
10.5144,6
10.5168,6
10.5192,6
10.5216,6
10.524,6
10.5264,6
10.5288,6
10.5312,6
10.5336,6
10.536,6
10.5384,6
10.5408,6
10.5432,6
10.5456,6
10.548,6
10.5504,6
10.5528,6
10.5552,6
10.5576,6
10.56,6
10.5624,6
10.5648,6
10.5672,6
10.5696,6
10.572,6
10.5744,6
10.5768,6
10.5792,6
10.5816,6
10.584,6
10.5864,6
10.5888,6
10.5912,6
10.5936,6
10.596,6
10.5984,6
10.6008,6
10.6032,6
10.6056,6
10.608,6
10.6104,6
10.6128,6
10.6152,6
10.6176,6
10.62,6
10.6224,6
10.6248,6
10.6272,6
10.6296,6
10.632,6
10.6344,6
10.6368,6
10.6392,6
10.6416,6
10.644,6
10.6464,6
10.6488,6
10.6512,6
10.6536,6
10.656,6
10.6584,6
10.6608,6
10.6632,6
10.6656,6
10.668,6
10.6704,6
10.6728,6
10.6752,6
10.6776,6
10.68,6
10.6824,6
10.6848,6
10.6872,6
10.6896,6
10.692,6
10.6944,6
10.6968,6
10.6992,6
10.7016,6
10.704,6
10.7064,6
10.7088,6
10.7112,6
10.7136,6
10.716,6
10.7184,6
10.7208,6
10.7232,6
10.7256,6
10.728,6
10.7304,6
10.7328,6
10.7352,6
10.7376,6
10.74,6
10.7424,6
10.7448,6
10.7472,6
10.7496,6
10.752,6
10.7544,6
10.7568,6
10.7592,6
10.7616,6
10.764,6
10.7664,6
10.7688,6
10.7712,6
10.7736,6
10.776,6
10.7784,6
10.7808,6
10.7832,6
10.7856,6
10.788,6
10.7904,6
10.7928,6
10.7952,6
10.7976,6
10.8,6
10.8024,6
10.8048,6
10.8072,6
10.8096,6
10.812,6
10.8144,6
10.8168,6
10.8192,6
10.8216,6
10.824,6
10.8264,6
10.8288,6
10.8312,6
10.8336,6
10.836,6
10.8384,6
10.8408,6
10.8432,6
10.8456,6
10.848,6
10.8504,6
10.8528,6
10.8552,6
10.8576,6
10.86,6
10.8624,6
10.8648,6
10.8672,6
10.8696,6
10.872,6
10.8744,6
10.8768,6
10.8792,6
10.8816,6
10.884,6
10.8864,6
10.8888,6
10.8912,6
10.8936,6
10.896,6
10.8984,6
10.9008,6
10.9032,6
10.9056,6
10.908,6
10.9104,6
10.9128,6
10.9152,6
10.9176,6
10.92,6
10.9224,6
10.9248,6
10.9272,6
10.9296,6
10.932,6
10.9344,6
10.9368,6
10.9392,6
10.9416,6
10.944,6
10.9464,6
10.9488,6
10.9512,6
10.9536,6
10.956,6
10.9584,6
10.9608,6
10.9632,6
10.9656,6
10.968,6
10.9704,6
10.9728,6
10.9752,6
10.9776,6
10.98,6
10.9824,6
10.9848,6
10.9872,6
10.9896,6
10.992,6
10.9944,6
10.9968,6
10.9992,6
11.0016,6
11.004,6
11.0064,6
11.0088,6
11.0112,6
11.0136,6
11.016,6
11.0184,6
11.0208,6
11.0232,6
11.0256,6
11.028,6
11.0304,6
11.0328,6
11.0352,6
11.0376,6
11.04,6
11.0424,6
11.0448,6
11.0472,6
11.0496,6
11.052,6
11.0544,6
11.0568,6
11.0592,6
11.0616,6
11.064,6
11.0664,6
11.0688,6
11.0712,6
11.0736,6
11.076,6
11.0784,6
11.0808,6
11.0832,6
11.0856,6
11.088,6
11.0904,6
11.0928,6
11.0952,6
11.0976,6
11.1,6
11.1024,6
11.1048,6
11.1072,6
11.1096,6
11.112,6
11.1144,6
11.1168,6
11.1192,6
11.1216,6
11.124,6
11.1264,6
11.1288,6
11.1312,6
11.1336,6
11.136,6
11.1384,6
11.1408,6
11.1432,6
11.1456,6
11.148,6
11.1504,6
11.1528,6
11.1552,6
11.1576,6
11.16,6
11.1624,6
11.1648,6
11.1672,6
11.1696,6
11.172,6
11.1744,6
11.1768,6
11.1792,6
11.1816,6
11.184,6
11.1864,6
11.1888,6
11.1912,6
11.1936,6
11.196,6
11.1984,6
11.2008,6
11.2032,6
11.2056,6
11.208,6
11.2104,6
11.2128,6
11.2152,6
11.2176,6
11.22,6
11.2224,6
11.2248,6
11.2272,6
11.2296,6
11.232,6
11.2344,6
11.2368,6
11.2392,6
11.2416,6
11.244,6
11.2464,6
11.2488,6
11.2512,6
11.2536,6
11.256,6
11.2584,6
11.2608,6
11.2632,6
11.2656,6
11.268,6
11.2704,6
11.2728,6
11.2752,6
11.2776,6
11.28,6
11.2824,6
11.2848,6
11.2872,6
11.2896,6
11.292,6
11.2944,6
11.2968,6
11.2992,6
11.3016,6
11.304,6
11.3064,6
11.3088,6
11.3112,6
11.3136,6
11.316,6
11.3184,6
11.3208,6
11.3232,6
11.3256,6
11.328,6
11.3304,6
11.3328,6
11.3352,6
11.3376,6
11.34,6
11.3424,6
11.3448,6
11.3472,6
11.3496,6
11.352,6
11.3544,6
11.3568,6
11.3592,6
11.3616,6
11.364,6
11.3664,6
11.3688,6
11.3712,6
11.3736,6
11.376,6
11.3784,6
11.3808,6
11.3832,6
11.3856,6
11.388,6
11.3904,6
11.3928,6
11.3952,6
11.3976,6
11.4,6
11.4024,6
11.4048,6
11.4072,6
11.4096,6
11.412,6
11.4144,6
11.4168,6
11.4192,6
11.4216,6
11.424,6
11.4264,6
11.4288,6
11.4312,6
11.4336,6
11.436,6
11.4384,6
11.4408,6
11.4432,6
11.4456,6
11.448,6
11.4504,6
11.4528,6
11.4552,6
11.4576,6
11.46,6
11.4624,6
11.4648,6
11.4672,6
11.4696,6
11.472,6
11.4744,6
11.4768,6
11.4792,6
11.4816,6
11.484,6
11.4864,6
11.4888,6
11.4912,6
11.4936,6
11.496,6
11.4984,6
11.5008,6
11.5032,6
11.5056,6
11.508,6
11.5104,6
11.5128,6
11.5152,6
11.5176,6
11.52,6
11.5224,6
11.5248,6
11.5272,6
11.5296,6
11.532,6
11.5344,6
11.5368,6
11.5392,6
11.5416,6
11.544,6
11.5464,6
11.5488,6
11.5512,6
11.5536,6
11.556,6
11.5584,6
11.5608,6
11.5632,6
11.5656,6
11.568,6
11.5704,6
11.5728,6
11.5752,6
11.5776,6
11.58,6
11.5824,6
11.5848,6
11.5872,6
11.5896,6
11.592,6
11.5944,6
11.5968,6
11.5992,6
11.6016,6
11.604,6
11.6064,6
11.6088,6
11.6112,6
11.6136,6
11.616,6
11.6184,6
11.6208,6
11.6232,6
11.6256,6
11.628,6
11.6304,6
11.6328,6
11.6352,6
11.6376,6
11.64,6
11.6424,6
11.6448,6
11.6472,6
11.6496,6
11.652,6
11.6544,6
11.6568,6
11.6592,6
11.6616,6
11.664,6
11.6664,6
11.6688,6
11.6712,6
11.6736,6
11.676,6
11.6784,6
11.6808,6
11.6832,6
11.6856,6
11.688,6
11.6904,6
11.6928,6
11.6952,6
11.6976,6
11.7,6
11.7024,6
11.7048,6
11.7072,6
11.7096,6
11.712,6
11.7144,6
11.7168,6
11.7192,6
11.7216,6
11.724,6
11.7264,6
11.7288,6
11.7312,6
11.7336,6
11.736,6
11.7384,6
11.7408,6
11.7432,6
11.7456,6
11.748,6
11.7504,6
11.7528,6
11.7552,6
11.7576,6
11.76,6
11.7624,6
11.7648,6
11.7672,6
11.7696,6
11.772,6
11.7744,6
11.7768,6
11.7792,6
11.7816,6
11.784,6
11.7864,6
11.7888,6
11.7912,6
11.7936,6
11.796,6
11.7984,6
11.8008,6
11.8032,6
11.8056,6
11.808,6
11.8104,6
11.8128,6
11.8152,6
11.8176,6
11.82,6
11.8224,6
11.8248,6
11.8272,6
11.8296,6
11.832,6
11.8344,6
11.8368,6
11.8392,6
11.8416,6
11.844,6
11.8464,6
11.8488,6
11.8512,6
11.8536,6
11.856,6
11.8584,6
11.8608,6
11.8632,6
11.8656,6
11.868,6
11.8704,6
11.8728,6
11.8752,6
11.8776,6
11.88,6
11.8824,6
11.8848,6
11.8872,6
11.8896,6
11.892,6
11.8944,6
11.8968,6
11.8992,6
11.9016,6
11.904,6
11.9064,6
11.9088,6
11.9112,6
11.9136,6
11.916,6
11.9184,6
11.9208,6
11.9232,6
11.9256,6
11.928,6
11.9304,6
11.9328,6
11.9352,6
11.9376,6
11.94,6
11.9424,6
11.9448,6
11.9472,6
11.9496,6
11.952,6
11.9544,6
11.9568,6
11.9592,6
11.9616,6
11.964,6
11.9664,6
11.9688,6
11.9712,6
11.9736,6
11.976,6
11.9784,6
11.9808,6
11.9832,6
11.9856,6
11.988,6
11.9904,6
11.9928,6
11.9952,6
11.9976,6
12,6
12,6
