"Time","heatCapacitor.T","eddyCurrentForce.lossPower","mass.s"
0,293.14999,0,0
0.00050000002,293.14999,0,0.0099999998
0.001,293.14999,0,0.02
0.0015,293.14999,0,0.029999999
0.0020000001,293.14999,0,0.039999999
0.0024999999,293.14999,0,0.050000001
0.003,293.14999,0,0.059999999
0.0035000001,293.14999,0,0.07
0.0040000002,293.14999,0,0.079999998
0.0044999998,293.14999,0,0.090000004
0.0049999999,293.14999,0,0.1
0.0055,293.14999,0,0.11
0.0060000001,293.14999,0,0.12
0.0065000001,293.14999,0,0.13
0.0070000002,293.14999,0,0.14
0.0074999998,293.14999,0,0.15000001
0.0080000004,293.14999,0,0.16
0.0085000005,293.14999,0,0.17
0.0089999996,293.14999,0,0.18000001
0.0094999997,293.14999,0,0.19
0.0099999998,293.14999,0,0.2
0.0105,293.14999,0,0.20999999
0.011,293.14999,0,0.22
0.0115,293.14999,0,0.23
0.012,293.14999,0,0.23999999
0.0125,293.14999,0,0.25
0.013,293.14999,0,0.25999999
0.0135,293.14999,0,0.27000001
0.014,293.14999,0,0.28
0.0145,293.14999,0,0.28999999
0.015,293.14999,0,0.30000001
0.0155,293.14999,0,0.31
0.016000001,293.14999,0,0.31999999
0.0165,293.14999,0,0.33000001
0.017000001,293.14999,0,0.34
0.0175,293.14999,0,0.34999999
0.017999999,293.14999,0,0.36000001
0.0185,293.14999,0,0.37
0.018999999,293.14999,0,0.38
0.0195,293.14999,0,0.38999999
0.02,293.14999,0,0.40000001
0.020500001,293.14999,0,0.41
0.021,293.14999,0,0.41999999
0.021500001,293.14999,0,0.43000001
0.022,293.14999,0,0.44
0.022500001,293.14999,0,0.44999999
0.023,293.14999,0,0.46000001
0.023499999,293.14999,0,0.47
0.024,293.14999,0,0.47999999
0.024499999,293.14999,0,0.49000001
0.025,293.14999,0,0.5
0.0255,293.14999,0,0.50999999
0.026000001,293.14999,0,0.51999998
0.0265,293.14999,0,0.52999997
0.027000001,293.14999,0,0.54000002
0.0275,293.14999,0,0.55000001
0.028000001,293.14999,0,0.56
0.0285,293.14999,0,0.56999999
0.028999999,293.14999,0,0.57999998
0.0295,293.14999,0,0.58999997
0.029999999,293.14999,0,0.60000002
0.0305,293.14999,0,0.61000001
0.030999999,293.14999,0,0.62
0.031500001,293.14999,0,0.63
0.032000002,293.14999,0,0.63999999
0.032499999,293.14999,0,0.64999998
0.033,293.14999,0,0.66000003
0.033500001,293.14999,0,0.67000002
0.034000002,293.14999,0,0.68000001
0.034499999,293.14999,0,0.69
0.035,293.14999,0,0.69999999
0.035500001,293.14999,0,0.70999998
0.035999998,293.14999,0,0.72000003
0.036499999,293.14999,0,0.73000002
0.037,293.14999,0,0.74000001
0.037500001,293.14999,0,0.75
0.037999999,293.14999,0,0.75999999
0.0385,293.14999,0,0.76999998
0.039000001,293.14999,0,0.77999997
0.039500002,293.14999,0,0.79000002
0.039999999,293.14999,0,0.80000001
0.0405,293.14999,0,0.81
0.041000001,293.14999,0,0.81999999
0.041499998,293.14999,0,0.82999998
0.041999999,293.14999,0,0.83999997
0.0425,293.14999,0,0.85000002
0.043000001,293.14999,0,0.86000001
0.043499999,293.14999,0,0.87
0.044,293.14999,0,0.88
0.044500001,293.14999,0,0.88999999
0.045000002,293.14999,0,0.89999998
0.045499999,293.14999,0,0.91000003
0.046,293.14999,0,0.92000002
0.046500001,293.14999,0,0.93000001
0.046999998,293.14999,0,0.94
0.047499999,293.14999,0,0.94999999
0.048,293.14999,0,0.95999998
0.048500001,293.14999,0,0.97000003
0.048999999,293.14999,0,0.98000002
0.0495,293.14999,0,0.99000001
0.050000001,293.14999,0,1
0.050500002,293.14999,0,1.01
0.050999999,293.14999,0,1.02
0.0515,293.14999,0,1.03
0.052000001,293.14999,0,1.04
0.052499998,293.14999,0,1.05
0.052999999,293.14999,0,1.0599999
0.0535,293.14999,0,1.0700001
0.054000001,293.14999,0,1.08
0.054499999,293.14999,0,1.09
0.055,293.14999,0,1.1
0.055500001,293.14999,0,1.11
0.056000002,293.14999,0,1.12
0.056499999,293.14999,0,1.13
0.057,293.14999,0,1.14
0.057500001,293.14999,0,1.15
0.057999998,293.14999,0,1.16
0.058499999,293.14999,0,1.17
0.059,293.14999,0,1.1799999
0.059500001,293.14999,0,1.1900001
0.059999999,293.14999,0,1.2
0.0605,293.14999,0,1.21
0.061000001,293.14999,0,1.22
0.061500002,293.14999,0,1.23
0.061999999,293.14999,0,1.24
0.0625,293.14999,0,1.25
0.063000001,293.14999,0,1.26
0.063500002,293.14999,0,1.27
0.064000003,293.14999,0,1.28
0.064499997,293.14999,0,1.29
0.064999998,293.14999,0,1.3
0.065499999,293.14999,0,1.3099999
0.066,293.14999,0,1.3200001
0.066500001,293.14999,0,1.33
0.067000002,293.14999,0,1.34
0.067500003,293.14999,0,1.35
0.068000004,293.14999,0,1.36
0.068499997,293.14999,0,1.37
0.068999998,293.14999,0,1.38
0.069499999,293.14999,0,1.39
0.07,293.14999,0,1.4
0.070500001,293.14999,0,1.41
0.071000002,293.14999,0,1.42
0.071500003,293.14999,0,1.4299999
0.071999997,293.14999,0,1.4400001
0.072499998,293.14999,0,1.45
0.072999999,293.14999,0,1.46
0.0735,293.14999,0,1.47
0.074000001,293.14999,0,1.48
0.074500002,293.14999,0,1.49
0.075000003,293.14999,0,1.5
0.075499997,293.14999,0,1.51
0.075999998,293.14999,0,1.52
0.076499999,293.14999,0,1.53
0.077,293.14999,0,1.54
0.077500001,293.14999,0,1.55
0.078000002,293.14999,0,1.5599999
0.078500003,293.14999,0,1.5700001
0.079000004,293.14999,0,1.58
0.079499997,293.14999,0,1.59
0.079999998,293.14999,0,1.6
0.080499999,293.14999,0,1.61
0.081,293.14999,0,1.62
0.081500001,293.14999,0,1.63
0.082000002,293.14999,0,1.64
0.082500003,293.14999,0,1.65
0.082999997,293.14999,0,1.66
0.083499998,293.14999,0,1.67
0.083999999,293.14999,0,1.6799999
0.0845,293.14999,0,1.6900001
0.085000001,293.14999,0,1.7
0.085500002,293.14999,0,1.71
0.086000003,293.14999,0,1.72
0.086499996,293.14999,0,1.73
0.086999997,293.14999,0,1.74
0.087499999,293.14999,0,1.75
0.088,293.14999,0,1.76
0.088500001,293.14999,0,1.77
0.089000002,293.14999,0,1.78
0.089500003,293.14999,0,1.79
0.090000004,293.14999,0,1.8
0.090499997,293.14999,0,1.8099999
0.090999998,293.14999,0,1.8200001
0.091499999,293.14999,0,1.83
0.092,293.14999,0,1.84
0.092500001,293.14999,0,1.85
0.093000002,293.14999,0,1.86
0.093500003,293.14999,0,1.87
0.093999997,293.14999,0,1.88
0.094499998,293.14999,0,1.89
0.094999999,293.14999,0,1.9
0.0955,293.14999,0,1.91
0.096000001,293.14999,0,1.92
0.096500002,293.14999,0,1.9299999
0.097000003,293.14999,0,1.9400001
0.097499996,293.14999,0,1.95
0.097999997,293.14999,0,1.96
0.098499998,293.14999,0,1.97
0.098999999,293.14999,0,1.98
0.0995,293.14999,0,1.99
0.1,293.14999,0,2
0.1005,293.14999,0.039999999,2.01
0.101,293.15005,0.16000001,2.02
0.1015,293.15018,0.36000007,2.03
0.102,293.15042,0.64000034,2.04
0.1025,293.15085,1.0000011,2.05
0.103,293.15143,1.4400028,2.0599999
0.1035,293.15228,1.9600061,2.0699999
0.104,293.15341,2.5600119,2.0799997
0.1045,293.15485,3.2400212,2.0899997
0.105,293.15668,4.0000362,2.0999994
0.1055,293.15887,4.8400578,2.1099992
0.106,293.16153,5.7600899,2.1199989
0.1065,293.16464,6.7601337,2.1299984
0.107,293.1683,7.8401937,2.139998
0.1075,293.17252,9.0002737,2.1499975
0.108,293.17731,10.240377,2.1599967
0.1085,293.18274,11.560512,2.169996
0.109,293.18887,12.960681,2.1799948
0.1095,293.19574,14.440892,2.1899936
0.11,293.20334,16.001152,2.1999922
0.1105,293.21173,17.641472,2.2099907
0.111,293.22098,19.361856,2.2199888
0.1115,293.23111,21.162317,2.2299869
0.112,293.24216,23.042868,2.2399845
0.1125,293.25418,25.003515,2.2499821
0.113,293.26718,27.044277,2.2599792
0.1135,293.28125,29.165163,2.2699759
0.114,293.29636,31.366192,2.2799723
0.1145,293.31262,33.647377,2.2899683
0.115,293.33002,36.008739,2.2999637
0.1155,293.34863,38.450294,2.3099589
0.116,293.3685,40.972061,2.3199534
0.1165,293.38962,43.574062,2.3299477
0.117,293.41208,46.256321,2.3399413
0.1175,293.43591,49.01886,2.3499343
0.118,293.46112,51.861706,2.3599267
0.1185,293.48776,54.784885,2.3699183
0.119,293.51593,57.788422,2.3799093
0.1195,293.54559,60.872353,2.3898997
0.12,293.57681,64.036705,2.3998892
0.1205,293.60965,67.281509,2.409878
0.121,293.6441,70.606796,2.4198661
0.1215,293.68027,74.012619,2.429853
0.122,293.71814,77.498993,2.4398391
0.1225,293.75778,81.065971,2.4498241
0.123,293.79922,84.713593,2.4598083
0.1235,293.8425,88.441902,2.4697914
0.124,293.88766,92.250938,2.4797733
0.1245,293.93478,96.140747,2.489754
0.125,293.98383,100.11137,2.4997337
0.12549999,294.03491,104.16288,2.5097122
0.126,294.08801,108.29531,2.5196893
0.1265,294.14322,112.50871,2.529665
0.127,294.20053,116.80315,2.5396392
0.1275,294.26004,121.17868,2.549612
0.12800001,294.32175,125.63536,2.5595834
0.1285,294.38568,130.17325,2.5695534
0.12899999,294.45193,134.7924,2.5795214
0.1295,294.52051,139.49289,2.589488
0.13,294.59143,144.2748,2.5994527
0.1305,294.66479,149.13815,2.6094158
0.131,294.7406,154.08307,2.6193767
0.13150001,294.81888,159.10959,2.6293359
0.132,294.89972,164.21779,2.6392932
0.13249999,294.98312,169.40776,2.6492481
0.133,295.06915,174.67957,2.6592011
0.13349999,295.15781,180.03329,2.669152
0.134,295.24918,185.46902,2.6791005
0.1345,295.34329,190.98683,2.6890466
0.13500001,295.44019,196.58681,2.6989906
0.1355,295.53992,202.26903,2.7089319
0.13600001,295.64249,208.0336,2.7188706
0.1365,295.74796,213.8806,2.7288067
0.13699999,295.85638,219.81012,2.7387404
0.1375,295.96777,225.82225,2.7486711
0.138,296.08221,231.91708,2.758599
0.13850001,296.19971,238.09471,2.7685239
0.139,296.32031,244.35526,2.778446
0.13950001,296.44409,250.69879,2.7883646
0.14,296.57104,257.1254,2.7982805
0.14049999,296.70123,263.63522,2.808193
0.141,296.83469,270.22836,2.8181021
0.1415,296.97147,276.90488,2.8280077
0.142,297.1116,283.66489,2.8379099
0.1425,297.25516,290.50851,2.8478086
0.14300001,297.40213,297.43582,2.8577037
0.1435,297.55261,304.44696,2.867595
0.14399999,297.7066,311.54202,2.8774822
0.1445,297.86417,318.72113,2.8873656
0.145,298.02533,325.98434,2.8972452
0.1455,298.19016,333.33179,2.9071205
0.146,298.35867,340.76358,2.9169915
0.14650001,298.53094,348.27982,2.9268582
0.147,298.70697,355.88062,2.9367204
0.14749999,298.88684,363.56607,2.9465783
0.148,299.07056,371.33627,2.9564314
0.1485,299.25818,379.19135,2.96628
0.149,299.44977,387.13138,2.9761236
0.1495,299.64532,395.15649,2.9859624
0.15000001,299.84494,403.26675,2.9957962
0.1505,300.04861,411.46228,3.0056248
0.15099999,300.25641,419.74316,3.0154481
0.1515,300.46835,428.1095,3.0252662
0.152,300.68454,436.56134,3.0350788
0.1525,300.90494,445.09885,3.0448856
0.153,301.12964,453.72205,3.054687
0.15350001,301.35867,462.43103,3.0644827
0.154,301.59207,471.22589,3.0742724
0.15449999,301.82993,480.10672,3.0840559
0.155,302.0722,489.07352,3.0938334
0.15549999,302.319,498.12643,3.1036046
0.156,302.57034,507.26544,3.1133695
0.1565,302.82626,516.49066,3.1231279
0.15700001,303.08685,525.80212,3.1328797
0.1575,303.35208,535.19989,3.1426246
0.15800001,303.62204,544.68396,3.1523628
0.1585,303.89679,554.25439,3.1620939
0.15899999,304.1763,563.91119,3.171818
0.1595,304.46069,573.65442,3.1815348
0.16,304.74997,583.48401,3.1912441
0.1605,305.04419,593.40002,3.2009461
0.161,305.34335,603.4024,3.2106404
0.16150001,305.64758,613.49115,3.2203267
0.162,305.95685,623.6662,3.2300053
0.16249999,306.27124,633.92761,3.2396758
0.163,306.59079,644.27521,3.2493382
0.1635,306.9155,654.70905,3.258992
0.164,307.24548,665.22894,3.2686374
0.1645,307.58072,675.8349,3.2782743
0.16500001,307.9213,686.52673,3.2879024
0.1655,308.26724,697.30438,3.2975214
0.16599999,308.61859,708.16772,3.3071315
0.1665,308.97537,719.11652,3.3167324
0.167,309.33768,730.15076,3.3263237
0.1675,309.70551,741.27014,3.3359058
0.168,310.07892,752.47449,3.3454781
0.16850001,310.45795,763.76361,3.3550406
0.169,310.84265,775.13727,3.364593
0.16949999,311.23306,786.59515,3.3741353
0.17,311.62921,798.13708,3.3836672
0.1705,312.03119,809.7627,3.393189
0.171,312.43896,821.47174,3.4026997
0.1715,312.85266,833.26373,3.4122
0.17200001,313.27222,845.13837,3.421689
0.1725,313.69775,857.09528,3.4311669
0.17299999,314.12927,869.13397,3.4406335
0.1735,314.56683,881.25409,3.4500887
0.17399999,315.01047,893.45508,3.4595323
0.1745,315.46024,905.73645,3.4689641
0.175,315.91614,918.0976,3.4783838
0.17550001,316.37827,930.53809,3.4877913
0.176,316.84662,943.05719,3.4971864
0.17649999,317.32126,955.65436,3.5065689
0.177,317.80222,968.3288,3.5159388
0.17749999,318.28955,981.0799,3.5252957
0.178,318.78326,993.9068,3.5346394
0.1785,319.28345,1006.8088,3.5439699
0.17900001,319.79007,1019.785,3.5532868
0.1795,320.30319,1032.8346,3.5625901
0.18000001,320.82285,1045.9564,3.5718796
0.1805,321.34909,1059.1498,3.5811548
0.18099999,321.88193,1072.4136,3.590416
0.1815,322.42142,1085.7467,3.5996625
0.182,322.96759,1099.1481,3.6088943
0.1825,323.52048,1112.6165,3.6181114
0.183,324.08014,1126.1508,3.6273131
0.18350001,324.64658,1139.7495,3.6364996
0.184,325.21985,1153.4115,3.6456709
0.18449999,325.79996,1167.1354,3.6548262
0.185,326.38693,1180.9196,3.6639655
0.1855,326.98087,1194.7626,3.6730886
0.186,327.58173,1208.6628,3.6821954
0.1865,328.18951,1222.6187,3.6912856
0.18700001,328.80429,1236.6284,3.7003591
0.1875,329.42606,1250.6902,3.7094154
0.18799999,330.05487,1264.8022,3.7184544
0.1885,330.69077,1278.9625,3.7274759
0.189,331.33374,1293.1692,3.7364798
0.1895,331.98386,1307.4199,3.7454658
0.19,332.64108,1321.7128,3.7544334
0.19050001,333.30548,1336.0453,3.7633824
0.191,333.97705,1350.4153,3.7723129
0.19149999,334.65585,1364.8202,3.7812245
0.192,335.34186,1379.2577,3.790117
0.1925,336.0351,1393.7251,3.79899
0.193,336.7356,1408.2196,3.8078434
0.1935,337.44327,1422.7386,3.8166769
0.19400001,338.15823,1437.2791,3.8254902
0.1945,338.88046,1451.8381,3.8342831
0.19499999,339.60995,1466.4126,3.8430552
0.1955,340.34677,1480.9993,3.8518066
0.19599999,341.09085,1495.595,3.8605368
0.1965,341.84225,1510.1962,3.8692455
0.197,342.60098,1524.7994,3.8779325
0.19750001,343.367,1539.4012,3.8865976
0.198,344.14035,1553.9976,3.8952403
0.19850001,344.92099,1568.5848,3.9038606
0.199,345.70892,1583.1588,3.9124582
0.19949999,346.50418,1597.7157,3.9210327
0.2,347.3067,1612.2511,3.9295838
0.2005,348.11243,1610.6227,3.9381113
0.20100001,348.9173,1608.9358,3.9466152
0.2015,349.72131,1607.1903,3.9550953
0.20200001,350.52441,1605.3862,3.9635518
0.2025,351.3266,1603.5236,3.9719846
0.20299999,352.12787,1601.6022,3.9803934
0.2035,352.92813,1599.6222,3.9887786
0.204,353.72739,1597.5833,3.9971397
0.2045,354.5256,1595.4857,4.005477
0.205,355.32278,1593.3292,4.0137901
0.20550001,356.11887,1591.1141,4.0220795
0.206,356.91382,1588.8402,4.030345
0.20649999,357.70764,1586.5076,4.0385861
0.207,358.50027,1584.1162,4.0468035
0.2075,359.29172,1581.6663,4.0549965
0.208,360.08191,1579.1577,4.0631652
0.2085,360.87085,1576.5907,4.07131
0.20900001,361.65851,1573.9652,4.0794306
0.2095,362.44482,1571.2815,4.0875268
0.20999999,363.22977,1568.5396,4.0955987
0.2105,364.01337,1565.7394,4.1036463
0.211,364.7955,1562.8813,4.1116695
0.2115,365.57623,1559.9655,4.119668
0.212,366.35547,1556.9919,4.1276426
0.21250001,367.13321,1553.9609,4.1355925
0.213,367.90942,1550.8724,4.143518
0.21349999,368.68408,1547.7269,4.1514192
0.214,369.45715,1544.5244,4.1592956
0.2145,370.22861,1541.2651,4.1671476
0.215,370.99841,1537.9493,4.1749749
0.2155,371.76657,1534.5773,4.1827779
0.21600001,372.53302,1531.1492,4.190556
0.2165,373.29773,1527.6653,4.1983094
0.21699999,374.0607,1524.1257,4.2060385
0.2175,374.82187,1520.531,4.2137427
0.21799999,375.58124,1516.8813,4.2214222
0.2185,376.33878,1513.1769,4.2290769
0.219,377.09445,1509.4182,4.2367067
0.21950001,377.84824,1505.6053,4.2443123
0.22,378.60007,1501.7388,4.2518926
0.22050001,379.34998,1497.8188,4.2594481
0.221,380.09793,1493.8458,4.2669792
0.22149999,380.84384,1489.8201,4.2744851
0.222,381.58774,1485.7421,4.2819662
0.2225,382.32962,1481.6122,4.2894225
0.223,383.0694,1477.4308,4.296854
0.2235,383.8071,1473.1984,4.3042603
0.22400001,384.54263,1468.9152,4.3116422
0.2245,385.27603,1464.5817,4.3189988
0.22499999,386.00723,1460.1982,4.3263307
0.2255,386.73624,1455.7655,4.3336372
0.226,387.46301,1451.2838,4.340919
0.2265,388.18756,1446.7538,4.348176
0.227,388.90982,1442.1757,4.3554082
0.22750001,389.62979,1437.55,4.3626151
0.228,390.34741,1432.8774,4.3697972
0.22849999,391.06268,1428.1583,4.3769541
0.229,391.7756,1423.3932,4.3840861
0.2295,392.48611,1418.5826,4.3911929
0.23,393.19421,1413.7272,4.3982754
0.2305,393.8999,1408.8273,4.4053326
0.23100001,394.60312,1403.8835,4.4123645
0.2315,395.30383,1398.8965,4.4193716
0.23199999,396.00204,1393.8667,4.4263535
0.2325,396.69772,1388.7948,4.4333105
0.233,397.39087,1383.6813,4.4402428
0.2335,398.08145,1378.5267,4.4471498
0.234,398.76947,1373.3319,4.4540319
0.23450001,399.45486,1368.0973,4.4608889
0.235,400.13763,1362.8235,4.467721
0.23549999,400.81775,1357.5111,4.4745283
0.236,401.49518,1352.1608,4.4813104
0.23649999,402.16992,1346.7732,4.4880676
0.237,402.84198,1341.3489,4.4947996
0.2375,403.51132,1335.8885,4.5015068
0.23800001,404.17792,1330.3928,4.5081892
0.2385,404.84174,1324.8624,4.5148468
0.23899999,405.50281,1319.298,4.5214791
0.2395,406.16107,1313.7001,4.5280867
0.23999999,406.81653,1308.0695,4.5346689
0.2405,407.46915,1302.4069,4.5412269
0.241,408.11893,1296.7128,4.5477595
0.24150001,408.76587,1290.988,4.5542679
0.242,409.40994,1285.2333,4.560751
0.24250001,410.05112,1279.4492,4.5672092
0.243,410.68939,1273.6366,4.5736427
0.24349999,411.32474,1267.796,4.5800514
0.244,411.95718,1261.9281,4.5864353
0.2445,412.58667,1256.0338,4.5927944
0.245,413.21323,1250.1136,4.5991287
0.2455,413.83679,1244.1683,4.6054382
0.24600001,414.45737,1238.1987,4.6117234
0.2465,415.07498,1232.2053,4.6179838
0.24699999,415.68958,1226.189,4.6242194
0.2475,416.30115,1220.1504,4.6304302
0.248,416.90973,1214.0903,4.6366167
0.2485,417.51523,1208.0094,4.6427789
0.249,418.11771,1201.9083,4.6489162
0.24950001,418.71713,1195.788,4.6550288
0.25,419.31351,1189.6488,4.6611171
0.25049999,419.9068,1183.4918,4.667181
0.25099999,420.49698,1177.3175,4.6732202
0.25150001,421.08411,1171.1268,4.679235
0.252,421.66812,1164.9203,4.685226
0.2525,422.24902,1158.6986,4.6911922
0.25299999,422.82681,1152.4626,4.697134
0.25350001,423.40149,1146.2131,4.7030516
0.25400001,423.97302,1139.9506,4.7089448
0.2545,424.54144,1133.6758,4.7148137
0.255,425.10669,1127.3896,4.7206588
0.25549999,425.66882,1121.0927,4.7264795
0.25600001,426.22778,1114.7855,4.732276
0.25650001,426.7836,1108.469,4.7380486
0.257,427.33624,1102.1438,4.7437968
0.25749999,427.88574,1095.8107,4.7495213
0.25799999,428.43207,1089.4702,4.7552218
0.25850001,428.97522,1083.1232,4.7608986
0.259,429.5152,1076.7703,4.766551
0.2595,430.05197,1070.4121,4.7721796
0.25999999,430.5856,1064.0494,4.7777848
0.26050001,431.11603,1057.6829,4.7833657
0.26100001,431.64328,1051.3131,4.7889233
0.2615,432.16733,1044.9409,4.794457
0.26199999,432.6882,1038.5668,4.7999673
0.26249999,433.2059,1032.1914,4.8054538
0.26300001,433.7204,1025.8156,4.8109164
0.26350001,434.23172,1019.4398,4.8163557
0.264,434.73984,1013.0647,4.8217716
0.26449999,435.24475,1006.6911,4.8271642
0.26499999,435.74652,1000.3195,4.8325334
0.26550001,436.24506,993.9505,4.8378787
0.266,436.74045,987.58484,4.8432012
0.2665,437.23264,981.22302,4.8485007
0.26699999,437.72165,974.86572,4.8537765
0.26750001,438.20749,968.51355,4.8590293
0.26800001,438.69016,962.16705,4.8642592
0.2685,439.16962,955.82684,4.8694658
0.26899999,439.64594,949.49353,4.8746495
0.26949999,440.11911,943.16766,4.8798103
0.27000001,440.58908,936.84985,4.8849483
0.2705,441.05594,930.54059,4.8900633
0.271,441.51959,924.24048,4.8951554
0.27149999,441.98013,917.95007,4.9002247
0.27200001,442.43753,911.66992,4.9052715
0.27250001,442.89178,905.40057,4.9102955
0.273,443.34293,899.14252,4.9152975
0.2735,443.79092,892.8963,4.9202762
0.27399999,444.23581,886.66241,4.9252329
0.27450001,444.67755,880.44135,4.9301672
0.27500001,445.11621,874.2337,4.9350791
0.2755,445.55179,868.03992,4.9399686
0.27599999,445.98425,861.86047,4.9448357
0.27649999,446.4136,855.69586,4.9496808
0.27700001,446.8399,849.54657,4.954504
0.2775,447.26315,843.41296,4.9593048
0.278,447.68332,837.29565,4.9640837
0.27849999,448.1004,831.19489,4.9688406
0.27900001,448.5145,825.11127,4.9735756
0.27950001,448.92551,819.04517,4.9782891
0.28,449.3335,812.99707,4.9829803
0.28049999,449.73849,806.96722,4.9876504
0.28099999,450.14047,800.95624,4.9922981
0.28150001,450.53943,794.96436,4.9969249
0.28200001,450.93542,788.992,5.0015297
0.2825,451.32843,783.03967,5.0061135
0.28299999,451.71844,777.10767,5.0106754
0.28349999,452.10553,771.19635,5.0152164
0.28400001,452.48965,765.30609,5.0197358
0.2845,452.87082,759.43726,5.0242338
0.285,453.24908,753.59015,5.0287113
0.28549999,453.62442,747.76514,5.0331669
0.28600001,453.99683,741.96259,5.0376019
0.28650001,454.36636,736.18268,5.042016
0.287,454.73303,730.4259,5.0464091
0.28749999,455.0968,724.69244,5.0507817
0.28799999,455.4577,718.9826,5.0551333
0.28850001,455.8158,713.29669,5.059464
0.289,456.17102,707.63501,5.0637741
0.2895,456.52344,701.99792,5.0680637
0.28999999,456.87302,696.38556,5.0723329
0.29049999,457.21982,690.79822,5.076582
0.29100001,457.56381,685.23621,5.0808101
0.2915,457.90506,679.69971,5.0850182
0.292,458.24353,674.18896,5.0892057
0.29249999,458.57925,668.70422,5.0933738
0.29300001,458.91223,663.24567,5.0975208
0.29350001,459.24252,657.8136,5.1016483
0.294,459.57007,652.40814,5.1057558
0.29449999,459.89493,647.02948,5.1098437
0.29499999,460.2171,641.67786,5.1139112
0.29550001,460.53662,636.35352,5.1179595
0.296,460.85345,631.05652,5.1219878
0.2965,461.16766,625.78711,5.1259961
0.29699999,461.47925,620.54547,5.1299853
0.29750001,461.78824,615.33173,5.133955
0.29800001,462.0946,610.14606,5.1379051
0.2985,462.39838,604.98853,5.1418362
0.29899999,462.69962,599.85938,5.1457477
0.29949999,462.99826,594.75867,5.1496401
0.30000001,463.29437,589.68658,5.153513
0.30050001,463.58795,584.64319,5.1573672
0.301,463.87903,579.62866,5.1612024
0.30149999,464.1676,574.64301,5.1650186
0.30199999,464.45367,569.68646,5.1688156
0.30250001,464.73727,564.75897,5.1725941
0.303,465.01843,559.86072,5.1763539
0.3035,465.29715,554.99182,5.1800952
0.30399999,465.57343,550.15222,5.1838179
0.30450001,465.84732,545.34216,5.1875215
0.30500001,466.11877,540.56158,5.1912074
0.3055,466.38788,535.81055,5.1948743
0.30599999,466.6546,531.08917,5.198523
0.30649999,466.91898,526.39752,5.2021537
0.30700001,467.181,521.73553,5.2057662
0.3075,467.4407,517.10333,5.2093606
0.308,467.69812,512.50092,5.2129369
0.30849999,467.95322,507.92831,5.2164955
0.30899999,468.20605,503.38556,5.2200356
0.30950001,468.4566,498.87268,5.2235584
0.31,468.70493,494.38968,5.2270632
0.3105,468.95102,489.93658,5.2305508
0.31099999,469.19489,485.51337,5.2340202
0.31150001,469.43652,481.12003,5.2374721
0.31200001,469.67599,476.75659,5.2409067
0.3125,469.9133,472.42303,5.2443242
0.31299999,470.14844,468.11932,5.2477241
0.31349999,470.38141,463.84546,5.2511067
0.31400001,470.61227,459.60141,5.2544723
0.3145,470.84103,455.38715,5.2578206
0.315,471.06769,451.20264,5.2611518
0.31549999,471.29224,447.04785,5.2644663
0.31600001,471.51474,442.92279,5.2677636
0.31650001,471.73517,438.82733,5.2710443
0.317,471.95358,434.76151,5.2743077
0.3175,472.16995,430.72522,5.277555
0.31799999,472.38431,426.71841,5.2807856
0.31850001,472.59668,422.74109,5.2839994
0.31900001,472.80707,418.79309,5.2871971
0.3195,473.01547,414.87445,5.2903781
0.31999999,473.22195,410.98505,5.2935429
0.32049999,473.42648,407.12482,5.2966914
0.32100001,473.62909,403.29367,5.2998238
0.3215,473.82977,399.49158,5.3029394
0.322,474.02859,395.71844,5.3060398
0.32249999,474.22549,391.97415,5.3091235
0.32300001,474.42056,388.25867,5.312192
0.32350001,474.61377,384.57187,5.3152442
0.324,474.80515,380.91367,5.3182807
0.32449999,474.99469,377.284,5.3213015
0.32499999,475.18243,373.68271,5.3243065
0.32550001,475.36838,370.10977,5.3272958
0.32600001,475.55255,366.56503,5.3302698
0.3265,475.73495,363.04843,5.3332286
0.32699999,475.91562,359.55984,5.3361716
0.32749999,476.09454,356.09912,5.3390994
0.32800001,476.27173,352.66623,5.3420119
0.3285,476.4472,349.26102,5.3449092
0.329,476.621,345.88336,5.3477917
0.32949999,476.79312,342.53317,5.3506589
0.33000001,476.96353,339.21033,5.3535113
0.33050001,477.13232,335.9147,5.3563485
0.331,477.29947,332.64618,5.3591714
0.33149999,477.465,329.4046,5.361979
0.33199999,477.62888,326.18991,5.3647723
0.33250001,477.7912,323.00192,5.3675508
0.333,477.9519,319.84055,5.3703146
0.3335,478.11102,316.70563,5.373064
0.33399999,478.26862,313.59708,5.3757987
0.33450001,478.42465,310.51471,5.3785195
0.33500001,478.57913,307.45844,5.3812256
0.3355,478.73212,304.4281,5.3839178
0.336,478.88358,301.42358,5.3865957
0.33649999,479.03354,298.44473,5.3892593
0.33700001,479.18201,295.49142,5.3919091
0.33750001,479.32904,292.56351,5.3945451
0.338,479.47458,289.66086,5.3971667
0.33849999,479.61871,286.78329,5.3997746
0.33899999,479.76138,283.93073,5.402369
0.33950001,479.90265,281.103,5.4049492
0.34,480.04251,278.29996,5.407516
0.3405,480.18094,275.52145,5.4100695
0.34099999,480.31802,272.76736,5.4126091
0.34150001,480.45374,270.03754,5.4151354
0.34200001,480.58807,267.33182,5.4176483
0.3425,480.72107,264.65005,5.4201479
0.34299999,480.85272,261.99213,5.4226341
0.34349999,480.98306,259.35785,5.425107
0.34400001,481.11209,256.7471,5.427567
0.34450001,481.23981,254.15974,5.4300137
0.345,481.36627,251.5956,5.4324474
0.34549999,481.49142,249.05453,5.4348683
0.34599999,481.61533,246.53641,5.4372764
0.34650001,481.73798,244.04105,5.4396715
0.347,481.85938,241.56831,5.4420538
0.3475,481.97955,239.11807,5.4444232
0.34799999,482.09848,236.69014,5.4467802
0.34850001,482.21625,234.28441,5.4491248
0.34900001,482.33279,231.90068,5.4514565
0.3495,482.44815,229.53885,5.4537759
0.34999999,482.56232,227.19873,5.4560828
0.35049999,482.67535,224.88019,5.4583778
0.35100001,482.7872,222.58307,5.46066
0.3515,482.89795,220.30722,5.4629302
0.352,483.00754,218.05251,5.465188
0.35249999,483.116,215.81874,5.4674339
0.35299999,483.22336,213.6058,5.4696679
0.35350001,483.32962,211.41354,5.47189
0.354,483.43478,209.24179,5.4740996
0.3545,483.53885,207.09041,5.4762979
0.35499999,483.64188,204.95924,5.4784842
0.35550001,483.74384,202.84816,5.4806585
0.35600001,483.84473,200.75699,5.4828215
0.3565,483.94458,198.68559,5.4849725
0.35699999,484.04343,196.63382,5.487112
0.35749999,484.14124,194.6015,5.4892402
0.35800001,484.23801,192.58852,5.4913568
0.3585,484.33383,190.59471,5.4934621
0.359,484.42862,188.61992,5.4955559
0.35949999,484.52243,186.66402,5.4976387
0.36000001,484.6153,184.72685,5.4997101
0.36050001,484.70718,182.80826,5.50177
0.361,484.7981,180.90811,5.503819
0.36149999,484.88809,179.02628,5.505857
0.36199999,484.97714,177.16257,5.507884
0.36250001,485.06525,175.31688,5.5099001
0.36300001,485.15247,173.48904,5.5119052
0.3635,485.23874,171.67894,5.5138993
0.36399999,485.32413,169.8864,5.515883
0.36449999,485.40863,168.1113,5.5178556
0.36500001,485.49225,166.35347,5.5198178
0.3655,485.57501,164.61279,5.521769
0.366,485.65686,162.88913,5.5237103
0.36649999,485.73788,161.18233,5.5256405
0.36700001,485.81805,159.49225,5.5275602
0.36750001,485.8974,157.81877,5.52947
0.368,485.97589,156.16173,5.5313687
0.36849999,486.05356,154.521,5.5332575
0.36899999,486.1304,152.89644,5.5351362
0.36950001,486.20645,151.28793,5.5370045
0.37,486.28171,149.69531,5.5388627
0.3705,486.35614,148.11847,5.5407109
0.37099999,486.42981,146.55725,5.5425491
0.37149999,486.50272,145.01152,5.5443769
0.37200001,486.57483,143.48117,5.546195
0.3725,486.64621,141.96603,5.5480032
0.373,486.7168,140.466,5.5498018
0.37349999,486.78668,138.98094,5.5515904
0.37400001,486.8558,137.51073,5.553369
0.37450001,486.92419,136.05521,5.5551381
0.375,486.99185,134.61427,5.5568976
0.37549999,487.05881,133.18779,5.5586476
0.37599999,487.12503,131.77562,5.5603881
0.37650001,487.19058,130.37766,5.562119
0.377,487.25543,128.99376,5.5638404
0.3775,487.31958,127.62382,5.5655527
0.37799999,487.38306,126.26768,5.5672555
0.37850001,487.44583,124.92525,5.5689487
0.37900001,487.50797,123.59639,5.5706329
0.3795,487.56946,122.28098,5.5723081
0.38,487.63025,120.9789,5.5739737
0.38049999,487.69043,119.69003,5.5756307
0.38100001,487.74994,118.41426,5.5772781
0.38150001,487.80884,117.15145,5.578917
0.382,487.8671,115.9015,5.5805464
0.38249999,487.92474,114.66428,5.5821671
0.38299999,487.98178,113.43967,5.5837793
0.38350001,488.03818,112.22758,5.5853825
0.384,488.09399,111.02786,5.5869765
0.3845,488.14923,109.84042,5.5885625
0.38499999,488.20386,108.66514,5.5901394
0.38550001,488.25787,107.50191,5.5917077
0.38600001,488.31134,106.3506,5.5932674
0.3865,488.36423,105.21112,5.5948181
0.38699999,488.41656,104.08336,5.5963612
0.38749999,488.46832,102.96719,5.5978951
0.38800001,488.51953,101.86252,5.599421
0.38850001,488.57019,100.76924,5.6009383
0.389,488.6203,99.687233,5.6024475
0.38949999,488.66989,98.616402,5.6039481
0.38999999,488.71893,97.556633,5.6054406
0.39050001,488.76743,96.507828,5.606925
0.391,488.81543,95.469879,5.6084013
0.3915,488.86292,94.442688,5.6098695
0.39199999,488.90988,93.426147,5.6113296
0.39250001,488.95633,92.420151,5.6127815
0.39300001,489.00229,91.424606,5.6142254
0.3935,489.04776,90.439415,5.6156616
0.39399999,489.09274,89.46447,5.6170897
0.39449999,489.13724,88.499672,5.6185102
0.39500001,489.18124,87.54493,5.6199226
0.3955,489.22479,86.600143,5.6213279
0.396,489.26785,85.665215,5.6227245
0.39649999,489.31046,84.740051,5.624114
0.39700001,489.3526,83.824554,5.6254959
0.39750001,489.39426,82.918633,5.6268702
0.398,489.43552,82.022194,5.6282363
0.3985,489.47629,81.135147,5.6295958
0.39899999,489.51663,80.257393,5.6309471
0.39950001,489.55655,79.388847,5.6322913
0.40000001,489.59604,78.529419,5.6336279
0.4005,489.63507,77.679016,5.6349573
0.40099999,489.67371,76.837547,5.6362791
0.40149999,489.71191,76.004929,5.6375942
0.40200001,489.74973,75.181076,5.6389017
0.4025,489.78711,74.365898,5.640202
0.403,489.8241,73.559311,5.6414948
0.40349999,489.86066,72.76123,5.6427808
0.40400001,489.89685,71.971565,5.6440597
0.40450001,489.93265,71.190239,5.6453319
0.405,489.96805,70.417175,5.6465964
0.40549999,490.00305,69.652275,5.6478543
0.40599999,490.03769,68.895462,5.6491051
0.40650001,490.07196,68.146667,5.6503491
0.40700001,490.10583,67.405792,5.6515865
0.4075,490.13937,66.672775,5.6528168
0.40799999,490.17252,65.947525,5.6540403
0.40849999,490.20532,65.229965,5.6552567
0.40900001,490.23776,64.520027,5.656467
0.4095,490.26984,63.817627,5.6576705
0.41,490.30157,63.122692,5.6588669
0.41049999,490.33295,62.435143,5.6600571
0.41100001,490.36401,61.75491,5.6612406
0.41150001,490.39471,61.081913,5.6624174
0.412,490.42508,60.416084,5.663588
0.41249999,490.45514,59.757347,5.664752
0.41299999,490.48483,59.105633,5.6659098
0.41350001,490.51422,58.460869,5.6670609
0.414,490.5433,57.822983,5.6682057
0.4145,490.57205,57.191906,5.6693439
0.41499999,490.60049,56.56757,5.6704764
0.41549999,490.62863,55.949905,5.6716022
0.41600001,490.65646,55.338844,5.6727219
0.4165,490.68396,54.734322,5.6738353
0.417,490.71118,54.136265,5.6749425
0.41749999,490.7381,53.544613,5.676044
0.41800001,490.76474,52.959293,5.6771388
0.41850001,490.79108,52.380249,5.6782279
0.419,490.81711,51.807415,5.6793108
0.41949999,490.84286,51.240719,5.680388
0.41999999,490.86835,50.680107,5.681459
0.42050001,490.89355,50.125511,5.6825242
0.421,490.91849,49.57687,5.6835833
0.4215,490.94315,49.034122,5.6846366
0.42199999,490.9675,48.497211,5.6856842
0.42250001,490.99164,47.966072,5.6867261
0.42300001,491.01547,47.440647,5.6877618
0.4235,491.03906,46.920876,5.6887922
0.42399999,491.06241,46.406696,5.6898165
0.42449999,491.08548,45.89806,5.6908355
0.42500001,491.10831,45.394901,5.6918483
0.42550001,491.13086,44.897163,5.6928558
0.426,491.1532,44.404793,5.6938581
0.42649999,491.17529,43.917736,5.6948543
0.42699999,491.19711,43.435932,5.6958451
0.42750001,491.21872,42.959328,5.6968307
0.428,491.24008,42.487869,5.6978106
0.4285,491.2612,42.021507,5.6987853
0.42899999,491.2821,41.560181,5.6997542
0.42950001,491.30276,41.103844,5.7007179
0.43000001,491.32321,40.652439,5.7016764
0.4305,491.34341,40.205917,5.7026291
0.43099999,491.3634,39.764229,5.703577
0.43149999,491.38318,39.32732,5.7045197
0.43200001,491.40274,38.895142,5.7054567
0.4325,491.42209,38.467644,5.706389
0.433,491.44119,38.044777,5.7073159
0.43349999,491.46011,37.626495,5.7082376
0.43399999,491.47882,37.212749,5.7091541
0.43450001,491.49734,36.80349,5.7100658
0.435,491.51562,36.39867,5.7109723
0.4355,491.53372,35.998241,5.7118735
0.43599999,491.55164,35.602161,5.71277
0.43650001,491.56934,35.210381,5.7136617
0.43700001,491.58685,34.822857,5.7145481
0.4375,491.60416,34.439541,5.7154298
0.43799999,491.62128,34.060394,5.7163062
0.43849999,491.63821,33.685368,5.7171783
0.43900001,491.65497,33.314419,5.7180452
0.4395,491.67154,32.947506,5.7189074
0.44,491.68793,32.584583,5.7197647
0.44049999,491.70413,32.225609,5.7206173
0.44100001,491.72015,31.870546,5.7214651
0.44150001,491.73599,31.519348,5.7223082
0.442,491.75168,31.171974,5.7231469
0.4425,491.76715,30.828386,5.7239804
0.44299999,491.7825,30.488543,5.7248096
0.44350001,491.79767,30.152403,5.7256341
0.44400001,491.81265,29.819927,5.7264543
0.4445,491.82748,29.491077,5.7272696
0.44499999,491.84213,29.165815,5.7280807
0.44549999,491.85663,28.844103,5.7288871
0.44600001,491.87097,28.525902,5.7296891
0.4465,491.88516,28.211172,5.7304864
0.447,491.8992,27.899881,5.7312794
0.44749999,491.91306,27.59199,5.7320681
0.44800001,491.92679,27.28746,5.732852
0.44850001,491.94037,26.986258,5.7336321
0.449,491.95377,26.688349,5.7344074
0.44949999,491.96704,26.393696,5.7351789
0.44999999,491.98016,26.102264,5.7359457
0.45050001,491.99313,25.81402,5.7367082
0.45100001,492.00598,25.528929,5.7374668
0.4515,492.01868,25.246956,5.7382207
0.45199999,492.03122,24.968069,5.7389708
0.45249999,492.04364,24.692236,5.7397165
0.45300001,492.05591,24.41942,5.7404585
0.4535,492.06805,24.149593,5.7411957
0.454,492.08008,23.882721,5.7419291
0.45449999,492.09195,23.618773,5.7426586
0.45500001,492.1037,23.357716,5.7433839
0.45550001,492.1153,23.09952,5.7441053
0.456,492.1268,22.844154,5.7448225
0.45649999,492.13815,22.591587,5.7455359
0.45699999,492.14938,22.341791,5.7462449
0.45750001,492.16049,22.094732,5.7469501
0.458,492.17148,21.850386,5.7476516
0.4585,492.18234,21.608717,5.7483492
0.45899999,492.19308,21.369703,5.7490425
0.45950001,492.2037,21.13331,5.7497325
0.46000001,492.21423,20.899513,5.7504182
0.4605,492.22461,20.668282,5.7511005
0.461,492.23489,20.43959,5.7517786
0.46149999,492.24506,20.213409,5.7524533
0.46200001,492.2551,19.989714,5.7531242
0.46250001,492.26505,19.768476,5.7537909
0.463,492.27487,19.549669,5.7544541
0.46349999,492.28458,19.333265,5.7551141
0.46399999,492.29419,19.119242,5.7557697
0.46450001,492.30371,18.90757,5.756422
0.465,492.31311,18.698225,5.757071
0.4655,492.32242,18.491184,5.7577157
0.46599999,492.3316,18.286419,5.7583575
0.46650001,492.3407,18.083906,5.7589951
0.46700001,492.3497,17.883621,5.7596292
0.4675,492.35858,17.685539,5.7602601
0.46799999,492.36737,17.489639,5.7608876
0.46849999,492.37607,17.295893,5.7615113
0.46900001,492.38467,17.10428,5.7621317
0.46950001,492.39316,16.914778,5.7627482
0.47,492.40158,16.727362,5.7633619
0.47049999,492.40991,16.542009,5.7639718
0.47099999,492.41812,16.3587,5.7645783
0.47150001,492.42627,16.177408,5.7651815
0.472,492.4343,15.998114,5.7657814
0.4725,492.44226,15.820795,5.7663779
0.47299999,492.45013,15.645431,5.7669711
0.47350001,492.45792,15.471998,5.767561
0.47400001,492.46561,15.300478,5.7681475
0.4745,492.47321,15.130849,5.7687306
0.47499999,492.48071,14.963089,5.769311
0.47549999,492.48816,14.79718,5.7698879
0.47600001,492.49551,14.633101,5.7704616
0.4765,492.50281,14.47083,5.7710319
0.477,492.50998,14.31035,5.7715988
0.47749999,492.51712,14.151641,5.7721629
0.47799999,492.52414,13.994682,5.7727242
0.47850001,492.5311,13.839456,5.7732816
0.479,492.53799,13.685943,5.7738366
0.4795,492.5448,13.534123,5.7743878
0.47999999,492.55151,13.383981,5.7749367
0.48050001,492.55817,13.235495,5.7754822
0.48100001,492.56476,13.088649,5.7760243
0.4815,492.57126,12.943424,5.7765636
0.48199999,492.5777,12.799803,5.7771001
0.48249999,492.58405,12.657768,5.7776337
0.48300001,492.59033,12.517302,5.7781639
0.4835,492.59656,12.378387,5.7786913
0.484,492.60272,12.241008,5.7792158
0.48449999,492.6088,12.105146,5.7797375
0.48500001,492.61484,11.970786,5.7802563
0.48550001,492.62079,11.83791,5.7807722
0.486,492.62665,11.706503,5.7812848
0.48649999,492.63248,11.576549,5.781795
0.48699999,492.63824,11.44803,5.7823024
0.48750001,492.64392,11.320933,5.7828069
0.48800001,492.64954,11.195241,5.783308
0.4885,492.65512,11.070939,5.7838068
0.48899999,492.66061,10.948011,5.7843027
0.48949999,492.66605,10.826444,5.7847962
0.49000001,492.67145,10.70622,5.7852864
0.4905,492.67676,10.587326,5.7857742
0.491,492.68201,10.469748,5.7862592
0.49149999,492.68723,10.353471,5.7867417
0.49200001,492.69238,10.23848,5.7872214
0.49250001,492.69745,10.124762,5.7876983
0.493,492.70248,10.012301,5.7881722
0.49349999,492.70746,9.9010859,5.7886443
0.49399999,492.71237,9.7911005,5.789113
0.49450001,492.71725,9.6823339,5.7895794
0.495,492.72208,9.5747709,5.7900434
0.4955,492.72681,9.4683981,5.7905045
0.49599999,492.73154,9.363204,5.7909632
0.49649999,492.73618,9.2591743,5.791419
0.49700001,492.74078,9.1562958,5.7918725
0.4975,492.74533,9.0545578,5.7923236
0.498,492.74985,8.9539461,5.7927723
0.49849999,492.75427,8.8544483,5.7932181
0.49900001,492.7587,8.756053,5.7936616
0.49950001,492.76303,8.6587477,5.7941027
0.5,492.76733,8.56252,5.7945409
0.50050002,492.77161,8.4673595,5.7949772
0.50099999,492.77582,8.3732519,5.7954106
0.50150001,492.77997,8.2801876,5.7958422
0.50199997,492.78409,8.1881552,5.7962708
0.5025,492.78815,8.0971422,5.7966971
0.50300002,492.79218,8.0071373,5.7971215
0.50349998,492.79614,7.9181309,5.797543
0.50400001,492.80008,7.8301105,5.7979622
0.50449997,492.80399,7.7430663,5.7983794
0.505,492.80783,7.6569867,5.7987938
0.50550002,492.81161,7.5718613,5.7992063
0.50599998,492.8154,7.4876795,5.7996163
0.50650001,492.81912,7.4044313,5.800024
0.50700003,492.82278,7.3221064,5.8004298
0.50749999,492.82642,7.2406945,5.8008327
0.50800002,492.83002,7.1601849,5.8012338
0.50849998,492.83359,7.0805683,5.8016324
0.509,492.8371,7.0018349,5.8020291
0.50950003,492.84058,6.923975,5.8024235
0.50999999,492.84402,6.8469782,5.8028154
0.51050001,492.84741,6.7708359,5.8032055
0.51099998,492.85077,6.695538,5.8035932
0.5115,492.8541,6.6210756,5.8039784
0.51200002,492.85739,6.5474391,5.8043618
0.51249999,492.86066,6.4746199,5.8047433
0.51300001,492.86386,6.4026084,5.8051224
0.51349998,492.86707,6.3313956,5.8054996
0.514,492.87021,6.2609735,5.8058743
0.51450002,492.87332,6.1913333,5.8062472
0.51499999,492.87637,6.1224656,5.8066177
0.51550001,492.87943,6.0543628,5.8069868
0.51599997,492.88245,5.9870157,5.807353
0.5165,492.88541,5.9204159,5.8077178
0.51700002,492.88834,5.8545556,5.8080802
0.51749998,492.89127,5.7894263,5.8084407
0.51800001,492.89413,5.7250199,5.8087993
0.51849997,492.89697,5.6613288,5.8091559
0.51899999,492.89978,5.5983448,5.8095102
0.51950002,492.90256,5.5360603,5.8098626
0.51999998,492.90533,5.4744668,5.8102131
0.5205,492.90805,5.4135575,5.8105621
0.52100003,492.91074,5.3533249,5.8109083
0.52149999,492.91339,5.2937608,5.8112531
0.52200001,492.91602,5.2348585,5.8115959
0.52249998,492.91861,5.17661,5.8119369
0.523,492.9212,5.1190085,5.8122759
0.52350003,492.92374,5.0620465,5.812613
0.52399999,492.92624,5.0057178,5.8129482
0.52450001,492.92874,4.9500141,5.8132815
0.52499998,492.93118,4.8949294,5.8136129
0.5255,492.93362,4.8404565,5.8139424
0.52600002,492.93604,4.7865887,5.8142705
0.52649999,492.93842,4.7333198,5.8145962
0.52700001,492.94077,4.6806421,5.8149204
0.52749997,492.94308,4.6285496,5.8152428
0.528,492.9454,4.5770364,5.8155632
0.52850002,492.94766,4.5260954,5.8158817
0.52899998,492.94992,4.4757209,5.8161988
0.52950001,492.95215,4.4259057,5.816514
0.52999997,492.95435,4.3766446,5.8168273
0.53049999,492.95651,4.3279305,5.8171391
0.53100002,492.95865,4.279758,5.8174491
0.53149998,492.96078,4.232121,5.8177571
0.53200001,492.96289,4.1850133,5.8180637
0.53250003,492.96497,4.1384292,5.8183684
0.53299999,492.96701,4.0923624,5.8186712
0.53350002,492.96906,4.0468082,5.8189726
0.53399998,492.97107,4.00176,5.8192725
0.5345,492.97305,3.9572127,5.8195705
0.53500003,492.97501,3.9131606,5.8198667
0.53549999,492.97696,3.8695982,5.8201613
0.53600001,492.97888,3.82652,5.8204546
0.53649998,492.98077,3.7839208,5.8207459
0.537,492.98267,3.7417951,5.8210359
0.53750002,492.98453,3.7001376,5.8213239
0.53799999,492.98636,3.6589434,5.8216105
0.53850001,492.98819,3.618207,5.8218951
0.53899997,492.98999,3.5779235,5.8221788
0.5395,492.99176,3.5380881,5.8224602
0.54000002,492.99353,3.4986954,5.8227406
0.54049999,492.99527,3.4597409,5.823019
0.54100001,492.99698,3.4212193,5.8232961
0.54149997,492.99869,3.3831263,5.8235717
0.542,493.00037,3.3454571,5.8238459
0.54250002,493.00201,3.308207,5.8241181
0.54299998,493.00366,3.2713711,5.824389
0.54350001,493.00528,3.2349448,5.8246584
0.54400003,493.0069,3.1989238,5.8249264
0.54449999,493.00848,3.1633034,5.8251929
0.54500002,493.01004,3.1280792,5.825458
0.54549998,493.0116,3.0932467,5.8257213
0.546,493.01315,3.0588017,5.825983
0.54650003,493.01468,3.0247397,5.8262439
0.54699999,493.01617,2.9910567,5.8265028
0.54750001,493.01764,2.9577484,5.8267603
0.54799998,493.01913,2.9248106,5.8270164
0.5485,493.02057,2.8922393,5.8272715
0.54900002,493.022,2.8600302,5.8275247
0.54949999,493.02344,2.8281796,5.8277764
0.55000001,493.02484,2.7966831,5.8280272
0.55049998,493.02621,2.765537,5.8282762
0.551,493.02759,2.7347376,5.8285236
0.55150002,493.02896,2.7042806,5.8287702
0.55199999,493.0303,2.6741626,5.8290153
0.55250001,493.03165,2.6443796,5.8292584
0.55299997,493.03296,2.614928,5.8295007
0.5535,493.03424,2.585804,5.829742
0.55400002,493.03552,2.557004,5.8299813
0.55449998,493.0368,2.5285246,5.8302193
0.55500001,493.03806,2.5003619,5.8304563
0.55549997,493.03931,2.472513,5.8306918
0.55599999,493.04053,2.4449739,5.8309259
0.55650002,493.04175,2.4177415,5.8311591
0.55699998,493.04294,2.3908122,5.8313904
0.5575,493.04413,2.3641822,5.8316207
0.55800003,493.04532,2.3378489,5.8318496
0.55849999,493.04648,2.3118086,5.8320775
0.55900002,493.04761,2.2860582,5.832304
0.55949998,493.04877,2.2605941,5.8325291
0.56,493.04987,2.2354138,5.8327532
0.56050003,493.05099,2.2105134,5.8329759
0.56099999,493.05209,2.1858904,5.8331971
0.56150001,493.05316,2.1615412,5.8334174
0.56199998,493.05426,2.1374633,5.8336363
0.5625,493.0553,2.1136532,5.8338542
0.56300002,493.05637,2.0901082,5.8340707
0.56349999,493.0574,2.0668252,5.8342862
0.56400001,493.05841,2.0438013,5.8345003
0.56449997,493.05945,2.0210338,5.834713
0.565,493.06046,1.9985198,5.8349247
0.56550002,493.06143,1.9762563,5.8351355
0.56599998,493.06241,1.9542406,5.8353448
0.56650001,493.06339,1.9324698,5.8355532
0.56699997,493.06436,1.9109416,5.8357601
0.5675,493.06531,1.8896528,5.8359661
0.56800002,493.06622,1.8686011,5.8361707
0.56849998,493.06717,1.8477837,5.8363743
0.56900001,493.06808,1.8271984,5.8365765
0.56950003,493.069,1.8068422,5.8367782
0.56999999,493.06989,1.7867126,5.8369784
0.57050002,493.07077,1.7668073,5.8371773
0.57099998,493.07166,1.7471235,5.8373752
0.5715,493.07251,1.727659,5.8375721
0.57200003,493.07339,1.7084111,5.8377681
0.57249999,493.07422,1.6893774,5.8379626
0.57300001,493.07507,1.6705558,5.8381562
0.57349998,493.0759,1.6519438,5.8383484
0.574,493.07672,1.633539,5.8385401
0.57450002,493.07755,1.615339,5.8387303
0.57499999,493.07834,1.5973418,5.8389196
0.57550001,493.07913,1.5795449,5.839108
0.57599998,493.0799,1.5619463,5.8392949
0.5765,493.08069,1.5445435,5.8394814
0.57700002,493.08145,1.5273346,5.8396664
0.57749999,493.08221,1.5103172,5.8398504
0.57800001,493.08295,1.4934894,5.8400335
0.57849997,493.08371,1.476849,5.8402152
0.579,493.08444,1.4603938,5.8403964
0.57950002,493.08517,1.4441218,5.8405762
0.57999998,493.08588,1.428031,5.8407555
0.58050001,493.08658,1.4121194,5.8409333
0.58099997,493.08728,1.396385,5.8411102
0.58149999,493.08798,1.3808258,5.8412862
0.58200002,493.08868,1.3654398,5.8414612
0.58249998,493.08936,1.3502253,5.8416352
0.583,493.09003,1.3351804,5.8418083
0.58350003,493.0907,1.3203031,5.8419805
0.58399999,493.09134,1.3055913,5.8421516
0.58450001,493.09198,1.2910435,5.8423219
0.58499998,493.09262,1.2766578,5.8424911
0.5855,493.09326,1.2624322,5.8426595
0.58600003,493.0939,1.2483652,5.8428264
0.58649999,493.09451,1.2344546,5.8429928
0.58700001,493.09512,1.2206992,5.8431582
0.58749998,493.09573,1.2070969,5.8433232
0.588,493.09634,1.1936461,5.8434868
0.58850002,493.09692,1.1803452,5.8436494
0.58899999,493.0975,1.1671923,5.843811
0.58950001,493.09808,1.154186,5.8439722
0.58999997,493.09866,1.1413245,5.8441319
0.5905,493.09924,1.1286063,5.8442912
0.59100002,493.09979,1.1160297,5.8444495
0.59149998,493.10034,1.1035933,5.8446069
0.59200001,493.10089,1.0912954,5.8447633
0.59249997,493.10144,1.0791343,5.8449187
0.59299999,493.10196,1.0671089,5.8450732
0.59350002,493.10251,1.0552173,5.8452272
0.59399998,493.10303,1.0434581,5.8453803
0.59450001,493.10355,1.03183,5.8455324
0.59500003,493.10406,1.0203313,5.8456836
0.59549999,493.10455,1.0089607,5.8458343
0.59600002,493.10507,0.99771678,5.8459835
0.59649998,493.10556,0.98659831,5.8461323
0.597,493.10605,0.9756037,5.8462801
0.59750003,493.10654,0.96473157,5.8464274
0.59799999,493.10703,0.95398051,5.8465738
0.59850001,493.10748,0.9433493,5.8467193
0.59899998,493.10797,0.93283647,5.8468637
0.5995,493.10843,0.92244077,5.8470078
0.60000002,493.10889,0.91216093,5.8471508
0.60049999,493.10934,0.90199554,5.8472929
0.60100001,493.10977,0.89194345,5.8474345
0.60149997,493.11023,0.88200331,5.8475752
0.602,493.11066,0.87217396,5.8477149
0.60250002,493.11108,0.86245406,5.8478541
0.60299999,493.11151,0.85284251,5.8479924
0.60350001,493.11194,0.84333795,5.8481297
0.60399997,493.11237,0.83393937,5.8482666
0.6045,493.11279,0.82464546,5.8484025
0.60500002,493.11319,0.81545502,5.8485379
0.60549998,493.11359,0.80636704,5.8486724
0.60600001,493.11398,0.79738027,5.8488059
0.60650003,493.11438,0.78849363,5.8489389
0.60699999,493.11478,0.779706,5.849071
0.60750002,493.11517,0.77101624,5.8492026
0.60799998,493.11554,0.76242334,5.8493333
0.6085,493.11594,0.7539261,5.8494635
0.60900003,493.1163,0.74552351,5.8495927
0.60949999,493.11667,0.73721457,5.8497214
0.61000001,493.11703,0.7289983,5.8498492
0.61049998,493.1174,0.72087359,5.8499765
0.611,493.11777,0.71283948,5.8501029
0.61150002,493.11813,0.70489484,5.8502288
0.61199999,493.11847,0.69703871,5.8503537
0.61250001,493.1188,0.68927014,5.8504777
0.61299998,493.11917,0.68158811,5.8506017
0.6135,493.11951,0.67399168,5.8507247
0.61400002,493.11984,0.66647995,5.8508468
0.61449999,493.12015,0.65905184,5.8509684
0.61500001,493.12048,0.65170652,5.851089
0.61549997,493.12082,0.64444309,5.8512096
0.616,493.12112,0.63726056,5.8513288
0.61650002,493.12146,0.63015801,5.8514481
0.61699998,493.12177,0.62313467,5.8515663
0.61750001,493.12207,0.61618954,5.8516836
0.61799997,493.12238,0.60932183,5.8518004
0.61849999,493.12268,0.60253066,5.8519168
0.61900002,493.12299,0.59581512,5.8520322
0.61949998,493.12329,0.58917439,5.8521476
0.62,493.12357,0.58260769,5.8522615
0.62050003,493.12387,0.57611412,5.8523755
0.62099999,493.12415,0.56969291,5.8524885
0.62150002,493.12442,0.56334329,5.8526006
0.62199998,493.12469,0.55706435,5.8527126
0.6225,493.125,0.5508554,5.8528237
0.62300003,493.12524,0.54471558,5.8529344
0.62349999,493.12552,0.53864425,5.853044
0.62400001,493.12579,0.5326407,5.8531532
0.62449998,493.12607,0.52670395,5.8532619
0.625,493.12631,0.52083343,5.8533702
0.62550002,493.12659,0.5150283,5.8534775
0.62599999,493.12683,0.50928789,5.8535843
0.62650001,493.12711,0.50361145,5.8536906
0.62699997,493.12735,0.49799824,5.8537965
0.6275,493.12759,0.49244758,5.8539014
0.62800002,493.12784,0.4869588,5.8540063
0.62849998,493.12808,0.48153117,5.8541098
0.62900001,493.12833,0.47616404,5.8542132
0.62949997,493.12854,0.47085673,5.8543162
0.63,493.12878,0.46560854,5.8544183
0.63050002,493.12903,0.46041882,5.8545198
0.63099998,493.12924,0.45528695,5.8546209
0.63150001,493.12946,0.45021227,5.8547215
0.63200003,493.1297,0.44519415,5.8548212
0.63249999,493.12991,0.44023195,5.8549209
0.63300002,493.13013,0.43532503,5.8550196
0.63349998,493.13034,0.43047279,5.8551178
0.634,493.13055,0.42567462,5.8552155
0.63450003,493.13077,0.42092991,5.8553128
0.63499999,493.13098,0.41623807,5.8554091
0.63550001,493.1312,0.4115985,5.8555055
0.63599998,493.13141,0.40701064,5.8556008
0.6365,493.13159,0.4024739,5.8556957
0.63700002,493.13181,0.39798775,5.8557901
0.63749999,493.13199,0.39355165,5.8558841
0.63800001,493.1322,0.38916498,5.8559775
0.63849998,493.13239,0.38482723,5.8560705
0.639,493.13257,0.38053781,5.856163
0.63950002,493.13275,0.37629616,5.8562551
0.63999999,493.13297,0.37210181,5.8563461
0.64050001,493.13315,0.36795422,5.8564372
0.64099997,493.13333,0.36385286,5.8565273
0.6415,493.13351,0.35979718,5.856617
0.64200002,493.13367,0.35578671,5.8567066
0.64249998,493.13385,0.35182095,5.8567953
0.64300001,493.13403,0.34789938,5.8568835
0.64349997,493.13422,0.3440215,5.8569713
0.64399999,493.13437,0.34018683,5.857059
0.64450002,493.13455,0.33639494,5.8571458
0.64499998,493.1347,0.33264527,5.8572321
0.6455,493.13489,0.32893741,5.8573179
0.64600003,493.13504,0.32527086,5.8574033
0.64649999,493.13519,0.32164517,5.8574882
0.64700001,493.13535,0.31805989,5.8575726
0.64749998,493.13553,0.31451458,5.857657
0.648,493.13568,0.31100875,5.8577404
0.64850003,493.13583,0.307542,5.8578234
0.64899999,493.13599,0.30411389,5.8579059
0.64950001,493.13614,0.30072397,5.8579879
0.64999998,493.13629,0.29737183,5.8580699
0.6505,493.13644,0.29405704,5.858151
0.65100002,493.13657,0.29077926,5.8582315
0.65149999,493.13672,0.28753802,5.8583121
0.65200001,493.13687,0.2843329,5.8583918
0.65249997,493.13699,0.28116351,5.8584714
0.653,493.13715,0.27802944,5.8585501
0.65350002,493.13727,0.2749303,5.8586287
0.65399998,493.13742,0.27186573,5.858707
0.65450001,493.13754,0.26883528,5.8587842
0.65499997,493.1377,0.26583862,5.8588614
0.65549999,493.13782,0.26287535,5.8589382
0.65600002,493.13794,0.25994512,5.8590145
0.65649998,493.13809,0.25704756,5.8590908
0.65700001,493.13821,0.25418228,5.8591661
0.65750003,493.13834,0.25134894,5.859241
0.65799999,493.13846,0.24854717,5.8593159
0.65850002,493.13858,0.24577662,5.8593903
0.65899998,493.1387,0.24303697,5.8594642
0.6595,493.13882,0.24032785,5.8595376
0.66000003,493.13895,0.2376489,5.8596106
0.66049999,493.13907,0.23499984,5.859683
0.66100001,493.13919,0.23238027,5.859755
0.66149998,493.13928,0.22978991,5.859827
0.662,493.1394,0.22722842,5.8598981
0.66250002,493.13953,0.22469547,5.8599691
0.66299999,493.13962,0.22219075,5.8600397
0.66350001,493.13974,0.21971394,5.8601103
0.66399997,493.13986,0.21726474,5.8601799
0.6645,493.13995,0.21484287,5.8602495
0.66500002,493.14008,0.212448,5.8603182
0.66549999,493.14017,0.21007983,5.8603868
0.66600001,493.14029,0.20773807,5.860455
0.66649997,493.14038,0.20542239,5.8605232
0.667,493.14047,0.20313254,5.8605905
0.66750002,493.14059,0.2008682,5.8606577
0.66799998,493.14069,0.1986291,5.8607244
0.66850001,493.14078,0.19641496,5.8607907
0.66900003,493.14087,0.1942255,5.860857
0.66949999,493.14096,0.19206044,5.8609223
0.67000002,493.14108,0.18991953,5.8609877
0.67049998,493.14117,0.18780246,5.8610525
0.671,493.14127,0.185709,5.8611169
0.67150003,493.14136,0.18363887,5.8611813
0.67199999,493.14145,0.18159181,5.8612452
0.67250001,493.14154,0.17956758,5.8613086
0.67299998,493.14163,0.17756589,5.8613715
0.6735,493.14172,0.17558652,5.8614345
0.67400002,493.14178,0.17362921,5.8614969
0.67449999,493.14188,0.17169371,5.8615589
0.67500001,493.14197,0.16977979,5.8616204
0.67549998,493.14206,0.1678872,5.8616819
0.676,493.14215,0.1660157,5.861743
0.67650002,493.14221,0.16416505,5.8618035
0.67699999,493.1423,0.16233504,5.8618641
0.67750001,493.1424,0.16052541,5.8619242
0.67799997,493.14246,0.15873598,5.8619838
0.6785,493.14255,0.15696651,5.8620429
0.67900002,493.14261,0.15521675,5.862102
0.67949998,493.1427,0.15348651,5.8621607
0.68000001,493.14276,0.15177555,5.8622189
0.68049997,493.14285,0.15008366,5.862277
0.68099999,493.14291,0.14841063,5.8623347
0.68150002,493.14301,0.14675626,5.8623919
0.68199998,493.14307,0.14512032,5.8624492
0.6825,493.14313,0.14350261,5.8625059
0.68300003,493.14322,0.14190294,5.8625622
0.68349999,493.14328,0.14032111,5.8626184
0.68400002,493.14334,0.1387569,5.8626742
0.68449998,493.14343,0.13721013,5.8627295
0.685,493.14349,0.1356806,5.8627849
0.68550003,493.14355,0.1341681,5.8628397
0.68599999,493.14362,0.13267249,5.8628941
0.68650001,493.14368,0.13119353,5.8629484
0.68699998,493.14377,0.12973106,5.8630023
0.6875,493.14383,0.12828489,5.8630557
0.68800002,493.14389,0.12685484,5.8631091
0.68849999,493.14395,0.12544073,5.8631625
0.68900001,493.14401,0.12404238,5.863215
0.68949997,493.14407,0.12265961,5.8632674
0.69,493.14413,0.12129225,5.8633199
0.69050002,493.1442,0.11994013,5.8633714
0.69099998,493.14426,0.11860308,5.8634229
0.69150001,493.14432,0.11728095,5.8634744
0.69199997,493.14438,0.11597356,5.8635254
0.6925,493.14444,0.11468075,5.8635759
0.69300002,493.14447,0.11340235,5.8636265
0.69349998,493.14453,0.1121382,5.8636765
0.69400001,493.14459,0.11088815,5.8637266
0.69450003,493.14465,0.10965203,5.8637762
0.69499999,493.14471,0.10842969,5.8638253
0.69550002,493.14474,0.10722097,5.8638744
0.69599998,493.14481,0.10602573,5.8639231
0.6965,493.14487,0.10484381,5.8639717
0.69700003,493.14493,0.10367507,5.8640199
0.69749999,493.14496,0.10251935,5.864068
0.69800001,493.14502,0.10137651,5.8641157
0.69849998,493.14508,0.10024641,5.8641629
0.699,493.14511,0.099128917,5.8642101
0.69950002,493.14517,0.098023877,5.8642569
0.69999999,493.1452,0.096931152,5.8643036
0.70050001,493.14526,0.095850602,5.8643498
0.70099998,493.14532,0.094782107,5.8643961
0.7015,493.14536,0.09372551,5.8644419
0.70200002,493.14542,0.092680693,5.8644876
0.70249999,493.14545,0.091647521,5.8645329
0.70300001,493.14551,0.090625867,5.8645778
0.70349997,493.14554,0.089615598,5.8646226
0.704,493.1456,0.088616587,5.8646674
0.70450002,493.14563,0.087628707,5.8647118
0.70499998,493.14566,0.086651847,5.8647556
0.70550001,493.14572,0.085685886,5.8647995
0.70599997,493.14575,0.0847307,5.8648434
0.70649999,493.14581,0.08378616,5.8648863
0.70700002,493.14584,0.082852148,5.8649297
0.70749998,493.14587,0.081928544,5.8649726
0.708,493.14594,0.081015237,5.865015
0.70850003,493.14597,0.080112115,5.8650575
0.70899999,493.146,0.079219058,5.8650994
0.70950001,493.14606,0.078335956,5.8651414
0.70999998,493.14609,0.077462703,5.8651834
0.7105,493.14612,0.076599181,5.8652248
0.71100003,493.14615,0.075745285,5.8652658
0.71149999,493.14621,0.074900903,5.8653069
0.71200001,493.14624,0.074065939,5.8653479
0.71249998,493.14627,0.07324028,5.8653879
0.713,493.1463,0.072423823,5.8654284
0.71350002,493.14633,0.071616471,5.8654685
0.71399999,493.14639,0.070818111,5.8655086
0.71450001,493.14642,0.070028655,5.8655481
0.71499997,493.14645,0.069247998,5.8655872
0.7155,493.14648,0.068476044,5.8656268
0.71600002,493.14651,0.067712687,5.8656654
0.71649998,493.14655,0.066957846,5.8657045
0.71700001,493.14658,0.06621141,5.8657427
0.71749997,493.14661,0.065473303,5.8657813
0.71799999,493.14664,0.064743415,5.8658195
0.71850002,493.14667,0.064021662,5.8658571
0.71899998,493.14673,0.063307963,5.8658948
0.71950001,493.14676,0.062602229,5.8659325
0.72000003,493.14679,0.061904363,5.8659697
0.72049999,493.14682,0.061214276,5.8660069
0.72100002,493.14685,0.060531877,5.8660436
0.72149998,493.14688,0.059857089,5.8660803
0.722,493.14691,0.059189823,5.8661165
0.72250003,493.14691,0.058529995,5.8661528
0.72299999,493.14694,0.057877522,5.866189
0.72350001,493.14697,0.057232324,5.8662248
0.72399998,493.147,0.056594316,5.8662601
0.7245,493.14703,0.055963419,5.8662958
0.72500002,493.14706,0.05533956,5.8663311
0.72549999,493.14709,0.054722652,5.8663659
0.72600001,493.14713,0.054112621,5.8664007
0.72649997,493.14716,0.053509388,5.8664355
0.727,493.14719,0.05291288,5.8664699
0.72750002,493.14722,0.052323021,5.8665042
0.72799999,493.14722,0.051739737,5.866538
0.72850001,493.14725,0.051162958,5.8665719
0.72899997,493.14728,0.050592601,5.8666058
0.7295,493.14731,0.050028607,5.8666391
0.73000002,493.14734,0.049470898,5.8666725
0.73049998,493.14737,0.048919402,5.8667054
0.73100001,493.14737,0.048374057,5.8667388
0.73150003,493.1474,0.047834788,5.8667712
0.73199999,493.14743,0.047301527,5.8668041
0.73250002,493.14746,0.046774216,5.8668361
0.73299998,493.14746,0.046252791,5.8668685
0.7335,493.14749,0.045737177,5.8669004
0.73400003,493.14752,0.045227312,5.8669324
0.73449999,493.14755,0.044723131,5.8669639
0.73500001,493.14755,0.044224571,5.8669953
0.73549998,493.14758,0.043731567,5.8670268
0.736,493.14761,0.04324406,5.8670578
0.73650002,493.14764,0.042761985,5.8670888
0.73699999,493.14764,0.04228529,5.8671198
0.73750001,493.14767,0.041813903,5.8671503
0.73799998,493.14771,0.041347772,5.8671808
0.7385,493.14771,0.040886838,5.8672109
0.73900002,493.14774,0.040431041,5.8672414
0.73949999,493.14777,0.039980326,5.8672709
0.74000001,493.14777,0.039534636,5.867301
0.74049997,493.1478,0.039093915,5.8673306
0.741,493.14783,0.038658105,5.8673601
0.74150002,493.14783,0.038227152,5.8673892
0.74199998,493.14786,0.037801001,5.8674183
0.74250001,493.14786,0.037379604,5.8674474
0.74299997,493.14789,0.0369629,5.867476
0.74349999,493.14792,0.036550842,5.8675046
0.74400002,493.14792,0.036143377,5.8675332
0.74449998,493.14795,0.035740454,5.8675613
0.745,493.14795,0.035342023,5.8675895
0.74550003,493.14798,0.034948029,5.8676176
0.74599999,493.14801,0.03455843,5.8676453
0.74650002,493.14801,0.034173183,5.8676734
0.74699998,493.14804,0.033792228,5.8677006
0.7475,493.14804,0.033415519,5.8677282
0.74800003,493.14807,0.033043012,5.8677554
0.74849999,493.14807,0.032674655,5.8677826
0.74900001,493.1481,0.032310404,5.8678093
0.74949998,493.1481,0.031950217,5.867836
0.75,493.14813,0.031594042,5.8678627
0.75050002,493.14813,0.03124184,5.8678889
0.75099999,493.14816,0.030893562,5.8679156
0.75150001,493.14816,0.030549169,5.8679419
0.75199997,493.14819,0.030208612,5.8679676
0.7525,493.14819,0.029871853,5.8679934
0.75300002,493.14822,0.029538848,5.8680191
0.75349998,493.14822,0.029209554,5.8680449
0.75400001,493.14825,0.028883932,5.8680701
0.75449997,493.14825,0.02856194,5.8680954
0.755,493.14828,0.028243536,5.8681207
0.75550002,493.14828,0.027928682,5.8681459
0.75599998,493.14832,0.027617337,5.8681707
0.75650001,493.14832,0.027309462,5.8681955
0.75700003,493.14835,0.027005019,5.8682199
0.75749999,493.14835,0.026703969,5.8682446
0.75800002,493.14835,0.026406275,5.868269
0.75849998,493.14838,0.026111897,5.8682933
0.759,493.14838,0.025820801,5.8683171
0.75950003,493.14841,0.02553295,5.868341
0.75999999,493.14841,0.025248313,5.8683648
0.76050001,493.14844,0.024966851,5.8683887
0.76099998,493.14844,0.024688525,5.868412
0.7615,493.14844,0.024413303,5.8684354
0.76200002,493.14847,0.024141148,5.8684587
0.76249999,493.14847,0.023872027,5.8684816
0.76300001,493.14847,0.023605905,5.868505
0.76349998,493.1485,0.023342751,5.8685279
0.764,493.1485,0.023082532,5.8685503
0.76450002,493.14853,0.022825211,5.8685732
0.76499999,493.14853,0.022570761,5.8685956
0.76550001,493.14853,0.022319146,5.868618
0.76599997,493.14856,0.022070337,5.8686404
0.7665,493.14856,0.0218243,5.8686624
0.76700002,493.14856,0.021581007,5.8686843
0.76749998,493.14859,0.021340424,5.8687062
0.76800001,493.14859,0.021102525,5.8687282
0.76849997,493.14859,0.020867277,5.8687496
0.76899999,493.14862,0.020634651,5.8687711
0.76950002,493.14862,0.020404618,5.8687925
0.76999998,493.14865,0.02017715,5.868814
0.7705,493.14865,0.019952217,5.868835
0.77100003,493.14865,0.019729791,5.868856
0.77149999,493.14865,0.019509843,5.8688769
0.77200001,493.14868,0.019292347,5.8688974
0.77249998,493.14868,0.019077277,5.8689184
0.773,493.14868,0.018864602,5.8689389
0.77350003,493.14871,0.0186543,5.8689594
0.77399999,493.14871,0.018446345,5.8689799
0.77450001,493.14871,0.018240709,5.869
0.77499998,493.14874,0.018037364,5.86902
0.7755,493.14874,0.017836288,5.86904
0.77600002,493.14874,0.01763745,5.86906
0.77649999,493.14874,0.017440831,5.8690796
0.77700001,493.14877,0.017246405,5.8690996
0.77749997,493.14877,0.017054144,5.8691192
0.778,493.14877,0.016864028,5.8691382
0.77850002,493.1488,0.016676031,5.8691578
0.77899998,493.1488,0.016490128,5.8691769
0.77950001,493.1488,0.0163063,5.8691959
0.77999997,493.1488,0.016124519,5.869215
0.78049999,493.14883,0.015944766,5.8692341
0.78100002,493.14883,0.015767016,5.8692527
0.78149998,493.14883,0.015591247,5.8692713
0.78200001,493.14883,0.015417438,5.8692899
0.78250003,493.14886,0.015245566,5.8693085
0.78299999,493.14886,0.01507561,5.8693271
0.78350002,493.14886,0.014907548,5.8693452
0.78399998,493.14886,0.014741359,5.8693633
0.7845,493.1489,0.014577024,5.8693814
0.78500003,493.1489,0.014414519,5.8693995
0.78549999,493.1489,0.014253826,5.8694172
0.78600001,493.1489,0.014094924,5.8694353
0.78649998,493.14893,0.013937793,5.869453
0.787,493.14893,0.013782414,5.8694706
0.78750002,493.14893,0.01362877,5.8694878
0.78799999,493.14893,0.013476838,5.8695054
0.78850001,493.14896,0.0133266,5.8695226
0.78899997,493.14896,0.013178037,5.8695397
0.7895,493.14896,0.013031131,5.8695569
0.79000002,493.14896,0.012885862,5.8695741
0.79049999,493.14896,0.012742212,5.8695908
0.79100001,493.14899,0.012600164,5.8696074
0.79149997,493.14899,0.012459699,5.8696241
0.792,493.14899,0.012320801,5.8696408
0.79250002,493.14899,0.01218345,5.8696575
0.79299998,493.14899,0.012047631,5.8696737
0.79350001,493.14902,0.011913326,5.8696904
0.79400003,493.14902,0.011780517,5.8697066
0.79449999,493.14902,0.01164919,5.8697228
0.79500002,493.14902,0.011519326,5.8697386
0.79549998,493.14902,0.01139091,5.8697548
0.796,493.14905,0.011263925,5.8697705
0.79650003,493.14905,0.011138355,5.8697863
0.79699999,493.14905,0.011014186,5.869802
0.79750001,493.14905,0.0108914,5.8698177
0.79799998,493.14905,0.010769983,5.8698335
0.7985,493.14905,0.01064992,5.8698487
0.79900002,493.14908,0.010531195,5.869864
0.79949999,493.14908,0.010413792,5.8698792
0.80000001,493.14908,0.010297698,5.8698945
0.80049998,493.14908,0.010182898,5.8699098
0.801,493.14908,0.010069381,5.8699245
0.80150002,493.14908,0.0099571291,5.8699398
0.80199999,493.14911,0.0098461285,5.8699546
0.80250001,493.14911,0.0097363647,5.8699694
0.80299997,493.14911,0.0096278256,5.8699841
0.8035,493.14911,0.0095204953,5.8699985
0.80400002,493.14911,0.0094143627,5.8700132
0.80449998,493.14911,0.009309412,5.8700275
0.80500001,493.14914,0.0092056319,5.8700418
0.80549997,493.14914,0.0091030095,5.8700562
0.80599999,493.14914,0.0090015298,5.8700705
0.80650002,493.14914,0.0089011826,5.8700848
0.80699998,493.14914,0.0088019529,5.8700986
0.8075,493.14914,0.0087038297,5.8701124
0.80800003,493.14914,0.0086068008,5.8701262
0.80849999,493.14917,0.0085108532,5.8701401
0.80900002,493.14917,0.0084159747,5.8701539
0.80949998,493.14917,0.0083221542,5.8701677
0.81,493.14917,0.0082293795,5.8701811
0.81050003,493.14917,0.0081376387,5.8701949
0.81099999,493.14917,0.0080469213,5.8702083
0.81150001,493.14917,0.0079572145,5.8702216
0.81199998,493.14917,0.0078685069,5.870235
0.8125,493.1492,0.0077807889,5.8702478
0.81300002,493.1492,0.0076940483,5.8702612
0.81349999,493.1492,0.0076082745,5.8702741
0.81400001,493.1492,0.0075234566,5.8702874
0.81449997,493.1492,0.0074395859,5.8703003
0.815,493.1492,0.0073566502,5.8703132
0.81550002,493.1492,0.0072746389,5.8703256
0.81599998,493.1492,0.0071935421,5.8703384
0.81650001,493.14923,0.0071133496,5.8703513
0.81699997,493.14923,0.0070340508,5.8703637
0.8175,493.14923,0.0069556362,5.8703761
0.81800002,493.14923,0.0068780957,5.8703885
0.81849998,493.14923,0.0068014194,5.8704009
0.81900001,493.14923,0.0067255981,5.8704133
0.81950003,493.14923,0.006650622,5.8704252
0.81999999,493.14923,0.0065764817,5.8704376
0.82050002,493.14923,0.006503168,5.8704495
0.82099998,493.14926,0.0064306716,5.8704615
0.8215,493.14926,0.006358983,5.8704734
0.82200003,493.14926,0.0062880935,5.8704853
0.82249999,493.14926,0.0062179947,5.8704972
0.82300001,493.14926,0.0061486769,5.8705091
0.82349998,493.14926,0.006080132,5.8705206
0.824,493.14926,0.0060123508,5.8705325
0.82450002,493.14926,0.0059453254,5.870544
0.82499999,493.14926,0.0058790473,5.8705554
0.82550001,493.14926,0.0058135074,5.8705668
0.82599998,493.14929,0.0057486985,5.8705783
0.8265,493.14929,0.0056846119,5.8705893
0.82700002,493.14929,0.0056212391,5.8706007
0.82749999,493.14929,0.0055585732,5.8706117
0.82800001,493.14929,0.0054966062,5.8706231
0.82849997,493.14929,0.0054353303,5.8706341
0.829,493.14929,0.005374738,5.870645
0.82950002,493.14929,0.0053148214,5.870656
0.82999998,493.14929,0.005255572,5.8706665
0.83050001,493.14929,0.0051969835,5.8706775
0.83099997,493.14929,0.0051390482,5.8706884
0.83149999,493.14932,0.0050817588,5.8706989
0.83200002,493.14932,0.0050251079,5.8707094
0.83249998,493.14932,0.0049690888,5.8707199
0.833,493.14932,0.0049136938,5.8707304
0.83350003,493.14932,0.0048589166,5.8707409
0.83399999,493.14932,0.00480475,5.8707514
0.83450001,493.14932,0.0047511873,5.8707619
0.83499998,493.14932,0.0046982216,5.8707719
0.8355,493.14932,0.0046458463,5.8707824
0.83600003,493.14932,0.0045940545,5.8707924
0.83649999,493.14932,0.0045428406,5.8708024
0.83700001,493.14932,0.0044921972,5.8708124
0.83749998,493.14932,0.0044421186,5.8708224
0.838,493.14935,0.0043925978,5.8708324
0.83850002,493.14935,0.0043436293,5.870842
0.83899999,493.14935,0.0042952066,5.870852
0.83950001,493.14935,0.0042473236,5.870862
0.83999997,493.14935,0.0041999742,5.8708715
0.8405,493.14935,0.0041531525,5.8708811
0.84100002,493.14935,0.0041068527,5.8708906
0.84149998,493.14935,0.0040610693,5.8709002
0.84200001,493.14935,0.0040157968,5.8709097
0.84249997,493.14935,0.0039710291,5.8709192
0.84299999,493.14935,0.0039267605,5.8709288
0.84350002,493.14935,0.0038829856,5.8709378
0.84399998,493.14935,0.0038396984,5.8709474
0.84450001,493.14935,0.0037968939,5.8709564
0.84500003,493.14935,0.0037545667,5.8709655
0.84549999,493.14938,0.0037127112,5.8709745
0.84600002,493.14938,0.0036713223,5.8709836
0.84649998,493.14938,0.0036303948,5.8709927
0.847,493.14938,0.0035899235,5.8710017
0.84750003,493.14938,0.0035499034,5.8710108
0.84799999,493.14938,0.0035103296,5.8710194
0.84850001,493.14938,0.0034711969,5.8710284
0.84899998,493.14938,0.0034325002,5.871037
0.8495,493.14938,0.0033942349,5.8710461
0.85000002,493.14938,0.0033563962,5.8710546
0.85049999,493.14938,0.0033189794,5.8710632
0.85100001,493.14938,0.0032819796,5.8710718
0.85149997,493.14938,0.0032453923,5.8710804
0.852,493.14938,0.0032092128,5.871089
0.85250002,493.14938,0.0031734365,5.8710971
0.85299999,493.14938,0.0031380588,5.8711057
0.85350001,493.14938,0.0031030755,5.8711138
0.85399997,493.14938,0.0030684823,5.8711224
0.8545,493.14941,0.0030342746,5.8711305
0.85500002,493.14941,0.0030004482,5.8711386
0.85549998,493.14941,0.0029669995,5.8711467
0.85600001,493.14941,0.0029339236,5.8711548
0.85650003,493.14941,0.0029012165,5.8711629
0.85699999,493.14941,0.002868874,5.871171
0.85750002,493.14941,0.0028368921,5.8711791
0.85799998,493.14941,0.0028052668,5.8711872
0.8585,493.14941,0.0027739941,5.8711948
0.85900003,493.14941,0.0027430698,5.8712029
0.85949999,493.14941,0.0027124905,5.8712106
0.86000001,493.14941,0.0026822519,5.8712182
0.86049998,493.14941,0.0026523506,5.8712258
0.861,493.14941,0.0026227823,5.8712335
0.86150002,493.14941,0.0025935438,5.8712411
0.86199999,493.14941,0.0025646312,5.8712487
0.86250001,493.14941,0.002536041,5.8712564
0.86299998,493.14941,0.0025077695,5.871264
0.8635,493.14941,0.0024798131,5.8712711
0.86400002,493.14941,0.0024521681,5.8712788
0.86449999,493.14941,0.0024248315,5.8712859
0.86500001,493.14941,0.0023977996,5.8712935
0.86549997,493.14944,0.002371069,5.8713007
0.866,493.14944,0.0023446365,5.8713078
0.86650002,493.14944,0.0023184984,5.871315
0.86699998,493.14944,0.0022926517,5.8713226
0.86750001,493.14944,0.0022670929,5.8713293
0.86799997,493.14944,0.0022418192,5.8713365
0.86849999,493.14944,0.0022168271,5.8713436
0.86900002,493.14944,0.002192114,5.8713508
0.86949998,493.14944,0.0021676766,5.8713574
0.87,493.14944,0.0021435115,5.8713646
0.87050003,493.14944,0.0021196159,5.8713713
0.87099999,493.14944,0.0020959866,5.8713784
0.87150002,493.14944,0.0020726209,5.8713851
0.87199998,493.14944,0.0020495155,5.8713918
0.8725,493.14944,0.0020266676,5.8713984
0.87300003,493.14944,0.0020040746,5.8714056
0.87349999,493.14944,0.0019817334,5.8714123
0.87400001,493.14944,0.0019596412,5.8714185
0.87449998,493.14944,0.0019377954,5.8714252
0.875,493.14944,0.0019161931,5.8714318
0.87550002,493.14944,0.0018948315,5.8714385
0.87599999,493.14944,0.0018737081,5.8714447
0.87650001,493.14944,0.0018528202,5.8714514
0.87699997,493.14944,0.0018321651,5.8714576
0.8775,493.14944,0.0018117402,5.8714643
0.87800002,493.14944,0.0017915431,5.8714705
0.87849998,493.14944,0.001771571,5.8714767
0.87900001,493.14944,0.0017518216,5.8714828
0.87949997,493.14944,0.0017322922,5.871489
0.88,493.14944,0.0017129807,5.8714952
0.88050002,493.14944,0.0016938843,5.8715014
0.88099998,493.14948,0.0016750008,5.8715076
0.88150001,493.14948,0.0016563277,5.8715138
0.88200003,493.14948,0.0016378628,5.87152
0.88249999,493.14948,0.0016196038,5.8715258
0.88300002,493.14948,0.0016015486,5.871532
0.88349998,493.14948,0.0015836947,5.8715377
0.884,493.14948,0.0015660399,5.8715439
0.88450003,493.14948,0.0015485819,5.8715496
0.88499999,493.14948,0.0015313184,5.8715553
0.88550001,493.14948,0.0015142474,5.8715615
0.88599998,493.14948,0.0014973667,5.8715672
0.8865,493.14948,0.0014806743,5.871573
0.88700002,493.14948,0.0014641678,5.8715787
0.88749999,493.14948,0.0014478455,5.8715844
0.88800001,493.14948,0.0014317051,5.8715901
0.88849998,493.14948,0.0014157445,5.8715954
0.889,493.14948,0.001399962,5.8716011
0.88950002,493.14948,0.0013843554,5.8716068
0.88999999,493.14948,0.0013689226,5.8716125
0.89050001,493.14948,0.001353662,5.8716178
0.89099997,493.14948,0.0013385714,5.8716235
0.8915,493.14948,0.0013236492,5.8716288
0.89200002,493.14948,0.0013088932,5.871634
0.89249998,493.14948,0.0012943017,5.8716397
0.89300001,493.14948,0.0012798728,5.871645
0.89349997,493.14948,0.0012656047,5.8716502
0.89399999,493.14948,0.0012514958,5.8716555
0.89450002,493.14948,0.001237544,5.8716607
0.89499998,493.14948,0.0012237477,5.871666
0.8955,493.14948,0.0012101053,5.8716712
0.89600003,493.14948,0.0011966149,5.8716764
0.89649999,493.14948,0.0011832751,5.8716817
0.89700001,493.14948,0.0011700841,5.8716869
0.89749998,493.14948,0.0011570401,5.8716917
0.898,493.14948,0.0011441417,5.8716969
0.89850003,493.14948,0.0011313868,5.8717017
0.89899999,493.14948,0.0011187743,5.871707
0.89950001,493.14948,0.0011063023,5.8717117
0.89999998,493.14948,0.0010939693,5.871717
0.9005,493.14948,0.0010817739,5.8717217
0.90100002,493.14948,0.0010697144,5.8717265
0.90149999,493.14948,0.0010577893,5.8717318
0.90200001,493.14948,0.0010459971,5.8717365
0.90249997,493.14948,0.0010343365,5.8717413
0.903,493.14948,0.0010228058,5.8717461
0.90350002,493.14948,0.0010114036,5.8717508
0.90399998,493.14951,0.0010001286,5.8717556
0.90450001,493.14951,0.00098897924,5.8717604
0.90499997,493.14951,0.00097795413,5.8717647
0.90549999,493.14951,0.00096705201,5.8717694
0.90600002,493.14951,0.00095627131,5.8717742
0.90649998,493.14951,0.00094561081,5.871779
0.90700001,493.14951,0.00093506917,5.8717833
0.90750003,493.14951,0.00092464499,5.871788
0.90799999,493.14951,0.000914337,5.8717923
0.90850002,493.14951,0.0009041439,5.8717971
0.90899998,493.14951,0.00089406437,5.8718014
0.9095,493.14951,0.00088409724,5.8718057
0.91000003,493.14951,0.00087424141,5.8718104
0.91049999,493.14951,0.00086449541,5.8718147
0.91100001,493.14951,0.00085485814,5.871819
0.91149998,493.14951,0.00084532826,5.8718233
0.912,493.14951,0.00083590462,5.8718276
0.91250002,493.14951,0.00082658604,5.8718319
0.91299999,493.14951,0.00081737136,5.8718362
0.91350001,493.14951,0.00080825936,5.8718405
0.91399997,493.14951,0.00079924898,5.8718448
0.9145,493.14951,0.00079033902,5.8718491
0.91500002,493.14951,0.00078152842,5.8718534
0.91549999,493.14951,0.00077281601,5.8718572
0.91600001,493.14951,0.00076420075,5.8718615
0.91649997,493.14951,0.00075568148,5.8718657
0.917,493.14951,0.00074725726,5.8718696
0.91750002,493.14951,0.00073892687,5.8718739
0.91799998,493.14951,0.00073068938,5.8718777
0.91850001,493.14951,0.00072254369,5.871882
0.91900003,493.14951,0.00071448879,5.8718858
0.91949999,493.14951,0.00070652372,5.8718901
0.92000002,493.14951,0.0006986474,5.8718939
0.92049998,493.14951,0.00069085887,5.8718977
0.921,493.14951,0.00068315718,5.8719015
0.92150003,493.14951,0.00067554129,5.8719058
0.92199999,493.14951,0.00066801033,5.8719096
0.92250001,493.14951,0.00066056324,5.8719134
0.92299998,493.14951,0.00065319921,5.8719172
0.9235,493.14951,0.00064591737,5.8719211
0.92400002,493.14951,0.00063871674,5.8719249
0.92449999,493.14951,0.00063159637,5.8719287
0.92500001,493.14951,0.0006245554,5.871932
0.92549998,493.14951,0.00061759294,5.8719358
0.926,493.14951,0.00061070808,5.8719397
0.92650002,493.14951,0.00060389994,5.8719435
0.92699999,493.14951,0.00059716776,5.8719468
0.92750001,493.14951,0.00059051055,5.8719506
0.92799997,493.14951,0.00058392761,5.8719544
0.9285,493.14951,0.00057741808,5.8719578
0.92900002,493.14951,0.00057098106,5.8719616
0.92949998,493.14951,0.00056461582,5.8719649
0.93000001,493.14951,0.00055832154,5.8719687
0.93049997,493.14951,0.00055209739,5.8719721
0.93099999,493.14951,0.00054594269,5.8719754
0.93150002,493.14951,0.00053985656,5.8719792
0.93199998,493.14951,0.00053383829,5.8719826
0.9325,493.14951,0.00052788708,5.8719859
0.93300003,493.14951,0.00052200223,5.8719893
0.93349999,493.14951,0.00051618292,5.8719926
0.93400002,493.14951,0.00051042851,5.8719959
0.93449998,493.14951,0.00050473824,5.8719993
0.935,493.14951,0.00049911143,5.8720026
0.93550003,493.14951,0.0004935473,5.8720059
0.93599999,493.14951,0.00048804519,5.8720093
0.93650001,493.14951,0.00048260437,5.8720126
0.93699998,493.14951,0.0004772243,5.872016
0.9375,493.14951,0.00047190423,5.8720193
0.93800002,493.14951,0.00046664351,5.8720226
0.93849999,493.14951,0.00046144141,5.872026
0.93900001,493.14951,0.0004562973,5.8720288
0.93949997,493.14951,0.00045121054,5.8720322
0.94,493.14951,0.00044618049,5.8720355
0.94050002,493.14951,0.00044120653,5.8720384
0.94099998,493.14951,0.00043628798,5.8720417
0.94150001,493.14951,0.0004314243,5.8720446
0.94199997,493.14951,0.00042661483,5.8720479
0.9425,493.14951,0.00042185897,5.8720508
0.94300002,493.14951,0.00041715612,5.8720541
0.94349998,493.14951,0.0004125057,5.872057
0.94400001,493.14951,0.00040790712,5.8720598
0.94450003,493.14951,0.00040335982,5.8720632
0.94499999,493.14951,0.00039886319,5.872066
0.94550002,493.14951,0.00039441668,5.8720689
0.94599998,493.14951,0.00039001976,5.8720717
0.9465,493.14951,0.00038567182,5.8720746
0.94700003,493.14951,0.00038137237,5.8720779
0.94749999,493.14951,0.00037712083,5.8720808
0.94800001,493.14951,0.00037291669,5.8720837
0.94849998,493.14951,0.00036875941,5.8720865
0.949,493.14951,0.00036464844,5.8720894
0.94950002,493.14951,0.0003605833,5.8720922
0.94999999,493.14951,0.00035656348,5.8720951
0.95050001,493.14951,0.00035258848,5.872098
0.95099998,493.14951,0.00034865786,5.8721004
0.9515,493.14951,0.00034477105,5.8721032
0.95200002,493.14951,0.00034092757,5.8721061
0.95249999,493.14951,0.00033712696,5.8721089
0.95300001,493.14951,0.00033336869,5.8721118
0.95349997,493.14951,0.00032965234,5.8721142
0.954,493.14951,0.00032597739,5.872117
0.95450002,493.14951,0.00032234343,5.8721199
0.95499998,493.14951,0.00031874998,5.8721223
0.95550001,493.14954,0.00031519661,5.8721251
0.95599997,493.14954,0.00031168282,5.8721275
0.95649999,493.14954,0.0003082082,5.8721304
0.95700002,493.14954,0.00030477234,5.8721328
0.95749998,493.14954,0.00030137476,5.8721356
0.958,493.14954,0.00029801505,5.872138
0.95850003,493.14954,0.00029469281,5.8721409
0.95899999,493.14954,0.0002914076,5.8721433
0.95950001,493.14954,0.000288159,5.8721457
0.95999998,493.14954,0.00028494661,5.8721485
0.9605,493.14954,0.00028177004,5.8721509
0.96100003,493.14954,0.00027862887,5.8721533
0.96149999,493.14954,0.0002755227,5.8721557
0.96200001,493.14954,0.00027245117,5.8721581
0.96249998,493.14954,0.00026941387,5.8721609
0.963,493.14954,0.00026641044,5.8721633
0.96350002,493.14954,0.00026344045,5.8721657
0.96399999,493.14954,0.00026050358,5.8721681
0.96450001,493.14954,0.00025759952,5.8721704
0.96499997,493.14954,0.00025472781,5.8721728
0.9655,493.14954,0.00025188812,5.8721752
0.96600002,493.14954,0.0002490801,5.8721776
0.96649998,493.14954,0.00024630339,5.87218
0.96700001,493.14954,0.00024355762,5.8721824
0.96749997,493.14954,0.00024084246,5.8721848
0.96799999,493.14954,0.00023815758,5.8721867
0.96850002,493.14954,0.00023550262,5.872189
0.96899998,493.14954,0.00023287727,5.8721914
0.96950001,493.14954,0.00023028118,5.8721938
0.97000003,493.14954,0.00022771402,5.8721962
0.97049999,493.14954,0.00022517549,5.8721981
0.97100002,493.14954,0.00022266526,5.8722005
0.97149998,493.14954,0.00022018299,5.8722029
0.972,493.14954,0.00021772842,5.8722048
0.97250003,493.14954,0.00021530119,5.8722072
0.97299999,493.14954,0.00021290102,5.8722091
0.97350001,493.14954,0.00021052762,5.8722115
0.97399998,493.14954,0.00020818066,5.8722138
0.9745,493.14954,0.00020585988,5.8722157
0.97500002,493.14954,0.00020356494,5.8722181
0.97549999,493.14954,0.0002012956,5.87222
0.97600001,493.14954,0.00019905154,5.8722219
0.97649997,493.14954,0.00019683251,5.8722243
0.977,493.14954,0.0001946382,5.8722262
0.97750002,493.14954,0.00019246835,5.8722286
0.97799999,493.14954,0.00019032271,5.8722305
0.97850001,493.14954,0.00018820101,5.8722324
0.97899997,493.14954,0.00018610296,5.8722343
0.9795,493.14954,0.00018402829,5.8722367
0.98000002,493.14954,0.00018197676,5.8722386
0.98049998,493.14954,0.00017994811,5.8722405
0.98100001,493.14954,0.00017794207,5.8722425
0.98150003,493.14954,0.00017595838,5.8722448
0.98199999,493.14954,0.00017399683,5.8722467
0.98250002,493.14954,0.00017205713,5.8722486
0.98299998,493.14954,0.00017013904,5.8722506
0.9835,493.14954,0.00016824236,5.8722525
0.98400003,493.14954,0.00016636681,5.8722544
0.98449999,493.14954,0.00016451217,5.8722563
0.98500001,493.14954,0.0001626782,5.8722582
0.98549998,493.14954,0.00016086467,5.8722601
0.986,493.14954,0.00015907137,5.872262
0.98650002,493.14954,0.00015729805,5.8722639
0.98699999,493.14954,0.00015554449,5.8722658
0.98750001,493.14954,0.0001538105,5.8722677
0.98799998,493.14954,0.00015209582,5.8722696
0.9885,493.14954,0.00015040026,5.8722711
0.98900002,493.14954,0.00014872359,5.872273
0.98949999,493.14954,0.00014706561,5.8722749
0.99000001,493.14954,0.00014542612,5.8722768
0.99049997,493.14954,0.00014380489,5.8722787
0.991,493.14954,0.00014220174,5.8722801
0.99150002,493.14954,0.00014061645,5.872282
0.99199998,493.14954,0.00013904886,5.8722839
0.99250001,493.14954,0.00013749875,5.8722858
0.99299997,493.14954,0.00013596591,5.8722873
0.99349999,493.14954,0.00013445017,5.8722892
0.99400002,493.14954,0.0001329513,5.8722906
0.99449998,493.14954,0.00013146916,5.8722925
0.995,493.14954,0.00013000352,5.8722944
0.99550003,493.14954,0.00012855424,5.8722959
0.99599999,493.14954,0.00012712109,5.8722978
0.99650002,493.14954,0.00012570393,5.8722992
0.99699998,493.14954,0.00012430256,5.8723011
0.9975,493.14954,0.00012291681,5.8723025
0.99800003,493.14954,0.00012154651,5.8723044
0.99849999,493.14954,0.00012019147,5.8723059
0.99900001,493.14954,0.00011885154,5.8723078
0.99949998,493.14954,0.00011752654,5.8723092
1,493.14954,0.00011621631,5.8723106
1,493.14954,0.00011621631,5.8723106
