"time","medium.h","medium.p"
0,800000,2000
0.005,800400,7000
0.01,800800,12000
0.015,801200,17000
0.02,801600,22000
0.025,802000,27000
0.03,802400,32000
0.035,802800,37000
0.04,803200,42000
0.045,803600,47000
0.05,804000,52000
0.055,804400,57000
0.06,804800,62000
0.065,805200,67000
0.07,805600,72000
0.075,806000,77000
0.08,806400,82000
0.085,806800,87000
0.09,807200,92000
0.095,807600,97000
0.1,808000,102000
0.105,808400,107000
0.11,808800,112000
0.115,809200,117000
0.12,809600,122000
0.125,810000,127000
0.13,810400,132000
0.135,810800,137000
0.14,811200,142000
0.145,811600,147000
0.15,812000,152000
0.155,812400,157000
0.16,812800,162000
0.165,813200,167000
0.17,813600,172000
0.175,814000,177000
0.18,814400,182000
0.185,814800,187000
0.19,815200,192000
0.195,815600,197000
0.2,816000,202000
0.205,816400,207000
0.21,816800,212000
0.215,817200,217000
0.22,817600,222000
0.225,818000,227000
0.23,818400,232000
0.235,818800,237000
0.24,819200,242000
0.245,819600,247000
0.25,820000,252000
0.255,820400,257000
0.26,820800,262000
0.265,821200,267000
0.27,821600,272000
0.275,822000,277000
0.28,822400,282000
0.285,822800,287000
0.29,823200,292000
0.295,823600,297000
0.3,824000,302000
0.305,824400,307000
0.31,824800,312000
0.315,825200,317000
0.32,825600,322000
0.325,826000,327000
0.33,826400,332000
0.335,826800,337000
0.34,827200,342000
0.345,827600,347000
0.35,828000,352000
0.355,828400,357000
0.36,828800,362000
0.365,829200,367000
0.37,829600,372000
0.375,830000,377000
0.38,830400,382000
0.385,830800,387000
0.39,831200,392000
0.395,831600,397000
0.4,832000,402000
0.405,832400,407000
0.41,832800,412000
0.415,833200,417000
0.42,833600,422000
0.425,834000,427000
0.43,834400,432000
0.435,834800,437000
0.44,835200,442000
0.445,835600,447000
0.45,836000,452000
0.455,836400,457000
0.46,836800,462000
0.465,837200,467000
0.47,837600,472000
0.475,838000,477000
0.48,838400,482000
0.485,838800,487000
0.49,839200,492000
0.495,839600,497000
0.5,840000,502000
0.505,840400,507000
0.51,840800,512000
0.515,841200,517000
0.52,841600,522000
0.525,842000,527000
0.53,842400,532000
0.535,842800,537000
0.54,843200,542000
0.545,843600,547000
0.55,844000,552000
0.555,844400,557000
0.56,844800,562000
0.565,845200,567000
0.57,845600,572000
0.575,846000,577000
0.58,846400,582000
0.585,846800,587000
0.59,847200,592000
0.595,847600,597000
0.6,848000,602000
0.605,848400,607000
0.61,848800,612000
0.615,849200,617000
0.62,849600,622000
0.625,850000,627000
0.63,850400,632000
0.635,850800,637000
0.64,851200,642000
0.645,851600,647000
0.65,852000,652000
0.655,852400,657000
0.66,852800,662000
0.665,853200,667000
0.67,853600,672000
0.675,854000,677000
0.68,854400,682000
0.685,854800,687000
0.69,855200,692000
0.695,855600,697000
0.7,856000,702000
0.705,856400,707000
0.71,856800,712000
0.715,857200,717000
0.72,857600,722000
0.725,858000,727000
0.73,858400,732000
0.735,858800,737000
0.74,859200,742000
0.745,859600,747000
0.75,860000,752000
0.755,860400,757000
0.76,860800,762000
0.765,861200,767000
0.77,861600,772000
0.775,862000,777000
0.78,862400,782000
0.785,862800,787000
0.79,863200,792000
0.795,863600,797000
0.8,864000,802000
0.805,864400,807000
0.81,864800,812000
0.815,865200,817000
0.82,865600,822000
0.825,866000,827000
0.83,866400,832000
0.835,866800,837000
0.84,867200,842000
0.845,867600,847000
0.85,868000,852000
0.855,868400,857000
0.86,868800,862000
0.865,869200,867000
0.87,869600,872000
0.875,870000,877000
0.88,870400,882000
0.885,870800,887000
0.89,871200,892000
0.895,871600,897000
0.9,872000,902000
0.905,872400,907000
0.91,872800,912000
0.915,873200,917000
0.92,873600,922000
0.925,874000,927000
0.93,874400,932000
0.935,874800,937000
0.94,875200,942000
0.945,875600,947000
0.95,876000,952000
0.955,876400,957000
0.96,876800,962000
0.965,877200,967000
0.97,877600,972000
0.975,878000,977000
0.98,878400,982000
0.985,878800,987000
0.99,879200,992000
0.995,879600,997000
1,880000,1002000
1.005,880400,1007000
1.01,880800,1012000
1.015,881200,1017000
1.02,881600,1022000
1.025,882000,1027000
1.03,882400,1032000
1.035,882800,1037000
1.04,883200,1042000
1.045,883600,1047000
1.05,884000,1052000
1.055,884400,1057000
1.06,884800,1062000
1.065,885200,1067000
1.07,885600,1072000
1.075,886000,1077000
1.08,886400,1082000
1.085,886800,1087000
1.09,887200,1092000
1.095,887600,1097000
1.1,888000,1102000
1.105,888400,1107000
1.11,888800,1112000
1.115,889200,1117000
1.12,889600,1122000
1.125,890000,1127000
1.13,890400,1132000
1.135,890800,1137000
1.14,891200,1142000
1.145,891600,1147000
1.15,892000,1152000
1.155,892400,1157000
1.16,892800,1162000
1.165,893200,1167000
1.17,893600,1172000
1.175,894000,1177000
1.18,894400,1182000
1.185,894800,1187000
1.19,895200,1192000
1.195,895600,1197000
1.2,896000,1202000
1.205,896400,1207000
1.21,896800,1212000
1.215,897200,1217000
1.22,897600,1222000
1.225,898000,1227000
1.23,898400,1232000
1.235,898800,1237000
1.24,899200,1242000
1.245,899600,1247000
1.25,900000,1252000
1.255,900400,1257000
1.26,900800,1262000
1.265,901200,1267000
1.27,901600,1272000
1.275,902000,1277000
1.28,902400,1282000
1.285,902800,1287000
1.29,903200,1292000
1.295,903600,1297000
1.3,904000,1302000
1.305,904400,1307000
1.31,904800,1312000
1.315,905200,1317000
1.32,905600,1322000
1.325,906000,1327000
1.33,906400,1332000
1.335,906800,1337000
1.34,907200,1342000
1.345,907600,1347000
1.35,908000,1352000
1.355,908400,1357000
1.36,908800,1362000
1.365,909200,1367000
1.37,909600,1372000
1.375,910000,1377000
1.38,910400,1382000
1.385,910800,1387000
1.39,911200,1392000
1.395,911600,1397000
1.4,912000,1402000
1.405,912400,1407000
1.41,912800,1412000
1.415,913200,1417000
1.42,913600,1422000
1.425,914000,1427000
1.43,914400,1432000
1.435,914800,1437000
1.44,915200,1442000
1.445,915600,1447000
1.45,916000,1452000
1.455,916400,1457000
1.46,916800,1462000
1.465,917200,1467000
1.47,917600,1472000
1.475,918000,1477000
1.48,918400,1482000
1.485,918800,1487000
1.49,919200,1492000
1.495,919600,1497000
1.5,920000,1502000
1.505,920400,1507000
1.51,920800,1512000
1.515,921200,1517000
1.52,921600,1522000
1.525,922000,1527000
1.53,922400,1532000
1.535,922800,1537000
1.54,923200,1542000
1.545,923600,1547000
1.55,924000,1552000
1.555,924400,1557000
1.56,924800,1562000
1.565,925200,1567000
1.57,925600,1572000
1.575,926000,1577000
1.58,926400,1582000
1.585,926800,1587000
1.59,927200,1592000
1.595,927600,1597000
1.6,928000,1602000
1.605,928400,1607000
1.61,928800,1612000
1.615,929200,1617000
1.62,929600,1622000
1.625,930000,1627000
1.63,930400,1632000
1.635,930800,1637000
1.64,931200,1642000
1.645,931600,1647000
1.65,932000,1652000
1.655,932400,1657000
1.66,932800,1662000
1.665,933200,1667000
1.67,933600,1672000
1.675,934000,1677000
1.68,934400,1682000
1.685,934800,1687000
1.69,935200,1692000
1.695,935600,1697000
1.7,936000,1702000
1.705,936400,1707000
1.71,936800,1712000
1.715,937200,1717000
1.72,937600,1722000
1.725,938000,1727000
1.73,938400,1732000
1.735,938800,1737000
1.74,939200,1742000
1.745,939600,1747000
1.75,940000,1752000
1.755,940400,1757000
1.76,940800,1762000
1.765,941200,1767000
1.77,941600,1772000
1.775,942000,1777000
1.78,942400,1782000
1.785,942800,1787000
1.79,943200,1792000
1.795,943600,1797000
1.8,944000,1802000
1.805,944400,1807000
1.81,944800,1812000
1.815,945200,1817000
1.82,945600,1822000
1.825,946000,1827000
1.83,946400,1832000
1.835,946800,1837000
1.84,947200,1842000
1.845,947600,1847000
1.85,948000,1852000
1.855,948400,1857000
1.86,948800,1862000
1.865,949200,1867000
1.87,949600,1872000
1.875,950000,1877000
1.88,950400,1882000
1.885,950800,1887000
1.89,951200,1892000
1.895,951600,1897000
1.9,952000,1902000
1.905,952400,1907000
1.91,952800,1912000
1.915,953200,1917000
1.92,953600,1922000
1.925,954000,1927000
1.93,954400,1932000
1.935,954800,1937000
1.94,955200,1942000
1.945,955600,1947000
1.95,956000,1952000
1.955,956400,1957000
1.96,956800,1962000
1.965,957200,1967000
1.97,957600,1972000
1.975,958000,1977000
1.98,958400,1982000
1.985,958800,1987000
1.99,959200,1992000
1.995,959600,1997000
2,960000,2002000
2.005,960400,2007000
2.01,960800,2012000
2.015,961200,2017000
2.02,961600,2022000
2.025,962000,2027000
2.03,962400,2032000
2.035,962800,2037000
2.04,963200,2042000
2.045,963600,2047000
2.05,964000,2052000
2.055,964400,2057000
2.06,964800,2062000
2.065,965200,2067000
2.07,965600,2072000
2.075,966000,2077000
2.08,966400,2082000
2.085,966800,2087000
2.09,967200,2092000
2.095,967600,2097000
2.1,968000,2102000
2.105,968400,2107000
2.11,968800,2112000
2.115,969200,2117000
2.12,969600,2122000
2.125,970000,2127000
2.13,970400,2132000
2.135,970800,2137000
2.14,971200,2142000
2.145,971600,2147000
2.15,972000,2152000
2.155,972400,2157000
2.16,972800,2162000
2.165,973200,2167000
2.17,973600,2172000
2.175,974000,2177000
2.18,974400,2182000
2.185,974800,2187000
2.19,975200,2192000
2.195,975600,2197000
2.2,976000,2202000
2.205,976400,2207000
2.21,976800,2212000
2.215,977200,2217000
2.22,977600,2222000
2.225,978000,2227000
2.23,978400,2232000
2.235,978800,2237000
2.24,979200,2242000
2.245,979600,2247000
2.25,980000,2252000
2.255,980400,2257000
2.26,980800,2262000
2.265,981200,2267000
2.27,981600,2272000
2.275,982000,2277000
2.28,982400,2282000
2.285,982800,2287000
2.29,983200,2292000
2.295,983600,2297000
2.3,984000,2302000
2.305,984400,2307000
2.31,984800,2312000
2.315,985200,2317000
2.32,985600,2322000
2.325,986000,2327000
2.33,986400,2332000
2.335,986800,2337000
2.34,987200,2342000
2.345,987600,2347000
2.35,988000,2352000
2.355,988400,2357000
2.36,988800,2362000
2.365,989200,2367000
2.37,989600,2372000
2.375,990000,2377000
2.38,990400,2382000
2.385,990800,2387000
2.39,991200,2392000
2.395,991600,2397000
2.4,992000,2402000
2.405,992400,2407000
2.41,992800,2412000
2.415,993200,2417000
2.42,993600,2422000
2.425,994000,2427000
2.43,994400,2432000
2.435,994800,2437000
2.44,995200,2442000
2.445,995600,2447000
2.45,996000,2452000
2.455,996400,2457000
2.46,996800,2462000
2.465,997200,2467000
2.47,997600,2472000
2.475,998000,2477000
2.48,998400,2482000
2.485,998800,2487000
2.49,999200,2492000
2.495,999600,2497000
2.5,1000000,2502000
2.505,1000400,2507000
2.51,1000800,2512000
2.515,1001200,2517000
2.52,1001600,2522000
2.525,1002000,2527000
2.53,1002400,2532000
2.535,1002800,2537000
2.54,1003200,2542000
2.545,1003600,2547000
2.55,1004000,2552000
2.555,1004400,2557000
2.56,1004800,2562000
2.565,1005200,2567000
2.57,1005600,2572000
2.575,1006000,2577000
2.58,1006400,2582000
2.585,1006800,2587000
2.59,1007200,2592000
2.595,1007600,2597000
2.6,1008000,2602000
2.605,1008400,2607000
2.61,1008800,2612000
2.615,1009200,2617000
2.62,1009600,2622000
2.625,1010000,2627000
2.63,1010400,2632000
2.635,1010800,2637000
2.64,1011200,2642000
2.645,1011600,2647000
2.65,1012000,2652000
2.655,1012400,2657000
2.66,1012800,2662000
2.665,1013200,2667000
2.67,1013600,2672000
2.675,1014000,2677000
2.68,1014400,2682000
2.685,1014800,2687000
2.69,1015200,2692000
2.695,1015600,2697000
2.7,1016000,2702000
2.705,1016400,2707000
2.71,1016800,2712000
2.715,1017200,2717000
2.72,1017600,2722000
2.725,1018000,2727000
2.73,1018400,2732000
2.735,1018800,2737000
2.74,1019200,2742000
2.745,1019600,2747000
2.75,1020000,2752000
2.755,1020400,2757000
2.76,1020800,2762000
2.765,1021200,2767000
2.77,1021600,2772000
2.775,1022000,2777000
2.78,1022400,2782000
2.785,1022800,2787000
2.79,1023200,2792000
2.795,1023600,2797000
2.8,1024000,2802000
2.805,1024400,2807000
2.81,1024800,2812000
2.815,1025200,2817000
2.82,1025600,2822000
2.825,1026000,2827000
2.83,1026400,2832000
2.835,1026800,2837000
2.84,1027200,2842000
2.845,1027600,2847000
2.85,1028000,2852000
2.855,1028400,2857000
2.86,1028800,2862000
2.865,1029200,2867000
2.87,1029600,2872000
2.875,1030000,2877000
2.88,1030400,2882000
2.885,1030800,2887000
2.89,1031200,2892000
2.895,1031600,2897000
2.9,1032000,2902000
2.905,1032400,2907000
2.91,1032800,2912000
2.915,1033200,2917000
2.92,1033600,2922000
2.925,1034000,2927000
2.93,1034400,2932000
2.935,1034800,2937000
2.94,1035200,2942000
2.945,1035600,2947000
2.95,1036000,2952000
2.955,1036400,2957000
2.96,1036800,2962000
2.965,1037200,2967000
2.97,1037600,2972000
2.975,1038000,2977000
2.98,1038400,2982000
2.985,1038800,2987000
2.99,1039200,2992000
2.995,1039600,2997000
3,1040000,3002000
3.005,1040400,3007000
3.01,1040800,3012000
3.015,1041200,3017000
3.02,1041600,3022000
3.025,1042000,3027000
3.03,1042400,3032000
3.035,1042800,3037000
3.04,1043200,3042000
3.045,1043600,3047000
3.05,1044000,3052000
3.055,1044400,3057000
3.06,1044800,3062000
3.065,1045200,3067000
3.07,1045600,3072000
3.075,1046000,3077000
3.08,1046400,3082000
3.085,1046800,3087000
3.09,1047200,3092000
3.095,1047600,3097000
3.1,1048000,3102000
3.105,1048400,3107000
3.11,1048800,3112000
3.115,1049200,3117000
3.12,1049600,3122000
3.125,1050000,3127000
3.13,1050400,3132000
3.135,1050800,3137000
3.14,1051200,3142000
3.145,1051600,3147000
3.15,1052000,3152000
3.155,1052400,3157000
3.16,1052800,3162000
3.165,1053200,3167000
3.17,1053600,3172000
3.175,1054000,3177000
3.18,1054400,3182000
3.185,1054800,3187000
3.19,1055200,3192000
3.195,1055600,3197000
3.2,1056000,3202000
3.205,1056400,3207000
3.21,1056800,3212000
3.215,1057200,3217000
3.22,1057600,3222000
3.225,1058000,3227000
3.23,1058400,3232000
3.235,1058800,3237000
3.24,1059200,3242000
3.245,1059600,3247000
3.25,1060000,3252000
3.255,1060400,3257000
3.26,1060800,3262000
3.265,1061200,3267000
3.27,1061600,3272000
3.275,1062000,3277000
3.28,1062400,3282000
3.285,1062800,3287000
3.29,1063200,3292000
3.295,1063600,3297000
3.3,1064000,3302000
3.305,1064400,3307000
3.31,1064800,3312000
3.315,1065200,3317000
3.32,1065600,3322000
3.325,1066000,3327000
3.33,1066400,3332000
3.335,1066800,3337000
3.34,1067200,3342000
3.345,1067600,3347000
3.35,1068000,3352000
3.355,1068400,3357000
3.36,1068800,3362000
3.365,1069200,3367000
3.37,1069600,3372000
3.375,1070000,3377000
3.38,1070400,3382000
3.385,1070800,3387000
3.39,1071200,3392000
3.395,1071600,3397000
3.4,1072000,3402000
3.405,1072400,3407000
3.41,1072800,3412000
3.415,1073200,3417000
3.42,1073600,3422000
3.425,1074000,3427000
3.43,1074400,3432000
3.435,1074800,3437000
3.44,1075200,3442000
3.445,1075600,3447000
3.45,1076000,3452000
3.455,1076400,3457000
3.46,1076800,3462000
3.465,1077200,3467000
3.47,1077600,3472000
3.475,1078000,3477000
3.48,1078400,3482000
3.485,1078800,3487000
3.49,1079200,3492000
3.495,1079600,3497000
3.5,1080000,3502000
3.505,1080400,3507000
3.51,1080800,3512000
3.515,1081200,3517000
3.52,1081600,3522000
3.525,1082000,3527000
3.53,1082400,3532000
3.535,1082800,3537000
3.54,1083200,3542000
3.545,1083600,3547000
3.55,1084000,3552000
3.555,1084400,3557000
3.56,1084800,3562000
3.565,1085200,3567000
3.57,1085600,3572000
3.575,1086000,3577000
3.58,1086400,3582000
3.585,1086800,3587000
3.59,1087200,3592000
3.595,1087600,3597000
3.6,1088000,3602000
3.605,1088400,3607000
3.61,1088800,3612000
3.615,1089200,3617000
3.62,1089600,3622000
3.625,1090000,3627000
3.63,1090400,3632000
3.635,1090800,3637000
3.64,1091200,3642000
3.645,1091600,3647000
3.65,1092000,3652000
3.655,1092400,3657000
3.66,1092800,3662000
3.665,1093200,3667000
3.67,1093600,3672000
3.675,1094000,3677000
3.68,1094400,3682000
3.685,1094800,3687000
3.69,1095200,3692000
3.695,1095600,3697000
3.7,1096000,3702000
3.705,1096400,3707000
3.71,1096800,3712000
3.715,1097200,3717000
3.72,1097600,3722000
3.725,1098000,3727000
3.73,1098400,3732000
3.735,1098800,3737000
3.74,1099200,3742000
3.745,1099600,3747000
3.75,1100000,3752000
3.755,1100400,3757000
3.76,1100800,3762000
3.765,1101200,3767000
3.77,1101600,3772000
3.775,1102000,3777000
3.78,1102400,3782000
3.785,1102800,3787000
3.79,1103200,3792000
3.795,1103600,3797000
3.8,1104000,3802000
3.805,1104400,3807000
3.81,1104800,3812000
3.815,1105200,3817000
3.82,1105600,3822000
3.825,1106000,3827000
3.83,1106400,3832000
3.835,1106800,3837000
3.84,1107200,3842000
3.845,1107600,3847000
3.85,1108000,3852000
3.855,1108400,3857000
3.86,1108800,3862000
3.865,1109200,3867000
3.87,1109600,3872000
3.875,1110000,3877000
3.88,1110400,3882000
3.885,1110800,3887000
3.89,1111200,3892000
3.895,1111600,3897000
3.9,1112000,3902000
3.905,1112400,3907000
3.91,1112800,3912000
3.915,1113200,3917000
3.92,1113600,3922000
3.925,1114000,3927000
3.93,1114400,3932000
3.935,1114800,3937000
3.94,1115200,3942000
3.945,1115600,3947000
3.95,1116000,3952000
3.955,1116400,3957000
3.96,1116800,3962000
3.965,1117200,3967000
3.97,1117600,3972000
3.975,1118000,3977000
3.98,1118400,3982000
3.985,1118800,3987000
3.99,1119200,3992000
3.995,1119600,3997000
4,1120000,4002000
4.005,1120400,4007000
4.01,1120800,4012000
4.015,1121200,4017000
4.02,1121600,4022000
4.025,1122000,4027000
4.03,1122400,4032000
4.035,1122800,4037000
4.04,1123200,4042000
4.045,1123600,4047000
4.05,1124000,4052000
4.055,1124400,4057000
4.06,1124800,4062000
4.065,1125200,4067000
4.07,1125600,4072000
4.075,1126000,4077000
4.08,1126400,4082000
4.085,1126800,4087000
4.09,1127200,4092000
4.095,1127600,4097000
4.1,1128000,4102000
4.105,1128400,4107000
4.11,1128800,4112000
4.115,1129200,4117000
4.12,1129600,4122000
4.125,1130000,4127000
4.13,1130400,4132000
4.135,1130800,4137000
4.14,1131200,4142000
4.145,1131600,4147000
4.15,1132000,4152000
4.155,1132400,4157000
4.16,1132800,4162000
4.165,1133200,4167000
4.17,1133600,4172000
4.175,1134000,4177000
4.18,1134400,4182000
4.185,1134800,4187000
4.19,1135200,4192000
4.195,1135600,4197000
4.2,1136000,4202000
4.205,1136400,4207000
4.21,1136800,4212000
4.215,1137200,4217000
4.22,1137600,4222000
4.225,1138000,4227000
4.23,1138400,4232000
4.235,1138800,4237000
4.24,1139200,4242000
4.245,1139600,4247000
4.25,1140000,4252000
4.255,1140400,4257000
4.26,1140800,4262000
4.265,1141200,4267000
4.27,1141600,4272000
4.275,1142000,4277000
4.28,1142400,4282000
4.285,1142800,4287000
4.29,1143200,4292000
4.295,1143600,4297000
4.3,1144000,4302000
4.305,1144400,4307000
4.31,1144800,4312000
4.315,1145200,4317000
4.32,1145600,4322000
4.325,1146000,4327000
4.33,1146400,4332000
4.335,1146800,4337000
4.34,1147200,4342000
4.345,1147600,4347000
4.35,1148000,4352000
4.355,1148400,4357000
4.36,1148800,4362000
4.365,1149200,4367000
4.37,1149600,4372000
4.375,1150000,4377000
4.38,1150400,4382000
4.385,1150800,4387000
4.39,1151200,4392000
4.395,1151600,4397000
4.4,1152000,4402000
4.405,1152400,4407000
4.41,1152800,4412000
4.415,1153200,4417000
4.42,1153600,4422000
4.425,1154000,4427000
4.43,1154400,4432000
4.435,1154800,4437000
4.44,1155200,4442000
4.445,1155600,4447000
4.45,1156000,4452000
4.455,1156400,4457000
4.46,1156800,4462000
4.465,1157200,4467000
4.47,1157600,4472000
4.475,1158000,4477000
4.48,1158400,4482000
4.485,1158800,4487000
4.49,1159200,4492000
4.495,1159600,4497000
4.5,1160000,4502000
4.505,1160400,4507000
4.51,1160800,4512000
4.515,1161200,4517000
4.52,1161600,4522000
4.525,1162000,4527000
4.53,1162400,4532000
4.535,1162800,4537000
4.54,1163200,4542000
4.545,1163600,4547000
4.55,1164000,4552000
4.555,1164400,4557000
4.56,1164800,4562000
4.565,1165200,4567000
4.57,1165600,4572000
4.575,1166000,4577000
4.58,1166400,4582000
4.585,1166800,4587000
4.59,1167200,4592000
4.595,1167600,4597000
4.6,1168000,4602000
4.605,1168400,4607000
4.61,1168800,4612000
4.615,1169200,4617000
4.62,1169600,4622000
4.625,1170000,4627000
4.63,1170400,4632000
4.635,1170800,4637000
4.64,1171200,4642000
4.645,1171600,4647000
4.65,1172000,4652000
4.655,1172400,4657000
4.66,1172800,4662000
4.665,1173200,4667000
4.67,1173600,4672000
4.675,1174000,4677000
4.68,1174400,4682000
4.685,1174800,4687000
4.69,1175200,4692000
4.695,1175600,4697000
4.7,1176000,4702000
4.705,1176400,4707000
4.71,1176800,4712000
4.715,1177200,4717000
4.72,1177600,4722000
4.725,1178000,4727000
4.73,1178400,4732000
4.735,1178800,4737000
4.74,1179200,4742000
4.745,1179600,4747000
4.75,1180000,4752000
4.755,1180400,4757000
4.76,1180800,4762000
4.765,1181200,4767000
4.77,1181600,4772000
4.775,1182000,4777000
4.78,1182400,4782000
4.785,1182800,4787000
4.79,1183200,4792000
4.795,1183600,4797000
4.8,1184000,4802000
4.805,1184400,4807000
4.81,1184800,4812000
4.815,1185200,4817000
4.82,1185600,4822000
4.825,1186000,4827000
4.83,1186400,4832000
4.835,1186800,4837000
4.84,1187200,4842000
4.845,1187600,4847000
4.85,1188000,4852000
4.855,1188400,4857000
4.86,1188800,4862000
4.865,1189200,4867000
4.87,1189600,4872000
4.875,1190000,4877000
4.88,1190400,4882000
4.885,1190800,4887000
4.89,1191200,4892000
4.895,1191600,4897000
4.9,1192000,4902000
4.905,1192400,4907000
4.91,1192800,4912000
4.915,1193200,4917000
4.92,1193600,4922000
4.925,1194000,4927000
4.93,1194400,4932000
4.935,1194800,4937000
4.94,1195200,4942000
4.945,1195600,4947000
4.95,1196000,4952000
4.955,1196400,4957000
4.96,1196800,4962000
4.965,1197200,4967000
4.97,1197600,4972000
4.975,1198000,4977000
4.98,1198400,4982000
4.985,1198800,4987000
4.99,1199200,4992000
4.995,1199600,4997000
5,1200000,5002000
5.005,1200400,5007000
5.01,1200800,5012000
5.015,1201200,5017000
5.02,1201600,5022000
5.025,1202000,5027000
5.03,1202400,5032000
5.035,1202800,5037000
5.04,1203200,5042000
5.045,1203600,5047000
5.05,1204000,5052000
5.055,1204400,5057000
5.06,1204800,5062000
5.065,1205200,5067000
5.07,1205600,5072000
5.075,1206000,5077000
5.08,1206400,5082000
5.085,1206800,5087000
5.09,1207200,5092000
5.095,1207600,5097000
5.1,1208000,5102000
5.105,1208400,5107000
5.11,1208800,5112000
5.115,1209200,5117000
5.12,1209600,5122000
5.125,1210000,5127000
5.13,1210400,5132000
5.135,1210800,5137000
5.14,1211200,5142000
5.145,1211600,5147000
5.15,1212000,5152000
5.155,1212400,5157000
5.16,1212800,5162000
5.165,1213200,5167000
5.17,1213600,5172000
5.175,1214000,5177000
5.18,1214400,5182000
5.185,1214800,5187000
5.19,1215200,5192000
5.195,1215600,5197000
5.2,1216000,5202000
5.205,1216400,5207000
5.21,1216800,5212000
5.215,1217200,5217000
5.22,1217600,5222000
5.225,1218000,5227000
5.23,1218400,5232000
5.235,1218800,5237000
5.24,1219200,5242000
5.245,1219600,5247000
5.25,1220000,5252000
5.255,1220400,5257000
5.26,1220800,5262000
5.265,1221200,5267000
5.27,1221600,5272000
5.275,1222000,5277000
5.28,1222400,5282000
5.285,1222800,5287000
5.29,1223200,5292000
5.295,1223600,5297000
5.3,1224000,5302000
5.305,1224400,5307000
5.31,1224800,5312000
5.315,1225200,5317000
5.32,1225600,5322000
5.325,1226000,5327000
5.33,1226400,5332000
5.335,1226800,5337000
5.34,1227200,5342000
5.345,1227600,5347000
5.35,1228000,5352000
5.355,1228400,5357000
5.36,1228800,5362000
5.365,1229200,5367000
5.37,1229600,5372000
5.375,1230000,5377000
5.38,1230400,5382000
5.385,1230800,5387000
5.39,1231200,5392000
5.395,1231600,5397000
5.4,1232000,5402000
5.405,1232400,5407000
5.41,1232800,5412000
5.415,1233200,5417000
5.42,1233600,5422000
5.425,1234000,5427000
5.43,1234400,5432000
5.435,1234800,5437000
5.44,1235200,5442000
5.445,1235600,5447000
5.45,1236000,5452000
5.455,1236400,5457000
5.46,1236800,5462000
5.465,1237200,5467000
5.47,1237600,5472000
5.475,1238000,5477000
5.48,1238400,5482000
5.485,1238800,5487000
5.49,1239200,5492000
5.495,1239600,5497000
5.5,1240000,5502000
5.505,1240400,5507000
5.51,1240800,5512000
5.515,1241200,5517000
5.52,1241600,5522000
5.525,1242000,5527000
5.53,1242400,5532000
5.535,1242800,5537000
5.54,1243200,5542000
5.545,1243600,5547000
5.55,1244000,5552000
5.555,1244400,5557000
5.56,1244800,5562000
5.565,1245200,5567000
5.57,1245600,5572000
5.575,1246000,5577000
5.58,1246400,5582000
5.585,1246800,5587000
5.59,1247200,5592000
5.595,1247600,5597000
5.6,1248000,5602000
5.605,1248400,5607000
5.61,1248800,5612000
5.615,1249200,5617000
5.62,1249600,5622000
5.625,1250000,5627000
5.63,1250400,5632000
5.635,1250800,5637000
5.64,1251200,5642000
5.645,1251600,5647000
5.65,1252000,5652000
5.655,1252400,5657000
5.66,1252800,5662000
5.665,1253200,5667000
5.67,1253600,5672000
5.675,1254000,5677000
5.68,1254400,5682000
5.685,1254800,5687000
5.69,1255200,5692000
5.695,1255600,5697000
5.7,1256000,5702000
5.705,1256400,5707000
5.71,1256800,5712000
5.715,1257200,5717000
5.72,1257600,5722000
5.725,1258000,5727000
5.73,1258400,5732000
5.735,1258800,5737000
5.74,1259200,5742000
5.745,1259600,5747000
5.75,1260000,5752000
5.755,1260400,5757000
5.76,1260800,5762000
5.765,1261200,5767000
5.77,1261600,5772000
5.775,1262000,5777000
5.78,1262400,5782000
5.785,1262800,5787000
5.79,1263200,5792000
5.795,1263600,5797000
5.8,1264000,5802000
5.805,1264400,5807000
5.81,1264800,5812000
5.815,1265200,5817000
5.82,1265600,5822000
5.825,1266000,5827000
5.83,1266400,5832000
5.835,1266800,5837000
5.84,1267200,5842000
5.845,1267600,5847000
5.85,1268000,5852000
5.855,1268400,5857000
5.86,1268800,5862000
5.865,1269200,5867000
5.87,1269600,5872000
5.875,1270000,5877000
5.88,1270400,5882000
5.885,1270800,5887000
5.89,1271200,5892000
5.895,1271600,5897000
5.9,1272000,5902000
5.905,1272400,5907000
5.91,1272800,5912000
5.915,1273200,5917000
5.92,1273600,5922000
5.925,1274000,5927000
5.93,1274400,5932000
5.935,1274800,5937000
5.94,1275200,5942000
5.945,1275600,5947000
5.95,1276000,5952000
5.955,1276400,5957000
5.96,1276800,5962000
5.965,1277200,5967000
5.97,1277600,5972000
5.975,1278000,5977000
5.98,1278400,5982000
5.985,1278800,5987000
5.99,1279200,5992000
5.995,1279600,5997000
6,1280000,6002000
6.005,1280400,6007000
6.01,1280800,6012000
6.015,1281200,6017000
6.02,1281600,6022000
6.025,1282000,6027000
6.03,1282400,6032000
6.035,1282800,6037000
6.04,1283200,6042000
6.045,1283600,6047000
6.05,1284000,6052000
6.055,1284400,6057000
6.06,1284800,6062000
6.065,1285200,6067000
6.07,1285600,6072000
6.075,1286000,6077000
6.08,1286400,6082000
6.085,1286800,6087000
6.09,1287200,6092000
6.095,1287600,6097000
6.1,1288000,6102000
6.105,1288400,6107000
6.11,1288800,6112000
6.115,1289200,6117000
6.12,1289600,6122000
6.125,1290000,6127000
6.13,1290400,6132000
6.135,1290800,6137000
6.14,1291200,6142000
6.145,1291600,6147000
6.15,1292000,6152000
6.155,1292400,6157000
6.16,1292800,6162000
6.165,1293200,6167000
6.17,1293600,6172000
6.175,1294000,6177000
6.18,1294400,6182000
6.185,1294800,6187000
6.19,1295200,6192000
6.195,1295600,6197000
6.2,1296000,6202000
6.205,1296400,6207000
6.21,1296800,6212000
6.215,1297200,6217000
6.22,1297600,6222000
6.225,1298000,6227000
6.23,1298400,6232000
6.235,1298800,6237000
6.24,1299200,6242000
6.245,1299600,6247000
6.25,1300000,6252000
6.255,1300400,6257000
6.26,1300800,6262000
6.265,1301200,6267000
6.27,1301600,6272000
6.275,1302000,6277000
6.28,1302400,6282000
6.285,1302800,6287000
6.29,1303200,6292000
6.295,1303600,6297000
6.3,1304000,6302000
6.305,1304400,6307000
6.31,1304800,6312000
6.315,1305200,6317000
6.32,1305600,6322000
6.325,1306000,6327000
6.33,1306400,6332000
6.335,1306800,6337000
6.34,1307200,6342000
6.345,1307600,6347000
6.35,1308000,6352000
6.355,1308400,6357000
6.36,1308800,6362000
6.365,1309200,6367000
6.37,1309600,6372000
6.375,1310000,6377000
6.38,1310400,6382000
6.385,1310800,6387000
6.39,1311200,6392000
6.395,1311600,6397000
6.4,1312000,6402000
6.405,1312400,6407000
6.41,1312800,6412000
6.415,1313200,6417000
6.42,1313600,6422000
6.425,1314000,6427000
6.43,1314400,6432000
6.435,1314800,6437000
6.44,1315200,6442000
6.445,1315600,6447000
6.45,1316000,6452000
6.455,1316400,6457000
6.46,1316800,6462000
6.465,1317200,6467000
6.47,1317600,6472000
6.475,1318000,6477000
6.48,1318400,6482000
6.485,1318800,6487000
6.49,1319200,6492000
6.495,1319600,6497000
6.5,1320000,6502000
6.505,1320400,6507000
6.51,1320800,6512000
6.515,1321200,6517000
6.52,1321600,6522000
6.525,1322000,6527000
6.53,1322400,6532000
6.535,1322800,6537000
6.54,1323200,6542000
6.545,1323600,6547000
6.55,1324000,6552000
6.555,1324400,6557000
6.56,1324800,6562000
6.565,1325200,6567000
6.57,1325600,6572000
6.575,1326000,6577000
6.58,1326400,6582000
6.585,1326800,6587000
6.59,1327200,6592000
6.595,1327600,6597000
6.6,1328000,6602000
6.605,1328400,6607000
6.61,1328800,6612000
6.615,1329200,6617000
6.62,1329600,6622000
6.625,1330000,6627000
6.63,1330400,6632000
6.635,1330800,6637000
6.64,1331200,6642000
6.645,1331600,6647000
6.65,1332000,6652000
6.655,1332400,6657000
6.66,1332800,6662000
6.665,1333200,6667000
6.67,1333600,6672000
6.675,1334000,6677000
6.68,1334400,6682000
6.685,1334800,6687000
6.69,1335200,6692000
6.695,1335600,6697000
6.7,1336000,6702000
6.705,1336400,6707000
6.71,1336800,6712000
6.715,1337200,6717000
6.72,1337600,6722000
6.725,1338000,6727000
6.73,1338400,6732000
6.735,1338800,6737000
6.74,1339200,6742000
6.745,1339600,6747000
6.75,1340000,6752000
6.755,1340400,6757000
6.76,1340800,6762000
6.765,1341200,6767000
6.77,1341600,6772000
6.775,1342000,6777000
6.78,1342400,6782000
6.785,1342800,6787000
6.79,1343200,6792000
6.795,1343600,6797000
6.8,1344000,6802000
6.805,1344400,6807000
6.81,1344800,6812000
6.815,1345200,6817000
6.82,1345600,6822000
6.825,1346000,6827000
6.83,1346400,6832000
6.835,1346800,6837000
6.84,1347200,6842000
6.845,1347600,6847000
6.85,1348000,6852000
6.855,1348400,6857000
6.86,1348800,6862000
6.865,1349200,6867000
6.87,1349600,6872000
6.875,1350000,6877000
6.88,1350400,6882000
6.885,1350800,6887000
6.89,1351200,6892000
6.895,1351600,6897000
6.9,1352000,6902000
6.905,1352400,6907000
6.91,1352800,6912000
6.915,1353200,6917000
6.92,1353600,6922000
6.925,1354000,6927000
6.93,1354400,6932000
6.935,1354800,6937000
6.94,1355200,6942000
6.945,1355600,6947000
6.95,1356000,6952000
6.955,1356400,6957000
6.96,1356800,6962000
6.965,1357200,6967000
6.97,1357600,6972000
6.975,1358000,6977000
6.98,1358400,6982000
6.985,1358800,6987000
6.99,1359200,6992000
6.995,1359600,6997000
7,1360000,7002000
7.005,1360400,7007000
7.01,1360800,7012000
7.015,1361200,7017000
7.02,1361600,7022000
7.025,1362000,7027000
7.03,1362400,7032000
7.035,1362800,7037000
7.04,1363200,7042000
7.045,1363600,7047000
7.05,1364000,7052000
7.055,1364400,7057000
7.06,1364800,7062000
7.065,1365200,7067000
7.07,1365600,7072000
7.075,1366000,7077000
7.08,1366400,7082000
7.085,1366800,7087000
7.09,1367200,7092000
7.095,1367600,7097000
7.1,1368000,7102000
7.105,1368400,7107000
7.11,1368800,7112000
7.115,1369200,7117000
7.12,1369600,7122000
7.125,1370000,7127000
7.13,1370400,7132000
7.135,1370800,7137000
7.14,1371200,7142000
7.145,1371600,7147000
7.15,1372000,7152000
7.155,1372400,7157000
7.16,1372800,7162000
7.165,1373200,7167000
7.17,1373600,7172000
7.175,1374000,7177000
7.18,1374400,7182000
7.185,1374800,7187000
7.19,1375200,7192000
7.195,1375600,7197000
7.2,1376000,7202000
7.205,1376400,7207000
7.21,1376800,7212000
7.215,1377200,7217000
7.22,1377600,7222000
7.225,1378000,7227000
7.23,1378400,7232000
7.235,1378800,7237000
7.24,1379200,7242000
7.245,1379600,7247000
7.25,1380000,7252000
7.255,1380400,7257000
7.26,1380800,7262000
7.265,1381200,7267000
7.27,1381600,7272000
7.275,1382000,7277000
7.28,1382400,7282000
7.285,1382800,7287000
7.29,1383200,7292000
7.295,1383600,7297000
7.3,1384000,7302000
7.305,1384400,7307000
7.31,1384800,7312000
7.315,1385200,7317000
7.32,1385600,7322000
7.325,1386000,7327000
7.33,1386400,7332000
7.335,1386800,7337000
7.34,1387200,7342000
7.345,1387600,7347000
7.35,1388000,7352000
7.355,1388400,7357000
7.36,1388800,7362000
7.365,1389200,7367000
7.37,1389600,7372000
7.375,1390000,7377000
7.38,1390400,7382000
7.385,1390800,7387000
7.39,1391200,7392000
7.395,1391600,7397000
7.4,1392000,7402000
7.405,1392400,7407000
7.41,1392800,7412000
7.415,1393200,7417000
7.42,1393600,7422000
7.425,1394000,7427000
7.43,1394400,7432000
7.435,1394800,7437000
7.44,1395200,7442000
7.445,1395600,7447000
7.45,1396000,7452000
7.455,1396400,7457000
7.46,1396800,7462000
7.465,1397200,7467000
7.47,1397600,7472000
7.475,1398000,7477000
7.48,1398400,7482000
7.485,1398800,7487000
7.49,1399200,7492000
7.495,1399600,7497000
7.5,1400000,7502000
7.505,1400400,7507000
7.51,1400800,7512000
7.515,1401200,7517000
7.52,1401600,7522000
7.525,1402000,7527000
7.53,1402400,7532000
7.535,1402800,7537000
7.54,1403200,7542000
7.545,1403600,7547000
7.55,1404000,7552000
7.555,1404400,7557000
7.56,1404800,7562000
7.565,1405200,7567000
7.57,1405600,7572000
7.575,1406000,7577000
7.58,1406400,7582000
7.585,1406800,7587000
7.59,1407200,7592000
7.595,1407600,7597000
7.6,1408000,7602000
7.605,1408400,7607000
7.61,1408800,7612000
7.615,1409200,7617000
7.62,1409600,7622000
7.625,1410000,7627000
7.63,1410400,7632000
7.635,1410800,7637000
7.64,1411200,7642000
7.645,1411600,7647000
7.65,1412000,7652000
7.655,1412400,7657000
7.66,1412800,7662000
7.665,1413200,7667000
7.67,1413600,7672000
7.675,1414000,7677000
7.68,1414400,7682000
7.685,1414800,7687000
7.69,1415200,7692000
7.695,1415600,7697000
7.7,1416000,7702000
7.705,1416400,7707000
7.71,1416800,7712000
7.715,1417200,7717000
7.72,1417600,7722000
7.725,1418000,7727000
7.73,1418400,7732000
7.735,1418800,7737000
7.74,1419200,7742000
7.745,1419600,7747000
7.75,1420000,7752000
7.755,1420400,7757000
7.76,1420800,7762000
7.765,1421200,7767000
7.77,1421600,7772000
7.775,1422000,7777000
7.78,1422400,7782000
7.785,1422800,7787000
7.79,1423200,7792000
7.795,1423600,7797000
7.8,1424000,7802000
7.805,1424400,7807000
7.81,1424800,7812000
7.815,1425200,7817000
7.82,1425600,7822000
7.825,1426000,7827000
7.83,1426400,7832000
7.835,1426800,7837000
7.84,1427200,7842000
7.845,1427600,7847000
7.85,1428000,7852000
7.855,1428400,7857000
7.86,1428800,7862000
7.865,1429200,7867000
7.87,1429600,7872000
7.875,1430000,7877000
7.88,1430400,7882000
7.885,1430800,7887000
7.89,1431200,7892000
7.895,1431600,7897000
7.9,1432000,7902000
7.905,1432400,7907000
7.91,1432800,7912000
7.915,1433200,7917000
7.92,1433600,7922000
7.925,1434000,7927000
7.93,1434400,7932000
7.935,1434800,7937000
7.94,1435200,7942000
7.945,1435600,7947000
7.95,1436000,7952000
7.955,1436400,7957000
7.96,1436800,7962000
7.965,1437200,7967000
7.97,1437600,7972000
7.975,1438000,7977000
7.98,1438400,7982000
7.985,1438800,7987000
7.99,1439200,7992000
7.995,1439600,7997000
8,1440000,8002000
8.005,1440400,8007000
8.01,1440800,8012000
8.015,1441200,8017000
8.02,1441600,8022000
8.025,1442000,8027000
8.03,1442400,8032000
8.035,1442800,8037000
8.04,1443200,8042000
8.045,1443600,8047000
8.05,1444000,8052000
8.055,1444400,8057000
8.06,1444800,8062000
8.065,1445200,8067000
8.07,1445600,8072000
8.075,1446000,8077000
8.08,1446400,8082000
8.085,1446800,8087000
8.09,1447200,8092000
8.095,1447600,8097000
8.1,1448000,8102000
8.105,1448400,8107000
8.11,1448800,8112000
8.115,1449200,8117000
8.12,1449600,8122000
8.125,1450000,8127000
8.13,1450400,8132000
8.135,1450800,8137000
8.14,1451200,8142000
8.145,1451600,8147000
8.15,1452000,8152000
8.155,1452400,8157000
8.16,1452800,8162000
8.165,1453200,8167000
8.17,1453600,8172000
8.175,1454000,8177000
8.18,1454400,8182000
8.185,1454800,8187000
8.19,1455200,8192000
8.195,1455600,8197000
8.2,1456000,8202000
8.205,1456400,8207000
8.21,1456800,8212000
8.215,1457200,8217000
8.22,1457600,8222000
8.225,1458000,8227000
8.23,1458400,8232000
8.235,1458800,8237000
8.24,1459200,8242000
8.245,1459600,8247000
8.25,1460000,8252000
8.255,1460400,8257000
8.26,1460800,8262000
8.265,1461200,8267000
8.27,1461600,8272000
8.275,1462000,8277000
8.28,1462400,8282000
8.285,1462800,8287000
8.29,1463200,8292000
8.295,1463600,8297000
8.3,1464000,8302000
8.305,1464400,8307000
8.31,1464800,8312000
8.315,1465200,8317000
8.32,1465600,8322000
8.325,1466000,8327000
8.33,1466400,8332000
8.335,1466800,8337000
8.34,1467200,8342000
8.345,1467600,8347000
8.35,1468000,8352000
8.355,1468400,8357000
8.36,1468800,8362000
8.365,1469200,8367000
8.37,1469600,8372000
8.375,1470000,8377000
8.38,1470400,8382000
8.385,1470800,8387000
8.39,1471200,8392000
8.395,1471600,8397000
8.4,1472000,8402000
8.405,1472400,8407000
8.41,1472800,8412000
8.415,1473200,8417000
8.42,1473600,8422000
8.425,1474000,8427000
8.43,1474400,8432000
8.435,1474800,8437000
8.44,1475200,8442000
8.445,1475600,8447000
8.45,1476000,8452000
8.455,1476400,8457000
8.46,1476800,8462000
8.465,1477200,8467000
8.47,1477600,8472000
8.475,1478000,8477000
8.48,1478400,8482000
8.485,1478800,8487000
8.49,1479200,8492000
8.495,1479600,8497000
8.5,1480000,8502000
8.505,1480400,8507000
8.51,1480800,8512000
8.515,1481200,8517000
8.52,1481600,8522000
8.525,1482000,8527000
8.53,1482400,8532000
8.535,1482800,8537000
8.54,1483200,8542000
8.545,1483600,8547000
8.55,1484000,8552000
8.555,1484400,8557000
8.56,1484800,8562000
8.565,1485200,8567000
8.57,1485600,8572000
8.575,1486000,8577000
8.58,1486400,8582000
8.585,1486800,8587000
8.59,1487200,8592000
8.595,1487600,8597000
8.6,1488000,8602000
8.605,1488400,8607000
8.61,1488800,8612000
8.615,1489200,8617000
8.62,1489600,8622000
8.625,1490000,8627000
8.63,1490400,8632000
8.635,1490800,8637000
8.64,1491200,8642000
8.645,1491600,8647000
8.65,1492000,8652000
8.655,1492400,8657000
8.66,1492800,8662000
8.665,1493200,8667000
8.67,1493600,8672000
8.675,1494000,8677000
8.68,1494400,8682000
8.685,1494800,8687000
8.69,1495200,8692000
8.695,1495600,8697000
8.7,1496000,8702000
8.705,1496400,8707000
8.71,1496800,8712000
8.715,1497200,8717000
8.72,1497600,8722000
8.725,1498000,8727000
8.73,1498400,8732000
8.735,1498800,8737000
8.74,1499200,8742000
8.745,1499600,8747000
8.75,1500000,8752000
8.755,1500400,8757000
8.76,1500800,8762000
8.765,1501200,8767000
8.77,1501600,8772000
8.775,1502000,8777000
8.78,1502400,8782000
8.785,1502800,8787000
8.79,1503200,8792000
8.795,1503600,8797000
8.8,1504000,8802000
8.805,1504400,8807000
8.81,1504800,8812000
8.815,1505200,8817000
8.82,1505600,8822000
8.825,1506000,8827000
8.83,1506400,8832000
8.835,1506800,8837000
8.84,1507200,8842000
8.845,1507600,8847000
8.85,1508000,8852000
8.855,1508400,8857000
8.86,1508800,8862000
8.865,1509200,8867000
8.87,1509600,8872000
8.875,1510000,8877000
8.88,1510400,8882000
8.885,1510800,8887000
8.89,1511200,8892000
8.895,1511600,8897000
8.9,1512000,8902000
8.905,1512400,8907000
8.91,1512800,8912000
8.915,1513200,8917000
8.92,1513600,8922000
8.925,1514000,8927000
8.93,1514400,8932000
8.935,1514800,8937000
8.94,1515200,8942000
8.945,1515600,8947000
8.95,1516000,8952000
8.955,1516400,8957000
8.96,1516800,8962000
8.965,1517200,8967000
8.97,1517600,8972000
8.975,1518000,8977000
8.98,1518400,8982000
8.985,1518800,8987000
8.99,1519200,8992000
8.995,1519600,8997000
9,1520000,9002000
9.005,1520400,9007000
9.01,1520800,9012000
9.015,1521200,9017000
9.02,1521600,9022000
9.025,1522000,9027000
9.03,1522400,9032000
9.035,1522800,9037000
9.04,1523200,9042000
9.045,1523600,9047000
9.05,1524000,9052000
9.055,1524400,9057000
9.06,1524800,9062000
9.065,1525200,9067000
9.07,1525600,9072000
9.075,1526000,9077000
9.08,1526400,9082000
9.085,1526800,9087000
9.09,1527200,9092000
9.095,1527600,9097000
9.1,1528000,9102000
9.105,1528400,9107000
9.11,1528800,9112000
9.115,1529200,9117000
9.12,1529600,9122000
9.125,1530000,9127000
9.13,1530400,9132000
9.135,1530800,9137000
9.14,1531200,9142000
9.145,1531600,9147000
9.15,1532000,9152000
9.155,1532400,9157000
9.16,1532800,9162000
9.165,1533200,9167000
9.17,1533600,9172000
9.175,1534000,9177000
9.18,1534400,9182000
9.185,1534800,9187000
9.19,1535200,9192000
9.195,1535600,9197000
9.2,1536000,9202000
9.205,1536400,9207000
9.21,1536800,9212000
9.215,1537200,9217000
9.22,1537600,9222000
9.225,1538000,9227000
9.23,1538400,9232000
9.235,1538800,9237000
9.24,1539200,9242000
9.245,1539600,9247000
9.25,1540000,9252000
9.255,1540400,9257000
9.26,1540800,9262000
9.265,1541200,9267000
9.27,1541600,9272000
9.275,1542000,9277000
9.28,1542400,9282000
9.285,1542800,9287000
9.29,1543200,9292000
9.295,1543600,9297000
9.3,1544000,9302000
9.305,1544400,9307000
9.31,1544800,9312000
9.315,1545200,9317000
9.32,1545600,9322000
9.325,1546000,9327000
9.33,1546400,9332000
9.335,1546800,9337000
9.34,1547200,9342000
9.345,1547600,9347000
9.35,1548000,9352000
9.355,1548400,9357000
9.36,1548800,9362000
9.365,1549200,9367000
9.37,1549600,9372000
9.375,1550000,9377000
9.38,1550400,9382000
9.385,1550800,9387000
9.39,1551200,9392000
9.395,1551600,9397000
9.4,1552000,9402000
9.405,1552400,9407000
9.41,1552800,9412000
9.415,1553200,9417000
9.42,1553600,9422000
9.425,1554000,9427000
9.43,1554400,9432000
9.435,1554800,9437000
9.44,1555200,9442000
9.445,1555600,9447000
9.45,1556000,9452000
9.455,1556400,9457000
9.46,1556800,9462000
9.465,1557200,9467000
9.47,1557600,9472000
9.475,1558000,9477000
9.48,1558400,9482000
9.485,1558800,9487000
9.49,1559200,9492000
9.495,1559600,9497000
9.5,1560000,9502000
9.505,1560400,9507000
9.51,1560800,9512000
9.515,1561200,9517000
9.52,1561600,9522000
9.525,1562000,9527000
9.53,1562400,9532000
9.535,1562800,9537000
9.54,1563200,9542000
9.545,1563600,9547000
9.55,1564000,9552000
9.555,1564400,9557000
9.56,1564800,9562000
9.565,1565200,9567000
9.57,1565600,9572000
9.575,1566000,9577000
9.58,1566400,9582000
9.585,1566800,9587000
9.59,1567200,9592000
9.595,1567600,9597000
9.6,1568000,9602000
9.605,1568400,9607000
9.61,1568800,9612000
9.615,1569200,9617000
9.62,1569600,9622000
9.625,1570000,9627000
9.63,1570400,9632000
9.635,1570800,9637000
9.64,1571200,9642000
9.645,1571600,9647000
9.65,1572000,9652000
9.655,1572400,9657000
9.66,1572800,9662000
9.665,1573200,9667000
9.67,1573600,9672000
9.675,1574000,9677000
9.68,1574400,9682000
9.685,1574800,9687000.00000001
9.69,1575200,9692000
9.695,1575600,9697000.00000001
9.7,1576000,9702000.00000001
9.705,1576400,9707000.00000001
9.71,1576800,9712000.00000001
9.715,1577200,9717000
9.72,1577600,9722000.00000001
9.725,1578000,9727000
9.73,1578400,9732000.00000001
9.735,1578800,9737000.00000001
9.74,1579200,9742000.00000001
9.745,1579600,9747000.00000001
9.75,1580000,9752000.00000001
9.755,1580400,9757000.00000001
9.76,1580800,9762000.00000001
9.765,1581200,9767000.00000001
9.77,1581600,9772000
9.775,1582000,9777000.00000001
9.78,1582400,9782000.00000001
9.785,1582800,9787000.00000001
9.79,1583200,9792000.00000001
9.795,1583600,9797000.00000001
9.8,1584000,9802000.00000001
9.805,1584400,9807000.00000001
9.81,1584800,9812000.00000001
9.815,1585200,9817000
9.82,1585600,9822000.00000001
9.825,1586000,9827000.00000001
9.83,1586400,9832000.00000001
9.835,1586800,9837000.00000001
9.84,1587200,9842000.00000001
9.845,1587600,9847000.00000001
9.85,1588000,9852000.00000001
9.855,1588400,9857000.00000001
9.86,1588800,9862000.00000001
9.865,1589200,9867000
9.87,1589600,9872000.00000001
9.875,1590000,9877000
9.88,1590400,9882000.00000001
9.885,1590800,9887000.00000001
9.89,1591200,9892000.00000001
9.895,1591600,9897000
9.9,1592000,9902000.00000001
9.905,1592400,9907000
9.91,1592800,9912000.00000001
9.915,1593200,9917000.00000001
9.92,1593600,9922000
9.925,1594000,9927000.00000001
9.93,1594400,9932000.00000001
9.935,1594800,9937000.00000001
9.94,1595200,9942000
9.945,1595600,9947000.00000001
9.95,1596000,9952000.00000001
9.955,1596400,9957000.00000001
9.96,1596800,9962000.00000001
9.965,1597200,9967000
9.97,1597600,9972000.00000001
9.975,1598000,9977000
9.98,1598400,9982000.00000001
9.985,1598800,9987000.00000001
9.99,1599200,9992000.00000001
9.995,1599600,9997000.00000001
10,1600000,10002000
10.005,1600400,10007000
10.01,1600800,10012000
10.015,1601200,10017000
10.02,1601600,10022000
10.025,1602000,10027000
10.03,1602400,10032000
10.035,1602800,10037000
10.04,1603200,10042000
10.045,1603600,10047000
10.05,1604000,10052000
10.055,1604400,10057000
10.06,1604800,10062000
10.065,1605200,10067000
10.07,1605600,10072000
10.075,1606000,10077000
10.08,1606400,10082000
10.085,1606800,10087000
10.09,1607200,10092000
10.095,1607600,10097000
10.1,1608000,10102000
10.105,1608400,10107000
10.11,1608800,10112000
10.115,1609200,10117000
10.12,1609600,10122000
10.125,1610000,10127000
10.13,1610400,10132000
10.135,1610800,10137000
10.14,1611200,10142000
10.145,1611600,10147000
10.15,1612000,10152000
10.155,1612400,10157000
10.16,1612800,10162000
10.165,1613200,10167000
10.17,1613600,10172000
10.175,1614000,10177000
10.18,1614400,10182000
10.185,1614800,10187000
10.19,1615200,10192000
10.195,1615600,10197000
10.2,1616000,10202000
10.205,1616400,10207000
10.21,1616800,10212000
10.215,1617200,10217000
10.22,1617600,10222000
10.225,1618000,10227000
10.23,1618400,10232000
10.235,1618800,10237000
10.24,1619200,10242000
10.245,1619600,10247000
10.25,1620000,10252000
10.255,1620400,10257000
10.26,1620800,10262000
10.265,1621200,10267000
10.27,1621600,10272000
10.275,1622000,10277000
10.28,1622400,10282000
10.285,1622800,10287000
10.29,1623200,10292000
10.295,1623600,10297000
10.3,1624000,10302000
10.305,1624400,10307000
10.31,1624800,10312000
10.315,1625200,10317000
10.32,1625600,10322000
10.325,1626000,10327000
10.33,1626400,10332000
10.335,1626800,10337000
10.34,1627200,10342000
10.345,1627600,10347000
10.35,1628000,10352000
10.355,1628400,10357000
10.36,1628800,10362000
10.365,1629200,10367000
10.37,1629600,10372000
10.375,1630000,10377000
10.38,1630400,10382000
10.385,1630800,10387000
10.39,1631200,10392000
10.395,1631600,10397000
10.4,1632000,10402000
10.405,1632400,10407000
10.41,1632800,10412000
10.415,1633200,10417000
10.42,1633600,10422000
10.425,1634000,10427000
10.43,1634400,10432000
10.435,1634800,10437000
10.44,1635200,10442000
10.445,1635600,10447000
10.45,1636000,10452000
10.455,1636400,10457000
10.46,1636800,10462000
10.465,1637200,10467000
10.47,1637600,10472000
10.475,1638000,10477000
10.48,1638400,10482000
10.485,1638800,10487000
10.49,1639200,10492000
10.495,1639600,10497000
10.5,1640000,10502000
10.505,1640400,10507000
10.51,1640800,10512000
10.515,1641200,10517000
10.52,1641600,10522000
10.525,1642000,10527000
10.53,1642400,10532000
10.535,1642800,10537000
10.54,1643200,10542000
10.545,1643600,10547000
10.55,1644000,10552000
10.555,1644400,10557000
10.56,1644800,10562000
10.565,1645200,10567000
10.57,1645600,10572000
10.575,1646000,10577000
10.58,1646400,10582000
10.585,1646800,10587000
10.59,1647200,10592000
10.595,1647600,10597000
10.6,1648000,10602000
10.605,1648400,10607000
10.61,1648800,10612000
10.615,1649200,10617000
10.62,1649600,10622000
10.625,1650000,10627000
10.63,1650400,10632000
10.635,1650800,10637000
10.64,1651200,10642000
10.645,1651600,10647000
10.65,1652000,10652000
10.655,1652400,10657000
10.66,1652800,10662000
10.665,1653200,10667000
10.67,1653600,10672000
10.675,1654000,10677000
10.68,1654400,10682000
10.685,1654800,10687000
10.69,1655200,10692000
10.695,1655600,10697000
10.7,1656000,10702000
10.705,1656400,10707000
10.71,1656800,10712000
10.715,1657200,10717000
10.72,1657600,10722000
10.725,1658000,10727000
10.73,1658400,10732000
10.735,1658800,10737000
10.74,1659200,10742000
10.745,1659600,10747000
10.75,1660000,10752000
10.755,1660400,10757000
10.76,1660800,10762000
10.765,1661200,10767000
10.77,1661600,10772000
10.775,1662000,10777000
10.78,1662400,10782000
10.785,1662800,10787000
10.79,1663200,10792000
10.795,1663600,10797000
10.8,1664000,10802000
10.805,1664400,10807000
10.81,1664800,10812000
10.815,1665200,10817000
10.82,1665600,10822000
10.825,1666000,10827000
10.83,1666400,10832000
10.835,1666800,10837000
10.84,1667200,10842000
10.845,1667600,10847000
10.85,1668000,10852000
10.855,1668400,10857000
10.86,1668800,10862000
10.865,1669200,10867000
10.87,1669600,10872000
10.875,1670000,10877000
10.88,1670400,10882000
10.885,1670800,10887000
10.89,1671200,10892000
10.895,1671600,10897000
10.9,1672000,10902000
10.905,1672400,10907000
10.91,1672800,10912000
10.915,1673200,10917000
10.92,1673600,10922000
10.925,1674000,10927000
10.93,1674400,10932000
10.935,1674800,10937000
10.94,1675200,10942000
10.945,1675600,10947000
10.95,1676000,10952000
10.955,1676400,10957000
10.96,1676800,10962000
10.965,1677200,10967000
10.97,1677600,10972000
10.975,1678000,10977000
10.98,1678400,10982000
10.985,1678800,10987000
10.99,1679200,10992000
10.995,1679600,10997000
11,1680000,11002000
11.005,1680400,11007000
11.01,1680800,11012000
11.015,1681200,11017000
11.02,1681600,11022000
11.025,1682000,11027000
11.03,1682400,11032000
11.035,1682800,11037000
11.04,1683200,11042000
11.045,1683600,11047000
11.05,1684000,11052000
11.055,1684400,11057000
11.06,1684800,11062000
11.065,1685200,11067000
11.07,1685600,11072000
11.075,1686000,11077000
11.08,1686400,11082000
11.085,1686800,11087000
11.09,1687200,11092000
11.095,1687600,11097000
11.1,1688000,11102000
11.105,1688400,11107000
11.11,1688800,11112000
11.115,1689200,11117000
11.12,1689600,11122000
11.125,1690000,11127000
11.13,1690400,11132000
11.135,1690800,11137000
11.14,1691200,11142000
11.145,1691600,11147000
11.15,1692000,11152000
11.155,1692400,11157000
11.16,1692800,11162000
11.165,1693200,11167000
11.17,1693600,11172000
11.175,1694000,11177000
11.18,1694400,11182000
11.185,1694800,11187000
11.19,1695200,11192000
11.195,1695600,11197000
11.2,1696000,11202000
11.205,1696400,11207000
11.21,1696800,11212000
11.215,1697200,11217000
11.22,1697600,11222000
11.225,1698000,11227000
11.23,1698400,11232000
11.235,1698800,11237000
11.24,1699200,11242000
11.245,1699600,11247000
11.25,1700000,11252000
11.255,1700400,11257000
11.26,1700800,11262000
11.265,1701200,11267000
11.27,1701600,11272000
11.275,1702000,11277000
11.28,1702400,11282000
11.285,1702800,11287000
11.29,1703200,11292000
11.295,1703600,11297000
11.3,1704000,11302000
11.305,1704400,11307000
11.31,1704800,11312000
11.315,1705200,11317000
11.32,1705600,11322000
11.325,1706000,11327000
11.33,1706400,11332000
11.335,1706800,11337000
11.34,1707200,11342000
11.345,1707600,11347000
11.35,1708000,11352000
11.355,1708400,11357000
11.36,1708800,11362000
11.365,1709200,11367000
11.37,1709600,11372000
11.375,1710000,11377000
11.38,1710400,11382000
11.385,1710800,11387000
11.39,1711200,11392000
11.395,1711600,11397000
11.4,1712000,11402000
11.405,1712400,11407000
11.41,1712800,11412000
11.415,1713200,11417000
11.42,1713600,11422000
11.425,1714000,11427000
11.43,1714400,11432000
11.435,1714800,11437000
11.44,1715200,11442000
11.445,1715600,11447000
11.45,1716000,11452000
11.455,1716400,11457000
11.46,1716800,11462000
11.465,1717200,11467000
11.47,1717600,11472000
11.475,1718000,11477000
11.48,1718400,11482000
11.485,1718800,11487000
11.49,1719200,11492000
11.495,1719600,11497000
11.5,1720000,11502000
11.505,1720400,11507000
11.51,1720800,11512000
11.515,1721200,11517000
11.52,1721600,11522000
11.525,1722000,11527000
11.53,1722400,11532000
11.535,1722800,11537000
11.54,1723200,11542000
11.545,1723600,11547000
11.55,1724000,11552000
11.555,1724400,11557000
11.56,1724800,11562000
11.565,1725200,11567000
11.57,1725600,11572000
11.575,1726000,11577000
11.58,1726400,11582000
11.585,1726800,11587000
11.59,1727200,11592000
11.595,1727600,11597000
11.6,1728000,11602000
11.605,1728400,11607000
11.61,1728800,11612000
11.615,1729200,11617000
11.62,1729600,11622000
11.625,1730000,11627000
11.63,1730400,11632000
11.635,1730800,11637000
11.64,1731200,11642000
11.645,1731600,11647000
11.65,1732000,11652000
11.655,1732400,11657000
11.66,1732800,11662000
11.665,1733200,11667000
11.67,1733600,11672000
11.675,1734000,11677000
11.68,1734400,11682000
11.685,1734800,11687000
11.69,1735200,11692000
11.695,1735600,11697000
11.7,1736000,11702000
11.705,1736400,11707000
11.71,1736800,11712000
11.715,1737200,11717000
11.72,1737600,11722000
11.725,1738000,11727000
11.73,1738400,11732000
11.735,1738800,11737000
11.74,1739200,11742000
11.745,1739600,11747000
11.75,1740000,11752000
11.755,1740400,11757000
11.76,1740800,11762000
11.765,1741200,11767000
11.77,1741600,11772000
11.775,1742000,11777000
11.78,1742400,11782000
11.785,1742800,11787000
11.79,1743200,11792000
11.795,1743600,11797000
11.8,1744000,11802000
11.805,1744400,11807000
11.81,1744800,11812000
11.815,1745200,11817000
11.82,1745600,11822000
11.825,1746000,11827000
11.83,1746400,11832000
11.835,1746800,11837000
11.84,1747200,11842000
11.845,1747600,11847000
11.85,1748000,11852000
11.855,1748400,11857000
11.86,1748800,11862000
11.865,1749200,11867000
11.87,1749600,11872000
11.875,1750000,11877000
11.88,1750400,11882000
11.885,1750800,11887000
11.89,1751200,11892000
11.895,1751600,11897000
11.9,1752000,11902000
11.905,1752400,11907000
11.91,1752800,11912000
11.915,1753200,11917000
11.92,1753600,11922000
11.925,1754000,11927000
11.93,1754400,11932000
11.935,1754800,11937000
11.94,1755200,11942000
11.945,1755600,11947000
11.95,1756000,11952000
11.955,1756400,11957000
11.96,1756800,11962000
11.965,1757200,11967000
11.97,1757600,11972000
11.975,1758000,11977000
11.98,1758400,11982000
11.985,1758800,11987000
11.99,1759200,11992000
11.995,1759600,11997000
12,1760000,12002000
12.005,1760400,12007000
12.01,1760800,12012000
12.015,1761200,12017000
12.02,1761600,12022000
12.025,1762000,12027000
12.03,1762400,12032000
12.035,1762800,12037000
12.04,1763200,12042000
12.045,1763600,12047000
12.05,1764000,12052000
12.055,1764400,12057000
12.06,1764800,12062000
12.065,1765200,12067000
12.07,1765600,12072000
12.075,1766000,12077000
12.08,1766400,12082000
12.085,1766800,12087000
12.09,1767200,12092000
12.095,1767600,12097000
12.1,1768000,12102000
12.105,1768400,12107000
12.11,1768800,12112000
12.115,1769200,12117000
12.12,1769600,12122000
12.125,1770000,12127000
12.13,1770400,12132000
12.135,1770800,12137000
12.14,1771200,12142000
12.145,1771600,12147000
12.15,1772000,12152000
12.155,1772400,12157000
12.16,1772800,12162000
12.165,1773200,12167000
12.17,1773600,12172000
12.175,1774000,12177000
12.18,1774400,12182000
12.185,1774800,12187000
12.19,1775200,12192000
12.195,1775600,12197000
12.2,1776000,12202000
12.205,1776400,12207000
12.21,1776800,12212000
12.215,1777200,12217000
12.22,1777600,12222000
12.225,1778000,12227000
12.23,1778400,12232000
12.235,1778800,12237000
12.24,1779200,12242000
12.245,1779600,12247000
12.25,1780000,12252000
12.255,1780400,12257000
12.26,1780800,12262000
12.265,1781200,12267000
12.27,1781600,12272000
12.275,1782000,12277000
12.28,1782400,12282000
12.285,1782800,12287000
12.29,1783200,12292000
12.295,1783600,12297000
12.3,1784000,12302000
12.305,1784400,12307000
12.31,1784800,12312000
12.315,1785200,12317000
12.32,1785600,12322000
12.325,1786000,12327000
12.33,1786400,12332000
12.335,1786800,12337000
12.34,1787200,12342000
12.345,1787600,12347000
12.35,1788000,12352000
12.355,1788400,12357000
12.36,1788800,12362000
12.365,1789200,12367000
12.37,1789600,12372000
12.375,1790000,12377000
12.38,1790400,12382000
12.385,1790800,12387000
12.39,1791200,12392000
12.395,1791600,12397000
12.4,1792000,12402000
12.405,1792400,12407000
12.41,1792800,12412000
12.415,1793200,12417000
12.42,1793600,12422000
12.425,1794000,12427000
12.43,1794400,12432000
12.435,1794800,12437000
12.44,1795200,12442000
12.445,1795600,12447000
12.45,1796000,12452000
12.455,1796400,12457000
12.46,1796800,12462000
12.465,1797200,12467000
12.47,1797600,12472000
12.475,1798000,12477000
12.48,1798400,12482000
12.485,1798800,12487000
12.49,1799200,12492000
12.495,1799600,12497000
12.5,1800000,12502000
12.505,1800400,12507000
12.51,1800800,12512000
12.515,1801200,12517000
12.52,1801600,12522000
12.525,1802000,12527000
12.53,1802400,12532000
12.535,1802800,12537000
12.54,1803200,12542000
12.545,1803600,12547000
12.55,1804000,12552000
12.555,1804400,12557000
12.56,1804800,12562000
12.565,1805200,12567000
12.57,1805600,12572000
12.575,1806000,12577000
12.58,1806400,12582000
12.585,1806800,12587000
12.59,1807200,12592000
12.595,1807600,12597000
12.6,1808000,12602000
12.605,1808400,12607000
12.61,1808800,12612000
12.615,1809200,12617000
12.62,1809600,12622000
12.625,1810000,12627000
12.63,1810400,12632000
12.635,1810800,12637000
12.64,1811200,12642000
12.645,1811600,12647000
12.65,1812000,12652000
12.655,1812400,12657000
12.66,1812800,12662000
12.665,1813200,12667000
12.67,1813600,12672000
12.675,1814000,12677000
12.68,1814400,12682000
12.685,1814800,12687000
12.69,1815200,12692000
12.695,1815600,12697000
12.7,1816000,12702000
12.705,1816400,12707000
12.71,1816800,12712000
12.715,1817200,12717000
12.72,1817600,12722000
12.725,1818000,12727000
12.73,1818400,12732000
12.735,1818800,12737000
12.74,1819200,12742000
12.745,1819600,12747000
12.75,1820000,12752000
12.755,1820400,12757000
12.76,1820800,12762000
12.765,1821200,12767000
12.77,1821600,12772000
12.775,1822000,12777000
12.78,1822400,12782000
12.785,1822800,12787000
12.79,1823200,12792000
12.795,1823600,12797000
12.8,1824000,12802000
12.805,1824400,12807000
12.81,1824800,12812000
12.815,1825200,12817000
12.82,1825600,12822000
12.825,1826000,12827000
12.83,1826400,12832000
12.835,1826800,12837000
12.84,1827200,12842000
12.845,1827600,12847000
12.85,1828000,12852000
12.855,1828400,12857000
12.86,1828800,12862000
12.865,1829200,12867000
12.87,1829600,12872000
12.875,1830000,12877000
12.88,1830400,12882000
12.885,1830800,12887000
12.89,1831200,12892000
12.895,1831600,12897000
12.9,1832000,12902000
12.905,1832400,12907000
12.91,1832800,12912000
12.915,1833200,12917000
12.92,1833600,12922000
12.925,1834000,12927000
12.93,1834400,12932000
12.935,1834800,12937000
12.94,1835200,12942000
12.945,1835600,12947000
12.95,1836000,12952000
12.955,1836400,12957000
12.96,1836800,12962000
12.965,1837200,12967000
12.97,1837600,12972000
12.975,1838000,12977000
12.98,1838400,12982000
12.985,1838800,12987000
12.99,1839200,12992000
12.995,1839600,12997000
13,1840000,13002000
13.005,1840400,13007000
13.01,1840800,13012000
13.015,1841200,13017000
13.02,1841600,13022000
13.025,1842000,13027000
13.03,1842400,13032000
13.035,1842800,13037000
13.04,1843200,13042000
13.045,1843600,13047000
13.05,1844000,13052000
13.055,1844400,13057000
13.06,1844800,13062000
13.065,1845200,13067000
13.07,1845600,13072000
13.075,1846000,13077000
13.08,1846400,13082000
13.085,1846800,13087000
13.09,1847200,13092000
13.095,1847600,13097000
13.1,1848000,13102000
13.105,1848400,13107000
13.11,1848800,13112000
13.115,1849200,13117000
13.12,1849600,13122000
13.125,1850000,13127000
13.13,1850400,13132000
13.135,1850800,13137000
13.14,1851200,13142000
13.145,1851600,13147000
13.15,1852000,13152000
13.155,1852400,13157000
13.16,1852800,13162000
13.165,1853200,13167000
13.17,1853600,13172000
13.175,1854000,13177000
13.18,1854400,13182000
13.185,1854800,13187000
13.19,1855200,13192000
13.195,1855600,13197000
13.2,1856000,13202000
13.205,1856400,13207000
13.21,1856800,13212000
13.215,1857200,13217000
13.22,1857600,13222000
13.225,1858000,13227000
13.23,1858400,13232000
13.235,1858800,13237000
13.24,1859200,13242000
13.245,1859600,13247000
13.25,1860000,13252000
13.255,1860400,13257000
13.26,1860800,13262000
13.265,1861200,13267000
13.27,1861600,13272000
13.275,1862000,13277000
13.28,1862400,13282000
13.285,1862800,13287000
13.29,1863200,13292000
13.295,1863600,13297000
13.3,1864000,13302000
13.305,1864400,13307000
13.31,1864800,13312000
13.315,1865200,13317000
13.32,1865600,13322000
13.325,1866000,13327000
13.33,1866400,13332000
13.335,1866800,13337000
13.34,1867200,13342000
13.345,1867600,13347000
13.35,1868000,13352000
13.355,1868400,13357000
13.36,1868800,13362000
13.365,1869200,13367000
13.37,1869600,13372000
13.375,1870000,13377000
13.38,1870400,13382000
13.385,1870800,13387000
13.39,1871200,13392000
13.395,1871600,13397000
13.4,1872000,13402000
13.405,1872400,13407000
13.41,1872800,13412000
13.415,1873200,13417000
13.42,1873600,13422000
13.425,1874000,13427000
13.43,1874400,13432000
13.435,1874800,13437000
13.44,1875200,13442000
13.445,1875600,13447000
13.45,1876000,13452000
13.455,1876400,13457000
13.46,1876800,13462000
13.465,1877200,13467000
13.47,1877600,13472000
13.475,1878000,13477000
13.48,1878400,13482000
13.485,1878800,13487000
13.49,1879200,13492000
13.495,1879600,13497000
13.5,1880000,13502000
13.505,1880400,13507000
13.51,1880800,13512000
13.515,1881200,13517000
13.52,1881600,13522000
13.525,1882000,13527000
13.53,1882400,13532000
13.535,1882800,13537000
13.54,1883200,13542000
13.545,1883600,13547000
13.55,1884000,13552000
13.555,1884400,13557000
13.56,1884800,13562000
13.565,1885200,13567000
13.57,1885600,13572000
13.575,1886000,13577000
13.58,1886400,13582000
13.585,1886800,13587000
13.59,1887200,13592000
13.595,1887600,13597000
13.6,1888000,13602000
13.605,1888400,13607000
13.61,1888800,13612000
13.615,1889200,13617000
13.62,1889600,13622000
13.625,1890000,13627000
13.63,1890400,13632000
13.635,1890800,13637000
13.64,1891200,13642000
13.645,1891600,13647000
13.65,1892000,13652000
13.655,1892400,13657000
13.66,1892800,13662000
13.665,1893200,13667000
13.67,1893600,13672000
13.675,1894000,13677000
13.68,1894400,13682000
13.685,1894800,13687000
13.69,1895200,13692000
13.695,1895600,13697000
13.7,1896000,13702000
13.705,1896400,13707000
13.71,1896800,13712000
13.715,1897200,13717000
13.72,1897600,13722000
13.725,1898000,13727000
13.73,1898400,13732000
13.735,1898800,13737000
13.74,1899200,13742000
13.745,1899600,13747000
13.75,1900000,13752000
13.755,1900400,13757000
13.76,1900800,13762000
13.765,1901200,13767000
13.77,1901600,13772000
13.775,1902000,13777000
13.78,1902400,13782000
13.785,1902800,13787000
13.79,1903200,13792000
13.795,1903600,13797000
13.8,1904000,13802000
13.805,1904400,13807000
13.81,1904800,13812000
13.815,1905200,13817000
13.82,1905600,13822000
13.825,1906000,13827000
13.83,1906400,13832000
13.835,1906800,13837000
13.84,1907200,13842000
13.845,1907600,13847000
13.85,1908000,13852000
13.855,1908400,13857000
13.86,1908800,13862000
13.865,1909200,13867000
13.87,1909600,13872000
13.875,1910000,13877000
13.88,1910400,13882000
13.885,1910800,13887000
13.89,1911200,13892000
13.895,1911600,13897000
13.9,1912000,13902000
13.905,1912400,13907000
13.91,1912800,13912000
13.915,1913200,13917000
13.92,1913600,13922000
13.925,1914000,13927000
13.93,1914400,13932000
13.935,1914800,13937000
13.94,1915200,13942000
13.945,1915600,13947000
13.95,1916000,13952000
13.955,1916400,13957000
13.96,1916800,13962000
13.965,1917200,13967000
13.97,1917600,13972000
13.975,1918000,13977000
13.98,1918400,13982000
13.985,1918800,13987000
13.99,1919200,13992000
13.995,1919600,13997000
14,1920000,14002000
14.005,1920400,14007000
14.01,1920800,14012000
14.015,1921200,14017000
14.02,1921600,14022000
14.025,1922000,14027000
14.03,1922400,14032000
14.035,1922800,14037000
14.04,1923200,14042000
14.045,1923600,14047000
14.05,1924000,14052000
14.055,1924400,14057000
14.06,1924800,14062000
14.065,1925200,14067000
14.07,1925600,14072000
14.075,1926000,14077000
14.08,1926400,14082000
14.085,1926800,14087000
14.09,1927200,14092000
14.095,1927600,14097000
14.1,1928000,14102000
14.105,1928400,14107000
14.11,1928800,14112000
14.115,1929200,14117000
14.12,1929600,14122000
14.125,1930000,14127000
14.13,1930400,14132000
14.135,1930800,14137000
14.14,1931200,14142000
14.145,1931600,14147000
14.15,1932000,14152000
14.155,1932400,14157000
14.16,1932800,14162000
14.165,1933200,14167000
14.17,1933600,14172000
14.175,1934000,14177000
14.18,1934400,14182000
14.185,1934800,14187000
14.19,1935200,14192000
14.195,1935600,14197000
14.2,1936000,14202000
14.205,1936400,14207000
14.21,1936800,14212000
14.215,1937200,14217000
14.22,1937600,14222000
14.225,1938000,14227000
14.23,1938400,14232000
14.235,1938800,14237000
14.24,1939200,14242000
14.245,1939600,14247000
14.25,1940000,14252000
14.255,1940400,14257000
14.26,1940800,14262000
14.265,1941200,14267000
14.27,1941600,14272000
14.275,1942000,14277000
14.28,1942400,14282000
14.285,1942800,14287000
14.29,1943200,14292000
14.295,1943600,14297000
14.3,1944000,14302000
14.305,1944400,14307000
14.31,1944800,14312000
14.315,1945200,14317000
14.32,1945600,14322000
14.325,1946000,14327000
14.33,1946400,14332000
14.335,1946800,14337000
14.34,1947200,14342000
14.345,1947600,14347000
14.35,1948000,14352000
14.355,1948400,14357000
14.36,1948800,14362000
14.365,1949200,14367000
14.37,1949600,14372000
14.375,1950000,14377000
14.38,1950400,14382000
14.385,1950800,14387000
14.39,1951200,14392000
14.395,1951600,14397000
14.4,1952000,14402000
14.405,1952400,14407000
14.41,1952800,14412000
14.415,1953200,14417000
14.42,1953600,14422000
14.425,1954000,14427000
14.43,1954400,14432000
14.435,1954800,14437000
14.44,1955200,14442000
14.445,1955600,14447000
14.45,1956000,14452000
14.455,1956400,14457000
14.46,1956800,14462000
14.465,1957200,14467000
14.47,1957600,14472000
14.475,1958000,14477000
14.48,1958400,14482000
14.485,1958800,14487000
14.49,1959200,14492000
14.495,1959600,14497000
14.5,1960000,14502000
14.505,1960400,14507000
14.51,1960800,14512000
14.515,1961200,14517000
14.52,1961600,14522000
14.525,1962000,14527000
14.53,1962400,14532000
14.535,1962800,14537000
14.54,1963200,14542000
14.545,1963600,14547000
14.55,1964000,14552000
14.555,1964400,14557000
14.56,1964800,14562000
14.565,1965200,14567000
14.57,1965600,14572000
14.575,1966000,14577000
14.58,1966400,14582000
14.585,1966800,14587000
14.59,1967200,14592000
14.595,1967600,14597000
14.6,1968000,14602000
14.605,1968400,14607000
14.61,1968800,14612000
14.615,1969200,14617000
14.62,1969600,14622000
14.625,1970000,14627000
14.63,1970400,14632000
14.635,1970800,14637000
14.64,1971200,14642000
14.645,1971600,14647000
14.65,1972000,14652000
14.655,1972400,14657000
14.66,1972800,14662000
14.665,1973200,14667000
14.67,1973600,14672000
14.675,1974000,14677000
14.68,1974400,14682000
14.685,1974800,14687000
14.69,1975200,14692000
14.695,1975600,14697000
14.7,1976000,14702000
14.705,1976400,14707000
14.71,1976800,14712000
14.715,1977200,14717000
14.72,1977600,14722000
14.725,1978000,14727000
14.73,1978400,14732000
14.735,1978800,14737000
14.74,1979200,14742000
14.745,1979600,14747000
14.75,1980000,14752000
14.755,1980400,14757000
14.76,1980800,14762000
14.765,1981200,14767000
14.77,1981600,14772000
14.775,1982000,14777000
14.78,1982400,14782000
14.785,1982800,14787000
14.79,1983200,14792000
14.795,1983600,14797000
14.8,1984000,14802000
14.805,1984400,14807000
14.81,1984800,14812000
14.815,1985200,14817000
14.82,1985600,14822000
14.825,1986000,14827000
14.83,1986400,14832000
14.835,1986800,14837000
14.84,1987200,14842000
14.845,1987600,14847000
14.85,1988000,14852000
14.855,1988400,14857000
14.86,1988800,14862000
14.865,1989200,14867000
14.87,1989600,14872000
14.875,1990000,14877000
14.88,1990400,14882000
14.885,1990800,14887000
14.89,1991200,14892000
14.895,1991600,14897000
14.9,1992000,14902000
14.905,1992400,14907000
14.91,1992800,14912000
14.915,1993200,14917000
14.92,1993600,14922000
14.925,1994000,14927000
14.93,1994400,14932000
14.935,1994800,14937000
14.94,1995200,14942000
14.945,1995600,14947000
14.95,1996000,14952000
14.955,1996400,14957000
14.96,1996800,14962000
14.965,1997200,14967000
14.97,1997600,14972000
14.975,1998000,14977000
14.98,1998400,14982000
14.985,1998800,14987000
14.99,1999200,14992000
14.995,1999600,14997000
15,2000000,15002000
15.005,2000400,15007000
15.01,2000800,15012000
15.015,2001200,15017000
15.02,2001600,15022000
15.025,2002000,15027000
15.03,2002400,15032000
15.035,2002800,15037000
15.04,2003200,15042000
15.045,2003600,15047000
15.05,2004000,15052000
15.055,2004400,15057000
15.06,2004800,15062000
15.065,2005200,15067000
15.07,2005600,15072000
15.075,2006000,15077000
15.08,2006400,15082000
15.085,2006800,15087000
15.09,2007200,15092000
15.095,2007600,15097000
15.1,2008000,15102000
15.105,2008400,15107000
15.11,2008800,15112000
15.115,2009200,15117000
15.12,2009600,15122000
15.125,2010000,15127000
15.13,2010400,15132000
15.135,2010800,15137000
15.14,2011200,15142000
15.145,2011600,15147000
15.15,2012000,15152000
15.155,2012400,15157000
15.16,2012800,15162000
15.165,2013200,15167000
15.17,2013600,15172000
15.175,2014000,15177000
15.18,2014400,15182000
15.185,2014800,15187000
15.19,2015200,15192000
15.195,2015600,15197000
15.2,2016000,15202000
15.205,2016400,15207000
15.21,2016800,15212000
15.215,2017200,15217000
15.22,2017600,15222000
15.225,2018000,15227000
15.23,2018400,15232000
15.235,2018800,15237000
15.24,2019200,15242000
15.245,2019600,15247000
15.25,2020000,15252000
15.255,2020400,15257000
15.26,2020800,15262000
15.265,2021200,15267000
15.27,2021600,15272000
15.275,2022000,15277000
15.28,2022400,15282000
15.285,2022800,15287000
15.29,2023200,15292000
15.295,2023600,15297000
15.3,2024000,15302000
15.305,2024400,15307000
15.31,2024800,15312000
15.315,2025200,15317000
15.32,2025600,15322000
15.325,2026000,15327000
15.33,2026400,15332000
15.335,2026800,15337000
15.34,2027200,15342000
15.345,2027600,15347000
15.35,2028000,15352000
15.355,2028400,15357000
15.36,2028800,15362000
15.365,2029200,15367000
15.37,2029600,15372000
15.375,2030000,15377000
15.38,2030400,15382000
15.385,2030800,15387000
15.39,2031200,15392000
15.395,2031600,15397000
15.4,2032000,15402000
15.405,2032400,15407000
15.41,2032800,15412000
15.415,2033200,15417000
15.42,2033600,15422000
15.425,2034000,15427000
15.43,2034400,15432000
15.435,2034800,15437000
15.44,2035200,15442000
15.445,2035600,15447000
15.45,2036000,15452000
15.455,2036400,15457000
15.46,2036800,15462000
15.465,2037200,15467000
15.47,2037600,15472000
15.475,2038000,15477000
15.48,2038400,15482000
15.485,2038800,15487000
15.49,2039200,15492000
15.495,2039600,15497000
15.5,2040000,15502000
15.505,2040400,15507000
15.51,2040800,15512000
15.515,2041200,15517000
15.52,2041600,15522000
15.525,2042000,15527000
15.53,2042400,15532000
15.535,2042800,15537000
15.54,2043200,15542000
15.545,2043600,15547000
15.55,2044000,15552000
15.555,2044400,15557000
15.56,2044800,15562000
15.565,2045200,15567000
15.57,2045600,15572000
15.575,2046000,15577000
15.58,2046400,15582000
15.585,2046800,15587000
15.59,2047200,15592000
15.595,2047600,15597000
15.6,2048000,15602000
15.605,2048400,15607000
15.61,2048800,15612000
15.615,2049200,15617000
15.62,2049600,15622000
15.625,2050000,15627000
15.63,2050400,15632000
15.635,2050800,15637000
15.64,2051200,15642000
15.645,2051600,15647000
15.65,2052000,15652000
15.655,2052400,15657000
15.66,2052800,15662000
15.665,2053200,15667000
15.67,2053600,15672000
15.675,2054000,15677000
15.68,2054400,15682000
15.685,2054800,15687000
15.69,2055200,15692000
15.695,2055600,15697000
15.7,2056000,15702000
15.705,2056400,15707000
15.71,2056800,15712000
15.715,2057200,15717000
15.72,2057600,15722000
15.725,2058000,15727000
15.73,2058400,15732000
15.735,2058800,15737000
15.74,2059200,15742000
15.745,2059600,15747000
15.75,2060000,15752000
15.755,2060400,15757000
15.76,2060800,15762000
15.765,2061200,15767000
15.77,2061600,15772000
15.775,2062000,15777000
15.78,2062400,15782000
15.785,2062800,15787000
15.79,2063200,15792000
15.795,2063600,15797000
15.8,2064000,15802000
15.805,2064400,15807000
15.81,2064800,15812000
15.815,2065200,15817000
15.82,2065600,15822000
15.825,2066000,15827000
15.83,2066400,15832000
15.835,2066800,15837000
15.84,2067200,15842000
15.845,2067600,15847000
15.85,2068000,15852000
15.855,2068400,15857000
15.86,2068800,15862000
15.865,2069200,15867000
15.87,2069600,15872000
15.875,2070000,15877000
15.88,2070400,15882000
15.885,2070800,15887000
15.89,2071200,15892000
15.895,2071600,15897000
15.9,2072000,15902000
15.905,2072400,15907000
15.91,2072800,15912000
15.915,2073200,15917000
15.92,2073600,15922000
15.925,2074000,15927000
15.93,2074400,15932000
15.935,2074800,15937000
15.94,2075200,15942000
15.945,2075600,15947000
15.95,2076000,15952000
15.955,2076400,15957000
15.96,2076800,15962000
15.965,2077200,15967000
15.97,2077600,15972000
15.975,2078000,15977000
15.98,2078400,15982000
15.985,2078800,15987000
15.99,2079200,15992000
15.995,2079600,15997000
16,2080000,16002000
16.005,2080400,16007000
16.01,2080800,16012000
16.015,2081200,16017000
16.02,2081600,16022000
16.025,2082000,16027000
16.03,2082400,16032000
16.035,2082800,16037000
16.04,2083200,16042000
16.045,2083600,16047000
16.05,2084000,16052000
16.055,2084400,16057000
16.06,2084800,16062000
16.065,2085200,16067000
16.07,2085600,16072000
16.075,2086000,16077000
16.08,2086400,16082000
16.085,2086800,16087000
16.09,2087200,16092000
16.095,2087600,16097000
16.1,2088000,16102000
16.105,2088400,16107000
16.11,2088800,16112000
16.115,2089200,16117000
16.12,2089600,16122000
16.125,2090000,16127000
16.13,2090400,16132000
16.135,2090800,16137000
16.14,2091200,16142000
16.145,2091600,16147000
16.15,2092000,16152000
16.155,2092400,16157000
16.16,2092800,16162000
16.165,2093200,16167000
16.17,2093600,16172000
16.175,2094000,16177000
16.18,2094400,16182000
16.185,2094800,16187000
16.19,2095200,16192000
16.195,2095600,16197000
16.2,2096000,16202000
16.205,2096400,16207000
16.21,2096800,16212000
16.215,2097200,16217000
16.22,2097600,16222000
16.225,2098000,16227000
16.23,2098400,16232000
16.235,2098800,16237000
16.24,2099200,16242000
16.245,2099600,16247000
16.25,2100000,16252000
16.255,2100400,16257000
16.26,2100800,16262000
16.265,2101200,16267000
16.27,2101600,16272000
16.275,2102000,16277000
16.28,2102400,16282000
16.285,2102800,16287000
16.29,2103200,16292000
16.295,2103600,16297000
16.3,2104000,16302000
16.305,2104400,16307000
16.31,2104800,16312000
16.315,2105200,16317000
16.32,2105600,16322000
16.325,2106000,16327000
16.33,2106400,16332000
16.335,2106800,16337000
16.34,2107200,16342000
16.345,2107600,16347000
16.35,2108000,16352000
16.355,2108400,16357000
16.36,2108800,16362000
16.365,2109200,16367000
16.37,2109600,16372000
16.375,2110000,16377000
16.38,2110400,16382000
16.385,2110800,16387000
16.39,2111200,16392000
16.395,2111600,16397000
16.4,2112000,16402000
16.405,2112400,16407000
16.41,2112800,16412000
16.415,2113200,16417000
16.42,2113600,16422000
16.425,2114000,16427000
16.43,2114400,16432000
16.435,2114800,16437000
16.44,2115200,16442000
16.445,2115600,16447000
16.45,2116000,16452000
16.455,2116400,16457000
16.46,2116800,16462000
16.465,2117200,16467000
16.47,2117600,16472000
16.475,2118000,16477000
16.48,2118400,16482000
16.485,2118800,16487000
16.49,2119200,16492000
16.495,2119600,16497000
16.5,2120000,16502000
16.505,2120400,16507000
16.51,2120800,16512000
16.515,2121200,16517000
16.52,2121600,16522000
16.525,2122000,16527000
16.53,2122400,16532000
16.535,2122800,16537000
16.54,2123200,16542000
16.545,2123600,16547000
16.55,2124000,16552000
16.555,2124400,16557000
16.56,2124800,16562000
16.565,2125200,16567000
16.57,2125600,16572000
16.575,2126000,16577000
16.58,2126400,16582000
16.585,2126800,16587000
16.59,2127200,16592000
16.595,2127600,16597000
16.6,2128000,16602000
16.605,2128400,16607000
16.61,2128800,16612000
16.615,2129200,16617000
16.62,2129600,16622000
16.625,2130000,16627000
16.63,2130400,16632000
16.635,2130800,16637000
16.64,2131200,16642000
16.645,2131600,16647000
16.65,2132000,16652000
16.655,2132400,16657000
16.66,2132800,16662000
16.665,2133200,16667000
16.67,2133600,16672000
16.675,2134000,16677000
16.68,2134400,16682000
16.685,2134800,16687000
16.69,2135200,16692000
16.695,2135600,16697000
16.7,2136000,16702000
16.705,2136400,16707000
16.71,2136800,16712000
16.715,2137200,16717000
16.72,2137600,16722000
16.725,2138000,16727000
16.73,2138400,16732000
16.735,2138800,16737000
16.74,2139200,16742000
16.745,2139600,16747000
16.75,2140000,16752000
16.755,2140400,16757000
16.76,2140800,16762000
16.765,2141200,16767000
16.77,2141600,16772000
16.775,2142000,16777000
16.78,2142400,16782000
16.785,2142800,16787000
16.79,2143200,16792000
16.795,2143600,16797000
16.8,2144000,16802000
16.805,2144400,16807000
16.81,2144800,16812000
16.815,2145200,16817000
16.82,2145600,16822000
16.825,2146000,16827000
16.83,2146400,16832000
16.835,2146800,16837000
16.84,2147200,16842000
16.845,2147600,16847000
16.85,2148000,16852000
16.855,2148400,16857000
16.86,2148800,16862000
16.865,2149200,16867000
16.87,2149600,16872000
16.875,2150000,16877000
16.88,2150400,16882000
16.885,2150800,16887000
16.89,2151200,16892000
16.895,2151600,16897000
16.9,2152000,16902000
16.905,2152400,16907000
16.91,2152800,16912000
16.915,2153200,16917000
16.92,2153600,16922000
16.925,2154000,16927000
16.93,2154400,16932000
16.935,2154800,16937000
16.94,2155200,16942000
16.945,2155600,16947000
16.95,2156000,16952000
16.955,2156400,16957000
16.96,2156800,16962000
16.965,2157200,16967000
16.97,2157600,16972000
16.975,2158000,16977000
16.98,2158400,16982000
16.985,2158800,16987000
16.99,2159200,16992000
16.995,2159600,16997000
17,2160000,17002000
17.005,2160400,17007000
17.01,2160800,17012000
17.015,2161200,17017000
17.02,2161600,17022000
17.025,2162000,17027000
17.03,2162400,17032000
17.035,2162800,17037000
17.04,2163200,17042000
17.045,2163600,17047000
17.05,2164000,17052000
17.055,2164400,17057000
17.06,2164800,17062000
17.065,2165200,17067000
17.07,2165600,17072000
17.075,2166000,17077000
17.08,2166400,17082000
17.085,2166800,17087000
17.09,2167200,17092000
17.095,2167600,17097000
17.1,2168000,17102000
17.105,2168400,17107000
17.11,2168800,17112000
17.115,2169200,17117000
17.12,2169600,17122000
17.125,2170000,17127000
17.13,2170400,17132000
17.135,2170800,17137000
17.14,2171200,17142000
17.145,2171600,17147000
17.15,2172000,17152000
17.155,2172400,17157000
17.16,2172800,17162000
17.165,2173200,17167000
17.17,2173600,17172000
17.175,2174000,17177000
17.18,2174400,17182000
17.185,2174800,17187000
17.19,2175200,17192000
17.195,2175600,17197000
17.2,2176000,17202000
17.205,2176400,17207000
17.21,2176800,17212000
17.215,2177200,17217000
17.22,2177600,17222000
17.225,2178000,17227000
17.23,2178400,17232000
17.235,2178800,17237000
17.24,2179200,17242000
17.245,2179600,17247000
17.25,2180000,17252000
17.255,2180400,17257000
17.26,2180800,17262000
17.265,2181200,17267000
17.27,2181600,17272000
17.275,2182000,17277000
17.28,2182400,17282000
17.285,2182800,17287000
17.29,2183200,17292000
17.295,2183600,17297000
17.3,2184000,17302000
17.305,2184400,17307000
17.31,2184800,17312000
17.315,2185200,17317000
17.32,2185600,17322000
17.325,2186000,17327000
17.33,2186400,17332000
17.335,2186800,17337000
17.34,2187200,17342000
17.345,2187600,17347000
17.35,2188000,17352000
17.355,2188400,17357000
17.36,2188800,17362000
17.365,2189200,17367000
17.37,2189600,17372000
17.375,2190000,17377000
17.38,2190400,17382000
17.385,2190800,17387000
17.39,2191200,17392000
17.395,2191600,17397000
17.4,2192000,17402000
17.405,2192400,17407000
17.41,2192800,17412000
17.415,2193200,17417000
17.42,2193600,17422000
17.425,2194000,17427000
17.43,2194400,17432000
17.435,2194800,17437000
17.44,2195200,17442000
17.445,2195600,17447000
17.45,2196000,17452000
17.455,2196400,17457000
17.46,2196800,17462000
17.465,2197200,17467000
17.47,2197600,17472000
17.475,2198000,17477000
17.48,2198400,17482000
17.485,2198800,17487000
17.49,2199200,17492000
17.495,2199600,17497000
17.5,2200000,17502000
17.505,2200400,17507000
17.51,2200800,17512000
17.515,2201200,17517000
17.52,2201600,17522000
17.525,2202000,17527000
17.53,2202400,17532000
17.535,2202800,17537000
17.54,2203200,17542000
17.545,2203600,17547000
17.55,2204000,17552000
17.555,2204400,17557000
17.56,2204800,17562000
17.565,2205200,17567000
17.57,2205600,17572000
17.575,2206000,17577000
17.58,2206400,17582000
17.585,2206800,17587000
17.59,2207200,17592000
17.595,2207600,17597000
17.6,2208000,17602000
17.605,2208400,17607000
17.61,2208800,17612000
17.615,2209200,17617000
17.62,2209600,17622000
17.625,2210000,17627000
17.63,2210400,17632000
17.635,2210800,17637000
17.64,2211200,17642000
17.645,2211600,17647000
17.65,2212000,17652000
17.655,2212400,17657000
17.66,2212800,17662000
17.665,2213200,17667000
17.67,2213600,17672000
17.675,2214000,17677000
17.68,2214400,17682000
17.685,2214800,17687000
17.69,2215200,17692000
17.695,2215600,17697000
17.7,2216000,17702000
17.705,2216400,17707000
17.71,2216800,17712000
17.715,2217200,17717000
17.72,2217600,17722000
17.725,2218000,17727000
17.73,2218400,17732000
17.735,2218800,17737000
17.74,2219200,17742000
17.745,2219600,17747000
17.75,2220000,17752000
17.755,2220400,17757000
17.76,2220800,17762000
17.765,2221200,17767000
17.77,2221600,17772000
17.775,2222000,17777000
17.78,2222400,17782000
17.785,2222800,17787000
17.79,2223200,17792000
17.795,2223600,17797000
17.8,2224000,17802000
17.805,2224400,17807000
17.81,2224800,17812000
17.815,2225200,17817000
17.82,2225600,17822000
17.825,2226000,17827000
17.83,2226400,17832000
17.835,2226800,17837000
17.84,2227200,17842000
17.845,2227600,17847000
17.85,2228000,17852000
17.855,2228400,17857000
17.86,2228800,17862000
17.865,2229200,17867000
17.87,2229600,17872000
17.875,2230000,17877000
17.88,2230400,17882000
17.885,2230800,17887000
17.89,2231200,17892000
17.895,2231600,17897000
17.9,2232000,17902000
17.905,2232400,17907000
17.91,2232800,17912000
17.915,2233200,17917000
17.92,2233600,17922000
17.925,2234000,17927000
17.93,2234400,17932000
17.935,2234800,17937000
17.94,2235200,17942000
17.945,2235600,17947000
17.95,2236000,17952000
17.955,2236400,17957000
17.96,2236800,17962000
17.965,2237200,17967000
17.97,2237600,17972000
17.975,2238000,17977000
17.98,2238400,17982000
17.985,2238800,17987000
17.99,2239200,17992000
17.995,2239600,17997000
18,2240000,18002000
18.005,2240400,18007000
18.01,2240800,18012000
18.015,2241200,18017000
18.02,2241600,18022000
18.025,2242000,18027000
18.03,2242400,18032000
18.035,2242800,18037000
18.04,2243200,18042000
18.045,2243600,18047000
18.05,2244000,18052000
18.055,2244400,18057000
18.06,2244800,18062000
18.065,2245200,18067000
18.07,2245600,18072000
18.075,2246000,18077000
18.08,2246400,18082000
18.085,2246800,18087000
18.09,2247200,18092000
18.095,2247600,18097000
18.1,2248000,18102000
18.105,2248400,18107000
18.11,2248800,18112000
18.115,2249200,18117000
18.12,2249600,18122000
18.125,2250000,18127000
18.13,2250400,18132000
18.135,2250800,18137000
18.14,2251200,18142000
18.145,2251600,18147000
18.15,2252000,18152000
18.155,2252400,18157000
18.16,2252800,18162000
18.165,2253200,18167000
18.17,2253600,18172000
18.175,2254000,18177000
18.18,2254400,18182000
18.185,2254800,18187000
18.19,2255200,18192000
18.195,2255600,18197000
18.2,2256000,18202000
18.205,2256400,18207000
18.21,2256800,18212000
18.215,2257200,18217000
18.22,2257600,18222000
18.225,2258000,18227000
18.23,2258400,18232000
18.235,2258800,18237000
18.24,2259200,18242000
18.245,2259600,18247000
18.25,2260000,18252000
18.255,2260400,18257000
18.26,2260800,18262000
18.265,2261200,18267000
18.27,2261600,18272000
18.275,2262000,18277000
18.28,2262400,18282000
18.285,2262800,18287000
18.29,2263200,18292000
18.295,2263600,18297000
18.3,2264000,18302000
18.305,2264400,18307000
18.31,2264800,18312000
18.315,2265200,18317000
18.32,2265600,18322000
18.325,2266000,18327000
18.33,2266400,18332000
18.335,2266800,18337000
18.34,2267200,18342000
18.345,2267600,18347000
18.35,2268000,18352000
18.355,2268400,18357000
18.36,2268800,18362000
18.365,2269200,18367000
18.37,2269600,18372000
18.375,2270000,18377000
18.38,2270400,18382000
18.385,2270800,18387000
18.39,2271200,18392000
18.395,2271600,18397000
18.4,2272000,18402000
18.405,2272400,18407000
18.41,2272800,18412000
18.415,2273200,18417000
18.42,2273600,18422000
18.425,2274000,18427000
18.43,2274400,18432000
18.435,2274800,18437000
18.44,2275200,18442000
18.445,2275600,18447000
18.45,2276000,18452000
18.455,2276400,18457000
18.46,2276800,18462000
18.465,2277200,18467000
18.47,2277600,18472000
18.475,2278000,18477000
18.48,2278400,18482000
18.485,2278800,18487000
18.49,2279200,18492000
18.495,2279600,18497000
18.5,2280000,18502000
18.505,2280400,18507000
18.51,2280800,18512000
18.515,2281200,18517000
18.52,2281600,18522000
18.525,2282000,18527000
18.53,2282400,18532000
18.535,2282800,18537000
18.54,2283200,18542000
18.545,2283600,18547000
18.55,2284000,18552000
18.555,2284400,18557000
18.56,2284800,18562000
18.565,2285200,18567000
18.57,2285600,18572000
18.575,2286000,18577000
18.58,2286400,18582000
18.585,2286800,18587000
18.59,2287200,18592000
18.595,2287600,18597000
18.6,2288000,18602000
18.605,2288400,18607000
18.61,2288800,18612000
18.615,2289200,18617000
18.62,2289600,18622000
18.625,2290000,18627000
18.63,2290400,18632000
18.635,2290800,18637000
18.64,2291200,18642000
18.645,2291600,18647000
18.65,2292000,18652000
18.655,2292400,18657000
18.66,2292800,18662000
18.665,2293200,18667000
18.67,2293600,18672000
18.675,2294000,18677000
18.68,2294400,18682000
18.685,2294800,18687000
18.69,2295200,18692000
18.695,2295600,18697000
18.7,2296000,18702000
18.705,2296400,18707000
18.71,2296800,18712000
18.715,2297200,18717000
18.72,2297600,18722000
18.725,2298000,18727000
18.73,2298400,18732000
18.735,2298800,18737000
18.74,2299200,18742000
18.745,2299600,18747000
18.75,2300000,18752000
18.755,2300400,18757000
18.76,2300800,18762000
18.765,2301200,18767000
18.77,2301600,18772000
18.775,2302000,18777000
18.78,2302400,18782000
18.785,2302800,18787000
18.79,2303200,18792000
18.795,2303600,18797000
18.8,2304000,18802000
18.805,2304400,18807000
18.81,2304800,18812000
18.815,2305200,18817000
18.82,2305600,18822000
18.825,2306000,18827000
18.83,2306400,18832000
18.835,2306800,18837000
18.84,2307200,18842000
18.845,2307600,18847000
18.85,2308000,18852000
18.855,2308400,18857000
18.86,2308800,18862000
18.865,2309200,18867000
18.87,2309600,18872000
18.875,2310000,18877000
18.88,2310400,18882000
18.885,2310800,18887000
18.89,2311200,18892000
18.895,2311600,18897000
18.9,2312000,18902000
18.905,2312400,18907000
18.91,2312800,18912000
18.915,2313200,18917000
18.92,2313600,18922000
18.925,2314000,18927000
18.93,2314400,18932000
18.935,2314800,18937000
18.94,2315200,18942000
18.945,2315600,18947000
18.95,2316000,18952000
18.955,2316400,18957000
18.96,2316800,18962000
18.965,2317200,18967000
18.97,2317600,18972000
18.975,2318000,18977000
18.98,2318400,18982000
18.985,2318800,18987000
18.99,2319200,18992000
18.995,2319600,18997000
19,2320000,19002000
19.005,2320400,19007000
19.01,2320800,19012000
19.015,2321200,19017000
19.02,2321600,19022000
19.025,2322000,19027000
19.03,2322400,19032000
19.035,2322800,19037000
19.04,2323200,19042000
19.045,2323600,19047000
19.05,2324000,19052000
19.055,2324400,19057000
19.06,2324800,19062000
19.065,2325200,19067000
19.07,2325600,19072000
19.075,2326000,19077000
19.08,2326400,19082000
19.085,2326800,19087000
19.09,2327200,19092000
19.095,2327600,19097000
19.1,2328000,19102000
19.105,2328400,19107000
19.11,2328800,19112000
19.115,2329200,19117000
19.12,2329600,19122000
19.125,2330000,19127000
19.13,2330400,19132000
19.135,2330800,19137000
19.14,2331200,19142000
19.145,2331600,19147000
19.15,2332000,19152000
19.155,2332400,19157000
19.16,2332800,19162000
19.165,2333200,19167000
19.17,2333600,19172000
19.175,2334000,19177000
19.18,2334400,19182000
19.185,2334800,19187000
19.19,2335200,19192000
19.195,2335600,19197000
19.2,2336000,19202000
19.205,2336400,19207000
19.21,2336800,19212000
19.215,2337200,19217000
19.22,2337600,19222000
19.225,2338000,19227000
19.23,2338400,19232000
19.235,2338800,19237000
19.24,2339200,19242000
19.245,2339600,19247000
19.25,2340000,19252000
19.255,2340400,19257000
19.26,2340800,19262000
19.265,2341200,19267000
19.27,2341600,19272000
19.275,2342000,19277000
19.28,2342400,19282000
19.285,2342800,19287000
19.29,2343200,19292000
19.295,2343600,19297000
19.3,2344000,19302000
19.305,2344400,19307000
19.31,2344800,19312000
19.315,2345200,19317000
19.32,2345600,19322000
19.325,2346000,19327000
19.33,2346400,19332000
19.335,2346800,19337000
19.34,2347200,19342000
19.345,2347600,19347000
19.35,2348000,19352000
19.355,2348400,19357000
19.36,2348800,19362000
19.365,2349200,19367000
19.37,2349600,19372000
19.375,2350000,19377000
19.38,2350400,19382000
19.385,2350800,19387000
19.39,2351200,19392000
19.395,2351600,19397000
19.4,2352000,19402000
19.405,2352400,19407000
19.41,2352800,19412000
19.415,2353200,19417000
19.42,2353600,19422000
19.425,2354000,19427000
19.43,2354400,19432000
19.435,2354800,19437000
19.44,2355200,19442000
19.445,2355600,19447000
19.45,2356000,19452000
19.455,2356400,19457000
19.46,2356800,19462000
19.465,2357200,19467000
19.47,2357600,19472000
19.475,2358000,19477000
19.48,2358400,19482000
19.485,2358800,19487000
19.49,2359200,19492000
19.495,2359600,19497000
19.5,2360000,19502000
19.505,2360400,19507000
19.51,2360800,19512000
19.515,2361200,19517000
19.52,2361600,19522000
19.525,2362000,19527000
19.53,2362400,19532000
19.535,2362800,19537000
19.54,2363200,19542000
19.545,2363600,19547000
19.55,2364000,19552000
19.555,2364400,19557000
19.56,2364800,19562000
19.565,2365200,19567000
19.57,2365600,19572000
19.575,2366000,19577000
19.58,2366400,19582000
19.585,2366800,19587000
19.59,2367200,19592000
19.595,2367600,19597000
19.6,2368000,19602000
19.605,2368400,19607000
19.61,2368800,19612000
19.615,2369200,19617000
19.62,2369600,19622000
19.625,2370000,19627000
19.63,2370400,19632000
19.635,2370800,19637000
19.64,2371200,19642000
19.645,2371600,19647000
19.65,2372000,19652000
19.655,2372400,19657000
19.66,2372800,19662000
19.665,2373200,19667000
19.67,2373600,19672000
19.675,2374000,19677000
19.68,2374400,19682000
19.685,2374800,19687000
19.69,2375200,19692000
19.695,2375600,19697000
19.7,2376000,19702000
19.705,2376400,19707000
19.71,2376800,19712000
19.715,2377200,19717000
19.72,2377600,19722000
19.725,2378000,19727000
19.73,2378400,19732000
19.735,2378800,19737000
19.74,2379200,19742000
19.745,2379600,19747000
19.75,2380000,19752000
19.755,2380400,19757000
19.76,2380800,19762000
19.765,2381200,19767000
19.77,2381600,19772000
19.775,2382000,19777000
19.78,2382400,19782000
19.785,2382800,19787000
19.79,2383200,19792000
19.795,2383600,19797000
19.8,2384000,19802000
19.805,2384400,19807000
19.81,2384800,19812000
19.815,2385200,19817000
19.82,2385600,19822000
19.825,2386000,19827000
19.83,2386400,19832000
19.835,2386800,19837000
19.84,2387200,19842000
19.845,2387600,19847000
19.85,2388000,19852000
19.855,2388400,19857000
19.86,2388800,19862000
19.865,2389200,19867000
19.87,2389600,19872000
19.875,2390000,19877000
19.88,2390400,19882000
19.885,2390800,19887000
19.89,2391200,19892000
19.895,2391600,19897000
19.9,2392000,19902000
19.905,2392400,19907000
19.91,2392800,19912000
19.915,2393200,19917000
19.92,2393600,19922000
19.925,2394000,19927000
19.93,2394400,19932000
19.935,2394800,19937000
19.94,2395200,19942000
19.945,2395600,19947000
19.95,2396000,19952000
19.955,2396400,19957000
19.96,2396800,19962000
19.965,2397200,19967000
19.97,2397600,19972000
19.975,2398000,19977000
19.98,2398400,19982000
19.985,2398800,19987000
19.99,2399200,19992000
19.995,2399600,19997000
20,2400000,20002000
20.005,2400400,20007000
20.01,2400800,20012000
20.015,2401200,20017000
20.02,2401600,20022000
20.025,2402000,20027000
20.03,2402400,20032000
20.035,2402800,20037000
20.04,2403200,20042000
20.045,2403600,20047000
20.05,2404000,20052000
20.055,2404400,20057000
20.06,2404800,20062000
20.065,2405200,20067000
20.07,2405600,20072000
20.075,2406000,20077000
20.08,2406400,20082000
20.0800144171998,2406401.15337598,20082014.4171998
20.0800144171998,2406401.15337598,20082014.4171998
20.085,2406800,20087000
20.09,2407200,20092000
20.095,2407600,20097000
20.1,2408000,20102000
20.105,2408400,20107000
20.11,2408800,20112000
20.115,2409200,20117000
20.12,2409600,20122000
20.125,2410000,20127000
20.13,2410400,20132000
20.135,2410800,20137000
20.14,2411200,20142000
20.145,2411600,20147000
20.15,2412000,20152000
20.155,2412400,20157000
20.16,2412800,20162000
20.165,2413200,20167000
20.17,2413600,20172000
20.175,2414000,20177000
20.18,2414400,20182000
20.185,2414800,20187000
20.19,2415200,20192000
20.195,2415600,20197000
20.2,2416000,20202000
20.205,2416400,20207000
20.21,2416800,20212000
20.215,2417200,20217000
20.22,2417600,20222000
20.225,2418000,20227000
20.23,2418400,20232000
20.235,2418800,20237000
20.24,2419200,20242000
20.245,2419600,20247000
20.25,2420000,20252000
20.255,2420400,20257000
20.26,2420800,20262000
20.265,2421200,20267000
20.27,2421600,20272000
20.275,2422000,20277000
20.28,2422400,20282000
20.285,2422800,20287000
20.29,2423200,20292000
20.295,2423600,20297000
20.3,2424000,20302000
20.305,2424400,20307000
20.31,2424800,20312000
20.315,2425200,20317000
20.32,2425600,20322000
20.325,2426000,20327000
20.33,2426400,20332000
20.335,2426800,20337000
20.34,2427200,20342000
20.345,2427600,20347000
20.35,2428000,20352000
20.355,2428400,20357000
20.36,2428800,20362000
20.365,2429200,20367000
20.37,2429600,20372000
20.375,2430000,20377000
20.38,2430400,20382000
20.385,2430800,20387000
20.39,2431200,20392000
20.395,2431600,20397000
20.4,2432000,20402000
20.405,2432400,20407000
20.41,2432800,20412000
20.415,2433200,20417000
20.42,2433600,20422000
20.425,2434000,20427000
20.43,2434400,20432000
20.435,2434800,20437000
20.44,2435200,20442000
20.445,2435600,20447000
20.45,2436000,20452000
20.455,2436400,20457000
20.46,2436800,20462000
20.465,2437200,20467000
20.47,2437600,20472000
20.475,2438000,20477000
20.48,2438400,20482000
20.485,2438800,20487000
20.49,2439200,20492000
20.495,2439600,20497000
20.5,2440000,20502000
20.505,2440400,20507000
20.51,2440800,20512000
20.515,2441200,20517000
20.52,2441600,20522000
20.525,2442000,20527000
20.53,2442400,20532000
20.535,2442800,20537000
20.54,2443200,20542000
20.545,2443600,20547000
20.55,2444000,20552000
20.555,2444400,20557000
20.56,2444800,20562000
20.565,2445200,20567000
20.57,2445600,20572000
20.575,2446000,20577000
20.58,2446400,20582000
20.585,2446800,20587000
20.59,2447200,20592000
20.595,2447600,20597000
20.6,2448000,20602000
20.605,2448400,20607000
20.61,2448800,20612000
20.615,2449200,20617000
20.62,2449600,20622000
20.625,2450000,20627000
20.63,2450400,20632000
20.635,2450800,20637000
20.64,2451200,20642000
20.645,2451600,20647000
20.65,2452000,20652000
20.655,2452400,20657000
20.66,2452800,20662000
20.665,2453200,20667000
20.67,2453600,20672000
20.675,2454000,20677000
20.68,2454400,20682000
20.685,2454800,20687000
20.69,2455200,20692000
20.695,2455600,20697000
20.7,2456000,20702000
20.705,2456400,20707000
20.71,2456800,20712000
20.715,2457200,20717000
20.72,2457600,20722000
20.725,2458000,20727000
20.73,2458400,20732000
20.735,2458800,20737000
20.74,2459200,20742000
20.745,2459600,20747000
20.75,2460000,20752000
20.755,2460400,20757000
20.76,2460800,20762000
20.765,2461200,20767000
20.77,2461600,20772000
20.775,2462000,20777000
20.78,2462400,20782000
20.785,2462800,20787000
20.79,2463200,20792000
20.795,2463600,20797000
20.8,2464000,20802000
20.805,2464400,20807000
20.81,2464800,20812000
20.815,2465200,20817000
20.82,2465600,20822000
20.825,2466000,20827000
20.83,2466400,20832000
20.835,2466800,20837000
20.84,2467200,20842000
20.845,2467600,20847000
20.85,2468000,20852000
20.855,2468400,20857000
20.86,2468800,20862000
20.865,2469200,20867000
20.87,2469600,20872000
20.875,2470000,20877000
20.88,2470400,20882000
20.885,2470800,20887000
20.89,2471200,20892000
20.895,2471600,20897000
20.9,2472000,20902000
20.905,2472400,20907000
20.91,2472800,20912000
20.915,2473200,20917000
20.92,2473600,20922000
20.925,2474000,20927000
20.93,2474400,20932000
20.935,2474800,20937000
20.94,2475200,20942000
20.945,2475600,20947000
20.95,2476000,20952000
20.955,2476400,20957000
20.96,2476800,20962000
20.965,2477200,20967000
20.97,2477600,20972000
20.975,2478000,20977000
20.98,2478400,20982000
20.985,2478800,20987000
20.99,2479200,20992000
20.995,2479600,20997000
21,2480000,21002000
21.005,2480400,21007000
21.01,2480800,21012000
21.015,2481200,21017000
21.02,2481600,21022000
21.025,2482000,21027000
21.03,2482400,21032000
21.035,2482800,21037000
21.04,2483200,21042000
21.045,2483600,21047000
21.05,2484000,21052000
21.055,2484400,21057000
21.06,2484800,21062000
21.065,2485200,21067000
21.07,2485600,21072000
21.075,2486000,21077000
21.08,2486400,21082000
21.085,2486800,21087000
21.09,2487200,21092000
21.095,2487600,21097000
21.1,2488000,21102000
21.105,2488400,21107000
21.11,2488800,21112000
21.115,2489200,21117000
21.12,2489600,21122000
21.125,2490000,21127000
21.13,2490400,21132000
21.135,2490800,21137000
21.14,2491200,21142000
21.145,2491600,21147000
21.15,2492000,21152000
21.155,2492400,21157000
21.16,2492800,21162000
21.165,2493200,21167000
21.17,2493600,21172000
21.175,2494000,21177000
21.18,2494400,21182000
21.185,2494800,21187000
21.19,2495200,21192000
21.195,2495600,21197000
21.2,2496000,21202000
21.205,2496400,21207000
21.21,2496800,21212000
21.215,2497200,21217000
21.22,2497600,21222000
21.225,2498000,21227000
21.23,2498400,21232000
21.235,2498800,21237000
21.24,2499200,21242000
21.245,2499600,21247000
21.25,2500000,21252000
21.255,2500400,21257000
21.26,2500800,21262000
21.265,2501200,21267000
21.27,2501600,21272000
21.275,2502000,21277000
21.28,2502400,21282000
21.285,2502800,21287000
21.29,2503200,21292000
21.295,2503600,21297000
21.3,2504000,21302000
21.305,2504400,21307000
21.31,2504800,21312000
21.315,2505200,21317000
21.32,2505600,21322000
21.325,2506000,21327000
21.33,2506400,21332000
21.335,2506800,21337000
21.34,2507200,21342000
21.345,2507600,21347000
21.35,2508000,21352000
21.355,2508400,21357000
21.36,2508800,21362000
21.365,2509200,21367000
21.37,2509600,21372000
21.375,2510000,21377000
21.38,2510400,21382000
21.385,2510800,21387000
21.39,2511200,21392000
21.395,2511600,21397000
21.4,2512000,21402000
21.405,2512400,21407000
21.41,2512800,21412000
21.415,2513200,21417000
21.42,2513600,21422000
21.425,2514000,21427000
21.43,2514400,21432000
21.435,2514800,21437000
21.44,2515200,21442000
21.445,2515600,21447000
21.45,2516000,21452000
21.455,2516400,21457000
21.46,2516800,21462000
21.465,2517200,21467000
21.47,2517600,21472000
21.475,2518000,21477000
21.48,2518400,21482000
21.485,2518800,21487000
21.49,2519200,21492000
21.495,2519600,21497000
21.5,2520000,21502000
21.505,2520400,21507000
21.51,2520800,21512000
21.515,2521200,21517000
21.52,2521600,21522000
21.525,2522000,21527000
21.53,2522400,21532000
21.535,2522800,21537000
21.54,2523200,21542000
21.545,2523600,21547000
21.55,2524000,21552000
21.555,2524400,21557000
21.56,2524800,21562000
21.565,2525200,21567000
21.57,2525600,21572000
21.575,2526000,21577000
21.58,2526400,21582000
21.585,2526800,21587000
21.59,2527200,21592000
21.595,2527600,21597000
21.6,2528000,21602000
21.605,2528400,21607000
21.61,2528800,21612000
21.615,2529200,21617000
21.62,2529600,21622000
21.625,2530000,21627000
21.63,2530400,21632000
21.635,2530800,21637000
21.64,2531200,21642000
21.645,2531600,21647000
21.65,2532000,21652000
21.655,2532400,21657000
21.66,2532800,21662000
21.665,2533200,21667000
21.67,2533600,21672000
21.675,2534000,21677000
21.68,2534400,21682000
21.685,2534800,21687000
21.69,2535200,21692000
21.695,2535600,21697000
21.7,2536000,21702000
21.705,2536400,21707000
21.71,2536800,21712000
21.715,2537200,21717000
21.72,2537600,21722000
21.725,2538000,21727000
21.73,2538400,21732000
21.735,2538800,21737000
21.74,2539200,21742000
21.745,2539600,21747000
21.75,2540000,21752000
21.755,2540400,21757000
21.76,2540800,21762000
21.765,2541200,21767000
21.77,2541600,21772000
21.775,2542000,21777000
21.78,2542400,21782000
21.785,2542800,21787000
21.79,2543200,21792000
21.795,2543600,21797000
21.8,2544000,21802000
21.805,2544400,21807000
21.81,2544800,21812000
21.815,2545200,21817000
21.82,2545600,21822000
21.825,2546000,21827000
21.83,2546400,21832000
21.835,2546800,21837000
21.84,2547200,21842000
21.845,2547600,21847000
21.85,2548000,21852000
21.855,2548400,21857000
21.86,2548800,21862000
21.865,2549200,21867000
21.87,2549600,21872000
21.875,2550000,21877000
21.88,2550400,21882000
21.885,2550800,21887000
21.89,2551200,21892000
21.895,2551600,21897000
21.9,2552000,21902000
21.905,2552400,21907000
21.91,2552800,21912000
21.915,2553200,21917000
21.92,2553600,21922000
21.925,2554000,21927000
21.93,2554400,21932000
21.935,2554800,21937000
21.94,2555200,21942000
21.945,2555600,21947000
21.95,2556000,21952000
21.955,2556400,21957000
21.96,2556800,21962000
21.965,2557200,21967000
21.97,2557600,21972000
21.975,2558000,21977000
21.98,2558400,21982000
21.985,2558800,21987000
21.99,2559200,21992000
21.995,2559600,21997000
22,2560000,22002000
22,2560000,22002000
