"time","quadraticSpeedDependentTorqueQS.phi"
0,0
0.00050000000000000001,0.078539816339744842
0.001,0.15707963267948968
0.0015,0.23561944901923454
0.002,0.31415926535897937
0.0025000000000000001,0.3926990816987242
0.0030000000000000001,0.47123889803846897
0.0035000000000000001,0.5497787143782138
0.0040000000000000001,0.62831853071795862
0.0045000000000000005,0.70685834705770356
0.0050000000000000001,0.78539816339744828
0.0054999999999999997,0.863937979737193
0.0060000000000000001,0.94247779607693793
0.0065000000000000006,1.0210176124166828
0.0070000000000000001,1.0995574287564276
0.0074999999999999997,1.1780972450961724
0.0080000000000000002,1.2566370614359172
0.0085000000000000006,1.3351768777756621
0.0090000000000000011,1.4137166941154071
0.0094999999999999998,1.4922565104551517
0.01,1.5707963267948966
0.010500000000000001,1.6493361431346416
0.010999999999999999,1.727875959474386
0.0115,1.8064157758141308
0.012,1.8849555921538756
0.012500000000000001,1.9634954084936205
0.013000000000000001,2.0420352248333655
0.0135,2.1205750411731099
0.014,2.1991148575128552
0.014500000000000001,2.2776546738526
0.014999999999999999,2.3561944901923444
0.0155,2.4347343065320892
0.016,2.5132741228718345
0.016500000000000001,2.5918139392115793
0.017000000000000001,2.6703537555513241
0.017500000000000002,2.748893571891069
0.018000000000000002,2.8274333882308138
0.018499999999999999,2.9059732045705582
0.019,2.9845130209103035
0.0195,3.0630528372500483
0.02,3.1415926535897931
0.020500000000000001,3.2201324699295379
0.021000000000000001,3.2986722862692828
0.021500000000000002,3.377212102609028
0.021999999999999999,3.4557519189487724
0.022499999999999999,3.5342917352885173
0.023,3.6128315516282625
0.0235,3.6913713679680069
0.024,3.7699111843077522
0.024500000000000001,3.848451000647497
0.025000000000000001,3.9269908169872423
0.025500000000000002,4.0055306333269867
0.026000000000000002,4.0840704496667319
0.026499999999999999,4.1626102660064763
0.027,4.2411500823462216
0.0275,4.319689898685966
0.028000000000000001,4.3982297150257104
0.028500000000000001,4.4767695313654556
0.029000000000000001,4.5553093477052009
0.029500000000000002,4.6338491640449462
0.029999999999999999,4.7123889803846897
0.030499999999999999,4.7909287967244349
0.031,4.8694686130641793
0.0315,4.9480084294039246
0.032000000000000001,5.0265482457436699
0.032500000000000001,5.1050880620834143
0.033000000000000002,5.1836278784231595
0.033500000000000002,5.2621676947629039
0.034000000000000002,5.3407075111026492
0.034500000000000003,5.4192473274423936
0.035000000000000003,5.4977871437821388
0.035500000000000004,5.5763269601218841
0.036000000000000004,5.6548667764616285
0.036499999999999998,5.7334065928013729
0.036999999999999998,5.8119464091411173
0.037499999999999999,5.8904862254808625
0.037999999999999999,5.9690260418206069
0.0385,6.0475658581603522
0.039,6.1261056745000966
0.0395,6.2046454908398418
0.040000000000000001,6.2831853071795871
0.040500000000000001,6.3617251235193315
0.041000000000000002,6.4402649398590768
0.041500000000000002,6.5188047561988212
0.042000000000000003,6.5973445725385664
0.042500000000000003,6.6758843888783117
0.043000000000000003,6.7544242052180561
0.043500000000000004,6.8329640215578005
0.043999999999999997,6.9115038378975449
0.044499999999999998,6.9900436542372892
0.044999999999999998,7.0685834705770345
0.045499999999999999,7.1471232869167789
0.045999999999999999,7.2256631032565242
0.0465,7.3042029195962694
0.047,7.3827427359360138
0.047500000000000001,7.4612825522757591
0.048000000000000001,7.5398223686155044
0.048500000000000001,7.6183621849552488
0.049000000000000002,7.696902001294994
0.049500000000000002,7.7754418176347384
0.050000000000000003,7.8539816339744837
0.050500000000000003,7.932521450314229
0.051000000000000004,8.0110612666539733
0.051500000000000004,8.0896010829937168
0.052000000000000005,8.1681408993334621
0.052499999999999998,8.2466807156732074
0.052999999999999999,8.3252205320129526
0.053499999999999999,8.4037603483526961
0.053999999999999999,8.4823001646924414
0.0545,8.5608399810321867
0.055,8.6393797973719302
0.055500000000000001,8.7179196137116755
0.056000000000000001,8.7964594300514207
0.056500000000000002,8.874999246391166
0.057000000000000002,8.9535390627309113
0.057500000000000002,9.0320788790706565
0.058000000000000003,9.1106186954104018
0.058500000000000003,9.1891585117501471
0.059000000000000004,9.2676983280898906
0.059500000000000004,9.3462381444296359
0.059999999999999998,9.4247779607693793
0.060499999999999998,9.5033177771091246
0.060999999999999999,9.5818575934488699
0.061499999999999999,9.6603974097886152
0.062,9.7389372261283587
0.0625,9.8174770424681039
0.063,9.8960168588078492
0.063500000000000001,9.9745566751475927
0.064000000000000001,10.053096491487338
0.064500000000000002,10.131636307827083
0.065000000000000002,10.210176124166829
0.065500000000000003,10.288715940506574
0.066000000000000003,10.367255756846319
0.066500000000000004,10.445795573186063
0.067000000000000004,10.524335389525808
0.067500000000000004,10.602875205865553
0.068000000000000005,10.681415022205297
0.068500000000000005,10.759954838545042
0.069000000000000006,10.838494654884787
0.069500000000000006,10.917034471224532
0.070000000000000007,10.995574287564278
0.070500000000000007,11.074114103904023
0.071000000000000008,11.152653920243768
0.071500000000000008,11.231193736583512
0.072000000000000008,11.309733552923257
0.072499999999999995,11.388273369263
0.072999999999999995,11.466813185602744
0.073499999999999996,11.545353001942489
0.073999999999999996,11.623892818282235
0.074499999999999997,11.70243263462198
0.074999999999999997,11.780972450961723
0.075499999999999998,11.859512267301469
0.075999999999999998,11.938052083641214
0.076499999999999999,12.016591899980959
0.076999999999999999,12.095131716320704
0.077499999999999999,12.173671532660448
0.078,12.252211349000193
0.0785,12.330751165339938
0.079000000000000001,12.409290981679684
0.079500000000000001,12.487830798019429
0.080000000000000002,12.566370614359172
0.080500000000000002,12.644910430698918
0.081000000000000003,12.723450247038663
0.081500000000000003,12.801990063378408
0.082000000000000003,12.880529879718154
0.082500000000000004,12.959069696057897
0.083000000000000004,13.037609512397642
0.083500000000000005,13.116149328737388
0.084000000000000005,13.194689145077133
0.084500000000000006,13.273228961416876
0.085000000000000006,13.351768777756622
0.085500000000000007,13.430308594096365
0.086000000000000007,13.50884841043611
0.086500000000000007,13.587388226775856
0.087000000000000008,13.665928043115601
0.087500000000000008,13.744467859455344
0.087999999999999995,13.823007675795088
0.088499999999999995,13.901547492134833
0.088999999999999996,13.980087308474577
0.089499999999999996,14.058627124814322
0.089999999999999997,14.137166941154067
0.090499999999999997,14.215706757493813
0.090999999999999998,14.294246573833558
0.091499999999999998,14.372786390173301
0.091999999999999998,14.451326206513047
0.092499999999999999,14.529866022852792
0.092999999999999999,14.608405839192537
0.0935,14.686945655532282
0.094,14.765485471872026
0.094500000000000001,14.844025288211771
0.095000000000000001,14.922565104551516
0.095500000000000002,15.001104920891262
0.096000000000000002,15.079644737231007
0.096500000000000002,15.15818455357075
0.097000000000000003,15.236724369910496
0.097500000000000003,15.315264186250241
0.098000000000000004,15.393804002589984
0.098500000000000004,15.472343818929732
0.099000000000000005,15.550883635269475
0.099500000000000005,15.62942345160922
0.10000000000000001,15.707963267948966
0.10050000000000001,15.786503084288709
0.10100000000000001,15.865042900628454
0.10150000000000001,15.9435827169682
0.10200000000000001,16.022122533307943
0.10250000000000001,16.100662349647692
0.10300000000000001,16.179202165987434
0.10350000000000001,16.257741982327179
0.10400000000000001,16.336281798666924
0.1045,16.414821615006666
0.105,16.493361431346411
0.1055,16.571901247686156
0.106,16.650441064025902
0.1065,16.728980880365647
0.107,16.807520696705389
0.1075,16.886060513045138
0.108,16.964600329384883
0.1085,17.043140145724628
0.109,17.12167996206437
0.1095,17.200219778404119
0.11,17.27875959474386
0.1105,17.357299411083606
0.111,17.435839227423351
0.1115,17.514379043763096
0.112,17.592918860102841
0.1125,17.671458676442583
0.113,17.749998492782332
0.1135,17.828538309122074
0.114,17.907078125461823
0.1145,17.985617941801564
0.115,18.06415775814131
0.11550000000000001,18.142697574481055
0.11600000000000001,18.2212373908208
0.11650000000000001,18.299777207160545
0.11700000000000001,18.378317023500291
0.11750000000000001,18.456856839840036
0.11800000000000001,18.535396656179778
0.11850000000000001,18.613936472519526
0.11900000000000001,18.692476288859268
0.11950000000000001,18.771016105199017
0.12,18.849555921538755
0.1205,18.9280957378785
0.121,19.006635554218249
0.1215,19.085175370557991
0.122,19.163715186897736
0.1225,19.242255003237482
0.123,19.320794819577227
0.1235,19.399334635916972
0.124,19.477874452256717
0.1245,19.556414268596463
0.125,19.634954084936204
0.1255,19.71349390127595
0.126,19.792033717615695
0.1265,19.87057353395544
0.127,19.949113350295185
0.1275,20.027653166634931
0.128,20.106192982974676
0.1285,20.184732799314421
0.129,20.263272615654166
0.1295,20.341812431993908
0.13,20.420352248333657
0.1305,20.498892064673399
0.13100000000000001,20.577431881013144
0.13150000000000001,20.655971697352889
0.13200000000000001,20.734511513692635
0.13250000000000001,20.81305133003238
0.13300000000000001,20.891591146372125
0.13350000000000001,20.97013096271187
0.13400000000000001,21.048670779051612
0.13450000000000001,21.127210595391361
0.13500000000000001,21.205750411731103
0.13550000000000001,21.284290228070848
0.13600000000000001,21.362830044410593
0.13650000000000001,21.441369860750338
0.13700000000000001,21.519909677090084
0.13750000000000001,21.598449493429829
0.13800000000000001,21.676989309769574
0.13850000000000001,21.75552912610932
0.13900000000000001,21.834068942449065
0.13950000000000001,21.912608758788807
0.14000000000000001,21.991148575128552
0.14050000000000001,22.069688391468297
0.14100000000000001,22.148228207808042
0.14150000000000001,22.226768024147788
0.14200000000000002,22.305307840487533
0.14250000000000002,22.383847656827278
0.14300000000000002,22.462387473167023
0.14350000000000002,22.540927289506769
0.14400000000000002,22.61946710584651
0.14449999999999999,22.698006922186252
0.14499999999999999,22.776546738525997
0.14549999999999999,22.855086554865743
0.14599999999999999,22.933626371205488
0.14649999999999999,23.012166187545233
0.14699999999999999,23.090706003884979
0.14749999999999999,23.16924582022472
0.14799999999999999,23.247785636564466
0.14849999999999999,23.326325452904211
0.14899999999999999,23.404865269243956
0.14949999999999999,23.483405085583701
0.14999999999999999,23.561944901923447
0.15049999999999999,23.640484718263192
0.151,23.719024534602937
0.1515,23.797564350942682
0.152,23.876104167282428
0.1525,23.954643983622169
0.153,24.033183799961915
0.1535,24.11172361630166
0.154,24.190263432641405
0.1545,24.26880324898115
0.155,24.347343065320896
0.1555,24.425882881660641
0.156,24.504422698000386
0.1565,24.582962514340132
0.157,24.661502330679873
0.1575,24.740042147019619
0.158,24.818581963359364
0.1585,24.897121779699109
0.159,24.975661596038854
0.1595,25.0542014123786
0.16,25.132741228718345
0.1605,25.21128104505809
0.161,25.289820861397835
0.1615,25.368360677737581
0.16200000000000001,25.446900494077322
0.16250000000000001,25.525440310417068
0.16300000000000001,25.603980126756813
0.16350000000000001,25.682519943096558
0.16400000000000001,25.761059759436304
0.16450000000000001,25.839599575776049
0.16500000000000001,25.918139392115794
0.16550000000000001,25.996679208455539
0.16600000000000001,26.075219024795285
0.16650000000000001,26.15375884113503
0.16700000000000001,26.232298657474772
0.16750000000000001,26.310838473814517
0.16800000000000001,26.389378290154262
0.16850000000000001,26.467918106494007
0.16900000000000001,26.546457922833753
0.16950000000000001,26.624997739173498
0.17000000000000001,26.703537555513243
0.17050000000000001,26.782077371852989
0.17100000000000001,26.86061718819273
0.17150000000000001,26.939157004532472
0.17200000000000001,27.017696820872217
0.17250000000000001,27.096236637211966
0.17300000000000001,27.174776453551708
0.17350000000000002,27.253316269891453
0.17400000000000002,27.331856086231198
0.17450000000000002,27.410395902570944
0.17500000000000002,27.488935718910689
0.17550000000000002,27.567475535250434
0.17599999999999999,27.646015351590172
0.17649999999999999,27.724555167929918
0.17699999999999999,27.803094984269663
0.17749999999999999,27.881634800609408
0.17799999999999999,27.960174616949153
0.17849999999999999,28.038714433288899
0.17899999999999999,28.117254249628644
0.17949999999999999,28.195794065968386
0.17999999999999999,28.274333882308134
0.18049999999999999,28.35287369864788
0.18099999999999999,28.431413514987621
0.18149999999999999,28.509953331327367
0.182,28.588493147667112
0.1825,28.667032964006857
0.183,28.745572780346599
0.1835,28.824112596686348
0.184,28.902652413026093
0.1845,28.981192229365835
0.185,29.059732045705584
0.1855,29.138271862045325
0.186,29.216811678385071
0.1865,29.295351494724816
0.187,29.373891311064561
0.1875,29.452431127404306
0.188,29.530970943744048
0.1885,29.609510760083797
0.189,29.688050576423542
0.1895,29.766590392763284
0.19,29.845130209103033
0.1905,29.923670025442775
0.191,30.00220984178252
0.1915,30.080749658122265
0.192,30.15928947446201
0.1925,30.237829290801756
0.193,30.316369107141501
0.19350000000000001,30.394908923481246
0.19400000000000001,30.473448739820988
0.19450000000000001,30.551988556160733
0.19500000000000001,30.630528372500482
0.19550000000000001,30.709068188840224
0.19600000000000001,30.787608005179969
0.19650000000000001,30.866147821519714
0.19700000000000001,30.94468763785946
0.19750000000000001,31.023227454199205
0.19800000000000001,31.10176727053895
0.19850000000000001,31.180307086878695
0.19900000000000001,31.258846903218437
0.19950000000000001,31.337386719558182
0.20000000000000001,31.415926535897931
0.20050000000000001,31.494466352237673
0.20100000000000001,31.573006168577418
0.20150000000000001,31.651545984917163
0.20200000000000001,31.730085801256909
0.20250000000000001,31.80862561759665
0.20300000000000001,31.887165433936399
0.20350000000000001,31.965705250276145
0.20400000000000001,32.044245066615886
0.20450000000000002,32.122784882955628
0.20500000000000002,32.201324699295377
0.20550000000000002,32.279864515635126
0.20600000000000002,32.358404331974867
0.20650000000000002,32.436944148314609
0.20700000000000002,32.515483964654358
0.20750000000000002,32.5940237809941
0.20800000000000002,32.672563597333848
0.20849999999999999,32.75110341367359
0.20899999999999999,32.829643230013332
0.20949999999999999,32.908183046353074
0.20999999999999999,32.986722862692822
0.21049999999999999,33.065262679032571
0.21099999999999999,33.143802495372313
0.21149999999999999,33.222342311712055
0.21199999999999999,33.300882128051796
0.21249999999999999,33.379421944391552
0.21299999999999999,33.457961760731294
0.2135,33.536501577071036
0.214,33.615041393410785
0.2145,33.693581209750526
0.215,33.772121026090275
0.2155,33.850660842430017
0.216,33.929200658769759
0.2165,34.007740475109507
0.217,34.086280291449249
0.2175,34.164820107788998
0.218,34.24335992412874
0.2185,34.321899740468481
0.219,34.40043955680823
0.2195,34.478979373147979
0.22,34.557519189487721
0.2205,34.636059005827462
0.221,34.714598822167211
0.2215,34.793138638506953
0.222,34.871678454846702
0.2225,34.950218271186444
0.223,35.028758087526185
0.2235,35.107297903865934
0.224,35.185837720205683
0.22450000000000001,35.264377536545425
0.22500000000000001,35.342917352885166
0.22550000000000001,35.421457169224915
0.22600000000000001,35.499996985564664
0.22650000000000001,35.578536801904406
0.22700000000000001,35.657076618244147
0.22750000000000001,35.735616434583889
0.22800000000000001,35.814156250923638
0.22850000000000001,35.892696067263387
0.22900000000000001,35.971235883603129
0.22950000000000001,36.04977569994287
0.23000000000000001,36.128315516282612
0.23050000000000001,36.206855332622368
0.23100000000000001,36.28539514896211
0.23150000000000001,36.363934965301851
0.23200000000000001,36.4424747816416
0.23250000000000001,36.521014597981342
0.23300000000000001,36.599554414321091
0.23350000000000001,36.678094230660832
0.23400000000000001,36.756634047000574
0.23450000000000001,36.835173863340323
0.23500000000000001,36.913713679680065
0.23550000000000001,36.992253496019813
0.23600000000000002,37.070793312359555
0.23650000000000002,37.149333128699297
0.23700000000000002,37.227872945039053
0.23750000000000002,37.306412761378795
0.23800000000000002,37.384952577718536
0.23850000000000002,37.463492394058278
0.23900000000000002,37.542032210398027
0.23950000000000002,37.620572026737776
0.23999999999999999,37.69911184307751
0.24049999999999999,37.777651659417259
0.24099999999999999,37.856191475757001
0.24149999999999999,37.93473129209675
0.24199999999999999,38.013271108436491
0.24249999999999999,38.09181092477624
0.24299999999999999,38.170350741115982
0.24349999999999999,38.248890557455724
0.24399999999999999,38.327430373795465
0.2445,38.405970190135214
0.245,38.484510006474963
0.2455,38.563049822814705
0.246,38.641589639154454
0.2465,38.720129455494195
0.247,38.798669271833944
0.2475,38.877209088173686
0.248,38.955748904513428
0.2485,39.034288720853176
0.249,39.112828537192918
0.2495,39.191368353532667
0.25,39.269908169872409
0.2505,39.34844798621215
0.251,39.426987802551899
0.2515,39.505527618891648
0.252,39.58406743523139
0.2525,39.662607251571131
0.253,39.74114706791088
0.2535,39.819686884250629
0.254,39.898226700590371
0.2545,39.976766516930113
0.255,40.055306333269854
0.2555,40.133846149609603
0.25600000000000001,40.212385965949352
0.25650000000000001,40.290925782289094
0.25700000000000001,40.369465598628835
0.25750000000000001,40.448005414968584
0.25800000000000001,40.526545231308326
0.25850000000000001,40.605085047648075
0.25900000000000001,40.683624863987816
0.25950000000000001,40.762164680327558
0.26000000000000001,40.840704496667307
0.26050000000000001,40.919244313007056
0.26100000000000001,40.997784129346797
0.26150000000000001,41.076323945686539
0.26200000000000001,41.154863762026288
0.26250000000000001,41.233403578366037
0.26300000000000001,41.311943394705779
0.26350000000000001,41.39048321104552
0.26400000000000001,41.469023027385269
0.26450000000000001,41.547562843725011
0.26500000000000001,41.62610266006476
0.26550000000000001,41.704642476404501
0.26600000000000001,41.783182292744243
0.26650000000000001,41.861722109083992
0.26700000000000002,41.940261925423741
0.26750000000000002,42.018801741763482
0.26800000000000002,42.097341558103224
0.26850000000000002,42.175881374442973
0.26900000000000002,42.254421190782715
0.26950000000000002,42.332961007122464
0.27000000000000002,42.411500823462205
0.27050000000000002,42.490040639801947
0.27100000000000002,42.568580456141696
0.27150000000000002,42.647120272481445
0.27200000000000002,42.725660088821186
0.27250000000000002,42.804199905160928
0.27300000000000002,42.882739721500677
0.27350000000000002,42.961279537840419
0.27400000000000002,43.039819354180167
0.27450000000000002,43.118359170519909
0.27500000000000002,43.196898986859651
0.27550000000000002,43.2754388031994
0.27600000000000002,43.353978619539149
0.27650000000000002,43.43251843587889
0.27700000000000002,43.511058252218632
0.27750000000000002,43.589598068558381
0.27800000000000002,43.668137884898123
0.27850000000000003,43.746677701237871
0.27900000000000003,43.825217517577613
0.27950000000000003,43.903757333917362
0.28000000000000003,43.982297150257104
0.28050000000000003,44.060836966596852
0.28100000000000003,44.139376782936594
0.28150000000000003,44.217916599276336
0.28200000000000003,44.296456415616085
0.28250000000000003,44.374996231955826
0.28300000000000003,44.453536048295575
0.28350000000000003,44.532075864635317
0.28400000000000003,44.610615680975059
0.28450000000000003,44.689155497314808
0.28500000000000003,44.767695313654556
0.28550000000000003,44.846235129994298
0.28600000000000003,44.92477494633404
0.28650000000000003,45.003314762673789
0.28700000000000003,45.08185457901353
0.28750000000000003,45.160394395353279
0.28800000000000003,45.238934211693021
0.28849999999999998,45.317474028032763
0.28899999999999998,45.396013844372504
0.28949999999999998,45.474553660712246
0.28999999999999998,45.553093477051995
0.29049999999999998,45.631633293391737
0.29099999999999998,45.710173109731485
0.29149999999999998,45.788712926071227
0.29199999999999998,45.867252742410969
0.29249999999999998,45.945792558750718
0.29299999999999998,46.024332375090466
0.29349999999999998,46.102872191430208
0.29399999999999998,46.18141200776995
0.29449999999999998,46.259951824109699
0.29499999999999998,46.33849164044944
0.29549999999999998,46.417031456789189
0.29599999999999999,46.495571273128931
0.29649999999999999,46.57411108946868
0.29699999999999999,46.652650905808422
0.29749999999999999,46.73119072214817
0.29799999999999999,46.809730538487912
0.29849999999999999,46.888270354827654
0.29899999999999999,46.966810171167403
0.29949999999999999,47.045349987507144
0.29999999999999999,47.123889803846893
0.30049999999999999,47.202429620186635
0.30099999999999999,47.280969436526384
0.30149999999999999,47.359509252866125
0.30199999999999999,47.438049069205874
0.30249999999999999,47.516588885545616
0.30299999999999999,47.595128701885358
0.30349999999999999,47.673668518225107
0.30399999999999999,47.752208334564848
0.30449999999999999,47.830748150904597
0.30499999999999999,47.909287967244339
0.30549999999999999,47.987827783584088
0.30599999999999999,48.066367599923829
0.30649999999999999,48.144907416263578
0.307,48.22344723260332
0.3075,48.301987048943062
0.308,48.38052686528281
0.3085,48.459066681622552
0.309,48.537606497962301
0.3095,48.616146314302043
0.31,48.694686130641792
0.3105,48.773225946981533
0.311,48.851765763321282
0.3115,48.930305579661024
0.312,49.008845396000766
0.3125,49.087385212340514
0.313,49.165925028680256
0.3135,49.244464845020005
0.314,49.323004661359747
0.3145,49.401544477699495
0.315,49.480084294039237
0.3155,49.558624110378986
0.316,49.637163926718728
0.3165,49.715703743058469
0.317,49.794243559398218
0.3175,49.87278337573796
0.318,49.951323192077709
0.31850000000000001,50.02986300841745
0.31900000000000001,50.108402824757199
0.31950000000000001,50.186942641096941
0.32000000000000001,50.26548245743669
0.32050000000000001,50.344022273776432
0.32100000000000001,50.422562090116173
0.32150000000000001,50.501101906455922
0.32200000000000001,50.579641722795664
0.32250000000000001,50.658181539135413
0.32300000000000001,50.736721355475154
0.32350000000000001,50.815261171814903
0.32400000000000001,50.893800988154645
0.32450000000000001,50.972340804494394
0.32500000000000001,51.050880620834135
0.32550000000000001,51.129420437173884
0.32600000000000001,51.207960253513626
0.32650000000000001,51.286500069853368
0.32700000000000001,51.365039886193117
0.32750000000000001,51.443579702532858
0.32800000000000001,51.522119518872607
0.32850000000000001,51.600659335212349
0.32900000000000001,51.679199151552098
0.32950000000000002,51.757738967891839
0.33000000000000002,51.836278784231588
0.33050000000000002,51.91481860057133
0.33100000000000002,51.993358416911072
0.33150000000000002,52.07189823325082
0.33200000000000002,52.150438049590562
0.33250000000000002,52.228977865930311
0.33300000000000002,52.307517682270053
0.33350000000000002,52.386057498609802
0.33400000000000002,52.464597314949543
0.33450000000000002,52.543137131289292
0.33500000000000002,52.621676947629034
0.33550000000000002,52.700216763968783
0.33600000000000002,52.778756580308524
0.33650000000000002,52.857296396648266
0.33700000000000002,52.935836212988015
0.33750000000000002,53.014376029327757
0.33800000000000002,53.092915845667505
0.33850000000000002,53.171455662007247
0.33900000000000002,53.249995478346996
0.33950000000000002,53.328535294686738
0.34000000000000002,53.407075111026487
0.34050000000000002,53.485614927366228
0.34100000000000003,53.56415474370597
0.34150000000000003,53.642694560045719
0.34200000000000003,53.721234376385461
0.34250000000000003,53.799774192725209
0.34300000000000003,53.878314009064951
0.34350000000000003,53.956853825404693
0.34400000000000003,54.035393641744442
0.34450000000000003,54.113933458084183
0.34500000000000003,54.192473274423932
0.34550000000000003,54.271013090763681
0.34600000000000003,54.349552907103423
0.34650000000000003,54.428092723443164
0.34700000000000003,54.506632539782906
0.34750000000000003,54.585172356122655
0.34800000000000003,54.663712172462397
0.34850000000000003,54.742251988802145
0.34900000000000003,54.820791805141894
0.34950000000000003,54.899331621481636
0.35000000000000003,54.977871437821378
0.35050000000000003,55.056411254161127
0.35100000000000003,55.134951070500868
0.35150000000000003,55.21349088684061
0.35199999999999998,55.292030703180352
0.35249999999999998,55.370570519520093
0.35299999999999998,55.449110335859842
0.35349999999999998,55.527650152199584
0.35399999999999998,55.606189968539326
0.35449999999999998,55.684729784879075
0.35499999999999998,55.763269601218823
0.35549999999999998,55.841809417558565
0.35599999999999998,55.920349233898307
0.35649999999999998,55.998889050238056
0.35699999999999998,56.077428866577797
0.35749999999999998,56.155968682917546
0.35799999999999998,56.234508499257295
0.35849999999999999,56.313048315597037
0.35899999999999999,56.391588131936778
0.35949999999999999,56.47012794827652
0.35999999999999999,56.548667764616269
0.36049999999999999,56.627207580956011
0.36099999999999999,56.70574739729576
0.36149999999999999,56.784287213635508
0.36199999999999999,56.86282702997525
0.36249999999999999,56.941366846314992
0.36299999999999999,57.019906662654734
0.36349999999999999,57.098446478994482
0.36399999999999999,57.176986295334231
0.36449999999999999,57.255526111673973
0.36499999999999999,57.334065928013722
0.36549999999999999,57.412605744353463
0.36599999999999999,57.491145560693205
0.36649999999999999,57.569685377032954
0.36699999999999999,57.648225193372696
0.36749999999999999,57.726765009712445
0.36799999999999999,57.805304826052186
0.36849999999999999,57.883844642391935
0.36899999999999999,57.962384458731677
0.3695,58.040924275071418
0.37,58.119464091411167
0.3705,58.198003907750916
0.371,58.276543724090658
0.3715,58.3550835404304
0.372,58.433623356770148
0.3725,58.51216317310989
0.373,58.590702989449632
0.3735,58.669242805789381
0.374,58.747782622129129
0.3745,58.826322438468871
0.375,58.90486225480862
0.3755,58.983402071148362
0.376,59.061941887488103
0.3765,59.140481703827845
0.377,59.219021520167594
0.3775,59.297561336507343
0.378,59.376101152847085
0.3785,59.454640969186833
0.379,59.533180785526575
0.3795,59.611720601866317
0.38,59.690260418206066
0.3805,59.768800234545814
0.38100000000000001,59.847340050885556
0.38150000000000001,59.925879867225298
0.38200000000000001,60.004419683565047
0.38250000000000001,60.082959499904788
0.38300000000000001,60.16149931624453
0.38350000000000001,60.240039132584279
0.38400000000000001,60.318578948924028
0.38450000000000001,60.39711876526377
0.38500000000000001,60.475658581603511
0.38550000000000001,60.55419839794326
0.38600000000000001,60.632738214283002
0.38650000000000001,60.711278030622744
0.38700000000000001,60.789817846962499
0.38750000000000001,60.868357663302241
0.38800000000000001,60.946897479641983
0.38850000000000001,61.025437295981725
0.38900000000000001,61.103977112321473
0.38950000000000001,61.182516928661215
0.39000000000000001,61.261056745000964
0.39050000000000001,61.339596561340713
0.39100000000000001,61.418136377680455
0.39150000000000001,61.496676194020196
0.39200000000000002,61.575216010359945
0.39250000000000002,61.653755826699687
0.39300000000000002,61.732295643039429
0.39350000000000002,61.810835459379177
0.39400000000000002,61.889375275718926
0.39450000000000002,61.967915092058668
0.39500000000000002,62.04645490839841
0.39550000000000002,62.124994724738158
0.39600000000000002,62.2035345410779
0.39650000000000002,62.282074357417649
0.39700000000000002,62.360614173757391
0.39750000000000002,62.43915399009714
0.39800000000000002,62.517693806436881
0.39850000000000002,62.596233622776623
0.39900000000000002,62.674773439116372
0.39950000000000002,62.753313255456113
0.40000000000000002,62.831853071795862
0.40050000000000002,62.910392888135611
0.40100000000000002,62.988932704475353
0.40150000000000002,63.067472520815095
0.40200000000000002,63.146012337154836
0.40250000000000002,63.224552153494585
0.40300000000000002,63.303091969834327
0.40350000000000003,63.381631786174076
0.40400000000000003,63.460171602513824
0.40450000000000003,63.538711418853566
0.40500000000000003,63.617251235193308
0.40550000000000003,63.695791051533057
0.40600000000000003,63.774330867872798
0.40650000000000003,63.852870684212547
0.40700000000000003,63.931410500552289
0.40750000000000003,64.009950316892031
0.40800000000000003,64.088490133231772
0.40850000000000003,64.167029949571514
0.40900000000000003,64.24556976591127
0.40950000000000003,64.324109582251012
0.41000000000000003,64.402649398590768
0.41050000000000003,64.481189214930509
0.41100000000000003,64.559729031270251
0.41150000000000003,64.638268847609993
0.41200000000000003,64.716808663949735
0.41250000000000003,64.795348480289476
0.41300000000000003,64.873888296629232
0.41350000000000003,64.952428112968974
0.41400000000000003,65.03096792930873
0.41450000000000004,65.109507745648472
0.41500000000000004,65.188047561988213
0.41550000000000004,65.266587378327955
0.41600000000000004,65.345127194667697
0.41649999999999998,65.423667011007439
0.41699999999999998,65.50220682734718
0.41749999999999998,65.580746643686922
0.41799999999999998,65.659286460026664
0.41849999999999998,65.737826276366405
0.41899999999999998,65.816366092706161
0.41949999999999998,65.894905909045903
0.41999999999999998,65.973445725385659
0.42049999999999998,66.051985541725401
0.42099999999999999,66.130525358065142
0.42149999999999999,66.209065174404884
0.42199999999999999,66.287604990744626
0.42249999999999999,66.366144807084368
0.42299999999999999,66.444684623424109
0.42349999999999999,66.523224439763865
0.42399999999999999,66.601764256103607
0.42449999999999999,66.680304072443349
0.42499999999999999,66.758843888783105
0.42549999999999999,66.837383705122846
0.42599999999999999,66.915923521462588
0.42649999999999999,66.99446333780233
0.42699999999999999,67.073003154142071
0.42749999999999999,67.151542970481813
0.42799999999999999,67.230082786821555
0.42849999999999999,67.308622603161311
0.42899999999999999,67.387162419501067
0.42949999999999999,67.465702235840808
0.42999999999999999,67.54424205218055
0.43049999999999999,67.622781868520292
0.43099999999999999,67.701321684860034
0.43149999999999999,67.779861501199775
0.432,67.858401317539531
0.4325,67.936941133879273
0.433,68.015480950219015
0.4335,68.094020766558771
0.434,68.172560582898512
0.4345,68.251100399238254
0.435,68.329640215577996
0.4355,68.408180031917738
0.436,68.486719848257479
0.4365,68.565259664597221
0.437,68.643799480936977
0.4375,68.722339297276719
0.438,68.80087911361646
0.4385,68.879418929956216
0.439,68.957958746295958
0.4395,69.0364985626357
0.44,69.115038378975441
0.4405,69.193578195315183
0.441,69.272118011654925
0.4415,69.350657827994681
0.442,69.429197644334437
0.4425,69.507737460674178
0.443,69.58627727701392
0.44350000000000001,69.664817093353662
0.44400000000000001,69.743356909693404
0.44450000000000001,69.821896726033145
0.44500000000000001,69.900436542372887
0.44550000000000001,69.978976358712643
0.44600000000000001,70.057516175052385
0.44650000000000001,70.136055991392126
0.44700000000000001,70.214595807731868
0.44750000000000001,70.293135624071624
0.44800000000000001,70.371675440411366
0.44850000000000001,70.450215256751108
0.44900000000000001,70.528755073090849
0.44950000000000001,70.607294889430591
0.45000000000000001,70.685834705770333
0.45050000000000001,70.764374522110089
0.45100000000000001,70.84291433844983
0.45150000000000001,70.921454154789586
0.45200000000000001,70.999993971129328
0.45250000000000001,71.07853378746907
0.45300000000000001,71.157073603808811
0.45350000000000001,71.235613420148553
0.45400000000000001,71.314153236488295
0.45450000000000002,71.392693052828037
0.45500000000000002,71.471232869167793
0.45550000000000002,71.549772685507548
0.45600000000000002,71.62831250184729
0.45650000000000002,71.706852318187032
0.45700000000000002,71.785392134526774
0.45750000000000002,71.863931950866515
0.45800000000000002,71.942471767206257
0.45850000000000002,72.021011583545999
0.45900000000000002,72.099551399885755
0.45950000000000002,72.178091216225496
0.46000000000000002,72.256631032565238
0.46050000000000002,72.33517084890498
0.46100000000000002,72.413710665244736
0.46150000000000002,72.492250481584477
0.46200000000000002,72.570790297924219
0.46250000000000002,72.649330114263961
0.46300000000000002,72.727869930603703
0.46350000000000002,72.806409746943444
0.46400000000000002,72.8849495632832
0.46450000000000002,72.963489379622956
0.46500000000000002,73.042029195962698
0.46550000000000002,73.12056901230244
0.46600000000000003,73.199108828642181
0.46650000000000003,73.277648644981923
0.46700000000000003,73.356188461321665
0.46750000000000003,73.434728277661407
0.46800000000000003,73.513268094001162
0.46850000000000003,73.591807910340904
0.46900000000000003,73.670347726680646
0.46950000000000003,73.748887543020402
0.47000000000000003,73.827427359360144
0.47050000000000003,73.905967175699885
0.47100000000000003,73.984506992039627
0.47150000000000003,74.063046808379369
0.47200000000000003,74.14158662471911
0.47250000000000003,74.220126441058866
0.47300000000000003,74.298666257398608
0.47350000000000003,74.37720607373835
0.47400000000000003,74.455745890078106
0.47450000000000003,74.534285706417847
0.47500000000000003,74.612825522757589
0.47550000000000003,74.691365339097331
0.47600000000000003,74.769905155437073
0.47650000000000003,74.848444971776814
0.47700000000000004,74.926984788116556
0.47750000000000004,75.005524604456312
0.47800000000000004,75.084064420796068
0.47850000000000004,75.16260423713581
0.47900000000000004,75.241144053475551
0.47950000000000004,75.319683869815293
0.47999999999999998,75.398223686155021
0.48049999999999998,75.476763502494777
0.48099999999999998,75.555303318834518
0.48149999999999998,75.63384313517426
0.48199999999999998,75.712382951514002
0.48249999999999998,75.790922767853758
0.48299999999999998,75.869462584193499
0.48349999999999999,75.948002400533241
0.48399999999999999,76.026542216872983
0.48449999999999999,76.105082033212739
0.48499999999999999,76.18362184955248
0.48549999999999999,76.262161665892222
0.48599999999999999,76.340701482231964
0.48649999999999999,76.419241298571706
0.48699999999999999,76.497781114911461
0.48749999999999999,76.576320931251203
0.48799999999999999,76.654860747590945
0.48849999999999999,76.733400563930687
0.48899999999999999,76.811940380270443
0.48949999999999999,76.890480196610184
0.48999999999999999,76.969020012949926
0.49049999999999999,77.047559829289668
0.49099999999999999,77.126099645629409
0.49149999999999999,77.204639461969151
0.49199999999999999,77.283179278308907
0.49249999999999999,77.361719094648649
0.49299999999999999,77.440258910988391
0.49349999999999999,77.518798727328132
0.49399999999999999,77.597338543667888
0.4945,77.67587836000763
0.495,77.754418176347372
0.4955,77.832957992687113
0.496,77.911497809026869
0.4965,77.990037625366611
0.497,78.068577441706353
0.4975,78.147117258046109
0.498,78.22565707438585
0.4985,78.304196890725592
0.499,78.382736707065334
0.4995,78.461276523405076
0.5,78.539816339744817
0.50050000000000006,78.618356156084573
0.501,78.696895972424315
0.50150000000000006,78.775435788764071
0.502,78.853975605103798
0.50250000000000006,78.932515421443554
0.503,79.011055237783296
0.50350000000000006,79.089595054123052
0.504,79.168134870462779
0.50450000000000006,79.246674686802535
0.505,79.325214503142263
0.50550000000000006,79.403754319482033
0.50600000000000001,79.482294135821761
0.50650000000000006,79.560833952161516
0.50700000000000001,79.639373768501258
0.50750000000000006,79.717913584841
0.50800000000000001,79.796453401180742
0.50850000000000006,79.874993217520498
0.50900000000000001,79.953533033860239
0.50950000000000006,80.032072850199981
0.51000000000000001,80.110612666539723
0.51050000000000006,80.189152482879479
0.51100000000000001,80.26769229921922
0.51150000000000007,80.346232115558962
0.51200000000000001,80.424771931898704
0.51249999999999996,80.503311748238431
0.51300000000000001,80.581851564578187
0.51349999999999996,80.660391380917929
0.51400000000000001,80.738931197257685
0.51449999999999996,80.817471013597412
0.51500000000000001,80.896010829937168
0.51549999999999996,80.97455064627691
0.51600000000000001,81.053090462616666
0.51649999999999996,81.131630278956393
0.51700000000000002,81.210170095296149
0.51749999999999996,81.288709911635891
0.51800000000000002,81.367249727975633
0.51849999999999996,81.445789544315375
0.51900000000000002,81.52432936065513
0.51949999999999996,81.602869176994872
0.52000000000000002,81.681408993334628
0.52049999999999996,81.759948809674356
0.52100000000000002,81.838488626014112
0.52149999999999996,81.917028442353853
0.52200000000000002,81.995568258693595
0.52249999999999996,82.074108075033337
0.52300000000000002,82.152647891373093
0.52349999999999997,82.23118770771282
0.52400000000000002,82.309727524052576
0.52449999999999997,82.388267340392318
0.52500000000000002,82.466807156732074
0.52549999999999997,82.545346973071801
0.52600000000000002,82.623886789411557
0.52649999999999997,82.702426605751299
0.52700000000000002,82.780966422091041
0.52749999999999997,82.859506238430782
0.52800000000000002,82.938046054770538
0.52849999999999997,83.016585871110266
0.52900000000000003,83.095125687450036
0.52949999999999997,83.173665503789763
0.53000000000000003,83.252205320129519
0.53049999999999997,83.330745136469261
0.53100000000000003,83.409284952809003
0.53149999999999997,83.487824769148745
0.53200000000000003,83.5663645854885
0.53249999999999997,83.644904401828228
0.53300000000000003,83.723444218167984
0.53349999999999997,83.801984034507726
0.53400000000000003,83.880523850847482
0.53449999999999998,83.959063667187209
0.53500000000000003,84.037603483526965
0.53549999999999998,84.116143299866707
0.53600000000000003,84.194683116206448
0.53649999999999998,84.27322293254619
0.53700000000000003,84.351762748885946
0.53749999999999998,84.430302565225688
0.53800000000000003,84.508842381565444
0.53849999999999998,84.587382197905171
0.53900000000000003,84.665922014244927
0.53949999999999998,84.744461830584669
0.54000000000000004,84.823001646924411
0.54049999999999998,84.901541463264152
0.54100000000000004,84.980081279603908
0.54149999999999998,85.058621095943636
0.54200000000000004,85.137160912283392
0.54249999999999998,85.215700728623133
0.54300000000000004,85.294240544962889
0.54349999999999998,85.372780361302617
0.54400000000000004,85.451320177642373
0.54449999999999998,85.529859993982114
0.54500000000000004,85.60839981032187
0.54549999999999998,85.686939626661598
0.54600000000000004,85.765479443001354
0.54649999999999999,85.844019259341081
0.54700000000000004,85.922559075680851
0.54749999999999999,86.001098892020579
0.54800000000000004,86.079638708360335
0.54849999999999999,86.158178524700077
0.54900000000000004,86.236718341039818
0.54949999999999999,86.31525815737956
0.55000000000000004,86.393797973719316
0.55049999999999999,86.472337790059044
0.55100000000000005,86.550877606398799
0.55149999999999999,86.629417422738541
0.55200000000000005,86.707957239078297
0.55249999999999999,86.786497055418025
0.55300000000000005,86.865036871757781
0.55349999999999999,86.943576688097522
0.55400000000000005,87.022116504437264
0.55449999999999999,87.100656320777006
0.55500000000000005,87.179196137116762
0.55549999999999999,87.257735953456503
0.55600000000000005,87.336275769796259
0.55649999999999999,87.414815586135987
0.55700000000000005,87.493355402475743
0.5575,87.571895218815484
0.55800000000000005,87.650435035155226
0.5585,87.728974851494968
0.55900000000000005,87.807514667834724
0.5595,87.886054484174451
0.56000000000000005,87.964594300514207
0.5605,88.043134116853949
0.56100000000000005,88.121673933193705
0.5615,88.200213749533432
0.56200000000000006,88.278753565873188
0.5625,88.35729338221293
0.56300000000000006,88.435833198552686
0.5635,88.514373014892413
0.56400000000000006,88.592912831232169
0.5645,88.671452647571911
0.56500000000000006,88.749992463911667
0.5655,88.828532280251395
0.56600000000000006,88.907072096591151
0.5665,88.985611912930892
0.56700000000000006,89.064151729270634
0.5675,89.142691545610376
0.56800000000000006,89.221231361950132
0.56850000000000001,89.299771178289859
0.56900000000000006,89.378310994629615
0.56950000000000001,89.456850810969357
0.57000000000000006,89.535390627309113
0.57050000000000001,89.613930443648854
0.57100000000000006,89.692470259988596
0.57150000000000001,89.771010076328338
0.57200000000000006,89.84954989266808
0.57250000000000001,89.928089709007821
0.57300000000000006,90.006629525347577
0.57350000000000001,90.085169341687319
0.57400000000000007,90.163709158027075
0.57450000000000001,90.242248974366802
0.57500000000000007,90.320788790706558
0.57550000000000001,90.3993286070463
0.57600000000000007,90.477868423386042
0.57650000000000001,90.556408239725783
0.57699999999999996,90.634948056065525
0.57750000000000001,90.713487872405267
0.57799999999999996,90.792027688745009
0.57850000000000001,90.870567505084765
0.57899999999999996,90.949107321424506
0.57950000000000002,91.027647137764248
0.57999999999999996,91.10618695410399
0.58050000000000002,91.184726770443746
0.58099999999999996,91.263266586783487
0.58150000000000002,91.341806403123229
0.58199999999999996,91.420346219462971
0.58250000000000002,91.498886035802727
0.58299999999999996,91.577425852142454
0.58350000000000002,91.65596566848221
0.58399999999999996,91.734505484821952
0.58450000000000002,91.813045301161708
0.58499999999999996,91.891585117501435
0.58550000000000002,91.970124933841191
0.58599999999999997,92.048664750180933
0.58650000000000002,92.127204566520689
0.58699999999999997,92.205744382860416
0.58750000000000002,92.284284199200172
0.58799999999999997,92.3628240155399
0.58850000000000002,92.44136383187967
0.58899999999999997,92.519903648219397
0.58950000000000002,92.598443464559153
0.58999999999999997,92.676983280898895
0.59050000000000002,92.755523097238637
0.59099999999999997,92.834062913578379
0.59150000000000003,92.912602729918135
0.59199999999999997,92.991142546257862
0.59250000000000003,93.069682362597618
0.59299999999999997,93.14822217893736
0.59350000000000003,93.226761995277116
0.59399999999999997,93.305301811616843
0.59450000000000003,93.383841627956599
0.59499999999999997,93.462381444296341
0.59550000000000003,93.540921260636082
0.59599999999999997,93.619461076975824
0.59650000000000003,93.69800089331558
0.59699999999999998,93.776540709655322
0.59750000000000003,93.855080525995078
0.59799999999999998,93.933620342334805
0.59850000000000003,94.012160158674561
0.59899999999999998,94.090699975014303
0.59950000000000003,94.169239791354045
0.59999999999999998,94.247779607693786
0.60050000000000003,94.326319424033542
0.60099999999999998,94.40485924037327
0.60150000000000003,94.483399056713026
0.60199999999999998,94.561938873052767
0.60250000000000004,94.640478689392523
0.60299999999999998,94.719018505732251
0.60350000000000004,94.797558322072007
0.60399999999999998,94.876098138411749
0.60450000000000004,94.954637954751504
0.60499999999999998,95.033177771091232
0.60550000000000004,95.111717587430988
0.60599999999999998,95.19025740377073
0.60650000000000004,95.268797220110486
0.60699999999999998,95.347337036450213
0.60750000000000004,95.425876852789969
0.60799999999999998,95.504416669129711
0.60850000000000004,95.582956485469452
0.60899999999999999,95.661496301809194
0.60950000000000004,95.74003611814895
0.60999999999999999,95.818575934488678
0.61050000000000004,95.897115750828434
0.61099999999999999,95.975655567168175
0.61150000000000004,96.054195383507931
0.61199999999999999,96.132735199847659
0.61250000000000004,96.211275016187415
0.61299999999999999,96.289814832527156
0.61350000000000005,96.368354648866912
0.61399999999999999,96.44689446520664
0.61450000000000005,96.525434281546396
0.61499999999999999,96.603974097886137
0.61550000000000005,96.682513914225893
0.61599999999999999,96.761053730565621
0.61650000000000005,96.839593546905377
0.61699999999999999,96.918133363245119
0.61750000000000005,96.99667317958486
0.61799999999999999,97.075212995924602
0.61850000000000005,97.153752812264358
0.61899999999999999,97.232292628604085
0.61950000000000005,97.310832444943841
0.62,97.389372261283583
0.62050000000000005,97.467912077623339
0.621,97.546451893963081
0.62150000000000005,97.624991710302822
0.622,97.703531526642564
0.62250000000000005,97.78207134298232
0.623,97.860611159322048
0.62350000000000005,97.939150975661803
0.624,98.017690792001545
0.62450000000000006,98.096230608341301
0.625,98.174770424681029
0.62550000000000006,98.253310241020785
0.626,98.331850057360526
0.62650000000000006,98.410389873700268
0.627,98.48892969004001
0.62750000000000006,98.567469506379766
0.628,98.646009322719493
0.62850000000000006,98.724549139059249
0.629,98.803088955398991
0.62950000000000006,98.881628771738747
0.63,98.960168588078488
0.63050000000000006,99.03870840441823
0.63100000000000001,99.117248220757972
0.63150000000000006,99.195788037097728
0.63200000000000001,99.274327853437455
0.63250000000000006,99.352867669777211
0.63300000000000001,99.431407486116953
0.63350000000000006,99.509947302456709
0.63400000000000001,99.588487118796436
0.63450000000000006,99.667026935136192
0.63500000000000001,99.745566751475934
0.63550000000000006,99.82410656781569
0.63600000000000001,99.902646384155418
0.63650000000000007,99.981186200495173
0.63700000000000001,100.0597260168349
0.63750000000000007,100.13826583317466
0.63800000000000001,100.2168056495144
0.63850000000000007,100.29534546585415
0.63900000000000001,100.37388528219388
0.63950000000000007,100.45242509853364
0.64000000000000001,100.53096491487338
0.64049999999999996,100.60950473121312
0.64100000000000001,100.68804454755286
0.64149999999999996,100.7665843638926
0.64200000000000002,100.84512418023236
0.64249999999999996,100.92366399657209
0.64300000000000002,101.00220381291184
0.64349999999999996,101.08074362925159
0.64400000000000002,101.15928344559134
0.64449999999999996,101.23782326193107
0.64500000000000002,101.31636307827083
0.64549999999999996,101.39490289461057
0.64600000000000002,101.47344271095032
0.64649999999999996,101.55198252729005
0.64700000000000002,101.63052234362981
0.64749999999999996,101.70906215996955
0.64800000000000002,101.78760197630929
0.64849999999999997,101.86614179264903
0.64900000000000002,101.94468160898879
0.64949999999999997,102.02322142532853
0.65000000000000002,102.10176124166827
0.65049999999999997,102.18030105800801
0.65100000000000002,102.25884087434777
0.65149999999999997,102.3373806906875
0.65200000000000002,102.41592050702725
0.65249999999999997,102.49446032336699
0.65300000000000002,102.57300013970675
0.65349999999999997,102.65153995604648
0.65400000000000003,102.73007977238623
0.65449999999999997,102.80861958872597
0.65500000000000003,102.88715940506573
0.65549999999999997,102.96569922140546
0.65600000000000003,103.04423903774521
0.65649999999999997,103.12277885408496
0.65700000000000003,103.20131867042471
0.65749999999999997,103.27985848676444
0.65800000000000003,103.3583983031042
0.65849999999999997,103.43693811944394
0.65900000000000003,103.51547793578368
0.65949999999999998,103.59401775212342
0.66000000000000003,103.67255756846318
0.66049999999999998,103.7510973848029
0.66100000000000003,103.82963720114266
0.66149999999999998,103.9081770174824
0.66200000000000003,103.98671683382216
0.66249999999999998,104.06525665016188
0.66300000000000003,104.14379646650164
0.66349999999999998,104.22233628284138
0.66400000000000003,104.30087609918114
0.66449999999999998,104.37941591552087
0.66500000000000004,104.45795573186062
0.66549999999999998,104.53649554820036
0.66600000000000004,104.61503536454012
0.66649999999999998,104.69357518087985
0.66700000000000004,104.7721149972196
0.66749999999999998,104.85065481355934
0.66800000000000004,104.92919462989909
0.66849999999999998,105.00773444623883
0.66900000000000004,105.08627426257858
0.66949999999999998,105.16481407891831
0.67000000000000004,105.24335389525807
0.67049999999999998,105.32189371159781
0.67100000000000004,105.40043352793757
0.67149999999999999,105.47897334427729
0.67200000000000004,105.55751316061705
0.67249999999999999,105.63605297695679
0.67300000000000004,105.71459279329655
0.67349999999999999,105.79313260963627
0.67400000000000004,105.87167242597603
0.67449999999999999,105.95021224231577
0.67500000000000004,106.02875205865553
0.67549999999999999,106.10729187499525
0.67600000000000005,106.18583169133501
0.67649999999999999,106.26437150767475
0.67700000000000005,106.34291132401449
0.67749999999999999,106.42145114035424
0.67800000000000005,106.49999095669399
0.67849999999999999,106.57853077303373
0.67900000000000005,106.65707058937348
0.67949999999999999,106.73561040571322
0.68000000000000005,106.81415022205297
0.68049999999999999,106.8926900383927
0.68100000000000005,106.97122985473246
0.68149999999999999,107.0497696710722
0.68200000000000005,107.12830948741195
0.6825,107.20684930375168
0.68300000000000005,107.28538912009144
0.6835,107.36392893643118
0.68400000000000005,107.44246875277094
0.6845,107.52100856911066
0.68500000000000005,107.59954838545042
0.6855,107.67808820179016
0.68600000000000005,107.7566280181299
0.6865,107.83516783446964
0.68700000000000006,107.9137076508094
0.6875,107.99224746714913
0.68800000000000006,108.0707872834889
0.6885,108.14932709982862
0.68900000000000006,108.22786691616838
0.6895,108.30640673250812
0.69000000000000006,108.38494654884786
0.6905,108.46348636518761
0.69100000000000006,108.54202618152735
0.6915,108.62056599786709
0.69200000000000006,108.69910581420685
0.6925,108.77764563054659
0.69300000000000006,108.85618544688634
0.69350000000000001,108.93472526322608
0.69400000000000006,109.01326507956583
0.69450000000000001,109.09180489590557
0.69500000000000006,109.17034471224531
0.69550000000000001,109.24888452858505
0.69600000000000006,109.32742434492481
0.69650000000000001,109.40596416126454
0.69700000000000006,109.48450397760431
0.69750000000000001,109.56304379394403
0.69800000000000006,109.64158361028379
0.69850000000000001,109.72012342662353
0.69900000000000007,109.79866324296327
0.69950000000000001,109.87720305930301
0.70000000000000007,109.95574287564276
0.70050000000000001,110.0342826919825
0.70100000000000007,110.11282250832225
0.70150000000000001,110.19136232466198
0.70200000000000007,110.26990214100175
0.70250000000000001,110.34844195734148
0.70300000000000007,110.42698177368123
0.70350000000000001,110.50552159002098
0.70399999999999996,110.58406140636072
0.70450000000000002,110.66260122270046
0.70499999999999996,110.7411410390402
0.70550000000000002,110.81968085537994
0.70599999999999996,110.89822067171968
0.70650000000000002,110.97676048805944
0.70699999999999996,111.05530030439917
0.70750000000000002,111.13384012073894
0.70799999999999996,111.21237993707867
0.70850000000000002,111.29091975341842
0.70899999999999996,111.36945956975816
0.70950000000000002,111.44799938609791
0.70999999999999996,111.52653920243765
0.71050000000000002,111.6050790187774
0.71099999999999997,111.68361883511713
0.71150000000000002,111.76215865145689
0.71199999999999997,111.84069846779663
0.71250000000000002,111.91923828413638
0.71299999999999997,111.99777810047611
0.71350000000000002,112.07631791681587
0.71399999999999997,112.15485773315561
0.71450000000000002,112.23339754949536
0.71499999999999997,112.31193736583509
0.71550000000000002,112.39047718217485
0.71599999999999997,112.46901699851459
0.71650000000000003,112.54755681485435
0.71699999999999997,112.62609663119407
0.71750000000000003,112.70463644753383
0.71799999999999997,112.78317626387357
0.71850000000000003,112.86171608021331
0.71899999999999997,112.94025589655305
0.71950000000000003,113.01879571289281
0.71999999999999997,113.09733552923254
0.72050000000000003,113.17587534557231
0.72099999999999997,113.25441516191204
0.72150000000000003,113.33295497825179
0.72199999999999998,113.41149479459153
0.72250000000000003,113.49003461093127
0.72299999999999998,113.56857442727102
0.72350000000000003,113.64711424361076
0.72399999999999998,113.7256540599505
0.72450000000000003,113.80419387629027
0.72499999999999998,113.88273369263
0.72550000000000003,113.96127350896975
0.72599999999999998,114.0398133253095
0.72650000000000003,114.11835314164924
0.72699999999999998,114.19689295798898
0.72750000000000004,114.27543277432872
0.72799999999999998,114.35397259066846
0.72850000000000004,114.43251240700822
0.72899999999999998,114.51105222334795
0.72950000000000004,114.58959203968772
0.72999999999999998,114.66813185602744
0.73050000000000004,114.7466716723672
0.73099999999999998,114.82521148870694
0.73150000000000004,114.90375130504668
0.73199999999999998,114.98229112138642
0.73250000000000004,115.06083093772617
0.73299999999999998,115.13937075406591
0.73350000000000004,115.21791057040566
0.73399999999999999,115.29645038674539
0.73450000000000004,115.37499020308516
0.73499999999999999,115.4535300194249
0.73550000000000004,115.53206983576464
0.73599999999999999,115.61060965210439
0.73650000000000004,115.68914946844413
0.73699999999999999,115.76768928478387
0.73750000000000004,115.84622910112363
0.73799999999999999,115.92476891746335
0.73850000000000005,116.00330873380311
0.73899999999999999,116.08184855014285
0.73950000000000005,116.16038836648261
0.73999999999999999,116.23892818282235
0.74050000000000005,116.31746799916209
0.74099999999999999,116.39600781550183
0.74150000000000005,116.47454763184159
0.74199999999999999,116.55308744818132
0.74250000000000005,116.63162726452107
0.74299999999999999,116.71016708086081
0.74350000000000005,116.78870689720057
0.74399999999999999,116.8672467135403
0.74450000000000005,116.94578652988005
0.745,117.02432634621979
0.74550000000000005,117.10286616255954
0.746,117.18140597889928
0.74650000000000005,117.25994579523903
0.747,117.33848561157876
0.74750000000000005,117.41702542791853
0.748,117.49556524425826
0.74850000000000005,117.57410506059801
0.749,117.65264487693776
0.74950000000000006,117.7311846932775
0.75,117.80972450961724
0.75050000000000006,117.888264325957
0.751,117.96680414229672
0.75150000000000006,118.04534395863649
0.752,118.12388377497622
0.75250000000000006,118.20242359131598
0.753,118.28096340765572
0.75350000000000006,118.35950322399546
0.754,118.4380430403352
0.75450000000000006,118.51658285667494
0.755,118.59512267301469
0.75550000000000006,118.67366248935444
0.75600000000000001,118.75220230569418
0.75650000000000006,118.83074212203394
0.75700000000000001,118.90928193837367
0.75750000000000006,118.98782175471342
0.75800000000000001,119.06636157105316
0.75850000000000006,119.14490138739291
0.75900000000000001,119.22344120373265
0.75950000000000006,119.30198102007239
0.76000000000000001,119.38052083641213
0.76050000000000006,119.4590606527519
0.76100000000000001,119.53760046909163
0.76150000000000007,119.61614028543138
0.76200000000000001,119.69468010177113
0.76250000000000007,119.77321991811087
0.76300000000000001,119.85175973445061
0.76350000000000007,119.93029955079035
0.76400000000000001,120.00883936713009
0.76450000000000007,120.08737918346985
0.76500000000000001,120.16591899980958
0.76550000000000007,120.24445881614935
0.76600000000000001,120.32299863248907
0.76650000000000007,120.40153844882883
0.76700000000000002,120.48007826516857
0.76750000000000007,120.55861808150831
0.76800000000000002,120.63715789784806
0.76849999999999996,120.7156977141878
0.76900000000000002,120.79423753052754
0.76949999999999996,120.87277734686728
0.77000000000000002,120.95131716320702
0.77049999999999996,121.02985697954676
0.77100000000000002,121.10839679588653
0.77149999999999996,121.18693661222626
0.77200000000000002,121.26547642856602
0.77249999999999996,121.34401624490576
0.77300000000000002,121.4225560612455
0.77349999999999997,121.50109587758524
0.77400000000000002,121.57963569392498
0.77449999999999997,121.65817551026473
0.77500000000000002,121.73671532660448
0.77549999999999997,121.81525514294421
0.77600000000000002,121.89379495928398
0.77649999999999997,121.97233477562371
0.77700000000000002,122.05087459196346
0.77749999999999997,122.12941440830321
0.77800000000000002,122.20795422464295
0.77849999999999997,122.28649404098269
0.77900000000000003,122.36503385732244
0.77949999999999997,122.44357367366217
0.78000000000000003,122.52211349000194
0.78049999999999997,122.60065330634167
0.78100000000000003,122.67919312268143
0.78149999999999997,122.75773293902117
0.78200000000000003,122.83627275536091
0.78249999999999997,122.91481257170065
0.78300000000000003,122.99335238804041
0.78349999999999997,123.07189220438013
0.78400000000000003,123.15043202071989
0.78449999999999998,123.22897183705963
0.78500000000000003,123.30751165339939
0.78549999999999998,123.38605146973912
0.78600000000000003,123.46459128607887
0.78649999999999998,123.54313110241861
0.78700000000000003,123.62167091875835
0.78749999999999998,123.7002107350981
0.78800000000000003,123.77875055143785
0.78849999999999998,123.85729036777758
0.78900000000000003,123.93583018411735
0.78949999999999998,124.01437000045708
0.79000000000000004,124.09290981679683
0.79049999999999998,124.17144963313658
0.79100000000000004,124.24998944947632
0.79149999999999998,124.32852926581606
0.79200000000000004,124.40706908215581
0.79249999999999998,124.48560889849554
0.79300000000000004,124.56414871483531
0.79349999999999998,124.64268853117504
0.79400000000000004,124.7212283475148
0.79449999999999998,124.79976816385454
0.79500000000000004,124.87830798019428
0.79549999999999998,124.95684779653402
0.79600000000000004,125.03538761287376
0.79649999999999999,125.1139274292135
0.79700000000000004,125.19246724555326
0.79749999999999999,125.271007061893
0.79800000000000004,125.34954687823276
0.79849999999999999,125.42808669457249
0.79900000000000004,125.50662651091224
0.79949999999999999,125.58516632725198
0.80000000000000004,125.66370614359172
0.80049999999999999,125.74224595993147
0.80100000000000005,125.82078577627122
0.80149999999999999,125.89932559261095
0.80200000000000005,125.97786540895071
0.80249999999999999,126.05640522529045
0.80300000000000005,126.1349450416302
0.80349999999999999,126.21348485796993
0.80400000000000005,126.29202467430969
0.80449999999999999,126.37056449064943
0.80500000000000005,126.44910430698917
0.80549999999999999,126.52764412332891
0.80600000000000005,126.60618393966867
0.80649999999999999,126.68472375600841
0.80700000000000005,126.76326357234817
0.8075,126.84180338868789
0.80800000000000005,126.92034320502765
0.8085,126.99888302136738
0.80900000000000005,127.07742283770713
0.8095,127.15596265404687
0.81000000000000005,127.23450247038663
0.8105,127.31304228672636
0.81100000000000005,127.39158210306611
0.8115,127.47012191940586
0.81200000000000006,127.54866173574561
0.8125,127.62720155208534
0.81300000000000006,127.70574136842509
0.8135,127.78428118476484
0.81400000000000006,127.86282100110458
0.8145,127.94136081744432
0.81500000000000006,128.01990063378406
0.8155,128.0984404501238
0.81600000000000006,128.17698026646357
0.8165,128.25552008280329
0.81700000000000006,128.33405989914306
0.8175,128.4125997154828
0.81800000000000006,128.49113953182254
0.81850000000000001,128.56967934816228
0.81900000000000006,128.64821916450205
0.81950000000000001,128.72675898084177
0.82000000000000006,128.80529879718154
0.82050000000000001,128.88383861352128
0.82100000000000006,128.96237842986102
0.82150000000000001,129.04091824620076
0.82200000000000006,129.1194580625405
0.82250000000000001,129.19799787888024
0.82300000000000006,129.27653769521999
0.82350000000000001,129.35507751155973
0.82400000000000007,129.43361732789947
0.82450000000000001,129.51215714423921
0.82500000000000007,129.59069696057898
0.82550000000000001,129.66923677691869
0.82600000000000007,129.74777659325846
0.82650000000000001,129.82631640959821
0.82700000000000007,129.90485622593795
0.82750000000000001,129.98339604227769
0.82800000000000007,130.06193585861743
0.82850000000000001,130.14047567495717
0.82900000000000007,130.21901549129694
0.82950000000000002,130.29755530763666
0.83000000000000007,130.37609512397643
0.83050000000000002,130.45463494031617
0.83100000000000007,130.53317475665591
0.83150000000000002,130.61171457299565
0.83200000000000007,130.69025438933539
0.83250000000000002,130.76879420567514
0.83299999999999996,130.84733402201488
0.83350000000000002,130.92587383835462
0.83399999999999996,131.00441365469436
0.83450000000000002,131.08295347103413
0.83499999999999996,131.16149328737384
0.83550000000000002,131.24003310371361
0.83599999999999997,131.31857292005336
0.83650000000000002,131.3971127363931
0.83699999999999997,131.47565255273284
0.83750000000000002,131.55419236907258
0.83799999999999997,131.63273218541232
0.83850000000000002,131.71127200175209
0.83899999999999997,131.78981181809181
0.83950000000000002,131.86835163443158
0.83999999999999997,131.94689145077132
0.84050000000000002,132.02543126711106
0.84099999999999997,132.1039710834508
0.84150000000000003,132.18251089979054
0.84199999999999997,132.26105071613028
0.84250000000000003,132.33959053247003
0.84299999999999997,132.41813034880977
0.84350000000000003,132.49667016514954
0.84399999999999997,132.57520998148925
0.84450000000000003,132.65374979782902
0.84499999999999997,132.73228961416876
0.84550000000000003,132.81082943050851
0.84599999999999997,132.88936924684825
0.84650000000000003,132.96790906318799
0.84699999999999998,133.04644887952773
0.84750000000000003,133.1249886958675
0.84799999999999998,133.20352851220721
0.84850000000000003,133.28206832854698
0.84899999999999998,133.36060814488673
0.84950000000000003,133.43914796122647
0.84999999999999998,133.51768777756621
0.85050000000000003,133.59622759390595
0.85099999999999998,133.67476741024569
0.85150000000000003,133.75330722658543
0.85199999999999998,133.83184704292518
0.85250000000000004,133.91038685926495
0.85299999999999998,133.98892667560466
0.85350000000000004,134.06746649194443
0.85399999999999998,134.14600630828417
0.85450000000000004,134.22454612462391
0.85499999999999998,134.30308594096365
0.85550000000000004,134.3816257573034
0.85599999999999998,134.46016557364314
0.85650000000000004,134.53870538998291
0.85699999999999998,134.61724520632262
0.85750000000000004,134.69578502266239
0.85799999999999998,134.77432483900213
0.85850000000000004,134.85286465534188
0.85899999999999999,134.93140447168162
0.85950000000000004,135.00994428802136
0.85999999999999999,135.0884841043611
0.86050000000000004,135.16702392070084
0.86099999999999999,135.24556373704058
0.86150000000000004,135.32410355338035
0.86199999999999999,135.40264336972007
0.86250000000000004,135.48118318605984
0.86299999999999999,135.55972300239958
0.86350000000000005,135.63826281873932
0.86399999999999999,135.71680263507906
0.86450000000000005,135.7953424514188
0.86499999999999999,135.87388226775855
0.86550000000000005,135.95242208409832
0.86599999999999999,136.03096190043803
0.86650000000000005,136.1095017167778
0.86699999999999999,136.18804153311754
0.86750000000000005,136.26658134945728
0.86799999999999999,136.34512116579702
0.86850000000000005,136.42366098213677
0.86899999999999999,136.50220079847651
0.86950000000000005,136.58074061481625
0.87,136.65928043115599
0.87050000000000005,136.73782024749576
0.871,136.81636006383548
0.87150000000000005,136.89489988017525
0.872,136.97343969651499
0.87250000000000005,137.05197951285473
0.873,137.13051932919447
0.87350000000000005,137.20905914553421
0.874,137.28759896187395
0.87450000000000006,137.36613877821372
0.875,137.44467859455344
0.87550000000000006,137.52321841089321
0.876,137.60175822723295
0.87650000000000006,137.68029804357269
0.877,137.75883785991243
0.87750000000000006,137.83737767625217
0.878,137.91591749259192
0.87850000000000006,137.99445730893166
0.879,138.0729971252714
0.87950000000000006,138.15153694161117
0.88,138.23007675795088
0.88050000000000006,138.30861657429065
0.88100000000000001,138.38715639063039
0.88150000000000006,138.46569620697014
0.88200000000000001,138.54423602330988
0.88250000000000006,138.62277583964962
0.88300000000000001,138.70131565598936
0.88350000000000006,138.77985547232913
0.88400000000000001,138.85839528866885
0.88450000000000006,138.93693510500862
0.88500000000000001,139.01547492134836
0.88550000000000006,139.0940147376881
0.88600000000000001,139.17255455402784
0.88650000000000007,139.25109437036758
0.88700000000000001,139.32963418670732
0.88750000000000007,139.40817400304707
0.88800000000000001,139.48671381938681
0.88850000000000007,139.56525363572658
0.88900000000000001,139.64379345206629
0.88950000000000007,139.72233326840606
0.89000000000000001,139.8008730847458
0.89050000000000007,139.87941290108554
0.89100000000000001,139.95795271742529
0.89150000000000007,140.03649253376503
0.89200000000000002,140.11503235010477
0.89250000000000007,140.19357216644454
0.89300000000000002,140.27211198278428
0.89350000000000007,140.35065179912402
0.89400000000000002,140.42919161546376
0.89450000000000007,140.50773143180351
0.89500000000000002,140.58627124814325
0.89550000000000007,140.66481106448299
0.89600000000000002,140.74335088082273
0.89649999999999996,140.82189069716247
0.89700000000000002,140.90043051350222
0.89749999999999996,140.97897032984196
0.89800000000000002,141.0575101461817
0.89849999999999997,141.13604996252144
0.89900000000000002,141.21458977886121
0.89949999999999997,141.29312959520095
0.90000000000000002,141.37166941154069
0.90049999999999997,141.45020922788044
0.90100000000000002,141.52874904422018
0.90149999999999997,141.60728886055992
0.90200000000000002,141.68582867689966
0.90249999999999997,141.7643684932394
0.90300000000000002,141.84290830957917
0.90349999999999997,141.92144812591889
0.90400000000000003,141.99998794225866
0.90449999999999997,142.0785277585984
0.90500000000000003,142.15706757493814
0.90549999999999997,142.23560739127788
0.90600000000000003,142.31414720761762
0.90649999999999997,142.39268702395736
0.90700000000000003,142.47122684029711
0.90749999999999997,142.54976665663685
0.90800000000000003,142.62830647297662
0.90849999999999997,142.70684628931636
0.90900000000000003,142.7853861056561
0.90949999999999998,142.86392592199584
0.91000000000000003,142.94246573833559
0.91049999999999998,143.02100555467533
0.91100000000000003,143.09954537101507
0.91149999999999998,143.17808518735481
0.91200000000000003,143.25662500369458
0.91249999999999998,143.33516482003432
0.91300000000000003,143.41370463637406
0.91349999999999998,143.49224445271381
0.91400000000000003,143.57078426905355
0.91449999999999998,143.64932408539329
0.91500000000000004,143.72786390173303
0.91549999999999998,143.80640371807277
0.91600000000000004,143.88494353441254
0.91649999999999998,143.96348335075226
0.91700000000000004,144.04202316709203
0.91749999999999998,144.12056298343177
0.91800000000000004,144.19910279977151
0.91849999999999998,144.27764261611125
0.91900000000000004,144.35618243245099
0.91949999999999998,144.43472224879073
0.92000000000000004,144.5132620651305
0.92049999999999998,144.59180188147022
0.92100000000000004,144.67034169780999
0.92149999999999999,144.74888151414973
0.92200000000000004,144.82742133048947
0.92249999999999999,144.90596114682921
0.92300000000000004,144.98450096316895
0.92349999999999999,145.0630407795087
0.92400000000000004,145.14158059584844
0.92449999999999999,145.22012041218818
0.92500000000000004,145.29866022852795
0.92549999999999999,145.37720004486766
0.92600000000000005,145.45573986120743
0.92649999999999999,145.53427967754718
0.92700000000000005,145.61281949388692
0.92749999999999999,145.69135931022666
0.92800000000000005,145.7698991265664
0.92849999999999999,145.84843894290614
0.92900000000000005,145.92697875924588
0.92949999999999999,146.00551857558563
0.93000000000000005,146.0840583919254
0.93049999999999999,146.16259820826514
0.93100000000000005,146.24113802460488
0.93149999999999999,146.31967784094462
0.93200000000000005,146.39821765728436
0.9325,146.4767574736241
0.93300000000000005,146.55529728996385
0.9335,146.63383710630359
0.93400000000000005,146.71237692264336
0.9345,146.79091673898307
0.93500000000000005,146.86945655532284
0.9355,146.94799637166258
0.93600000000000005,147.02653618800232
0.9365,147.10507600434207
0.93700000000000006,147.18361582068181
0.9375,147.26215563702155
0.93800000000000006,147.34069545336132
0.9385,147.41923526970103
0.93900000000000006,147.4977750860408
0.9395,147.57631490238055
0.94000000000000006,147.65485471872029
0.9405,147.73339453506003
0.94100000000000006,147.81193435139977
0.9415,147.89047416773951
0.94200000000000006,147.96901398407925
0.9425,148.047553800419
0.94300000000000006,148.12609361675877
0.94350000000000001,148.20463343309848
0.94400000000000006,148.28317324943825
0.94450000000000001,148.36171306577799
0.94500000000000006,148.44025288211773
0.94550000000000001,148.51879269845747
0.94600000000000006,148.59733251479722
0.94650000000000001,148.67587233113696
0.94700000000000006,148.75441214747673
0.94750000000000001,148.83295196381644
0.94800000000000006,148.91149178015621
0.94850000000000001,148.99003159649595
0.94900000000000007,149.06857141283569
0.94950000000000001,149.14711122917544
0.95000000000000007,149.22565104551518
0.95050000000000001,149.30419086185492
0.95100000000000007,149.38273067819466
0.95150000000000001,149.4612704945344
0.95200000000000007,149.53981031087417
0.95250000000000001,149.61835012721389
0.95300000000000007,149.69688994355366
0.95350000000000001,149.7754297598934
0.95400000000000007,149.85396957623314
0.95450000000000002,149.93250939257288
0.95500000000000007,150.01104920891262
0.95550000000000002,150.08958902525237
0.95600000000000007,150.16812884159214
0.95650000000000002,150.24666865793185
0.95700000000000007,150.32520847427162
0.95750000000000002,150.40374829061136
0.95800000000000007,150.4822881069511
0.95850000000000002,150.56082792329084
0.95900000000000007,150.63936773963059
0.95950000000000002,150.71790755597033
0.95999999999999996,150.79644737231007
0.96050000000000002,150.87498718864981
0.96099999999999997,150.95352700498955
0.96150000000000002,151.03206682132929
0.96199999999999997,151.11060663766904
0.96250000000000002,151.18914645400881
0.96299999999999997,151.26768627034852
0.96350000000000002,151.34622608668829
0.96399999999999997,151.42476590302803
0.96450000000000002,151.50330571936777
0.96499999999999997,151.58184553570752
0.96550000000000002,151.66038535204726
0.96599999999999997,151.738925168387
0.96650000000000003,151.81746498472677
0.96699999999999997,151.89600480106648
0.96750000000000003,151.97454461740625
0.96799999999999997,152.05308443374599
0.96850000000000003,152.13162425008574
0.96899999999999997,152.21016406642548
0.96950000000000003,152.28870388276522
0.96999999999999997,152.36724369910496
0.97050000000000003,152.4457835154447
0.97099999999999997,152.52432333178444
0.97150000000000003,152.60286314812421
0.97199999999999998,152.68140296446393
0.97250000000000003,152.7599427808037
0.97299999999999998,152.83848259714344
0.97350000000000003,152.91702241348318
0.97399999999999998,152.99556222982292
0.97450000000000003,153.07410204616266
0.97499999999999998,153.15264186250241
0.97550000000000003,153.23118167884218
0.97599999999999998,153.30972149518189
0.97650000000000003,153.38826131152166
0.97699999999999998,153.4668011278614
0.97750000000000004,153.54534094420114
0.97799999999999998,153.62388076054089
0.97850000000000004,153.70242057688063
0.97899999999999998,153.78096039322037
0.97950000000000004,153.85950020956011
0.97999999999999998,153.93804002589985
0.98050000000000004,154.01657984223962
0.98099999999999998,154.09511965857934
0.98150000000000004,154.17365947491911
0.98199999999999998,154.25219929125885
0.98250000000000004,154.33073910759859
0.98299999999999998,154.40927892393833
0.98350000000000004,154.48781874027807
0.98399999999999999,154.56635855661781
0.98450000000000004,154.64489837295758
0.98499999999999999,154.7234381892973
0.98550000000000004,154.80197800563707
0.98599999999999999,154.88051782197681
0.98650000000000004,154.95905763831655
0.98699999999999999,155.03759745465629
0.98750000000000004,155.11613727099603
0.98799999999999999,155.19467708733578
0.98850000000000005,155.27321690367552
0.98899999999999999,155.35175672001526
0.98950000000000005,155.43029653635503
0.98999999999999999,155.50883635269477
0.99050000000000005,155.58737616903451
0.99099999999999999,155.66591598537426
0.99150000000000005,155.744455801714
0.99199999999999999,155.82299561805374
0.99250000000000005,155.90153543439348
0.99299999999999999,155.98007525073322
0.99350000000000005,156.05861506707299
0.99399999999999999,156.13715488341271
0.99450000000000005,156.21569469975248
0.995,156.29423451609222
0.99550000000000005,156.37277433243196
0.996,156.4513141487717
0.99650000000000005,156.52985396511144
0.997,156.60839378145118
0.99750000000000005,156.68693359779095
0.998,156.76547341413067
0.99850000000000005,156.84401323047044
0.999,156.92255304681018
0.99950000000000006,157.00109286314992
1,157.07963267948966
1,157.07963267948966
