"Time","transferFunction.y.re","transferFunction.y.im","const.y.im","logFrequencySweep.y","const.y.re"
0,-2.0003982,0.0020007982,0,0.0099999998,1
0.00050000002,-2.0004017,0.0020100409,0,0.010046158,1
0.001,-2.0004056,0.0020193264,0,0.010092529,1
0.0015,-2.0004091,0.0020286548,0,0.010139114,1
0.0020000001,-2.0004129,0.0020380265,0,0.010185914,1
0.0024999999,-2.0004168,0.0020474414,0,0.01023293,1
0.003,-2.0004208,0.0020568999,0,0.010280163,1
0.0035000001,-2.0004246,0.0020664022,0,0.010327614,1
0.0040000002,-2.0004284,0.0020759483,0,0.010375285,1
0.0044999998,-2.0004325,0.0020855388,0,0.010423174,1
0.0049999999,-2.0004365,0.0020951736,0,0.010471285,1
0.0055,-2.0004406,0.002104853,0,0.010519619,1
0.0060000001,-2.0004447,0.0021145772,0,0.010568175,1
0.0065000001,-2.0004487,0.0021243463,0,0.010616955,1
0.0070000002,-2.000453,0.0021341608,0,0.010665962,1
0.0074999998,-2.000457,0.0021440207,0,0.010715193,1
0.0080000004,-2.0004613,0.0021539263,0,0.010764652,1
0.0085000005,-2.0004656,0.0021638775,0,0.01081434,1
0.0089999996,-2.0004699,0.002173875,0,0.010864256,1
0.0094999997,-2.0004742,0.0021839186,0,0.010914403,1
0.0099999998,-2.0004785,0.0021940088,0,0.010964782,1
0.0105,-2.000483,0.0022041455,0,0.011015393,1
0.011,-2.0004876,0.0022143293,0,0.011066237,1
0.0115,-2.0004921,0.0022245604,0,0.011117318,1
0.012,-2.0004966,0.0022348387,0,0.011168633,1
0.0125,-2.0005012,0.0022451645,0,0.011220184,1
0.013,-2.0005059,0.0022555382,0,0.011271975,1
0.0135,-2.0005105,0.00226596,0,0.011324003,1
0.014,-2.0005152,0.0022764299,0,0.011376273,1
0.0145,-2.00052,0.0022869485,0,0.011428784,1
0.015,-2.0005248,0.0022975155,0,0.011481537,1
0.0155,-2.0005298,0.0023081317,0,0.011534533,1
0.016000001,-2.0005345,0.0023187969,0,0.011587773,1
0.0165,-2.0005395,0.0023295116,0,0.01164126,1
0.017000001,-2.0005445,0.0023402758,0,0.011694994,1
0.0175,-2.0005496,0.0023510898,0,0.011748975,1
0.017999999,-2.0005546,0.002361954,0,0.011803206,1
0.0185,-2.0005598,0.0023728686,0,0.011857687,1
0.018999999,-2.0005651,0.0023838335,0,0.01191242,1
0.0195,-2.0005701,0.0023948494,0,0.011967406,1
0.02,-2.0005755,0.0024059163,0,0.012022644,1
0.020500001,-2.0005808,0.0024170342,0,0.012078138,1
0.021,-2.000586,0.0024282041,0,0.012133889,1
0.021500001,-2.0005915,0.0024394253,0,0.012189896,1
0.022,-2.000597,0.0024506985,0,0.012246162,1
0.022500001,-2.0006025,0.0024620241,0,0.012302687,1
0.023,-2.0006082,0.0024734021,0,0.012359475,1
0.023499999,-2.0006137,0.0024848329,0,0.012416523,1
0.024,-2.0006194,0.0024963166,0,0.012473835,1
0.024499999,-2.0006251,0.0025078536,0,0.012531412,1
0.025,-2.0006311,0.0025194439,0,0.012589254,1
0.0255,-2.0006368,0.0025310877,0,0.012647363,1
0.026000001,-2.0006428,0.0025427858,0,0.012705741,1
0.0265,-2.0006487,0.002554538,0,0.012764388,1
0.027000001,-2.0006547,0.0025663446,0,0.012823306,1
0.0275,-2.0006607,0.0025782061,0,0.012882495,1
0.028000001,-2.0006669,0.0025901224,0,0.012941958,1
0.0285,-2.0006731,0.0026020939,0,0.013001696,1
0.028999999,-2.0006793,0.002614121,0,0.013061709,1
0.0295,-2.0006855,0.0026262037,0,0.013121999,1
0.029999999,-2.0006919,0.0026383426,0,0.013182567,1
0.0305,-2.0006983,0.0026505375,0,0.013243415,1
0.030999999,-2.0007048,0.0026627891,0,0.013304545,1
0.031500001,-2.0007112,0.0026750974,0,0.013365955,1
0.032000002,-2.0007179,0.0026874628,0,0.01342765,1
0.032499999,-2.0007246,0.0026998858,0,0.013489629,1
0.033,-2.0007312,0.0027123659,0,0.013551895,1
0.033500001,-2.0007379,0.0027249043,0,0.013614447,1
0.034000002,-2.0007448,0.0027375005,0,0.013677288,1
0.034499999,-2.0007517,0.0027501553,0,0.013740419,1
0.035,-2.0007586,0.0027628688,0,0.013803842,1
0.035500001,-2.0007658,0.0027756409,0,0.013867558,1
0.035999998,-2.0007727,0.0027884727,0,0.013931568,1
0.036499999,-2.0007799,0.0028013636,0,0.013995873,1
0.037,-2.0007873,0.0028143146,0,0.014060475,1
0.037500001,-2.0007944,0.0028273256,0,0.014125375,1
0.037999999,-2.0008018,0.0028403967,0,0.014190575,1
0.0385,-2.0008092,0.0028535286,0,0.014256076,1
0.039000001,-2.0008166,0.0028667215,0,0.014321879,1
0.039500002,-2.0008242,0.0028799756,0,0.014387986,1
0.039999999,-2.0008318,0.0028932909,0,0.014454397,1
0.0405,-2.0008395,0.0029066682,0,0.014521116,1
0.041000001,-2.0008473,0.0029201075,0,0.014588143,1
0.041499998,-2.0008552,0.0029336093,0,0.014655478,1
0.041999999,-2.0008631,0.0029471735,0,0.014723125,1
0.0425,-2.0008712,0.0029608007,0,0.014791084,1
0.043000001,-2.0008793,0.0029744911,0,0.014859356,1
0.043499999,-2.0008874,0.0029882451,0,0.014927944,1
0.044,-2.0008955,0.0030020631,0,0.014996848,1
0.044500001,-2.0009038,0.003015945,0,0.01506607,1
0.045000002,-2.0009122,0.0030298913,0,0.015135612,1
0.045499999,-2.0009205,0.0030439023,0,0.015205476,1
0.046,-2.0009291,0.0030579786,0,0.015275661,1
0.046500001,-2.0009377,0.00307212,0,0.015346169,1
0.046999998,-2.0009465,0.0030863271,0,0.015417005,1
0.047499999,-2.0009551,0.0031006003,0,0.015488166,1
0.048,-2.0009639,0.0031149394,0,0.015559657,1
0.048500001,-2.000973,0.0031293454,0,0.015631476,1
0.048999999,-2.000982,0.0031438181,0,0.015703628,1
0.0495,-2.0009911,0.0031583582,0,0.015776113,1
0.050000001,-2.0010002,0.0031729657,0,0.015848933,1
0.050500002,-2.0010095,0.003187641,0,0.015922088,1
0.050999999,-2.0010188,0.0032023846,0,0.015995581,1
0.0515,-2.0010283,0.0032171963,0,0.016069412,1
0.052000001,-2.0010378,0.0032320772,0,0.016143586,1
0.052499998,-2.0010474,0.0032470271,0,0.016218102,1
0.052999999,-2.0010571,0.0032620463,0,0.016292959,1
0.0535,-2.0010669,0.0032771353,0,0.016368166,1
0.054000001,-2.0010767,0.0032922945,0,0.016443716,1
0.054499999,-2.0010867,0.0033075241,0,0.016519617,1
0.055,-2.0010967,0.0033228244,0,0.016595868,1
0.055500001,-2.001107,0.0033381958,0,0.016672472,1
0.056000002,-2.0011172,0.0033536386,0,0.016749429,1
0.056499999,-2.0011275,0.0033691532,0,0.016826741,1
0.057,-2.001138,0.0033847399,0,0.01690441,1
0.057500001,-2.0011485,0.0034003991,0,0.016982436,1
0.057999998,-2.0011592,0.003416131,0,0.017060824,1
0.058499999,-2.0011699,0.003431936,0,0.017139573,1
0.059,-2.0011806,0.0034478146,0,0.017218687,1
0.059500001,-2.0011916,0.003463767,0,0.017298164,1
0.059999999,-2.0012026,0.0034797934,0,0.017378008,1
0.0605,-2.0012138,0.0034958944,0,0.017458221,1
0.061000001,-2.001225,0.0035120703,0,0.017538805,1
0.061500002,-2.0012364,0.0035283214,0,0.017619761,1
0.061999999,-2.0012479,0.0035446479,0,0.017701089,1
0.0625,-2.0012593,0.0035610506,0,0.017782794,1
0.063000001,-2.001271,0.0035775295,0,0.017864875,1
0.063500002,-2.0012827,0.0035940849,0,0.017947337,1
0.064000003,-2.0012946,0.0036107174,0,0.018030178,1
0.064499997,-2.0013068,0.0036274274,0,0.018113401,1
0.064999998,-2.0013187,0.0036442149,0,0.018197009,1
0.065499999,-2.0013311,0.0036610807,0,0.018281002,1
0.066,-2.0013433,0.0036780247,0,0.018365383,1
0.066500001,-2.0013556,0.0036950479,0,0.018450154,1
0.067000002,-2.0013683,0.00371215,0,0.018535316,1
0.067500003,-2.0013809,0.003729332,0,0.018620871,1
0.068000004,-2.0013938,0.0037465938,0,0.018706821,1
0.068499997,-2.0014067,0.003763936,0,0.018793168,1
0.068999998,-2.0014198,0.0037813587,0,0.018879913,1
0.069499999,-2.0014329,0.0037988627,0,0.018967059,1
0.07,-2.001446,0.0038164482,0,0.019054607,1
0.070500001,-2.0014596,0.0038341156,0,0.019142559,1
0.071000002,-2.0014729,0.0038518652,0,0.019230917,1
0.071500003,-2.0014865,0.0038696975,0,0.019319683,1
0.071999997,-2.0015004,0.0038876128,0,0.019408859,1
0.072499998,-2.0015142,0.0039056116,0,0.019498445,1
0.072999999,-2.0015283,0.0039236941,0,0.019588446,1
0.0735,-2.0015426,0.003941861,0,0.019678863,1
0.074000001,-2.0015566,0.0039601126,0,0.019769697,1
0.074500002,-2.0015712,0.0039784489,0,0.019860949,1
0.075000003,-2.0015857,0.0039968709,0,0.019952623,1
0.075499997,-2.0016005,0.0040153787,0,0.02004472,1
0.075999998,-2.0016153,0.0040339725,0,0.020137243,1
0.076499999,-2.0016301,0.0040526534,0,0.020230193,1
0.077,-2.0016453,0.004071421,0,0.020323571,1
0.077500001,-2.0016606,0.0040902765,0,0.020417379,1
0.078000002,-2.0016758,0.0041092196,0,0.020511622,1
0.078500003,-2.0016913,0.0041282512,0,0.0206063,1
0.079000004,-2.0017071,0.0041473713,0,0.020701414,1
0.079499997,-2.0017228,0.0041665807,0,0.020796968,1
0.079999998,-2.0017388,0.0041858796,0,0.020892961,1
0.080499999,-2.001755,0.0042052688,0,0.020989399,1
0.081,-2.0017712,0.0042247479,0,0.021086281,1
0.081500001,-2.0017877,0.0042443182,0,0.021183612,1
0.082000002,-2.0018041,0.0042639798,0,0.021281391,1
0.082500003,-2.0018208,0.0042837332,0,0.021379622,1
0.082999997,-2.0018377,0.0043035788,0,0.021478305,1
0.083499998,-2.0018547,0.004323517,0,0.021577444,1
0.083999999,-2.0018718,0.0043435479,0,0.021677041,1
0.0845,-2.0018892,0.0043636728,0,0.021777097,1
0.085000001,-2.0019069,0.0043838914,0,0.021877617,1
0.085500002,-2.0019245,0.0044042044,0,0.021978598,1
0.086000003,-2.0019422,0.004424612,0,0.022080047,1
0.086499996,-2.0019603,0.0044451156,0,0.022181964,1
0.086999997,-2.0019784,0.0044657141,0,0.022284351,1
0.087499999,-2.0019968,0.0044864095,0,0.022387212,1
0.088,-2.0020151,0.0045072013,0,0.022490546,1
0.088500001,-2.0020339,0.0045280904,0,0.022594357,1
0.089000002,-2.0020528,0.0045490768,0,0.022698648,1
0.089500003,-2.0020716,0.0045701615,0,0.02280342,1
0.090000004,-2.0020909,0.0045913444,0,0.022908676,1
0.090499997,-2.0021102,0.0046126265,0,0.023014419,1
0.090999998,-2.0021298,0.0046340083,0,0.023120647,1
0.091499999,-2.0021496,0.0046554897,0,0.023227368,1
0.092,-2.0021694,0.0046770717,0,0.023334581,1
0.092500001,-2.0021896,0.0046987548,0,0.023442289,1
0.093000002,-2.0022099,0.0047205393,0,0.023550494,1
0.093500003,-2.0022304,0.0047424254,0,0.023659198,1
0.093999997,-2.0022509,0.0047644139,0,0.023768403,1
0.094499998,-2.0022719,0.0047865054,0,0.023878112,1
0.094999999,-2.0022929,0.0048087002,0,0.023988329,1
0.0955,-2.0023141,0.0048309988,0,0.024099054,1
0.096000001,-2.0023355,0.0048534023,0,0.024210291,1
0.096500002,-2.0023572,0.00487591,0,0.02432204,1
0.097000003,-2.0023789,0.0048985234,0,0.024434306,1
0.097499996,-2.0024011,0.0049212426,0,0.024547089,1
0.097999997,-2.0024233,0.0049440679,0,0.024660394,1
0.098499998,-2.0024457,0.0049670003,0,0.02477422,1
0.098999999,-2.0024683,0.0049900403,0,0.024888573,1
0.0995,-2.0024912,0.0050131879,0,0.025003454,1
0.1,-2.0025144,0.0050364444,0,0.025118865,1
0.1005,-2.0025377,0.0050598094,0,0.025234807,1
0.101,-2.0025611,0.0050832839,0,0.025351286,1
0.1015,-2.0025849,0.0051068687,0,0.025468303,1
0.102,-2.0026088,0.0051305639,0,0.025585858,1
0.1025,-2.0026331,0.0051543703,0,0.025703957,1
0.103,-2.0026574,0.0051782881,0,0.025822602,1
0.1035,-2.002682,0.0052023185,0,0.025941793,1
0.104,-2.0027068,0.0052264612,0,0.026061535,1
0.1045,-2.002732,0.0052507175,0,0.02618183,1
0.105,-2.0027573,0.0052750874,0,0.02630268,1
0.1055,-2.0027828,0.0052995714,0,0.026424088,1
0.106,-2.0028086,0.0053241705,0,0.026546055,1
0.1065,-2.0028346,0.0053488854,0,0.026668586,1
0.107,-2.0028608,0.0053737159,0,0.026791682,1
0.1075,-2.0028875,0.0053986632,0,0.026915347,1
0.108,-2.0029142,0.0054237274,0,0.027039584,1
0.1085,-2.0029411,0.0054489095,0,0.027164392,1
0.109,-2.0029683,0.0054742098,0,0.027289778,1
0.1095,-2.002996,0.0054996293,0,0.027415741,1
0.11,-2.0030236,0.005525168,0,0.027542287,1
0.1105,-2.0030518,0.0055508264,0,0.027669417,1
0.111,-2.0030799,0.0055766059,0,0.027797133,1
0.1115,-2.0031085,0.0056025065,0,0.027925439,1
0.112,-2.0031374,0.0056285285,0,0.028054336,1
0.1125,-2.0031664,0.0056546736,0,0.028183829,1
0.113,-2.0031958,0.005680941,0,0.02831392,1
0.1135,-2.0032253,0.0057073324,0,0.028444611,1
0.114,-2.0032554,0.0057338476,0,0.028575905,1
0.1145,-2.0032854,0.0057604876,0,0.028707806,1
0.115,-2.0033159,0.0057872534,0,0.028840315,1
0.1155,-2.0033467,0.0058141449,0,0.028973436,1
0.116,-2.0033777,0.005841163,0,0.029107172,1
0.1165,-2.0034089,0.0058683087,0,0.029241525,1
0.117,-2.0034406,0.005895582,0,0.029376496,1
0.1175,-2.0034723,0.0059229839,0,0.029512092,1
0.118,-2.0035045,0.0059505147,0,0.029648313,1
0.1185,-2.0035372,0.0059781754,0,0.029785164,1
0.119,-2.0035698,0.0060059666,0,0.029922646,1
0.1195,-2.003603,0.0060338886,0,0.030060763,1
0.12,-2.0036364,0.0060619423,0,0.030199517,1
0.1205,-2.00367,0.0060901283,0,0.030338911,1
0.121,-2.0037041,0.0061184475,0,0.030478951,1
0.1215,-2.0037384,0.0061468999,0,0.030619634,1
0.122,-2.003773,0.0061754868,0,0.030760968,1
0.1225,-2.003808,0.0062042088,0,0.030902954,1
0.123,-2.0038433,0.0062330663,0,0.031045595,1
0.1235,-2.0038791,0.0062620603,0,0.031188896,1
0.124,-2.0039151,0.0062911911,0,0.031332858,1
0.1245,-2.0039513,0.0063204593,0,0.031477485,1
0.125,-2.0039878,0.0063498658,0,0.031622775,1
0.12549999,-2.004025,0.0063794116,0,0.031768739,1
0.126,-2.0040622,0.006409097,0,0.031915378,1
0.1265,-2.0040998,0.0064389226,0,0.032062694,1
0.127,-2.0041378,0.0064688893,0,0.032210689,1
0.1275,-2.0041761,0.0064989976,0,0.032359365,1
0.12800001,-2.004215,0.0065292488,0,0.032508731,1
0.1285,-2.0042541,0.006559643,0,0.032658782,1
0.12899999,-2.0042934,0.0065901806,0,0.032809529,1
0.1295,-2.0043333,0.0066208635,0,0.03296097,1
0.13,-2.0043736,0.0066516912,0,0.033113111,1
0.1305,-2.0044141,0.0066826651,0,0.033265956,1
0.131,-2.0044549,0.0067137857,0,0.033419505,1
0.13150001,-2.0044963,0.0067450539,0,0.033573762,1
0.132,-2.0045381,0.0067764702,0,0.03372873,1
0.13249999,-2.00458,0.0068080355,0,0.033884417,1
0.133,-2.0046225,0.0068397508,0,0.03404082,1
0.13349999,-2.0046654,0.0068716165,0,0.034197945,1
0.134,-2.0047088,0.006903633,0,0.034355793,1
0.1345,-2.0047524,0.0069358018,0,0.034514375,1
0.13500001,-2.0047965,0.0069681229,0,0.034673683,1
0.1355,-2.0048409,0.0070005981,0,0.034833733,1
0.13600001,-2.0048859,0.007033227,0,0.034994517,1
0.1365,-2.0049312,0.007066011,0,0.035156045,1
0.13699999,-2.004977,0.0070989509,0,0.035318319,1
0.1375,-2.005023,0.0071320478,0,0.035481337,1
0.138,-2.0050697,0.0071653016,0,0.035645112,1
0.13850001,-2.0051167,0.0071987137,0,0.035809644,1
0.139,-2.0051641,0.0072322846,0,0.035974935,1
0.13950001,-2.0052121,0.0072660153,0,0.036140986,1
0.14,-2.0052605,0.0072999066,0,0.036307804,1
0.14049999,-2.0053091,0.0073339595,0,0.036475394,1
0.141,-2.0053585,0.0073681744,0,0.036643758,1
0.1415,-2.005408,0.0074025523,0,0.036812898,1
0.142,-2.0054584,0.0074370941,0,0.036982819,1
0.1425,-2.0055089,0.0074718003,0,0.037153523,1
0.14300001,-2.0055602,0.0075066723,0,0.037325017,1
0.1435,-2.0056117,0.0075417105,0,0.037497301,1
0.14399999,-2.0056639,0.0075769159,0,0.037670381,1
0.1445,-2.0057163,0.0076122889,0,0.037844259,1
0.145,-2.0057693,0.0076478315,0,0.038018938,1
0.1455,-2.0058229,0.0076835435,0,0.038194425,1
0.146,-2.005877,0.007719426,0,0.038370725,1
0.14650001,-2.0059314,0.0077554798,0,0.038547836,1
0.147,-2.0059865,0.0077917064,0,0.038725764,1
0.14749999,-2.006042,0.0078281062,0,0.038904514,1
0.148,-2.0060983,0.0078646792,0,0.039084088,1
0.1485,-2.0061548,0.0079014283,0,0.039264493,1
0.149,-2.006212,0.0079383524,0,0.039445732,1
0.1495,-2.0062695,0.0079754544,0,0.039627802,1
0.15000001,-2.0063276,0.0080127334,0,0.039810717,1
0.1505,-2.0063865,0.0080501912,0,0.039994475,1
0.15099999,-2.0064456,0.0080878278,0,0.040179081,1
0.1515,-2.0065055,0.0081256451,0,0.040364541,1
0.152,-2.006566,0.008163644,0,0.040550854,1
0.1525,-2.0066268,0.0082018254,0,0.040738028,1
0.153,-2.0066884,0.0082401903,0,0.040926065,1
0.15350001,-2.0067506,0.0082787387,0,0.041114971,1
0.154,-2.0068133,0.0083174724,0,0.041304749,1
0.15449999,-2.0068765,0.0083563924,0,0.041495405,1
0.155,-2.0069404,0.0083954995,0,0.041686937,1
0.15549999,-2.0070047,0.0084347939,0,0.041879356,1
0.156,-2.0070698,0.0084742783,0,0.042072661,1
0.1565,-2.0071354,0.0085139517,0,0.042266861,1
0.15700001,-2.0072017,0.0085538169,0,0.042461958,1
0.1575,-2.0072687,0.0085938731,0,0.042657953,1
0.15800001,-2.0073361,0.008634123,0,0.042854853,1
0.1585,-2.0074043,0.0086745666,0,0.043052662,1
0.15899999,-2.007473,0.0087152049,0,0.043251384,1
0.1595,-2.0075424,0.0087560397,0,0.043451022,1
0.16,-2.0076125,0.0087970709,0,0.043651585,1
0.1605,-2.0076833,0.0088383006,0,0.043853071,1
0.161,-2.0077546,0.0088797295,0,0.044055488,1
0.16150001,-2.0078266,0.0089213578,0,0.044258837,1
0.162,-2.0078993,0.0089631882,0,0.044463128,1
0.16249999,-2.0079727,0.0090052197,0,0.044668358,1
0.163,-2.0080466,0.0090474552,0,0.044874538,1
0.1635,-2.0081215,0.0090898946,0,0.045081671,1
0.164,-2.0081968,0.0091325399,0,0.045289759,1
0.1645,-2.0082731,0.0091753919,0,0.045498807,1
0.16500001,-2.0083499,0.0092184506,0,0.04570882,1
0.1655,-2.0084276,0.009261718,0,0.045919802,1
0.16599999,-2.0085058,0.0093051959,0,0.046131756,1
0.1665,-2.008585,0.0093488842,0,0.046344694,1
0.167,-2.0086646,0.0093927849,0,0.046558611,1
0.1675,-2.0087452,0.0094368989,0,0.046773516,1
0.168,-2.0088265,0.0094812261,0,0.046989411,1
0.16850001,-2.0089085,0.0095257694,0,0.047206305,1
0.169,-2.0089912,0.0095705297,0,0.047424197,1
0.16949999,-2.0090749,0.009615507,0,0.047643099,1
0.17,-2.0091591,0.0096607031,0,0.04786301,1
0.1705,-2.0092444,0.00970612,0,0.048083935,1
0.171,-2.0093303,0.0097517576,0,0.04830588,1
0.1715,-2.0094171,0.0097976178,0,0.04852885,1
0.17200001,-2.0095046,0.0098437006,0,0.048752848,1
0.1725,-2.009593,0.0098900096,0,0.048977882,1
0.17299999,-2.0096822,0.0099365441,0,0.049203955,1
0.1735,-2.0097721,0.0099833058,0,0.049431067,1
0.17399999,-2.0098629,0.010030296,0,0.049659234,1
0.1745,-2.0099547,0.010077516,0,0.049888447,1
0.175,-2.0100472,0.010124966,0,0.050118722,1
0.17550001,-2.0101407,0.010172648,0,0.050350063,1
0.176,-2.0102351,0.010220565,0,0.050582465,1
0.17649999,-2.0103302,0.010268716,0,0.050815944,1
0.177,-2.0104263,0.010317103,0,0.051050499,1
0.17749999,-2.0105233,0.010365726,0,0.051286139,1
0.178,-2.0106211,0.010414589,0,0.051522866,1
0.1785,-2.01072,0.010463692,0,0.051760685,1
0.17900001,-2.0108197,0.010513036,0,0.051999599,1
0.1795,-2.0109203,0.010562621,0,0.052239619,1
0.18000001,-2.0110219,0.010612451,0,0.052480746,1
0.1805,-2.0111244,0.010662526,0,0.052722987,1
0.18099999,-2.0112281,0.010712848,0,0.052966345,1
0.1815,-2.0113325,0.010763417,0,0.053210825,1
0.182,-2.0114379,0.010814236,0,0.053456437,1
0.1825,-2.0115445,0.010865305,0,0.053703181,1
0.183,-2.0116518,0.010916625,0,0.053951062,1
0.18350001,-2.0117602,0.0109682,0,0.05420009,1
0.184,-2.0118697,0.011020029,0,0.054450266,1
0.18449999,-2.0119803,0.011072114,0,0.054701596,1
0.185,-2.0120916,0.011124457,0,0.054954089,1
0.1855,-2.0122042,0.011177059,0,0.055207744,1
0.186,-2.0123179,0.011229921,0,0.055462573,1
0.1865,-2.0124326,0.011283046,0,0.055718575,1
0.18700001,-2.0125482,0.011336433,0,0.055975761,1
0.1875,-2.0126653,0.011390085,0,0.056234132,1
0.18799999,-2.0127831,0.011444004,0,0.056493696,1
0.1885,-2.012902,0.01149819,0,0.056754459,1
0.189,-2.0130222,0.011552646,0,0.057016429,1
0.1895,-2.0131435,0.011607373,0,0.057279602,1
0.19,-2.0132661,0.011662372,0,0.057543993,1
0.19050001,-2.0133896,0.011717645,0,0.057809606,1
0.191,-2.0135143,0.011773193,0,0.058076441,1
0.19149999,-2.0136402,0.011829019,0,0.058344509,1
0.192,-2.0137672,0.011885123,0,0.058613818,1
0.1925,-2.0138955,0.011941507,0,0.058884367,1
0.193,-2.014025,0.011998173,0,0.059156165,1
0.1935,-2.0141556,0.012055122,0,0.059429217,1
0.19400001,-2.0142875,0.012112357,0,0.059703529,1
0.1945,-2.0144207,0.012169878,0,0.059979107,1
0.19499999,-2.0145552,0.012227687,0,0.06025596,1
0.1955,-2.0146909,0.012285787,0,0.060534086,1
0.19599999,-2.0148277,0.012344177,0,0.060813501,1
0.1965,-2.014966,0.012402861,0,0.061094202,1
0.197,-2.0151055,0.01246184,0,0.061376199,1
0.19750001,-2.0152464,0.012521116,0,0.0616595,1
0.198,-2.0153885,0.01258069,0,0.061944108,1
0.19850001,-2.015532,0.012640564,0,0.062230028,1
0.199,-2.0156767,0.01270074,0,0.06251727,1
0.19949999,-2.0158229,0.012761219,0,0.062805839,1
0.2,-2.0159705,0.012822005,0,0.063095734,1
0.2005,-2.0161195,0.012883097,0,0.063386969,1
0.20100001,-2.0162699,0.012944498,0,0.063679554,1
0.2015,-2.0164216,0.01300621,0,0.063973486,1
0.20200001,-2.0165749,0.013068235,0,0.064268775,1
0.2025,-2.0167296,0.013130574,0,0.06456542,1
0.20299999,-2.0168855,0.013193229,0,0.064863443,1
0.2035,-2.0170431,0.013256202,0,0.065162838,1
0.204,-2.0172021,0.013319496,0,0.065463617,1
0.2045,-2.0173628,0.013383112,0,0.065765783,1
0.205,-2.0175247,0.013447051,0,0.066069342,1
0.20550001,-2.0176883,0.013511316,0,0.066374309,1
0.206,-2.0178535,0.013575909,0,0.066680677,1
0.20649999,-2.0180202,0.013640832,0,0.066988461,1
0.207,-2.0181885,0.013706086,0,0.067297667,1
0.2075,-2.0183582,0.013771674,0,0.067608297,1
0.208,-2.0185297,0.013837597,0,0.067920364,1
0.2085,-2.0187027,0.013903859,0,0.06823387,1
0.20900001,-2.0188775,0.01397046,0,0.068548821,1
0.2095,-2.0190537,0.014037402,0,0.068865232,1
0.20999999,-2.0192318,0.014104689,0,0.069183096,1
0.2105,-2.0194113,0.014172321,0,0.069502428,1
0.211,-2.0195928,0.014240302,0,0.069823243,1
0.2115,-2.0197759,0.014308632,0,0.070145532,1
0.212,-2.0199606,0.014377316,0,0.070469305,1
0.21250001,-2.0201471,0.014446354,0,0.070794575,1
0.213,-2.0203354,0.014515747,0,0.07112135,1
0.21349999,-2.0205255,0.014585501,0,0.07144963,1
0.214,-2.0207174,0.014655614,0,0.07177943,1
0.2145,-2.0209112,0.014726091,0,0.07211075,1
0.215,-2.0211067,0.014796934,0,0.072443597,1
0.2155,-2.0213039,0.014868145,0,0.072777979,1
0.21600001,-2.0215032,0.014939725,0,0.073113911,1
0.2165,-2.0217044,0.015011678,0,0.073451385,1
0.21699999,-2.0219073,0.015084006,0,0.073790424,1
0.2175,-2.0221124,0.015156711,0,0.074131027,1
0.21799999,-2.0223191,0.015229794,0,0.074473195,1
0.2185,-2.0225279,0.01530326,0,0.07481695,1
0.219,-2.0227389,0.01537711,0,0.075162292,1
0.21950001,-2.0229516,0.015451347,0,0.07550922,1
0.22,-2.0231664,0.015525972,0,0.075857759,1
0.22050001,-2.0233834,0.01560099,0,0.076207899,1
0.221,-2.0236022,0.0156764,0,0.076559663,1
0.22149999,-2.0238233,0.015752207,0,0.076913044,1
0.222,-2.0240462,0.015828414,0,0.077268057,1
0.2225,-2.0242715,0.015905023,0,0.077624708,1
0.223,-2.0244987,0.015982036,0,0.077983014,1
0.2235,-2.0247283,0.016059455,0,0.078342967,1
0.22400001,-2.0249598,0.016137283,0,0.078704581,1
0.2245,-2.0251937,0.016215524,0,0.079067864,1
0.22499999,-2.0254297,0.016294179,0,0.079432823,1
0.2255,-2.0256681,0.016373252,0,0.079799466,1
0.226,-2.0259087,0.016452745,0,0.080167808,1
0.2265,-2.0261514,0.01653266,0,0.080537841,1
0.227,-2.0263968,0.016613001,0,0.080909587,1
0.22750001,-2.0266442,0.016693771,0,0.081283055,1
0.228,-2.0268939,0.016774973,0,0.081658237,1
0.22849999,-2.0271461,0.016856607,0,0.082035154,1
0.229,-2.0274007,0.016938679,0,0.082413815,1
0.2295,-2.0276577,0.01702119,0,0.082794219,1
0.23,-2.0279171,0.017104145,0,0.083176374,1
0.2305,-2.0281792,0.017187545,0,0.083560303,1
0.23100001,-2.0284436,0.017271394,0,0.083945997,1
0.2315,-2.0287106,0.017355694,0,0.084333479,1
0.23199999,-2.02898,0.017440448,0,0.084722742,1
0.2325,-2.0292521,0.017525662,0,0.085113801,1
0.233,-2.0295267,0.017611334,0,0.08550667,1
0.2335,-2.029804,0.017697472,0,0.08590135,1
0.234,-2.0300839,0.017784076,0,0.086297855,1
0.23450001,-2.0303664,0.017871151,0,0.086696185,1
0.235,-2.0306518,0.017958699,0,0.087096356,1
0.23549999,-2.0309398,0.018046724,0,0.087498374,1
0.236,-2.0312304,0.018135227,0,0.087902255,1
0.23649999,-2.0315239,0.018224215,0,0.088307992,1
0.237,-2.0318203,0.018313689,0,0.088715598,1
0.2375,-2.0321193,0.018403653,0,0.089125097,1
0.23800001,-2.0324214,0.018494111,0,0.089536473,1
0.2385,-2.0327263,0.018585065,0,0.089949757,1
0.23899999,-2.0330341,0.018676519,0,0.090364948,1
0.2395,-2.0333447,0.018768478,0,0.090782054,1
0.23999999,-2.0336585,0.018860942,0,0.091201082,1
0.2405,-2.0339751,0.018953918,0,0.091622047,1
0.241,-2.0342948,0.019047407,0,0.092044957,1
0.24150001,-2.0346177,0.019141417,0,0.092469819,1
0.242,-2.0349436,0.019235946,0,0.09289664,1
0.24250001,-2.0352726,0.019331001,0,0.093325429,1
0.243,-2.0356047,0.019426584,0,0.093756199,1
0.24349999,-2.0359399,0.0195227,0,0.094188958,1
0.244,-2.0362785,0.019619355,0,0.094623715,1
0.2445,-2.0366204,0.019716548,0,0.095060483,1
0.245,-2.0369654,0.019814286,0,0.095499262,1
0.2455,-2.0373139,0.019912573,0,0.095940061,1
0.24600001,-2.0376656,0.02001141,0,0.096382901,1
0.2465,-2.0380206,0.020110806,0,0.096827783,1
0.24699999,-2.0383792,0.02021076,0,0.097274721,1
0.2475,-2.0387411,0.020311279,0,0.097723722,1
0.248,-2.0391066,0.020412369,0,0.098174796,1
0.2485,-2.0394754,0.020514028,0,0.098627947,1
0.249,-2.0398481,0.020616265,0,0.099083193,1
0.24950001,-2.0402241,0.020719085,0,0.099540539,1
0.25,-2.0406039,0.020822488,0,0.1,1
0.25049999,-2.0409873,0.020926483,0,0.10046158,1
0.25099999,-2.0413742,0.021031071,0,0.10092529,1
0.25150001,-2.041765,0.021136256,0,0.10139114,1
0.252,-2.0421596,0.021242047,0,0.10185914,1
0.2525,-2.042558,0.021348443,0,0.1023293,1
0.25299999,-2.0429602,0.021455454,0,0.10280163,1
0.25350001,-2.0433662,0.021563079,0,0.10327614,1
0.25400001,-2.0437763,0.021671329,0,0.10375284,1
0.2545,-2.0441902,0.021780202,0,0.10423175,1
0.255,-2.0446081,0.021889707,0,0.10471285,1
0.25549999,-2.0450301,0.021999849,0,0.10519619,1
0.25600001,-2.0454562,0.02211063,0,0.10568175,1
0.25650001,-2.0458865,0.022222059,0,0.10616956,1
0.257,-2.0463207,0.022334136,0,0.10665961,1
0.25749999,-2.0467594,0.022446871,0,0.10715193,1
0.25799999,-2.0472021,0.022560265,0,0.10764652,1
0.25850001,-2.0476494,0.022674328,0,0.1081434,1
0.259,-2.0481007,0.022789059,0,0.10864256,1
0.2595,-2.0485566,0.022904467,0,0.10914403,1
0.25999999,-2.0490167,0.023020558,0,0.10964782,1
0.26050001,-2.0494814,0.023137337,0,0.11015393,1
0.26100001,-2.0499506,0.023254806,0,0.11066238,1
0.2615,-2.0504246,0.023372974,0,0.11117318,1
0.26199999,-2.0509028,0.023491848,0,0.11168633,1
0.26249999,-2.0513859,0.023611428,0,0.11220185,1
0.26300001,-2.0518737,0.023731725,0,0.11271974,1
0.26350001,-2.052366,0.023852743,0,0.11324003,1
0.264,-2.0528634,0.023974488,0,0.11376273,1
0.26449999,-2.0533655,0.024096964,0,0.11428783,1
0.26499999,-2.0538726,0.02422018,0,0.11481536,1
0.26550001,-2.0543845,0.024344141,0,0.11534533,1
0.266,-2.0549014,0.02446885,0,0.11587773,1
0.2665,-2.0554235,0.024594318,0,0.1164126,1
0.26699999,-2.0559506,0.02472055,0,0.11694994,1
0.26750001,-2.0564828,0.02484755,0,0.11748976,1
0.26800001,-2.0570202,0.024975326,0,0.11803206,1
0.2685,-2.0575631,0.025103884,0,0.11857688,1
0.26899999,-2.058111,0.02523323,0,0.1191242,1
0.26949999,-2.0586643,0.025363373,0,0.11967406,1
0.27000001,-2.0592232,0.025494318,0,0.12022644,1
0.2705,-2.0597875,0.025626071,0,0.12078138,1
0.271,-2.0603573,0.025758641,0,0.12133888,1
0.27149999,-2.0609326,0.025892032,0,0.12189896,1
0.27200001,-2.0615137,0.026026255,0,0.12246162,1
0.27250001,-2.0621004,0.026161313,0,0.12302688,1
0.273,-2.0626929,0.026297215,0,0.12359475,1
0.2735,-2.0632913,0.026433969,0,0.12416523,1
0.27399999,-2.0638955,0.026571583,0,0.12473835,1
0.27450001,-2.0645058,0.026710061,0,0.12531412,1
0.27500001,-2.0651219,0.026849413,0,0.12589253,1
0.2755,-2.0657442,0.026989648,0,0.12647364,1
0.27599999,-2.0663726,0.027130771,0,0.1270574,1
0.27649999,-2.0670073,0.027272791,0,0.12764388,1
0.27700001,-2.0676482,0.027415717,0,0.12823306,1
0.2775,-2.0682952,0.027559554,0,0.12882495,1
0.278,-2.068949,0.027704313,0,0.12941958,1
0.27849999,-2.0696089,0.027850002,0,0.13001695,1
0.27900001,-2.0702755,0.027996628,0,0.13061708,1
0.27950001,-2.0709488,0.028144199,0,0.13121998,1
0.28,-2.0716286,0.028292727,0,0.13182567,1
0.28049999,-2.0723152,0.028442215,0,0.13243416,1
0.28099999,-2.0730085,0.028592678,0,0.13304543,1
0.28150001,-2.073709,0.02874412,0,0.13365956,1
0.28200001,-2.0744162,0.028896553,0,0.13427649,1
0.2825,-2.0751305,0.029049985,0,0.13489629,1
0.28299999,-2.0758519,0.029204426,0,0.13551894,1
0.28349999,-2.0765805,0.029359883,0,0.13614447,1
0.28400001,-2.0773163,0.029516369,0,0.13677289,1
0.2845,-2.0780594,0.029673889,0,0.1374042,1
0.285,-2.07881,0.029832458,0,0.13803843,1
0.28549999,-2.0795681,0.029992083,0,0.13867559,1
0.28600001,-2.0803337,0.030152773,0,0.13931568,1
0.28650001,-2.0811071,0.03031454,0,0.13995874,1
0.287,-2.081888,0.030477393,0,0.14060475,1
0.28749999,-2.0826769,0.030641343,0,0.14125375,1
0.28799999,-2.0834737,0.030806402,0,0.14190575,1
0.28850001,-2.0842783,0.030972578,0,0.14256077,1
0.289,-2.0850911,0.031139882,0,0.14321879,1
0.2895,-2.0859122,0.031308327,0,0.14387986,1
0.28999999,-2.0867414,0.031477924,0,0.14454398,1
0.29049999,-2.087579,0.031648684,0,0.14521116,1
0.29100001,-2.0884249,0.031820614,0,0.14588143,1
0.2915,-2.0892794,0.031993732,0,0.14655478,1
0.292,-2.0901425,0.032168046,0,0.14723125,1
0.29249999,-2.0910144,0.03234357,0,0.14791083,1
0.29300001,-2.0918951,0.032520313,0,0.14859356,1
0.29350001,-2.0927846,0.032698292,0,0.14927945,1
0.294,-2.093683,0.032877516,0,0.14996849,1
0.29449999,-2.0945907,0.033057995,0,0.15066071,1
0.29499999,-2.0955076,0.033239748,0,0.15135613,1
0.29550001,-2.0964336,0.033422783,0,0.15205476,1
0.296,-2.0973692,0.033607114,0,0.1527566,1
0.2965,-2.098314,0.033792756,0,0.15346169,1
0.29699999,-2.0992687,0.033979721,0,0.15417005,1
0.29750001,-2.1002331,0.034168024,0,0.15488166,1
0.29800001,-2.101207,0.034357678,0,0.15559657,1
0.2985,-2.1021912,0.034548696,0,0.15631476,1
0.29899999,-2.1031852,0.034741096,0,0.15703627,1
0.29949999,-2.1041894,0.03493489,0,0.15776113,1
0.30000001,-2.1052039,0.035130087,0,0.15848932,1
0.30050001,-2.1062288,0.035326712,0,0.15922087,1
0.301,-2.107264,0.035524774,0,0.1599558,1
0.30149999,-2.10831,0.035724293,0,0.16069412,1
0.30199999,-2.1093667,0.035925277,0,0.16143586,1
0.30250001,-2.1104343,0.03612775,0,0.162181,1
0.303,-2.1115127,0.036331721,0,0.16292961,1
0.3035,-2.1126022,0.036537211,0,0.16368166,1
0.30399999,-2.113703,0.036744233,0,0.16443717,1
0.30450001,-2.1148152,0.036952808,0,0.16519618,1
0.30500001,-2.1159389,0.037162948,0,0.16595869,1
0.3055,-2.117074,0.037374675,0,0.16672473,1
0.30599999,-2.118221,0.037588004,0,0.16749428,1
0.30649999,-2.1193798,0.037802953,0,0.1682674,1
0.30700001,-2.1205506,0.038019542,0,0.16904409,1
0.3075,-2.1217337,0.038237784,0,0.16982436,1
0.308,-2.1229289,0.038457703,0,0.17060824,1
0.30849999,-2.1241364,0.038679317,0,0.17139573,1
0.30899999,-2.1253567,0.038902644,0,0.17218685,1
0.30950001,-2.1265895,0.039127704,0,0.17298163,1
0.31,-2.1278353,0.039354514,0,0.17378008,1
0.3105,-2.1290941,0.039583098,0,0.17458221,1
0.31099999,-2.1303658,0.039813474,0,0.17538805,1
0.31150001,-2.1316512,0.040045667,0,0.1761976,1
0.31200001,-2.1329498,0.04027969,0,0.17701089,1
0.3125,-2.1342621,0.040515572,0,0.17782794,1
0.31299999,-2.1355882,0.040753335,0,0.17864875,1
0.31349999,-2.1369281,0.040992994,0,0.17947336,1
0.31400001,-2.1382823,0.041234575,0,0.18030177,1
0.3145,-2.1396506,0.041478101,0,0.18113402,1
0.315,-2.1410334,0.041723598,0,0.18197009,1
0.31549999,-2.1424308,0.041971084,0,0.18281002,1
0.31600001,-2.1438427,0.042220589,0,0.18365383,1
0.31650001,-2.1452699,0.042472132,0,0.18450154,1
0.317,-2.1467121,0.042725742,0,0.18535316,1
0.3175,-2.1481695,0.042981438,0,0.18620871,1
0.31799999,-2.1496425,0.043239251,0,0.18706821,1
0.31850001,-2.1511312,0.043499209,0,0.18793169,1
0.31900001,-2.1526356,0.043761332,0,0.18879913,1
0.3195,-2.1541562,0.044025648,0,0.18967059,1
0.31999999,-2.1556931,0.044292189,0,0.19054607,1
0.32049999,-2.1572461,0.044560976,0,0.19142559,1
0.32100001,-2.1588161,0.044832043,0,0.19230917,1
0.3215,-2.1604028,0.045105416,0,0.19319683,1
0.322,-2.1620064,0.045381125,0,0.19408859,1
0.32249999,-2.1636274,0.045659199,0,0.19498447,1
0.32300001,-2.1652658,0.045939669,0,0.19588447,1
0.32350001,-2.1669219,0.046222564,0,0.19678862,1
0.324,-2.1685958,0.046507917,0,0.19769697,1
0.32449999,-2.1702878,0.046795759,0,0.19860949,1
0.32499999,-2.171998,0.047086123,0,0.19952624,1
0.32550001,-2.173727,0.047379043,0,0.2004472,1
0.32600001,-2.1754746,0.047674548,0,0.20137243,1
0.3265,-2.1772413,0.047972675,0,0.20230192,1
0.32699999,-2.1790273,0.048273459,0,0.2032357,1
0.32749999,-2.1808326,0.048576936,0,0.20417379,1
0.32800001,-2.1826577,0.04888314,0,0.20511621,1
0.3285,-2.1845028,0.049192104,0,0.20606299,1
0.329,-2.1863682,0.049503874,0,0.20701413,1
0.32949999,-2.1882539,0.049818482,0,0.20796967,1
0.33000001,-2.1901605,0.050135966,0,0.20892961,1
0.33050001,-2.1920879,0.050456367,0,0.20989399,1
0.331,-2.1940367,0.050779726,0,0.21086282,1
0.33149999,-2.196007,0.051106084,0,0.21183611,1
0.33199999,-2.197999,0.051435478,0,0.2128139,1
0.33250001,-2.2000132,0.051767953,0,0.21379621,1
0.333,-2.2020497,0.052103553,0,0.21478304,1
0.3335,-2.204109,0.05244232,0,0.21577445,1
0.33399999,-2.2061911,0.052784301,0,0.21677041,1
0.33450001,-2.2082963,0.053129539,0,0.21777098,1
0.33500001,-2.2104251,0.053478077,0,0.21877617,1
0.3355,-2.2125781,0.053829972,0,0.21978599,1
0.336,-2.2147548,0.054185264,0,0.22080047,1
0.33649999,-2.2169561,0.054544002,0,0.22181964,1
0.33700001,-2.2191823,0.054906242,0,0.22284351,1
0.33750001,-2.2214334,0.055272028,0,0.22387211,1
0.338,-2.2237101,0.055641413,0,0.22490546,1
0.33849999,-2.2260125,0.056014456,0,0.22594358,1
0.33899999,-2.2283411,0.056391202,0,0.22698648,1
0.33950001,-2.230696,0.056771711,0,0.22803421,1
0.34,-2.2330778,0.057156041,0,0.22908677,1
0.3405,-2.2354867,0.057544243,0,0.23014419,1
0.34099999,-2.2379234,0.057936382,0,0.23120648,1
0.34150001,-2.2403877,0.05833251,0,0.23227368,1
0.34200001,-2.2428803,0.058732696,0,0.23334581,1
0.3425,-2.2454016,0.059136994,0,0.23442288,1
0.34299999,-2.247952,0.059545469,0,0.23550493,1
0.34349999,-2.2505319,0.05995819,0,0.23659196,1
0.34400001,-2.2531416,0.060375214,0,0.23768403,1
0.34450001,-2.2557814,0.060796618,0,0.23878112,1
0.345,-2.2584522,0.06122246,0,0.23988329,1
0.34549999,-2.2611537,0.061652821,0,0.24099055,1
0.34599999,-2.2638869,0.062087763,0,0.24210291,1
0.34650001,-2.2666521,0.062527359,0,0.2432204,1
0.347,-2.2694497,0.062971689,0,0.24434306,1
0.3475,-2.27228,0.063420825,0,0.2454709,1
0.34799999,-2.2751436,0.063874848,0,0.24660394,1
0.34850001,-2.2780411,0.064333826,0,0.24774221,1
0.34900001,-2.280973,0.064797848,0,0.24888574,1
0.3495,-2.2839394,0.065267004,0,0.25003454,1
0.34999999,-2.2869411,0.06574136,0,0.25118864,1
0.35049999,-2.2899785,0.066221021,0,0.25234807,1
0.35100001,-2.2930522,0.066706054,0,0.25351286,1
0.3515,-2.2961626,0.067196563,0,0.25468302,1
0.352,-2.2993104,0.067692637,0,0.2558586,1
0.35249999,-2.302496,0.068194374,0,0.25703958,1
0.35299999,-2.3057199,0.068701856,0,0.25822601,1
0.35350001,-2.3089826,0.069215193,0,0.25941795,1
0.354,-2.3122852,0.069734484,0,0.26061535,1
0.3545,-2.3156276,0.070259824,0,0.26181829,1
0.35499999,-2.3190107,0.070791319,0,0.2630268,1
0.35550001,-2.3224351,0.071329087,0,0.26424086,1
0.35600001,-2.3259013,0.071873218,0,0.26546055,1
0.3565,-2.3294101,0.072423838,0,0.26668587,1
0.35699999,-2.332962,0.07298106,0,0.26791683,1
0.35749999,-2.3365579,0.073544994,0,0.26915348,1
0.35800001,-2.340198,0.074115768,0,0.27039585,1
0.3585,-2.3438833,0.074693494,0,0.27164394,1
0.359,-2.3476143,0.075278305,0,0.27289778,1
0.35949999,-2.351392,0.075870328,0,0.2741574,1
0.36000001,-2.3552167,0.076469697,0,0.27542287,1
0.36050001,-2.3590896,0.077076539,0,0.27669418,1
0.361,-2.3630109,0.077690996,0,0.27797133,1
0.36149999,-2.3669817,0.078313202,0,0.27925438,1
0.36199999,-2.3710029,0.078943312,0,0.28054336,1
0.36250001,-2.3750749,0.079581469,0,0.2818383,1
0.36300001,-2.3791988,0.080227822,0,0.2831392,1
0.3635,-2.3833752,0.080882519,0,0.28444612,1
0.36399999,-2.387605,0.081545733,0,0.28575906,1
0.36449999,-2.3918891,0.082217626,0,0.28707805,1
0.36500001,-2.3962283,0.082898349,0,0.28840315,1
0.3655,-2.4006236,0.083588086,0,0.28973436,1
0.366,-2.4050758,0.08428701,0,0.29107171,1
0.36649999,-2.409586,0.084995292,0,0.29241523,1
0.36700001,-2.4141548,0.085713126,0,0.29376498,1
0.36750001,-2.4187834,0.086440697,0,0.29512092,1
0.368,-2.4234726,0.0871782,0,0.29648313,1
0.36849999,-2.4282238,0.087925829,0,0.29785165,1
0.36899999,-2.4330375,0.088683791,0,0.29922646,1
0.36950001,-2.4379151,0.089452296,0,0.30060762,1
0.37,-2.4428575,0.090231553,0,0.30199516,1
0.3705,-2.447866,0.091021784,0,0.30338913,1
0.37099999,-2.4529414,0.091823213,0,0.30478951,1
0.37149999,-2.4580848,0.092636071,0,0.30619633,1
0.37200001,-2.4632978,0.093460605,0,0.30760968,1
0.3725,-2.4685812,0.094297051,0,0.30902955,1
0.373,-2.4739366,0.095145665,0,0.31045595,1
0.37349999,-2.4793646,0.096006699,0,0.31188896,1
0.37400001,-2.4848671,0.096880414,0,0.31332856,1
0.37450001,-2.4904451,0.097767092,0,0.31477484,1
0.375,-2.4960999,0.098667011,0,0.31622776,1
0.37549999,-2.501833,0.099580452,0,0.31768739,1
0.37599999,-2.5076454,0.10050771,0,0.31915379,1
0.37650001,-2.5135391,0.1014491,0,0.32062694,1
0.377,-2.5195153,0.10240492,0,0.32210687,1
0.3775,-2.5255752,0.1033755,0,0.32359365,1
0.37799999,-2.5317206,0.10436117,0,0.32508731,1
0.37850001,-2.5379531,0.10536226,0,0.32658783,1
0.37900001,-2.5442743,0.10637913,0,0.32809529,1
0.3795,-2.5506856,0.10741214,0,0.32960972,1
0.38,-2.5571887,0.10846165,0,0.33113113,1
0.38049999,-2.5637858,0.10952805,0,0.33265954,1
0.38100001,-2.570478,0.11061173,0,0.33419505,1
0.38150001,-2.5772672,0.1117131,0,0.33573762,1
0.382,-2.5841556,0.11283256,0,0.33728731,1
0.38249999,-2.5911446,0.11397056,0,0.33884415,1
0.38299999,-2.5982366,0.11512753,0,0.34040818,1
0.38350001,-2.6054332,0.11630394,0,0.34197944,1
0.384,-2.6127365,0.11750023,0,0.34355795,1
0.3845,-2.6201489,0.11871691,0,0.34514374,1
0.38499999,-2.627672,0.11995447,0,0.34673685,1
0.38550001,-2.6353085,0.12121344,0,0.34833732,1
0.38600001,-2.6430602,0.12249433,0,0.34994516,1
0.3865,-2.6509297,0.12379769,0,0.35156044,1
0.38699999,-2.6589193,0.1251241,0,0.35318318,1
0.38749999,-2.6670313,0.12647414,0,0.3548134,1
0.38800001,-2.6752682,0.12784842,0,0.35645112,1
0.38850001,-2.6836326,0.12924753,0,0.35809645,1
0.389,-2.692127,0.13067216,0,0.35974935,1
0.38949999,-2.7007542,0.13212295,0,0.36140987,1
0.38999999,-2.709517,0.13360059,0,0.36307806,1
0.39050001,-2.7184184,0.1351058,0,0.36475396,1
0.391,-2.7274609,0.13663931,0,0.36643758,1
0.3915,-2.7366476,0.13820186,0,0.36812899,1
0.39199999,-2.7459817,0.13979428,0,0.36982819,1
0.39250001,-2.7554662,0.14141734,0,0.37153524,1
0.39300001,-2.7651048,0.14307189,0,0.37325016,1
0.3935,-2.7749002,0.14475882,0,0.374973,1
0.39399999,-2.7848563,0.14647903,0,0.3767038,1
0.39449999,-2.7949765,0.14823344,0,0.37844259,1
0.39500001,-2.8052645,0.15002303,0,0.38018939,1
0.3955,-2.8157239,0.15184879,0,0.38194427,1
0.396,-2.8263586,0.15371178,0,0.38370726,1
0.39649999,-2.8371727,0.15561306,0,0.38547835,1
0.39700001,-2.84817,0.15755376,0,0.38725764,1
0.39750001,-2.8593552,0.15953504,0,0.38904515,1
0.398,-2.8707323,0.16155809,0,0.39084089,1
0.3985,-2.8823059,0.16362417,0,0.39264494,1
0.39899999,-2.8940804,0.16573457,0,0.39445731,1
0.39950001,-2.9060609,0.16789065,0,0.39627802,1
0.40000001,-2.918252,0.1700938,0,0.39810717,1
0.4005,-2.9306591,0.17234549,0,0.39994475,1
0.40099999,-2.9432869,0.17464721,0,0.4017908,1
0.40149999,-2.9561412,0.17700054,0,0.4036454,1
0.40200001,-2.9692278,0.17940712,0,0.40550855,1
0.4025,-2.9825518,0.18186864,0,0.40738028,1
0.403,-2.9961195,0.18438689,0,0.40926066,1
0.40349999,-3.0099373,0.18696371,0,0.41114971,1
0.40400001,-3.0240109,0.189601,0,0.41304749,1
0.40450001,-3.0383475,0.1923008,0,0.41495404,1
0.405,-3.0529532,0.19506516,0,0.41686937,1
0.40549999,-3.0678356,0.19789626,0,0.41879356,1
0.40599999,-3.0830019,0.2007964,0,0.42072663,1
0.40650001,-3.098459,0.20376791,0,0.42266861,1
0.40700001,-3.1142154,0.20681329,0,0.42461956,1
0.4075,-3.1302788,0.2099351,0,0.42657951,1
0.40799999,-3.1466575,0.21313605,0,0.42854851,1
0.40849999,-3.1633601,0.21641895,0,0.43052661,1
0.40900001,-3.1803958,0.21978675,0,0.43251383,1
0.4095,-3.1977737,0.22324254,0,0.43451023,1
0.41,-3.2155035,0.22678952,0,0.43651584,1
0.41049999,-3.2335947,0.23043108,0,0.43853068,1
0.41100001,-3.2520583,0.23417075,0,0.44055486,1
0.41150001,-3.2709048,0.23801224,0,0.44258836,1
0.412,-3.2901452,0.24195942,0,0.44463128,1
0.41249999,-3.3097911,0.24601638,0,0.44668359,1
0.41299999,-3.329855,0.25018737,0,0.4487454,1
0.41350001,-3.3503487,0.2544769,0,0.45081669,1
0.414,-3.3712857,0.25888965,0,0.45289758,1
0.4145,-3.3926795,0.26343057,0,0.45498806,1
0.41499999,-3.4145439,0.26810485,0,0.4570882,1
0.41549999,-3.4368939,0.27291802,0,0.459198,1
0.41600001,-3.4597447,0.27787575,0,0.46131757,1
0.4165,-3.4831121,0.28298414,0,0.46344692,1
0.417,-3.5070126,0.28824961,0,0.4655861,1
0.41749999,-3.5314639,0.29367882,0,0.46773514,1
0.41800001,-3.5564835,0.29927891,0,0.46989411,1
0.41850001,-3.5820909,0.30505738,0,0.47206303,1
0.419,-3.608305,0.31102213,0,0.47424197,1
0.41949999,-3.6351469,0.3171815,0,0.47643098,1
0.41999999,-3.6626379,0.32354432,0,0.4786301,1
0.42050001,-3.6908004,0.33011997,0,0.48083934,1
0.421,-3.7196581,0.33691829,0,0.48305881,1
0.4215,-3.7492354,0.34394985,0,0.4852885,1
0.42199999,-3.7795577,0.35122567,0,0.4875285,1
0.42250001,-3.8106525,0.35875762,0,0.48977882,1
0.42300001,-3.8425479,0.36655813,0,0.49203953,1
0.4235,-3.8752735,0.37464052,0,0.49431068,1
0.42399999,-3.9088602,0.38301897,0,0.49659231,1
0.42449999,-3.9433408,0.39170843,0,0.4988845,1
0.42500001,-3.9787495,0.40072498,0,0.50118721,1
0.42550001,-4.0151224,0.41008565,0,0.50350058,1
0.426,-4.0524979,0.4198086,0,0.50582469,1
0.42649999,-4.0909147,0.42991331,0,0.50815946,1
0.42699999,-4.1304159,0.44042048,0,0.51050502,1
0.42750001,-4.1710453,0.4513523,0,0.51286137,1
0.428,-4.2128491,0.46273255,0,0.51522863,1
0.4285,-4.2558775,0.47458661,0,0.51760685,1
0.42899999,-4.3001819,0.48694178,0,0.51999599,1
0.42950001,-4.3458166,0.49982736,0,0.52239621,1
0.43000001,-4.3928404,0.51327473,0,0.52480745,1
0.4305,-4.4413142,0.52731782,0,0.52722985,1
0.43099999,-4.4913034,0.54199296,0,0.52966344,1
0.43149999,-4.5428762,0.55733955,0,0.53210825,1
0.43200001,-4.5961056,0.57339978,0,0.53456438,1
0.4325,-4.6510696,0.59021962,0,0.53703177,1
0.433,-4.7078495,0.60784847,0,0.53951061,1
0.43349999,-4.7665334,0.62634003,0,0.54200089,1
0.43399999,-4.8272133,0.64575249,0,0.54450268,1
0.43450001,-4.8899884,0.66614902,0,0.54701596,1
0.435,-4.9549642,0.68759823,0,0.54954088,1
0.4355,-5.0222526,0.71017498,0,0.55207741,1
0.43599999,-5.0919733,0.73396087,0,0.55462569,1
0.43650001,-5.1642537,0.75904489,0,0.55718577,1
0.43700001,-5.2392316,0.78552455,0,0.55975759,1
0.4375,-5.3170524,0.81350654,0,0.56234133,1
0.43799999,-5.3978729,0.84310806,0,0.564937,1
0.43849999,-5.4818606,0.87445778,0,0.56754458,1
0.43900001,-5.5691962,0.90769756,0,0.57016426,1
0.4395,-5.6600728,0.94298381,0,0.57279605,1
0.44,-5.7546978,0.98048943,0,0.57543993,1
0.44049999,-5.8532953,1.0204058,0,0.57809603,1
0.44100001,-5.9561057,1.0629454,0,0.58076441,1
0.44150001,-6.0633883,1.1083446,0,0.58344513,1
0.442,-6.1754227,1.1568664,0,0.58613819,1
0.4425,-6.2925115,1.2088051,0,0.58884364,1
0.44299999,-6.4149804,1.2644899,0,0.59156162,1
0.44350001,-6.5431819,1.3242902,0,0.59429216,1
0.44400001,-6.6774974,1.3886218,0,0.59703529,1
0.4445,-6.8183393,1.4579536,0,0.59979105,1
0.44499999,-6.9661541,1.5328159,0,0.60255957,1
0.44549999,-7.1214247,1.6138107,0,0.6053409,1
0.44600001,-7.2846732,1.7016221,0,0.60813498,1
0.4465,-7.4564662,1.7970313,0,0.61094201,1
0.447,-7.637413,1.900932,0,0.61376202,1
0.44749999,-7.8281722,2.0143509,0,0.61659503,1
0.44800001,-8.0294523,2.1384706,0,0.61944109,1
0.44850001,-8.242013,2.2746584,0,0.62230027,1
0.449,-8.4666634,2.4245009,0,0.62517267,1
0.44949999,-8.7042618,2.5898449,0,0.62805837,1
0.44999999,-8.9557085,2.7728498,0,0.63095737,1
0.45050001,-9.2219343,2.9760478,0,0.63386971,1
0.45100001,-9.5038815,3.2024209,0,0.63679552,1
0.4515,-9.802474,3.4554935,0,0.63973486,1
0.45199999,-10.118573,3.7394457,0,0.64268774,1
0.45249999,-10.452904,4.0592513,0,0.6456542,1
0.45300001,-10.805952,4.4208493,0,0.64863443,1
0.4535,-11.177807,4.8313441,0,0.65162838,1
0.454,-11.567933,5.2992516,0,0.65463614,1
0.45449999,-11.974832,5.8347821,0,0.65765786,1
0.45500001,-12.39555,6.4501581,0,0.66069347,1
0.45550001,-12.824964,7.1599474,0,0.66374308,1
0.456,-13.25475,7.9813614,0,0.66680676,1
0.45649999,-13.671912,8.9344187,0,0.66988462,1
0.45699999,-14.056724,10.041784,0,0.67297667,1
0.45750001,-14.37994,11.327922,0,0.67608297,1
0.458,-14.599214,12.816981,0,0.67920363,1
0.4585,-14.654928,14.528464,0,0.68233871,1
0.45899999,-14.466336,16.469374,0,0.68548822,1
0.45950001,-13.930177,18.621481,0,0.68865228,1
0.46000001,-12.926013,20.923386,0,0.69183099,1
0.4605,-11.33455,23.250385,0,0.69502431,1
0.461,-9.0744143,25.402096,0,0.69823241,1
0.46149999,-6.1543584,27.115297,0,0.7014553,1
0.46200001,-2.7194138,28.118145,0,0.70469308,1
0.46250001,0.94647229,28.219006,0,0.70794576,1
0.463,4.4857254,27.386211,0,0.71121353,1
0.46349999,7.5759897,25.764002,0,0.71449631,1
0.46399999,10.018955,23.611916,0,0.7177943,1
0.46450001,11.763528,21.211166,0,0.72110748,1
0.465,12.870753,18.792809,0,0.72443599,1
0.4655,13.458433,16.509844,0,0.72777981,1
0.46599999,13.655833,14.443076,0,0.73113906,1
0.46650001,13.578159,12.621095,0,0.73451388,1
0.46700001,13.317199,11.040709,0,0.73790425,1
0.4675,12.941204,9.6823549,0,0.74131024,1
0.46799999,12.498639,8.5199223,0,0.74473196,1
0.46849999,12.022779,7.5263033,0,0.74816948,1
0.46900001,11.535833,6.6761632,0,0.75162292,1
0.46950001,11.052215,5.947073,0,0.7550922,1
0.47,10.580956,5.3197794,0,0.75857759,1
0.47049999,10.127451,4.7780433,0,0.762079,1
0.47099999,9.694644,4.3083034,0,0.76559663,1
0.47150001,9.2838755,3.899292,0,0.76913047,1
0.472,8.8954363,3.5416656,0,0.77268058,1
0.4725,8.5289574,3.2276742,0,0.77624714,1
0.47299999,8.1836662,2.9508805,0,0.7798301,1
0.47350001,7.8585548,2.7059231,0,0.78342962,1
0.47400001,7.5525002,2.4883246,0,0.78704578,1
0.4745,7.2643328,2.2943313,0,0.79067862,1
0.47499999,6.992888,2.1207852,0,0.79432821,1
0.47549999,6.7370353,1.9650198,0,0.79799467,1
0.47600001,6.4956951,1.8247739,0,0.80167806,1
0.4765,6.2678504,1.6981232,0,0.80537844,1
0.477,6.0525484,1.5834239,0,0.80909592,1
0.47749999,5.8489027,1.4792659,0,0.81283051,1
0.47799999,5.6560936,1.3844361,0,0.81658238,1
0.47850001,5.473362,1.2978864,0,0.82035154,1
0.479,5.3000088,1.2187083,0,0.8241381,1
0.4795,5.1353893,1.146112,0,0.82794219,1
0.47999999,4.9789114,1.079408,0,0.83176374,1
0.48050001,4.8300281,1.0179936,0,0.835603,1
0.48100001,4.6882377,0.96133882,0,0.83946002,1
0.4815,4.5530767,0.90897781,0,0.84333473,1
0.48199999,4.4241199,0.86049908,0,0.84722739,1
0.48249999,4.3009739,0.81553835,0,0.85113806,1
0.48300001,4.1832762,0.7737723,0,0.85506672,1
0.4835,4.0706925,0.73491335,0,0.8590135,1
0.484,3.9629135,0.69870502,0,0.86297852,1
0.48449999,3.859653,0.66491807,0,0.8669619,1
0.48500001,3.7606466,0.63334692,0,0.87096357,1
0.48550001,3.6656489,0.60380727,0,0.87498379,1
0.486,3.5744324,0.57613313,0,0.87902254,1
0.48649999,3.4867854,0.55017495,0,0.88307989,1
0.48699999,3.4025121,0.52579749,0,0.88715601,1
0.48750001,3.3214295,0.50287855,0,0.89125091,1
0.48800001,3.2433672,0.48130724,0,0.89536476,1
0.4885,3.1681666,0.46098289,0,0.89949757,1
0.48899999,3.0956802,0.44181389,0,0.90364945,1
0.48949999,3.025769,0.42371678,0,0.90782052,1
0.49000001,2.9583042,0.40661544,0,0.91201085,1
0.4905,2.8931644,0.3904402,0,0.91622049,1
0.491,2.8302364,0.37512735,0,0.92044955,1
0.49149999,2.7694144,0.36061847,0,0.92469817,1
0.49200001,2.710598,0.34685996,0,0.9289664,1
0.49250001,2.6536942,0.33380249,0,0.9332543,1
0.493,2.5986145,0.3214007,0,0.93756199,1
0.49349999,2.5452762,0.30961278,0,0.94188958,1
0.49399999,2.4936013,0.29840016,0,0.94623715,1
0.49450001,2.4435167,0.28772721,0,0.9506048,1
0.495,2.394953,0.27756095,0,0.95499259,1
0.4955,2.3478446,0.26787084,0,0.95940065,1
0.49599999,2.3021297,0.25862861,0,0.96382904,1
0.49649999,2.2577505,0.249808,0,0.96827787,1
0.49700001,2.2146513,0.24138463,0,0.97274721,1
0.4975,2.17278,0.23333584,0,0.97723722,1
0.498,2.1320872,0.22564049,0,0.98174793,1
0.49849999,2.092526,0.21827894,0,0.98627949,1
0.49900001,2.0540516,0.21123287,0,0.99083197,1
0.49950001,2.0166225,0.20448515,0,0.99540544,1
0.5,1.980198,0.1980198,0,1,1
0.50050002,1.9447403,0.19182187,0,1.0046158,1
0.50099999,1.9102132,0.18587738,0,1.0092529,1
0.50150001,1.8765823,0.18017323,0,1.0139114,1
0.50199997,1.8438146,0.17469716,0,1.0185914,1
0.5025,1.8118792,0.16943762,0,1.023293,1
0.50300002,1.780746,0.16438383,0,1.0280163,1
0.50349998,1.7503868,0.15952562,0,1.0327615,1
0.50400001,1.7207747,0.15485346,0,1.0375284,1
0.50449997,1.6918837,0.15035835,0,1.0423174,1
0.505,1.6636891,0.14603186,0,1.0471286,1
0.50550002,1.6361675,0.141866,0,1.0519619,1
0.50599998,1.6092962,0.13785328,0,1.0568175,1
0.50650001,1.5830538,0.13398661,0,1.0616956,1
0.50700003,1.5574197,0.13025931,0,1.0665962,1
0.50749999,1.532374,0.12666507,0,1.0715193,1
0.50800002,1.5078981,0.12319791,0,1.0764652,1
0.50849998,1.4839735,0.11985219,0,1.0814339,1
0.509,1.4605832,0.11662259,0,1.0864257,1
0.50950003,1.4377104,0.11350404,0,1.0914403,1
0.50999999,1.4153392,0.11049175,0,1.0964782,1
0.51050001,1.3934543,0.10758121,0,1.1015393,1
0.51099998,1.3720409,0.10476809,0,1.1066238,1
0.5115,1.3510849,0.10204832,0,1.1117318,1
0.51200002,1.3305728,0.099418029,0,1.1168633,1
0.51249999,1.3104916,0.096873529,0,1.1220185,1
0.51300001,1.2908285,0.094411336,0,1.1271975,1
0.51349998,1.2715716,0.092028111,0,1.1324004,1
0.514,1.2527094,0.089720711,0,1.1376272,1
0.51450002,1.2342305,0.087486126,0,1.1428783,1
0.51499999,1.2161243,0.085321479,0,1.1481537,1
0.51550001,1.1983804,0.083224058,0,1.1534532,1
0.51599997,1.1809887,0.081191257,0,1.1587774,1
0.5165,1.1639396,0.079220608,0,1.164126,1
0.51700002,1.1472239,0.077309735,0,1.1694994,1
0.51749998,1.1308327,0.075456403,0,1.1748976,1
0.51800001,1.1147572,0.073658451,0,1.1803206,1
0.51849997,1.0989891,0.071913831,0,1.1857687,1
0.51899999,1.0835203,0.070220575,0,1.191242,1
0.51950002,1.0683432,0.068576813,0,1.1967405,1
0.51999998,1.05345,0.066980764,0,1.2022644,1
0.5205,1.0388337,0.065430701,0,1.2078139,1
0.52100003,1.0244871,0.063924991,0,1.2133888,1
0.52149999,1.0104036,0.062462065,0,1.2189896,1
0.52200001,0.99657655,0.061040428,0,1.2246162,1
0.52249998,0.9829995,0.059658632,0,1.2302687,1
0.523,0.96966636,0.058315311,0,1.2359475,1
0.52350003,0.95657128,0.057009138,0,1.2416523,1
0.52399999,0.94370836,0.055738855,0,1.2473835,1
0.52450001,0.93107212,0.05450324,0,1.2531412,1
0.52499998,0.91865712,0.053301137,0,1.2589254,1
0.5255,0.9064582,0.052131429,0,1.2647363,1
0.52600002,0.89447016,0.05099304,0,1.2705741,1
0.52649999,0.88268816,0.049884945,0,1.2764388,1
0.52700001,0.87110746,0.048806157,0,1.2823306,1
0.52749997,0.85972333,0.047755722,0,1.2882495,1
0.528,0.84853142,0.046732731,0,1.2941959,1
0.52850002,0.83752728,0.045736309,0,1.3001696,1
0.52899998,0.82670671,0.04476561,0,1.3061709,1
0.52950001,0.81606567,0.043819822,0,1.3122,1
0.52999997,0.80560011,0.042898167,0,1.3182567,1
0.53049999,0.79530615,0.041999895,0,1.3243415,1
0.53100002,0.78518009,0.041124281,0,1.3304545,1
0.53149998,0.77521831,0.04027063,0,1.3365955,1
0.53200001,0.76541722,0.039438274,0,1.342765,1
0.53250003,0.75577331,0.038626563,0,1.3489629,1
0.53299999,0.74628335,0.037834879,0,1.3551894,1
0.53350002,0.73694402,0.037062619,0,1.3614447,1
0.53399998,0.72775221,0.036309209,0,1.3677288,1
0.5345,0.71870476,0.035574086,0,1.374042,1
0.53500003,0.70979869,0.034856718,0,1.3803842,1
0.53549999,0.70103115,0.034156583,0,1.3867558,1
0.53600001,0.69239926,0.033473182,0,1.3931568,1
0.53649998,0.68390024,0.032806031,0,1.3995873,1
0.537,0.67553145,0.032154668,0,1.4060476,1
0.53750002,0.66729021,0.031518634,0,1.4125376,1
0.53799999,0.65917403,0.0308975,0,1.4190575,1
0.53850001,0.65118039,0.030290844,0,1.4256076,1
0.53899997,0.64330691,0.02969826,0,1.4321879,1
0.5395,0.63555115,0.029119356,0,1.4387985,1
0.54000002,0.62791091,0.028553752,0,1.4454398,1
0.54049999,0.62038386,0.028001083,0,1.4521116,1
0.54100001,0.61296791,0.027460994,0,1.4588143,1
0.54149997,0.60566086,0.026933139,0,1.4655478,1
0.542,0.59846067,0.026417188,0,1.4723125,1
0.54250002,0.59136528,0.025912821,0,1.4791083,1
0.54299998,0.58437276,0.025419727,0,1.4859357,1
0.54350001,0.57748109,0.024937604,0,1.4927944,1
0.54400003,0.57068855,0.024466159,0,1.4996848,1
0.54449999,0.56399316,0.024005113,0,1.5066071,1
0.54500002,0.55739319,0.023554191,0,1.5135612,1
0.54549998,0.55088693,0.023113128,0,1.5205475,1
0.546,0.54447258,0.02268167,0,1.5275661,1
0.54650003,0.53814852,0.022259567,0,1.5346169,1
0.54699999,0.5319131,0.021846576,0,1.5417005,1
0.54750001,0.52576476,0.021442467,0,1.5488166,1
0.54799998,0.51970196,0.021047011,0,1.5559657,1
0.5485,0.51372313,0.020659991,0,1.5631477,1
0.54900002,0.50782686,0.020281192,0,1.5703628,1
0.54949999,0.5020116,0.019910406,0,1.5776113,1
0.55000001,0.49627602,0.019547436,0,1.5848932,1
0.55049998,0.49061868,0.019192088,0,1.5922087,1
0.551,0.48503825,0.018844169,0,1.599558,1
0.55150002,0.4795334,0.018503498,0,1.6069412,1
0.55199999,0.47410282,0.018169899,0,1.6143585,1
0.55250001,0.46874529,0.017843198,0,1.6218101,1
0.55299997,0.46345952,0.017523225,0,1.6292961,1
0.5535,0.45824432,0.01720982,0,1.6368165,1
0.55400002,0.45309851,0.016902823,0,1.6443717,1
0.55449998,0.44802094,0.016602082,0,1.6519618,1
0.55500001,0.44301042,0.016307447,0,1.6595869,1
0.55549997,0.43806589,0.016018772,0,1.6672472,1
0.55599999,0.43318626,0.015735917,0,1.6749429,1
0.55650002,0.42837045,0.015458743,0,1.6826741,1
0.55699998,0.42361739,0.015187119,0,1.6904409,1
0.5575,0.41892612,0.014920915,0,1.6982436,1
0.55800003,0.41429558,0.014660003,0,1.7060823,1
0.55849999,0.40972483,0.014404261,0,1.7139573,1
0.55900002,0.40521291,0.014153572,0,1.7218686,1
0.55949998,0.40075883,0.013907817,0,1.7298163,1
0.56,0.39636177,0.013666885,0,1.7378008,1
0.56050003,0.39202073,0.013430664,0,1.7458222,1
0.56099999,0.38773486,0.01319905,0,1.7538805,1
0.56150001,0.38350329,0.012971937,0,1.761976,1
0.56199998,0.37932521,0.012749223,0,1.7701089,1
0.5625,0.37519974,0.01253081,0,1.7782794,1
0.56300002,0.37112606,0.012316603,0,1.7864876,1
0.56349999,0.3671034,0.012106508,0,1.7947336,1
0.56400001,0.36313096,0.011900432,0,1.8030177,1
0.56449997,0.35920799,0.01169829,0,1.8113401,1
0.565,0.35533372,0.011499991,0,1.8197008,1
0.56550002,0.3515074,0.011305453,0,1.8281002,1
0.56599998,0.34772834,0.011114595,0,1.8365383,1
0.56650001,0.34399578,0.010927335,0,1.8450154,1
0.56699997,0.34030908,0.010743597,0,1.8535316,1
0.5675,0.33666748,0.010563302,0,1.8620871,1
0.56800002,0.3330704,0.010386379,0,1.8706821,1
0.56849998,0.3295171,0.010212754,0,1.8793168,1
0.56900001,0.32600695,0.010042356,0,1.8879913,1
0.56950003,0.32253936,0.0098751187,0,1.8967059,1
0.56999999,0.31911364,0.0097109731,0,1.9054607,1
0.57050002,0.31572923,0.0095498543,0,1.914256,1
0.57099998,0.31238553,0.009391699,0,1.9230918,1
0.5715,0.30908191,0.0092364447,0,1.9319683,1
0.57200003,0.30581781,0.009084031,0,1.9408859,1
0.57249999,0.30259269,0.0089343982,0,1.9498446,1
0.57300001,0.29940593,0.0087874886,0,1.9588447,1
0.57349998,0.29625705,0.0086432463,0,1.9678863,1
0.574,0.29314548,0.0085016163,0,1.9769696,1
0.57450002,0.29007065,0.0083625438,0,1.986095,1
0.57499999,0.2870321,0.0082259774,0,1.9952623,1
0.57550001,0.2840293,0.008091866,0,2.004472,1
0.57599998,0.28106174,0.0079601584,0,2.0137243,1
0.5765,0.27812895,0.007830807,0,2.0230191,1
0.57700002,0.27523041,0.0077037644,0,2.032357,1
0.57749999,0.27236569,0.0075789825,0,2.041738,1
0.57800001,0.26953426,0.0074564172,0,2.0511622,1
0.57849997,0.2667357,0.0073360237,0,2.0606298,1
0.579,0.26396957,0.0072177579,0,2.0701413,1
0.57950002,0.26123542,0.0071015786,0,2.0796967,1
0.57999998,0.25853276,0.0069874432,0,2.0892961,1
0.58050001,0.25586122,0.0068753124,0,2.0989399,1
0.58099997,0.25322038,0.0067651453,0,2.108628,1
0.58149999,0.25060979,0.0066569047,0,2.1183612,1
0.58200002,0.24802904,0.0065505514,0,2.128139,1
0.58249998,0.24547775,0.0064460495,0,2.1379621,1
0.583,0.24295552,0.0063433624,0,2.1478305,1
0.58350003,0.24046198,0.006242455,0,2.1577444,1
0.58399999,0.23799671,0.0061432924,0,2.1677041,1
0.58450001,0.23555936,0.0060458411,0,2.1777098,1
0.58499998,0.23314954,0.0059500681,0,2.1877615,1
0.5855,0.23076692,0.0058559412,0,2.1978598,1
0.58600003,0.22841112,0.0057634283,0,2.2080047,1
0.58649999,0.22608179,0.0056724995,0,2.2181964,1
0.58700001,0.22377858,0.0055831238,0,2.228435,1
0.58749998,0.22150114,0.0054952716,0,2.2387211,1
0.588,0.21924916,0.0054089148,0,2.2490547,1
0.58850002,0.2170223,0.0053240242,0,2.2594357,1
0.58899999,0.21482022,0.0052405726,0,2.2698648,1
0.58950001,0.21264262,0.0051585324,0,2.2803421,1
0.58999997,0.21048918,0.005077878,0,2.2908676,1
0.5905,0.2083596,0.0049985829,0,2.3014419,1
0.59100002,0.20625354,0.0049206214,0,2.3120649,1
0.59149998,0.20417073,0.0048439694,0,2.3227367,1
0.59200001,0.20211087,0.0047686016,0,2.3334579,1
0.59249997,0.20007367,0.0046944954,0,2.3442287,1
0.59299999,0.19805883,0.0046216263,0,2.3550494,1
0.59350002,0.19606608,0.0045499722,0,2.3659196,1
0.59399998,0.19409513,0.0044795107,0,2.3768404,1
0.59450001,0.19214574,0.0044102198,0,2.3878112,1
0.59500003,0.1902176,0.0043420778,0,2.398833,1
0.59549999,0.18831046,0.004275064,0,2.4099054,1
0.59600002,0.18642405,0.004209158,0,2.4210291,1
0.59649998,0.18455812,0.0041443394,0,2.432204,1
0.597,0.18271244,0.004080588,0,2.4434307,1
0.59750003,0.18088672,0.0040178853,0,2.4547088,1
0.59799999,0.17908072,0.0039562122,0,2.4660394,1
0.59850001,0.17729422,0.00389555,0,2.477422,1
0.59899998,0.17552696,0.0038358804,0,2.4888573,1
0.5995,0.17377873,0.0037771859,0,2.5003455,1
0.60000002,0.17204927,0.0037194488,0,2.5118864,1
0.60049999,0.17033836,0.0036626521,0,2.5234807,1
0.60100001,0.16864578,0.0036067793,0,2.5351286,1
0.60149997,0.1669713,0.0035518133,0,2.5468302,1
0.602,0.1653147,0.0034977389,0,2.5585859,1
0.60250002,0.16367579,0.0034445396,0,2.5703957,1
0.60299999,0.16205432,0.0033922002,0,2.5822601,1
0.60350001,0.1604501,0.0033407058,0,2.5941794,1
0.60399997,0.15886292,0.0032900411,0,2.6061535,1
0.6045,0.15729257,0.0032401918,0,2.6181829,1
0.60500002,0.15573888,0.0031911437,0,2.6302681,1
0.60549998,0.1542016,0.0031428826,0,2.6424088,1
0.60600001,0.15268058,0.0030953947,0,2.6546056,1
0.60650003,0.1511756,0.003048667,0,2.6668587,1
0.60699999,0.14968649,0.0030026857,0,2.6791682,1
0.60750002,0.14821303,0.0029574381,0,2.6915348,1
0.60799998,0.14675507,0.0029129118,0,2.7039583,1
0.6085,0.14531243,0.002869094,0,2.7164392,1
0.60900003,0.1438849,0.0028259726,0,2.7289777,1
0.60949999,0.14247233,0.0027835355,0,2.7415743,1
0.61000001,0.14107452,0.0027417711,0,2.7542286,1
0.61049998,0.13969132,0.0027006678,0,2.7669415,1
0.611,0.13832256,0.0026602144,0,2.7797132,1
0.61150002,0.13696806,0.0026203997,0,2.7925439,1
0.61199999,0.13562766,0.0025812127,0,2.8054338,1
0.61250001,0.13430119,0.0025426429,0,2.818383,1
0.61299998,0.1329885,0.0025046798,0,2.831392,1
0.6135,0.13168943,0.0024673133,0,2.8444612,1
0.61400002,0.13040382,0.0024305328,0,2.8575904,1
0.61449999,0.12913153,0.0023943291,0,2.8707805,1
0.61500001,0.12787238,0.0023586918,0,2.8840315,1
0.61549997,0.12662622,0.0023236116,0,2.8973436,1
0.616,0.12539293,0.0022890794,0,2.910717,1
0.61650002,0.12417235,0.0022550856,0,2.9241524,1
0.61699998,0.12296434,0.0022216216,0,2.9376497,1
0.61750001,0.12176874,0.0021886784,0,2.9512093,1
0.61799997,0.12058543,0.0021562469,0,2.9648314,1
0.61849999,0.11941426,0.0021243193,0,2.9785163,1
0.61900002,0.11825509,0.0020928867,0,2.9922647,1
0.61949998,0.11710779,0.002061941,0,3.0060763,1
0.62,0.11597224,0.0020314741,0,3.0199518,1
0.62050003,0.11484829,0.0020014783,0,3.0338912,1
0.62099999,0.1137358,0.0019719456,0,3.047895,1
0.62150002,0.11263467,0.0019428685,0,3.0619633,1
0.62199998,0.11154476,0.0019142393,0,3.0760968,1
0.6225,0.11046594,0.0018860508,0,3.0902953,1
0.62300003,0.1093981,0.0018582956,0,3.1045597,1
0.62349999,0.1083411,0.0018309669,0,3.1188896,1
0.62400001,0.10729483,0.0018040574,0,3.1332858,1
0.62449998,0.10625917,0.0017775605,0,3.1477482,1
0.625,0.105234,0.0017514692,0,3.1622777,1
0.62550002,0.10421922,0.0017257772,0,3.1768742,1
0.62599999,0.1032147,0.0017004777,0,3.1915379,1
0.62650001,0.10222032,0.0016755644,0,3.2062693,1
0.62699997,0.10123599,0.0016510313,0,3.2210689,1
0.6275,0.10026158,0.001626872,0,3.2359366,1
0.62800002,0.099296987,0.0016030804,0,3.2508731,1
0.62849998,0.098342106,0.0015796507,0,3.2658784,1
0.62900001,0.097396836,0.001556577,0,3.2809529,1
0.62949997,0.096461065,0.0015338537,0,3.296097,1
0.63,0.095534697,0.001511475,0,3.3113112,1
0.63050002,0.09461762,0.0014894353,0,3.3265955,1
0.63099998,0.093709737,0.0014677293,0,3.3419504,1
0.63150001,0.092810951,0.0014463516,0,3.3573761,1
0.63200003,0.091921158,0.0014252971,0,3.3728731,1
0.63249999,0.091040269,0.0014045605,0,3.3884416,1
0.63300002,0.090168186,0.0013841367,0,3.4040818,1
0.63349998,0.089304805,0.0013640207,0,3.4197943,1
0.634,0.088450044,0.0013442078,0,3.4355795,1
0.63450003,0.0876038,0.0013246929,0,3.4514375,1
0.63499999,0.08676599,0.0013054715,0,3.4673686,1
0.63550001,0.085936524,0.0012865388,0,3.4833732,1
0.63599998,0.085115306,0.0012678903,0,3.4994516,1
0.6365,0.084302247,0.0012495215,0,3.5156045,1
0.63700002,0.083497271,0.0012314279,0,3.5318317,1
0.63749999,0.082700282,0.0012136053,0,3.5481339,1
0.63800001,0.081911191,0.0011960494,0,3.5645113,1
0.63849998,0.081129931,0.0011787559,0,3.5809643,1
0.639,0.080356404,0.0011617207,0,3.5974934,1
0.63950002,0.079590529,0.0011449399,0,3.6140985,1
0.63999999,0.078832239,0.0011284093,0,3.6307805,1
0.64050001,0.078081436,0.0011121251,0,3.6475394,1
0.64099997,0.077338047,0.0010960834,0,3.6643758,1
0.6415,0.076601997,0.0010802805,0,3.6812897,1
0.64200002,0.075873204,0.0010647126,0,3.6982818,1
0.64249998,0.0751516,0.001049376,0,3.7153523,1
0.64300001,0.074437104,0.0010342671,0,3.7325015,1
0.64349997,0.073729634,0.0010193825,0,3.7497301,1
0.64399999,0.073029131,0.0010047186,0,3.7670381,1
0.64450002,0.072335504,0.00099027192,0,3.7844257,1
0.64499998,0.071648702,0.0009760391,0,3.8018939,1
0.6455,0.070968635,0.00096201699,0,3.8194427,1
0.64600003,0.070295244,0.00094820216,0,3.8370724,1
0.64649999,0.069628462,0.00093459146,0,3.8547835,1
0.64700001,0.068968207,0.00092118181,0,3.8725765,1
0.64749998,0.068314418,0.00090796995,0,3.8904514,1
0.648,0.06766703,0.00089495303,0,3.9084089,1
0.64850003,0.067025974,0.00088212785,0,3.9264493,1
0.64899999,0.066391192,0.0008694916,0,3.9445729,1
0.64950001,0.065762602,0.00085704133,0,3.9627802,1
0.64999998,0.065140158,0.00084477424,0,3.9810717,1
0.6505,0.064523786,0.00083268742,0,3.9994476,1
0.65100002,0.06391342,0.00082077814,0,4.0179081,1
0.65149999,0.063309014,0.0008090437,0,4.0364537,1
0.65200001,0.062710486,0.00079748151,0,4.0550852,1
0.65249997,0.062117793,0.00078608876,0,4.0738029,1
0.653,0.061530866,0.000774863,0,4.0926065,1
0.65350002,0.06094965,0.00076380168,0,4.1114974,1
0.65399998,0.060374081,0.00075290224,0,4.130475,1
0.65450001,0.059804104,0.00074216223,0,4.1495404,1
0.65499997,0.059239663,0.00073157926,0,4.168694,1
0.65549999,0.058680698,0.00072115089,0,4.1879358,1
0.65600002,0.058127157,0.00071087485,0,4.2072663,1
0.65649998,0.057578985,0.00070074876,0,4.226686,1
0.65700001,0.05703612,0.00069077034,0,4.2461958,1
0.65750003,0.05649852,0.00068093743,0,4.2657952,1
0.65799999,0.05596612,0.00067124778,0,4.2854853,1
0.65850002,0.055438869,0.00066169922,0,4.3052659,1
0.65899998,0.054916721,0.0006522896,0,4.3251381,1
0.6595,0.054399621,0.00064301695,0,4.3451023,1
0.66000003,0.053887513,0.00063387904,0,4.3651586,1
0.66049999,0.053380355,0.00062487391,0,4.3853068,1
0.66100001,0.052878089,0.00061599963,0,4.4055486,1
0.66149998,0.05238067,0.0006072541,0,4.4258838,1
0.662,0.051888049,0.00059863547,0,4.4463129,1
0.66250002,0.051400173,0.00059014186,0,4.466836,1
0.66299999,0.050917,0.00058177131,0,4.4874539,1
0.66350001,0.050438479,0.00057352206,0,4.5081673,1
0.66399997,0.049964566,0.0005653922,0,4.528976,1
0.6645,0.049495209,0.00055738003,0,4.5498805,1
0.66500002,0.049030367,0.00054948375,0,4.5708818,1
0.66549999,0.048569996,0.00054170168,0,4.59198,1
0.66600001,0.048114046,0.00053403201,0,4.6131759,1
0.66649997,0.047662478,0.00052647316,0,4.634469,1
0.667,0.047215246,0.00051902345,0,4.6558609,1
0.66750002,0.046772301,0.0005116812,0,4.6773515,1
0.66799998,0.046333611,0.00050444494,0,4.6989412,1
0.66850001,0.045899123,0.00049731293,0,4.7206306,1
0.66900003,0.0454688,0.00049028371,0,4.7424197,1
0.66949999,0.0450426,0.00048335581,0,4.7643099,1
0.67000002,0.044620484,0.00047652761,0,4.7863011,1
0.67049998,0.044202406,0.00046979767,0,4.8083935,1
0.671,0.043788329,0.00046316459,0,4.8305879,1
0.67150003,0.043378215,0.00045662685,0,4.8528848,1
0.67199999,0.042972021,0.00045018311,0,4.8752847,1
0.67250001,0.042569708,0.00044383193,0,4.897788,1
0.67299998,0.04217124,0.00043757199,0,4.9203954,1
0.6735,0.041776579,0.00043140189,0,4.9431067,1
0.67400002,0.041385684,0.00042532032,0,4.9659233,1
0.67449999,0.040998518,0.00041932601,0,4.9888449,1
0.67500001,0.040615048,0.00041341761,0,5.0118723,1
0.67549998,0.040235236,0.00040759391,0,5.035006,1
0.676,0.039859045,0.00040185364,0,5.0582466,1
0.67650002,0.039486438,0.0003961956,0,5.0815945,1
0.67699999,0.039117381,0.00039061852,0,5.1050501,1
0.67750001,0.038751837,0.00038512124,0,5.1286139,1
0.67799997,0.038389772,0.00037970263,0,5.1522865,1
0.6785,0.038031157,0.00037436147,0,5.1760683,1
0.67900002,0.037675951,0.00036909667,0,5.1999598,1
0.67949998,0.037324123,0.00036390708,0,5.2239618,1
0.68000001,0.036975641,0.00035879161,0,5.2480745,1
0.68049997,0.036630467,0.00035374917,0,5.2722988,1
0.68099999,0.036288574,0.0003487787,0,5.2966347,1
0.68150002,0.035949931,0.00034387916,0,5.3210826,1
0.68199998,0.035614502,0.0003390495,0,5.3456435,1
0.6825,0.035282254,0.00033428869,0,5.3703179,1
0.68300003,0.034953162,0.00032959573,0,5.3951063,1
0.68349999,0.034627192,0.00032496962,0,5.4200091,1
0.68400002,0.03430431,0.0003204094,0,5.4450264,1
0.68449998,0.03398449,0.00031591411,0,5.4701595,1
0.685,0.033667699,0.00031148279,0,5.4954085,1
0.68550003,0.03335391,0.00030711453,0,5.5207744,1
0.68599999,0.033043094,0.00030280839,0,5.546257,1
0.68650001,0.032735221,0.00029856348,0,5.5718575,1
0.68699998,0.032430261,0.0002943789,0,5.5975761,1
0.6875,0.032128189,0.00029025378,0,5.6234131,1
0.68800002,0.03182897,0.00028618725,0,5.6493697,1
0.68849999,0.031532586,0.00028217849,0,5.675446,1
0.68900001,0.031238999,0.00027822662,0,5.7016425,1
0.68949997,0.03094819,0.00027433084,0,5.7279601,1
0.69,0.030660128,0.0002704903,0,5.7543993,1
0.69050002,0.030374786,0.00026670427,0,5.7809606,1
0.69099998,0.030092141,0.00026297188,0,5.8076444,1
0.69150001,0.029812163,0.00025929243,0,5.8344512,1
0.69199997,0.029534828,0.0002556651,0,5.8613815,1
0.6925,0.02926011,0.00025208914,0,5.8884363,1
0.69300002,0.028987983,0.00024856383,0,5.9156165,1
0.69349998,0.028718423,0.00024508845,0,5.9429216,1
0.69400001,0.028451405,0.00024166223,0,5.9703526,1
0.69450003,0.028186904,0.0002382845,0,5.997911,1
0.69499999,0.027924895,0.00023495454,0,6.0255957,1
0.69550002,0.027665354,0.00023167169,0,6.0534086,1
0.69599998,0.027408259,0.00022843524,0,6.0813498,1
0.6965,0.027153585,0.00022524453,0,6.1094203,1
0.69700003,0.026901308,0.0002220989,0,6.13762,1
0.69749999,0.026651407,0.00021899771,0,6.1659498,1
0.69800001,0.026403856,0.00021594031,0,6.1944108,1
0.69849998,0.026158633,0.00021292608,0,6.2230029,1
0.699,0.025915718,0.00020995441,0,6.2517271,1
0.69950002,0.025675086,0.00020702466,0,6.2805834,1
0.69999999,0.025436718,0.00020413623,0,6.3095737,1
0.70050001,0.025200589,0.00020128855,0,6.338697,1
0.70099998,0.02496668,0.00019848104,0,6.3679552,1
0.7015,0.024734966,0.00019571309,0,6.3973484,1
0.70200002,0.024505431,0.00019298414,0,6.426877,1
0.70249999,0.02427805,0.00019029365,0,6.4565425,1
0.70300001,0.024052804,0.00018764107,0,6.4863443,1
0.70349997,0.023829672,0.00018502583,0,6.516284,1
0.704,0.023608636,0.00018244742,0,6.5463619,1
0.70450002,0.023389673,0.0001799053,0,6.5765781,1
0.70499998,0.023172762,0.00017739896,0,6.6069345,1
0.70550001,0.022957888,0.00017492789,0,6.6374307,1
0.70599997,0.022745026,0.00017249158,0,6.6680675,1
0.70649999,0.022534162,0.00017008952,0,6.6988459,1
0.70700002,0.022325274,0.00016772124,0,6.7297664,1
0.70749998,0.022118341,0.00016538626,0,6.7608299,1
0.708,0.02191335,0.00016308407,0,6.7920365,1
0.70850003,0.021710277,0.00016081425,0,6.8233871,1
0.70899999,0.021509105,0.00015857631,0,6.8548822,1
0.70950001,0.021309819,0.0001563698,0,6.8865228,1
0.70999998,0.021112397,0.00015419428,0,6.9183097,1
0.7105,0.020916823,0.0001520493,0,6.950243,1
0.71100003,0.02072308,0.00014993442,0,6.9823241,1
0.71149999,0.02053115,0.00014784922,0,7.0145531,1
0.71200001,0.020341014,0.00014579328,0,7.0469308,1
0.71249998,0.020152656,0.00014376618,0,7.0794578,1
0.713,0.01996606,0.00014176751,0,7.1121349,1
0.71350002,0.01978121,0.00013979686,0,7.1449633,1
0.71399999,0.019598087,0.00013785383,0,7.1779428,1
0.71450001,0.019416675,0.00013593804,0,7.2110748,1
0.71499997,0.019236958,0.0001340491,0,7.2443595,1
0.7155,0.01905892,0.00013218661,0,7.2777982,1
0.71600002,0.018882547,0.00013035024,0,7.3113909,1
0.71649998,0.018707819,0.00012853957,0,7.3451385,1
0.71700001,0.018534724,0.00012675425,0,7.3790421,1
0.71749997,0.018363243,0.00012499392,0,7.4131026,1
0.71799999,0.018193364,0.00012325824,0,7.4473195,1
0.71850002,0.01802507,0.00012154686,0,7.4816952,1
0.71899998,0.017858349,0.00011985941,0,7.5162292,1
0.71950001,0.017693181,0.00011819557,0,7.5509224,1
0.72000003,0.017529555,0.00011655501,0,7.5857759,1
0.72049999,0.017367454,0.00011493739,0,7.62079,1
0.72100002,0.017206864,0.00011334239,0,7.6559663,1
0.72149998,0.017047774,0.00011176969,0,7.6913042,1
0.722,0.016890166,0.00011021896,0,7.7268057,1
0.72250003,0.016734026,0.00010868991,0,7.7624712,1
0.72299999,0.016579343,0.00010718223,0,7.7983012,1
0.72350001,0.016426101,0.00010569561,0,7.8342962,1
0.72399998,0.016274286,0.00010422975,0,7.8704581,1
0.7245,0.016123885,0.00010278437,0,7.9067864,1
0.72500002,0.015974887,0.00010135917,0,7.9432821,1
0.72549999,0.015827274,9.9953868e-05,0,7.9799471,1
0.72600001,0.015681038,9.8568184e-05,0,8.0167809,1
0.72649997,0.015536162,9.7201832e-05,0,8.0537844,1
0.727,0.015392635,9.5854557e-05,0,8.0909586,1
0.72750002,0.015250443,9.4526076e-05,0,8.1283054,1
0.72799999,0.015109575,9.3216127e-05,0,8.1658239,1
0.72850001,0.014970019,9.1924456e-05,0,8.2035151,1
0.72899997,0.01483176,9.0650792e-05,0,8.2413807,1
0.7295,0.014694788,8.9394889e-05,0,8.2794218,1
0.73000002,0.014559089,8.8156499e-05,0,8.3176374,1
0.73049998,0.014424653,8.6935375e-05,0,8.3560305,1
0.73100001,0.014291466,8.5731263e-05,0,8.3945999,1
0.73150003,0.014159519,8.4543935e-05,0,8.4333477,1
0.73199999,0.014028798,8.3373154e-05,0,8.4722738,1
0.73250002,0.013899292,8.2218685e-05,0,8.5113802,1
0.73299998,0.013770989,8.1080296e-05,0,8.5506668,1
0.7335,0.013643879,7.9957761e-05,0,8.5901356,1
0.73400003,0.01351795,7.8850862e-05,0,8.6297855,1
0.73449999,0.013393191,7.7759374e-05,0,8.6696186,1
0.73500001,0.013269591,7.6683085e-05,0,8.7096357,1
0.73549998,0.013147139,7.5621778e-05,0,8.7498379,1
0.736,0.013025824,7.457524e-05,0,8.790225,1
0.73650002,0.012905636,7.354327e-05,0,8.8307991,1
0.73699999,0.012786563,7.2525654e-05,0,8.8715601,1
0.73750001,0.012668597,7.1522205e-05,0,8.912509,1
0.73799998,0.012551725,7.0532711e-05,0,8.9536476,1
0.7385,0.012435938,6.9556983e-05,0,8.994976,1
0.73900002,0.012321226,6.8594825e-05,0,9.0364952,1
0.73949999,0.012207579,6.764604e-05,0,9.0782051,1
0.74000001,0.012094986,6.6710454e-05,0,9.1201086,1
0.74049997,0.011983437,6.5787877e-05,0,9.1622047,1
0.741,0.011872923,6.4878128e-05,0,9.2044954,1
0.74150002,0.011763435,6.3981017e-05,0,9.2469816,1
0.74199998,0.011654962,6.3096377e-05,0,9.2896643,1
0.74250001,0.011547495,6.2224026e-05,0,9.3325434,1
0.74299997,0.011441024,6.1363804e-05,0,9.3756199,1
0.74349999,0.011335541,6.0515529e-05,0,9.4188957,1
0.74400002,0.011231035,5.9679038e-05,0,9.4623718,1
0.74449998,0.011127498,5.8854166e-05,0,9.5060482,1
0.745,0.011024921,5.804075e-05,0,9.5499258,1
0.74550003,0.010923294,5.7238631e-05,0,9.5940065,1
0.74599999,0.01082261,5.6447647e-05,0,9.6382904,1
0.74650002,0.010722859,5.5667646e-05,0,9.6827784,1
0.74699998,0.010624032,5.4898475e-05,0,9.7274723,1
0.7475,0.01052612,5.4139979e-05,0,9.7723722,1
0.74800003,0.010429115,5.339201e-05,0,9.8174791,1
0.74849999,0.010333008,5.2654425e-05,0,9.8627949,1
0.74900001,0.010237793,5.1927069e-05,0,9.9083195,1
0.74949998,0.010143458,5.1209809e-05,0,9.9540539,1
0.75,0.010049998,5.0502498e-05,0,10,1
0.75050002,0.009957402,4.9805003e-05,0,10.046158,1
0.75099999,0.0098656639,4.9117178e-05,0,10.092529,1
0.75150001,0.0097747752,4.8438895e-05,0,10.139113,1
0.75199997,0.0096847275,4.777002e-05,0,10.185914,1
0.7525,0.0095955143,4.7110418e-05,0,10.23293,1
0.75300002,0.0095071252,4.6459962e-05,0,10.280163,1
0.75349998,0.0094195558,4.5818524e-05,0,10.327614,1
0.75400001,0.0093327956,4.5185978e-05,0,10.375284,1
0.75449997,0.0092468383,4.4562199e-05,0,10.423174,1
0.755,0.0091616763,4.3947064e-05,0,10.471286,1
0.75550002,0.0090773022,4.3340457e-05,0,10.519619,1
0.75599998,0.0089937085,4.2742256e-05,0,10.568175,1
0.75650001,0.0089108888,4.2152344e-05,0,10.616956,1
0.75700003,0.0088288337,4.1570605e-05,0,10.665961,1
0.75749999,0.0087475386,4.0996925e-05,0,10.715193,1
0.75800002,0.008666995,4.043119e-05,0,10.764652,1
0.75849998,0.0085871955,3.9873292e-05,0,10.81434,1
0.759,0.0085081346,3.9323124e-05,0,10.864256,1
0.75950003,0.0084298048,3.8780574e-05,0,10.914403,1
0.75999999,0.0083521986,3.8245533e-05,0,10.964782,1
0.76050001,0.0082753096,3.7717906e-05,0,11.015393,1
0.76099998,0.008199132,3.719758e-05,0,11.066237,1
0.7615,0.0081236577,3.6684462e-05,0,11.117317,1
0.76200002,0.0080488818,3.6178444e-05,0,11.168633,1
0.76249999,0.007974796,3.567943e-05,0,11.220184,1
0.76300001,0.0079013957,3.5187324e-05,0,11.271975,1
0.76349998,0.0078286733,3.4702029e-05,0,11.324003,1
0.764,0.0077566225,3.4223449e-05,0,11.376273,1
0.76450002,0.0076852376,3.375149e-05,0,11.428783,1
0.76499999,0.007614512,3.3286062e-05,0,11.481536,1
0.76550001,0.0075444393,3.2827076e-05,0,11.534533,1
0.76599997,0.0074750143,3.2374435e-05,0,11.587773,1
0.7665,0.0074062306,3.1928059e-05,0,11.64126,1
0.76700002,0.007338082,3.148786e-05,0,11.694994,1
0.76749998,0.0072705629,3.1053743e-05,0,11.748976,1
0.76800001,0.007203667,3.0625633e-05,0,11.803206,1
0.76849997,0.0071373889,3.0203446e-05,0,11.857688,1
0.76899999,0.0070717228,2.9787096e-05,0,11.91242,1
0.76950002,0.0070066629,2.9376501e-05,0,11.967405,1
0.76999998,0.0069422033,2.8971583e-05,0,12.022644,1
0.7705,0.0068783392,2.8572265e-05,0,12.078138,1
0.77100003,0.0068150642,2.8178465e-05,0,12.133888,1
0.77149999,0.0067523737,2.7790111e-05,0,12.189896,1
0.77200001,0.0066902614,2.7407124e-05,0,12.246162,1
0.77249998,0.0066287224,2.7029429e-05,0,12.302688,1
0.773,0.0065677515,2.6656957e-05,0,12.359474,1
0.77350003,0.0065073427,2.628963e-05,0,12.416523,1
0.77399999,0.0064474917,2.592738e-05,0,12.473835,1
0.77450001,0.006388193,2.5570136e-05,0,12.531412,1
0.77499998,0.0063294414,2.5217827e-05,0,12.589254,1
0.7755,0.0062712315,2.4870385e-05,0,12.647364,1
0.77600002,0.0062135588,2.4527744e-05,0,12.705741,1
0.77649999,0.006156418,2.4189836e-05,0,12.764388,1
0.77700001,0.0060998043,2.3856597e-05,0,12.823306,1
0.77749997,0.0060437131,2.3527959e-05,0,12.882496,1
0.778,0.0059881387,2.320386e-05,0,12.941958,1
0.77850002,0.0059330771,2.2884238e-05,0,13.001696,1
0.77899998,0.0058785235,2.2569031e-05,0,13.061708,1
0.77950001,0.0058244728,2.2258175e-05,0,13.121999,1
0.77999997,0.0057709203,2.1951613e-05,0,13.182568,1
0.78049999,0.0057178615,2.1649283e-05,0,13.243415,1
0.78100002,0.005665292,2.1351127e-05,0,13.304544,1
0.78149998,0.0056132074,2.1057087e-05,0,13.365955,1
0.78200001,0.0055616028,2.0767107e-05,0,13.427649,1
0.78250003,0.0055104741,2.0481129e-05,0,13.489629,1
0.78299999,0.0054598162,2.0199101e-05,0,13.551894,1
0.78350002,0.0054096258,1.9920964e-05,0,13.614447,1
0.78399998,0.0053598979,1.9646666e-05,0,13.677288,1
0.7845,0.0053106281,1.9376153e-05,0,13.740419,1
0.78500003,0.0052618124,1.9109375e-05,0,13.803843,1
0.78549999,0.0052134469,1.8846278e-05,0,13.867558,1
0.78600001,0.0051655266,1.858681e-05,0,13.931568,1
0.78649998,0.0051180483,1.8330924e-05,0,13.995873,1
0.787,0.0050710076,1.8078568e-05,0,14.060475,1
0.78750002,0.0050244001,1.7829694e-05,0,14.125376,1
0.78799999,0.0049782218,1.7584254e-05,0,14.190576,1
0.78850001,0.0049324692,1.7342199e-05,0,14.256076,1
0.78899997,0.0048871385,1.7103484e-05,0,14.321879,1
0.7895,0.004842225,1.6868062e-05,0,14.387986,1
0.79000002,0.004797725,1.6635886e-05,0,14.454398,1
0.79049999,0.0047536353,1.6406913e-05,0,14.521116,1
0.79100001,0.0047099516,1.6181099e-05,0,14.588142,1
0.79149997,0.0046666702,1.5958398e-05,0,14.655478,1
0.792,0.0046237875,1.5738769e-05,0,14.723125,1
0.79250002,0.0045812996,1.5522168e-05,0,14.791084,1
0.79299998,0.0045392034,1.5308555e-05,0,14.859357,1
0.79350001,0.0044974945,1.5097888e-05,0,14.927944,1
0.79400003,0.0044561699,1.4890124e-05,0,14.996848,1
0.79449999,0.0044152257,1.4685225e-05,0,15.066071,1
0.79500002,0.0043746587,1.4483152e-05,0,15.135612,1
0.79549998,0.0043344651,1.4283864e-05,0,15.205475,1
0.796,0.0042946413,1.4087324e-05,0,15.275661,1
0.79650003,0.0042551844,1.3893493e-05,0,15.346169,1
0.79699999,0.0042160908,1.3702333e-05,0,15.417005,1
0.79750001,0.0041773571,1.351381e-05,0,15.488166,1
0.79799998,0.0041389801,1.3327884e-05,0,15.559656,1
0.7985,0.0041009565,1.3144521e-05,0,15.631476,1
0.79900002,0.0040632826,1.2963685e-05,0,15.703628,1
0.79949999,0.0040259557,1.2785342e-05,0,15.776113,1
0.80000001,0.0039889719,1.2609456e-05,0,15.848932,1
0.80049998,0.003952329,1.2435994e-05,0,15.922088,1
0.801,0.0039160233,1.2264923e-05,0,15.995581,1
0.80150002,0.0038800517,1.2096209e-05,0,16.069412,1
0.80199999,0.0038444111,1.1929818e-05,0,16.143585,1
0.80250001,0.0038090986,1.1765722e-05,0,16.218102,1
0.80299997,0.0037741109,1.1603885e-05,0,16.292961,1
0.8035,0.0037394455,1.1444279e-05,0,16.368166,1
0.80400002,0.0037050988,1.1286872e-05,0,16.443718,1
0.80449998,0.0036710682,1.1131633e-05,0,16.519617,1
0.80500001,0.0036373506,1.0978533e-05,0,16.595869,1
0.80549997,0.0036039434,1.0827542e-05,0,16.672472,1
0.80599999,0.0035708437,1.067863e-05,0,16.74943,1
0.80650002,0.0035380484,1.053177e-05,0,16.82674,1
0.80699998,0.0035055547,1.0386932e-05,0,16.904409,1
0.8075,0.0034733601,1.024409e-05,0,16.982437,1
0.80800003,0.0034414616,1.0103215e-05,0,17.060823,1
0.80849999,0.0034098565,9.9642803e-06,0,17.139572,1
0.80900002,0.0033785421,9.8272585e-06,0,17.218685,1
0.80949998,0.0033475161,9.692124e-06,0,17.298164,1
0.81,0.0033167752,9.5588503e-06,0,17.378008,1
0.81050003,0.003286317,9.4274119e-06,0,17.458221,1
0.81099999,0.0032561391,9.2977843e-06,0,17.538805,1
0.81150001,0.0032262388,9.1699403e-06,0,17.619761,1
0.81199998,0.0031966134,9.0438571e-06,0,17.70109,1
0.8125,0.0031672604,8.91951e-06,0,17.782795,1
0.81300002,0.0031381776,8.7968747e-06,0,17.864876,1
0.81349999,0.003109362,8.6759283e-06,0,17.947336,1
0.81400001,0.0030808116,8.5566471e-06,0,18.030178,1
0.81449997,0.0030525236,8.4390076e-06,0,18.113401,1
0.815,0.0030244957,8.3229879e-06,0,18.197008,1
0.81550002,0.0029967257,8.2085653e-06,0,18.281002,1
0.81599998,0.002969211,8.095717e-06,0,18.365383,1
0.81650001,0.0029419493,7.9844231e-06,0,18.450153,1
0.81699997,0.0029149381,7.8746607e-06,0,18.535316,1
0.8175,0.0028881754,7.7664099e-06,0,18.620871,1
0.81800002,0.0028616588,7.659648e-06,0,18.706821,1
0.81849998,0.002835386,7.5543562e-06,0,18.793169,1
0.81900001,0.0028093546,7.4505133e-06,0,18.879913,1
0.81950003,0.0027835628,7.3480996e-06,0,18.96706,1
0.81999999,0.0027580077,7.2470953e-06,0,19.054607,1
0.82050002,0.0027326879,7.147481e-06,0,19.142559,1
0.82099998,0.0027076006,7.0492379e-06,0,19.230917,1
0.8215,0.0026827441,6.9523467e-06,0,19.319683,1
0.82200003,0.0026581159,6.8567888e-06,0,19.408859,1
0.82249999,0.0026337143,6.7625456e-06,0,19.498446,1
0.82300001,0.002609537,6.6695993e-06,0,19.588448,1
0.82349998,0.0025855817,6.5779318e-06,0,19.678864,1
0.824,0.0025618467,6.4875262e-06,0,19.769697,1
0.82450002,0.0025383299,6.3983639e-06,0,19.860949,1
0.82499999,0.0025150294,6.3104285e-06,0,19.952623,1
0.82550001,0.0024919428,6.2237032e-06,0,20.04472,1
0.82599998,0.0024690684,6.1381706e-06,0,20.137243,1
0.8265,0.0024464044,6.053815e-06,0,20.230192,1
0.82700002,0.0024239486,5.9706204e-06,0,20.32357,1
0.82749999,0.0024016991,5.8885698e-06,0,20.417379,1
0.82800001,0.0023796542,5.807648e-06,0,20.511621,1
0.82849997,0.0023578117,5.7278394e-06,0,20.606298,1
0.829,0.0023361701,5.6491285e-06,0,20.701414,1
0.82950002,0.0023147273,5.5715009e-06,0,20.796967,1
0.82999998,0.0022934815,5.4949405e-06,0,20.892962,1
0.83050001,0.002272431,5.4194334e-06,0,20.989399,1
0.83099997,0.0022515738,5.3449648e-06,0,21.086281,1
0.83149999,0.0022309085,5.2715209e-06,0,21.183611,1
0.83200002,0.0022104329,5.1990864e-06,0,21.281391,1
0.83249998,0.0021901454,5.1276488e-06,0,21.379622,1
0.833,0.0021700442,5.0571934e-06,0,21.478304,1
0.83350003,0.0021501279,4.9877071e-06,0,21.577444,1
0.83399999,0.0021303946,4.9191767e-06,0,21.67704,1
0.83450001,0.0021108426,4.8515885e-06,0,21.777098,1
0.83499998,0.0020914699,4.7849298e-06,0,21.877617,1
0.8355,0.0020722756,4.7191879e-06,0,21.9786,1
0.83600003,0.0020532573,4.6543501e-06,0,22.080048,1
0.83649999,0.0020344141,4.5904039e-06,0,22.181965,1
0.83700001,0.0020157436,4.5273368e-06,0,22.284351,1
0.83749998,0.0019972448,4.465137e-06,0,22.387211,1
0.838,0.0019789159,4.4037929e-06,0,22.490545,1
0.83850002,0.0019607556,4.3432919e-06,0,22.594358,1
0.83899999,0.0019427618,4.2836227e-06,0,22.698648,1
0.83950001,0.0019249334,4.2247743e-06,0,22.803421,1
0.83999997,0.0019072688,4.1667349e-06,0,22.908676,1
0.8405,0.0018897663,4.1094931e-06,0,23.014418,1
0.84100002,0.0018724247,4.053039e-06,0,23.120647,1
0.84149998,0.0018552424,3.9973606e-06,0,23.227367,1
0.84200001,0.0018382178,3.9424481e-06,0,23.334581,1
0.84249997,0.0018213497,3.8882904e-06,0,23.442287,1
0.84299999,0.0018046364,3.8348771e-06,0,23.550493,1
0.84350002,0.0017880768,3.7821981e-06,0,23.659197,1
0.84399998,0.0017716691,3.7302434e-06,0,23.768402,1
0.84450001,0.0017554122,3.6790029e-06,0,23.878113,1
0.84500003,0.0017393045,3.6284669e-06,0,23.988329,1
0.84549999,0.0017233448,3.5786254e-06,0,24.099054,1
0.84600002,0.0017075317,3.5294693e-06,0,24.210291,1
0.84649998,0.0016918638,3.4809889e-06,0,24.322041,1
0.847,0.0016763398,3.4331747e-06,0,24.434305,1
0.84750003,0.0016609583,3.3860179e-06,0,24.547089,1
0.84799999,0.001645718,3.3395092e-06,0,24.660393,1
0.84850001,0.0016306178,3.2936398e-06,0,24.774221,1
0.84899998,0.0016156562,3.2484011e-06,0,24.888573,1
0.8495,0.001600832,3.203784e-06,0,25.003454,1
0.85000002,0.0015861439,3.1597801e-06,0,25.118864,1
0.85049999,0.0015715907,3.1163811e-06,0,25.234808,1
0.85100001,0.001557171,3.0735787e-06,0,25.351286,1
0.85149997,0.0015428838,3.0313643e-06,0,25.468302,1
0.852,0.0015287278,2.9897303e-06,0,25.585859,1
0.85250002,0.0015147018,2.9486685e-06,0,25.703959,1
0.85299999,0.0015008046,2.9081709e-06,0,25.822601,1
0.85350001,0.001487035,2.86823e-06,0,25.941793,1
0.85399997,0.0014733918,2.8288378e-06,0,26.061535,1
0.8545,0.0014598737,2.7899871e-06,0,26.181829,1
0.85500002,0.0014464799,2.7516703e-06,0,26.302679,1
0.85549998,0.0014332091,2.7138801e-06,0,26.424088,1
0.85600001,0.0014200601,2.6766093e-06,0,26.546055,1
0.85650003,0.0014070318,2.6398504e-06,0,26.668587,1
0.85699999,0.0013941231,2.6035968e-06,0,26.791683,1
0.85750002,0.0013813329,2.5678414e-06,0,26.915348,1
0.85799998,0.0013686601,2.5325774e-06,0,27.039583,1
0.8585,0.0013561037,2.4977978e-06,0,27.164392,1
0.85900003,0.0013436625,2.4634962e-06,0,27.289778,1
0.85949999,0.0013313356,2.429666e-06,0,27.415741,1
0.86000001,0.0013191218,2.3963005e-06,0,27.542288,1
0.86049998,0.0013070202,2.3633934e-06,0,27.669416,1
0.861,0.0012950297,2.3309387e-06,0,27.797132,1
0.86150002,0.0012831492,2.2989298e-06,0,27.925438,1
0.86199999,0.0012713778,2.2673607e-06,0,28.054337,1
0.86250001,0.0012597144,2.2362253e-06,0,28.18383,1
0.86299998,0.001248158,2.2055176e-06,0,28.313919,1
0.8635,0.0012367079,2.1752321e-06,0,28.444611,1
0.86400002,0.0012253628,2.1453625e-06,0,28.575905,1
0.86449999,0.0012141218,2.1159033e-06,0,28.707806,1
0.86500001,0.001202984,2.0868488e-06,0,28.840315,1
0.86549997,0.0011919484,2.0581936e-06,0,28.973436,1
0.866,0.0011810141,2.0299319e-06,0,29.107172,1
0.86650002,0.0011701803,2.0020586e-06,0,29.241524,1
0.86699998,0.0011594457,1.9745682e-06,0,29.376497,1
0.86750001,0.0011488098,1.9474555e-06,0,29.512093,1
0.86799997,0.0011382715,1.9207152e-06,0,29.648314,1
0.86849999,0.0011278299,1.8943423e-06,0,29.785164,1
0.86900002,0.0011174842,1.8683317e-06,0,29.922646,1
0.86949998,0.0011072333,1.8426783e-06,0,30.060762,1
0.87,0.0010970767,1.8173774e-06,0,30.199516,1
0.87050003,0.0010870132,1.7924241e-06,0,30.338911,1
0.87099999,0.001077042,1.7678136e-06,0,30.478951,1
0.87150002,0.0010671624,1.7435411e-06,0,30.619635,1
0.87199998,0.0010573735,1.719602e-06,0,30.760967,1
0.8725,0.0010476743,1.6959918e-06,0,30.902954,1
0.87300003,0.0010380642,1.6727059e-06,0,31.045595,1
0.87349999,0.0010285423,1.6497398e-06,0,31.188896,1
0.87400001,0.0010191079,1.6270892e-06,0,31.332857,1
0.87449998,0.0010097598,1.6047499e-06,0,31.477484,1
0.875,0.0010004977,1.5827172e-06,0,31.622776,1
0.87550002,0.00099132059,1.5609872e-06,0,31.768742,1
0.87599999,0.00098222774,1.5395557e-06,0,31.915379,1
0.87650001,0.00097321818,1.5184186e-06,0,32.062695,1
0.87699997,0.00096429139,1.4975718e-06,0,32.21069,1
0.8775,0.00095544651,1.4770113e-06,0,32.359367,1
0.87800002,0.00094668282,1.4567332e-06,0,32.508728,1
0.87849998,0.00093799952,1.4367337e-06,0,32.658783,1
0.87900001,0.0009293959,1.4170088e-06,0,32.809528,1
0.87949997,0.00092087127,1.3975548e-06,0,32.960972,1
0.88,0.00091242482,1.378368e-06,0,33.113113,1
0.88050002,0.00090405589,1.3594447e-06,0,33.265957,1
0.88099998,0.00089576381,1.3407814e-06,0,33.419502,1
0.88150001,0.00088754774,1.3223744e-06,0,33.573761,1
0.88200003,0.0008794071,1.3042201e-06,0,33.728729,1
0.88249999,0.00087134115,1.2863152e-06,0,33.884415,1
0.88300002,0.00086334918,1.2686562e-06,0,34.040817,1
0.88349998,0.00085543061,1.2512397e-06,0,34.197945,1
0.884,0.00084758468,1.2340623e-06,0,34.355793,1
0.88450003,0.0008398107,1.2171209e-06,0,34.514374,1
0.88499999,0.00083210808,1.2004123e-06,0,34.673683,1
0.88550001,0.00082447618,1.1839329e-06,0,34.833733,1
0.88599998,0.00081691425,1.16768e-06,0,34.994518,1
0.8865,0.0008094217,1.1516502e-06,0,35.156044,1
0.88700002,0.0008019979,1.1358405e-06,0,35.318317,1
0.88749999,0.00079464226,1.120248e-06,0,35.481339,1
0.88800001,0.00078735407,1.1048696e-06,0,35.645115,1
0.88849998,0.00078013277,1.0897023e-06,0,35.809643,1
0.889,0.00077297771,1.0747434e-06,0,35.974934,1
0.88950002,0.00076588831,1.0599899e-06,0,36.140987,1
0.88999999,0.00075886399,1.045439e-06,0,36.307804,1
0.89050001,0.00075190404,1.0310879e-06,0,36.475395,1
0.89099997,0.000745008,1.0169338e-06,0,36.643757,1
0.8915,0.00073817524,1.0029742e-06,0,36.812897,1
0.89200002,0.0007314051,9.8920611e-07,0,36.982819,1
0.89249998,0.00072469714,9.7562713e-07,0,37.153522,1
0.89300001,0.00071805069,9.6223471e-07,0,37.325016,1
0.89349997,0.00071146525,9.4902612e-07,0,37.497299,1
0.89399999,0.00070494023,9.3599891e-07,0,37.67038,1
0.89450002,0.00069847505,9.2315054e-07,0,37.844257,1
0.89499998,0.00069206918,9.1047866e-07,0,38.01894,1
0.8955,0.0006857221,8.9798073e-07,0,38.194427,1
0.89600003,0.00067943323,8.856544e-07,0,38.370724,1
0.89649999,0.00067320204,8.7349736e-07,0,38.547836,1
0.89700001,0.00066702807,8.615072e-07,0,38.725765,1
0.89749998,0.00066091068,8.4968173e-07,0,38.904514,1
0.898,0.00065484946,8.3801859e-07,0,39.084091,1
0.89850003,0.00064884382,8.2651559e-07,0,39.264492,1
0.89899999,0.00064289325,8.1517049e-07,0,39.445728,1
0.89950001,0.00063699734,8.0398121e-07,0,39.627804,1
0.89999998,0.00063115545,7.9294557e-07,0,39.810719,1
0.9005,0.00062536722,7.8206142e-07,0,39.994476,1
0.90100002,0.00061963202,7.7132677e-07,0,40.179081,1
0.90149999,0.00061394949,7.6073945e-07,0,40.36454,1
0.90200001,0.00060831907,7.5029749e-07,0,40.550854,1
0.90249997,0.00060274027,7.3999888e-07,0,40.738029,1
0.903,0.0005972127,7.298417e-07,0,40.926067,1
0.90350002,0.00059173576,7.1982396e-07,0,41.114971,1
0.90399998,0.00058630912,7.0994378e-07,0,41.304749,1
0.90450001,0.00058093225,7.0019922e-07,0,41.495403,1
0.90499997,0.00057560473,6.9058848e-07,0,41.686939,1
0.90549999,0.00057032605,6.8110967e-07,0,41.879356,1
0.90600002,0.0005650958,6.7176097e-07,0,42.072662,1
0.90649998,0.00055991352,6.6254063e-07,0,42.266861,1
0.90700001,0.00055477879,6.5344693e-07,0,42.461956,1
0.90750003,0.00054969115,6.4447801e-07,0,42.657951,1
0.90799999,0.00054465019,6.3563226e-07,0,42.854851,1
0.90850002,0.00053965545,6.2690793e-07,0,43.052662,1
0.90899998,0.00053470657,6.1830337e-07,0,43.251385,1
0.9095,0.00052980304,6.0981694e-07,0,43.451023,1
0.91000003,0.00052494451,6.0144703e-07,0,43.651585,1
0.91049999,0.00052013056,5.93192e-07,0,43.853069,1
0.91100001,0.00051536073,5.8505032e-07,0,44.055485,1
0.91149998,0.00051063468,5.7702044e-07,0,44.258839,1
0.912,0.00050595199,5.6910073e-07,0,44.463127,1
0.91250002,0.00050131226,5.6128982e-07,0,44.668358,1
0.91299999,0.00049671502,5.5358606e-07,0,44.874538,1
0.91350001,0.00049216003,5.4598809e-07,0,45.081669,1
0.91399997,0.00048764676,5.3849448e-07,0,45.289757,1
0.9145,0.00048317492,5.3110364e-07,0,45.498806,1
0.91500002,0.0004787441,5.2381432e-07,0,45.70882,1
0.91549999,0.0004743539,5.1662505e-07,0,45.9198,1
0.91600001,0.00047000399,5.0953452e-07,0,46.131756,1
0.91649997,0.00046569397,5.0254124e-07,0,46.344692,1
0.917,0.00046142348,4.9564403e-07,0,46.558609,1
0.91750002,0.00045719216,4.8884147e-07,0,46.773514,1
0.91799998,0.00045299964,4.8213229e-07,0,46.98941,1
0.91850001,0.00044884559,4.7551524e-07,0,47.206303,1
0.91900003,0.00044472964,4.6898899e-07,0,47.424198,1
0.91949999,0.00044065143,4.6255232e-07,0,47.643097,1
0.92000002,0.00043661066,4.5620405e-07,0,47.86301,1
0.92049998,0.0004326069,4.4994289e-07,0,48.083935,1
0.921,0.00042863991,4.4376768e-07,0,48.305882,1
0.92150003,0.00042470929,4.3767724e-07,0,48.528851,1
0.92199999,0.0004208147,4.3167043e-07,0,48.75285,1
0.92250001,0.00041695585,4.2574604e-07,0,48.977882,1
0.92299998,0.00041313239,4.1990299e-07,0,49.203953,1
0.9235,0.00040934401,4.1414015e-07,0,49.431068,1
0.92400002,0.00040559037,4.084564e-07,0,49.659233,1
0.92449999,0.00040187113,4.0285067e-07,0,49.888451,1
0.92500001,0.00039818604,3.9732188e-07,0,50.118725,1
0.92549998,0.00039453473,3.9186901e-07,0,50.35006,1
0.926,0.00039091692,3.8649097e-07,0,50.582466,1
0.92650002,0.00038733226,3.8118674e-07,0,50.815945,1
0.92699999,0.00038378051,3.7595532e-07,0,51.050499,1
0.92750001,0.00038026131,3.7079573e-07,0,51.286137,1
0.92799997,0.00037677441,3.6570694e-07,0,51.522865,1
0.9285,0.00037331949,3.6068801e-07,0,51.760685,1
0.92900002,0.00036989624,3.5573797e-07,0,51.999599,1
0.92949998,0.00036650439,3.5085588e-07,0,52.23962,1
0.93000001,0.00036314366,3.4604079e-07,0,52.480747,1
0.93049997,0.00035981374,3.4129181e-07,0,52.722984,1
0.93099999,0.00035651436,3.36608e-07,0,52.966343,1
0.93150002,0.00035324524,3.3198847e-07,0,53.210827,1
0.93199998,0.0003500061,3.2743236e-07,0,53.456436,1
0.9325,0.00034679667,3.229388e-07,0,53.703178,1
0.93300003,0.00034361667,3.1850689e-07,0,53.951061,1
0.93349999,0.00034046583,3.1413583e-07,0,54.200089,1
0.93400002,0.00033734392,3.0982477e-07,0,54.450264,1
0.93449998,0.00033425062,3.0557288e-07,0,54.701595,1
0.935,0.00033118567,3.0137934e-07,0,54.954086,1
0.93550003,0.00032814886,2.9724336e-07,0,55.207745,1
0.93599999,0.00032513987,2.9316413e-07,0,55.46257,1
0.93650001,0.00032215851,2.8914093e-07,0,55.718575,1
0.93699998,0.00031920447,2.8517292e-07,0,55.975761,1
0.9375,0.00031627752,2.8125939e-07,0,56.234131,1
0.93800002,0.00031337742,2.7739955e-07,0,56.493698,1
0.93849999,0.00031050391,2.7359269e-07,0,56.754459,1
0.93900001,0.00030765677,2.698381e-07,0,57.016426,1
0.93949997,0.00030483573,2.6613503e-07,0,57.279602,1
0.94,0.00030204054,2.6248279e-07,0,57.543995,1
0.94050002,0.00029927102,2.5888068e-07,0,57.809605,1
0.94099998,0.00029652688,2.5532802e-07,0,58.076443,1
0.94150001,0.00029380791,2.518241e-07,0,58.344509,1
0.94199997,0.00029111386,2.4836828e-07,0,58.613815,1
0.9425,0.00028844454,2.4495986e-07,0,58.884365,1
0.94300002,0.00028579967,2.4159826e-07,0,59.156162,1
0.94349998,0.00028317908,2.3828278e-07,0,59.429214,1
0.94400001,0.00028058252,2.3501282e-07,0,59.703529,1
0.94450003,0.00027800977,2.3178772e-07,0,59.979107,1
0.94499999,0.00027546062,2.2860689e-07,0,60.255959,1
0.94550002,0.00027293482,2.2546972e-07,0,60.534088,1
0.94599998,0.00027043221,2.223756e-07,0,60.813499,1
0.9465,0.00026795254,2.1932397e-07,0,61.094204,1
0.94700003,0.00026549562,2.1631419e-07,0,61.376202,1
0.94749999,0.00026306123,2.1334573e-07,0,61.6595,1
0.94800001,0.00026064916,2.1041801e-07,0,61.944107,1
0.94849998,0.00025825918,2.0753048e-07,0,62.23003,1
0.949,0.00025589115,2.0468256e-07,0,62.517269,1
0.94950002,0.00025354483,2.0187375e-07,0,62.805836,1
0.94999999,0.00025122004,1.9910347e-07,0,63.095734,1
0.95050001,0.00024891656,1.9637122e-07,0,63.386971,1
0.95099998,0.00024663418,1.9367646e-07,0,63.679554,1
0.9515,0.00024437276,1.9101869e-07,0,63.973484,1
0.95200002,0.00024213207,1.8839739e-07,0,64.268768,1
0.95249999,0.00023991193,1.8581207e-07,0,64.565422,1
0.95300001,0.00023771214,1.8326223e-07,0,64.863441,1
0.95349997,0.00023553253,1.8074739e-07,0,65.162842,1
0.954,0.00023337289,1.7826706e-07,0,65.463615,1
0.95450002,0.00023123308,1.7582077e-07,0,65.765785,1
0.95499998,0.00022911288,1.7340805e-07,0,66.069344,1
0.95550001,0.00022701212,1.7102845e-07,0,66.374306,1
0.95599997,0.00022493063,1.686815e-07,0,66.680679,1
0.95649999,0.00022286823,1.6636676e-07,0,66.988464,1
0.95700002,0.00022082473,1.6408379e-07,0,67.297668,1
0.95749998,0.00021879998,1.6183215e-07,0,67.608299,1
0.958,0.00021679379,1.596114e-07,0,67.920364,1
0.95850003,0.000214806,1.5742114e-07,0,68.233871,1
0.95899999,0.00021283644,1.5526093e-07,0,68.54882,1
0.95950001,0.00021088494,1.5313037e-07,0,68.865227,1
0.95999998,0.00020895133,1.5102906e-07,0,69.183098,1
0.9605,0.00020703545,1.4895657e-07,0,69.502434,1
0.96100003,0.00020513716,1.4691254e-07,0,69.823242,1
0.96149999,0.00020325625,1.4489655e-07,0,70.145531,1
0.96200001,0.0002013926,1.4290823e-07,0,70.469307,1
0.96249998,0.00019954603,1.4094719e-07,0,70.794579,1
0.963,0.00019771641,1.3901308e-07,0,71.121353,1
0.96350002,0.00019590356,1.371055e-07,0,71.449631,1
0.96399999,0.00019410733,1.352241e-07,0,71.779427,1
0.96450001,0.00019232757,1.3336852e-07,0,72.110748,1
0.96499997,0.00019056414,1.315384e-07,0,72.443596,1
0.9655,0.00018881688,1.2973339e-07,0,72.777977,1
0.96600002,0.00018708562,1.2795317e-07,0,73.113907,1
0.96649998,0.00018537026,1.2619736e-07,0,73.451385,1
0.96700001,0.00018367062,1.2446567e-07,0,73.790421,1
0.96749997,0.00018198656,1.2275773e-07,0,74.131027,1
0.96799999,0.00018031795,1.2107323e-07,0,74.473198,1
0.96850002,0.00017866463,1.1941184e-07,0,74.816948,1
0.96899998,0.00017702648,1.1777326e-07,0,75.162292,1
0.96950001,0.00017540336,1.1615716e-07,0,75.509224,1
0.97000003,0.00017379511,1.1456324e-07,0,75.857758,1
0.97049999,0.0001722016,1.129912e-07,0,76.207901,1
0.97100002,0.00017062272,1.1144072e-07,0,76.559662,1
0.97149998,0.00016905832,1.0991153e-07,0,76.913048,1
0.972,0.00016750825,1.0840331e-07,0,77.268059,1
0.97250003,0.00016597239,1.0691581e-07,0,77.62471,1
0.97299999,0.00016445063,1.0544871e-07,0,77.983009,1
0.97350001,0.00016294282,1.0400174e-07,0,78.342964,1
0.97399998,0.00016144883,1.0257462e-07,0,78.704582,1
0.9745,0.00015996853,1.011671e-07,0,79.067863,1
0.97500002,0.00015850182,9.9778887e-08,0,79.432823,1
0.97549999,0.00015704855,9.8409728e-08,0,79.799469,1
0.97600001,0.00015560861,9.7059356e-08,0,80.167809,1
0.97649997,0.00015418186,9.5727515e-08,0,80.537842,1
0.977,0.00015276822,9.4413956e-08,0,80.909592,1
0.97750002,0.00015136752,9.3118416e-08,0,81.283051,1
0.97799999,0.00014997968,9.1840654e-08,0,81.658234,1
0.97850001,0.00014860455,9.0580428e-08,0,82.035156,1
0.97899997,0.00014724204,8.9337497e-08,0,82.413811,1
0.9795,0.00014589202,8.8111626e-08,0,82.79422,1
0.98000002,0.00014455437,8.6902574e-08,0,83.176376,1
0.98049998,0.000143229,8.5710113e-08,0,83.560303,1
0.98100001,0.00014191578,8.4534015e-08,0,83.945999,1
0.98150003,0.00014061459,8.3374054e-08,0,84.333473,1
0.98199999,0.00013932533,8.2230017e-08,0,84.72274,1
0.98250002,0.00013804791,8.1101675e-08,0,85.1138,1
0.98299998,0.0001367822,7.9988816e-08,0,85.506668,1
0.9835,0.00013552808,7.8891226e-08,0,85.901352,1
0.98400003,0.00013428547,7.78087e-08,0,86.297852,1
0.98449999,0.00013305424,7.6741031e-08,0,86.69619,1
0.98500001,0.00013183431,7.5688014e-08,0,87.096359,1
0.98549998,0.00013062557,7.4649449e-08,0,87.498375,1
0.986,0.00012942792,7.3625131e-08,0,87.902252,1
0.98650002,0.00012824124,7.2614867e-08,0,88.307991,1
0.98699999,0.00012706545,7.1618473e-08,0,88.715599,1
0.98750001,0.00012590042,7.063575e-08,0,89.125092,1
0.98799998,0.00012474609,6.9666505e-08,0,89.536476,1
0.9885,0.00012360234,6.871057e-08,0,89.94976,1
0.98900002,0.00012246908,6.7767751e-08,0,90.364944,1
0.98949999,0.00012134621,6.6837863e-08,0,90.782051,1
0.99000001,0.00012023364,6.5920744e-08,0,91.20108,1
0.99049997,0.00011913126,6.5016202e-08,0,91.622047,1
0.991,0.000118039,6.412408e-08,0,92.04496,1
0.99150002,0.00011695674,6.3244194e-08,0,92.469818,1
0.99199998,0.00011588442,6.2376387e-08,0,92.896637,1
0.99250001,0.00011482192,6.1520481e-08,0,93.325432,1
0.99299997,0.00011376917,6.0676328e-08,0,93.756203,1
0.99349999,0.00011272607,5.9843757e-08,0,94.188957,1
0.99400002,0.00011169253,5.9022607e-08,0,94.623718,1
0.99449998,0.00011066847,5.8212727e-08,0,95.060478,1
0.995,0.0001096538,5.741396e-08,0,95.49926,1
0.99550003,0.00010864843,5.6626156e-08,0,95.940063,1
0.99599999,0.00010765229,5.584916e-08,0,96.382904,1
0.99650002,0.00010666527,5.5082825e-08,0,96.827789,1
0.99699998,0.00010568731,5.4327007e-08,0,97.274719,1
0.9975,0.00010471831,5.3581562e-08,0,97.723724,1
0.99800003,0.0001037582,5.2846346e-08,0,98.174797,1
0.99849999,0.00010280689,5.2121216e-08,0,98.627945,1
0.99900001,0.0001018643,5.1406037e-08,0,99.083191,1
0.99949998,0.00010093036,5.0700674e-08,0,99.540543,1
1,0.00010000497,5.0004989e-08,0,100,1
1,0.00010000497,5.0004989e-08,0,100,1
