"time","accelerate.s","accelerate.v"
0,0,0
0.0005,1.25002228100018e-07,0.0005
0.001,5.00002556881969e-07,0.001
0.0015,1.12500277344094e-06,0.0015
0.002,2.00000288428305e-06,0.002
0.0025,3.12500300254359e-06,0.0025
0.003,4.50000310686533e-06,0.003
0.0035,6.1250031891105e-06,0.0035
0.004,8.0000032492791e-06,0.004
0.0045,1.01250033166365e-05,0.0045
0.005,1.25000033821683e-05,0.005
0.0055,1.51250034403737e-05,0.0055
0.006,1.80000034912527e-05,0.006
0.0065,2.11250035348053e-05,0.0065
0.007,2.45000035710314e-05,0.007
0.0075,2.81250035999312e-05,0.0075
0.008,3.20000036215046e-05,0.008
0.0085,3.61250036512225e-05,0.0085
0.009,4.05000036878201e-05,0.009
0.0095,4.51250037227843e-05,0.0095
0.01,5.0000003756115e-05,0.01
0.0105,5.51250037878122e-05,0.0105
0.011,6.05000038178758e-05,0.011
0.0115,6.6125003846306e-05,0.0115
0.012,7.20000038731027e-05,0.012
0.0125,7.81250038982659e-05,0.0125
0.013,8.45000039217956e-05,0.013
0.0135,9.11250039436918e-05,0.0135
0.014,9.80000039639545e-05,0.014
0.0145,0.000105125003982584,0.0145
0.015,0.000112500003999579,0.015
0.0155,0.000120125004014942,0.0155
0.016,0.00012800000402867,0.016
0.0165,0.000136125004042964,0.0165
0.017,0.000144500004063562,0.017
0.0175,0.000153125004083662,0.0175
0.018,0.000162000004103265,0.018
0.0185,0.00017112500412237,0.0185
0.019,0.000180500004140977,0.019
0.0195,0.000190125004159086,0.0195
0.02,0.000200000004176697,0.02
0.0205,0.000210125004193811,0.0205
0.021,0.000220500004210427,0.021
0.0215,0.000231125004226545,0.0215
0.022,0.000242000004242165,0.022
0.0225,0.000253125004257288,0.0225
0.023,0.000264500004271913,0.023
0.0235,0.00027612500428604,0.0235
0.024,0.000288000004299669,0.024
0.0245,0.0003001250043128,0.0245
0.025,0.000312500004325434,0.025
0.0255,0.00032512500433757,0.0255
0.026,0.000338000004349208,0.026
0.0265,0.000351125004360349,0.0265
0.027,0.000364500004370991,0.027
0.0275,0.000378125004381136,0.0275
0.028,0.000392000004390783,0.028
0.0285,0.000406125004399932,0.0285
0.029,0.000420500004408584,0.029
0.0295,0.000435125004416738,0.0295
0.03,0.000450000004424394,0.03
0.0305,0.000465125004431552,0.0305
0.031,0.000480500004438212,0.031
0.0315,0.000496125004444375,0.0315
0.032,0.00051200000445004,0.032
0.0325,0.000528125004455207,0.0325
0.033,0.000544500004462808,0.033
0.0335,0.000561125004473561,0.0335
0.034,0.000578000004484196,0.034
0.0345,0.000595125004494712,0.0345
0.035,0.00061250000450511,0.035
0.0355,0.00063012500451539,0.0355
0.036,0.000648000004525552,0.036
0.0365,0.000666125004535594,0.0365
0.037,0.000684500004545518,0.037
0.0375,0.000703125004555324,0.0375
0.038,0.000722000004565012,0.038
0.0385,0.000741125004574581,0.0385
0.039,0.000760500004584032,0.039
0.0395,0.000780125004593365,0.0395
0.04,0.000800000004602579,0.04
0.0405,0.000820125004611674,0.0405
0.041,0.000840500004620651,0.041
0.0415,0.00086112500462951,0.0415
0.042,0.000882000004638251,0.042
0.0425,0.000903125004646873,0.0425
0.043,0.000924500004655376,0.043
0.0435,0.000946125004663761,0.0435
0.044,0.000968000004672028,0.044
0.0445,0.000990125004680176,0.0445
0.045,0.00101250000468821,0.045
0.0455,0.00103512500469612,0.0455
0.046,0.00105800000470391,0.046
0.0465,0.00108112500471159,0.0465
0.047,0.00110450000471914,0.047
0.0475,0.00112812500472658,0.0475
0.048,0.0011520000047339,0.048
0.0485,0.0011761250047411,0.0485
0.049,0.00120050000474818,0.049
0.0495,0.00122512500475515,0.0495
0.05,0.00125000000476199,0.05
0.0505,0.00127512500476872,0.0505
0.051,0.00130050000477533,0.051
0.0515,0.00132612500478182,0.0515
0.052,0.00135200000478819,0.052
0.0525,0.00137812500479445,0.0525
0.053,0.00140450000480058,0.053
0.0535,0.0014311250048066,0.0535
0.054,0.0014580000048125,0.054
0.0545,0.00148512500481828,0.0545
0.055,0.00151250000482394,0.055
0.0555,0.00154012500482948,0.0555
0.056,0.00156800000483491,0.056
0.0565,0.00159612500484022,0.0565
0.057,0.0016245000048454,0.057
0.0575,0.00165312500485047,0.0575
0.058,0.00168200000485543,0.058
0.0585,0.00171112500486026,0.0585
0.059,0.00174050000486497,0.059
0.0595,0.00177012500486957,0.0595
0.06,0.00180000000487405,0.06
0.0605,0.00183012500487841,0.0605
0.061,0.00186050000488265,0.061
0.0615,0.00189112500488677,0.0615
0.062,0.00192200000489077,0.062
0.0625,0.00195312500489466,0.0625
0.063,0.00198450000489843,0.063
0.0635,0.00201612500490208,0.0635
0.064,0.00204800000490561,0.064
0.0645,0.00208012500490902,0.0645
0.065,0.00211250000491231,0.065
0.0655,0.00214512500491549,0.0655
0.066,0.00217800000492114,0.066
0.0665,0.00221112500492696,0.0665
0.067,0.00224450000493274,0.067
0.0675,0.00227812500493849,0.0675
0.068,0.00231200000494421,0.068
0.0685,0.00234612500494989,0.0685
0.069,0.00238050000495553,0.069
0.0695,0.00241512500496114,0.0695
0.07,0.00245000000496672,0.07
0.0705,0.00248512500497227,0.0705
0.071,0.00252050000497777,0.071
0.0715,0.00255612500498325,0.0715
0.072,0.00259200000498869,0.072
0.0725,0.00262812500499409,0.0725
0.073,0.00266450000499947,0.073
0.0735,0.0027011250050048,0.0735
0.074,0.00273800000501011,0.074
0.0745,0.00277512500501538,0.0745
0.075,0.00281250000502061,0.075
0.0755,0.00285012500502581,0.0755
0.076,0.00288800000503098,0.076
0.0765,0.00292612500503611,0.0765
0.077,0.00296450000504121,0.077
0.0775,0.00300312500504627,0.0775
0.078,0.0030420000050513,0.078
0.0785,0.0030811250050563,0.0785
0.079,0.00312050000506126,0.079
0.0795,0.00316012500506619,0.0795
0.08,0.00320000000507108,0.08
0.0805,0.00324012500507594,0.0805
0.081,0.00328050000508076,0.081
0.0815,0.00332112500508555,0.0815
0.082,0.00336200000509031,0.082
0.0825,0.00340312500509503,0.0825
0.083,0.00344450000509972,0.083
0.0835,0.00348612500510437,0.0835
0.084,0.00352800000510899,0.084
0.0845,0.00357012500511357,0.0845
0.085,0.00361250000511813,0.085
0.0855,0.00365512500512264,0.0855
0.086,0.00369800000512712,0.086
0.0865,0.00374112500513157,0.0865
0.087,0.00378450000513599,0.087
0.0875,0.00382812500514036,0.0875
0.088,0.00387200000514471,0.088
0.0885,0.00391612500514902,0.0885
0.089,0.00396050000515329,0.089
0.0895,0.00400512500515754,0.0895
0.09,0.00405000000516175,0.09
0.0905,0.00409512500516592,0.0905
0.091,0.00414050000517006,0.091
0.0915,0.00418612500517416,0.0915
0.092,0.00423200000517824,0.092
0.0925,0.00427812500518227,0.0925
0.093,0.00432450000518628,0.093
0.0935,0.00437112500519024,0.0935
0.094,0.00441800000519418,0.094
0.0945,0.00446512500519808,0.0945
0.095,0.00451250000520195,0.095
0.0955,0.00456012500520578,0.0955
0.096,0.00460800000520957,0.096
0.0965,0.00465612500521334,0.0965
0.097,0.00470450000521707,0.097
0.0975,0.00475312500522076,0.0975
0.098,0.00480200000522442,0.098
0.0985,0.00485112500522805,0.0985
0.099,0.00490050000523164,0.099
0.0995,0.0049501250052352,0.0995
0.1,0.00500000000523872,0.1
0.1005,0.00505012500524221,0.1005
0.101,0.00510050000524566,0.101
0.1015,0.00515112500524908,0.1015
0.102,0.00520200000525247,0.102
0.1025,0.00525312500525582,0.1025
0.103,0.00530450000525914,0.103
0.1035,0.00535612500526243,0.1035
0.104,0.00540800000526568,0.104
0.1045,0.00546012500526889,0.1045
0.105,0.00551250000527207,0.105
0.1055,0.00556512500527522,0.1055
0.106,0.00561800000527833,0.106
0.1065,0.00567112500528141,0.1065
0.107,0.00572450000528445,0.107
0.1075,0.00577812500528746,0.1075
0.108,0.00583200000529044,0.108
0.1085,0.00588612500529338,0.1085
0.109,0.00594050000529629,0.109
0.1095,0.00599512500529916,0.1095
0.11,0.006050000005302,0.11
0.1105,0.0061051250053048,0.1105
0.111,0.00616050000530758,0.111
0.1115,0.00621612500531031,0.1115
0.112,0.00627200000531301,0.112
0.1125,0.00632812500531568,0.1125
0.113,0.00638450000531831,0.113
0.1135,0.00644112500532091,0.1135
0.114,0.00649800000532348,0.114
0.1145,0.00655512500532601,0.1145
0.115,0.00661250000532851,0.115
0.1155,0.00667012500533097,0.1155
0.116,0.0067280000053334,0.116
0.1165,0.00678612500533579,0.1165
0.117,0.00684450000533815,0.117
0.1175,0.00690312500534048,0.1175
0.118,0.00696200000534277,0.118
0.1185,0.00702112500534502,0.1185
0.119,0.00708050000534725,0.119
0.1195,0.00714012500534944,0.1195
0.12,0.00720000000535159,0.12
0.1205,0.00726012500535371,0.1205
0.121,0.00732050000535579,0.121
0.1215,0.00738112500535784,0.1215
0.122,0.00744200000535986,0.122
0.1225,0.00750312500536185,0.1225
0.123,0.00756450000536379,0.123
0.1235,0.00762612500536571,0.1235
0.124,0.00768800000536759,0.124
0.1245,0.00775012500536944,0.1245
0.125,0.00781250000537125,0.125
0.1255,0.00787512500537303,0.1255
0.126,0.00793800000537477,0.126
0.1265,0.00800112500537648,0.1265
0.127,0.00806450000537815,0.127
0.1275,0.00812812500537979,0.1275
0.128,0.0081920000053814,0.128
0.1285,0.00825612500538297,0.1285
0.129,0.00832050000538451,0.129
0.1295,0.00838512500538601,0.1295
0.13,0.00845000000538748,0.13
0.1305,0.00851512500538892,0.1305
0.131,0.00858050000539032,0.131
0.1315,0.00864612500539315,0.1315
0.132,0.0087120000053962,0.132
0.1325,0.00877812500539925,0.1325
0.133,0.00884450000540229,0.133
0.1335,0.00891112500540532,0.1335
0.134,0.00897800000540834,0.134
0.1345,0.00904512500541135,0.1345
0.135,0.00911250000541436,0.135
0.1355,0.00918012500541735,0.1355
0.136,0.00924800000542034,0.136
0.1365,0.00931612500542332,0.1365
0.137,0.00938450000542629,0.137
0.1375,0.00945312500542925,0.1375
0.138,0.00952200000543221,0.138
0.1385,0.00959112500543515,0.1385
0.139,0.00966050000543808,0.139
0.1395,0.00973012500544101,0.1395
0.14,0.00980000000544393,0.14
0.1405,0.00987012500544685,0.1405
0.141,0.00994050000544975,0.141
0.1415,0.0100111250054526,0.1415
0.142,0.0100820000054555,0.142
0.1425,0.0101531250054584,0.1425
0.143,0.0102245000054613,0.143
0.1435,0.0102961250054641,0.1435
0.144,0.010368000005467,0.144
0.1445,0.0104401250054698,0.1445
0.145,0.0105125000054727,0.145
0.1455,0.0105851250054755,0.1455
0.146,0.0106580000054783,0.146
0.1465,0.0107311250054811,0.1465
0.147,0.0108045000054839,0.147
0.1475,0.0108781250054867,0.1475
0.148,0.0109520000054895,0.148
0.1485,0.0110261250054923,0.1485
0.149,0.011100500005495,0.149
0.1495,0.0111751250054978,0.1495
0.15,0.0112500000055005,0.15
0.1505,0.0113251250055033,0.1505
0.151,0.011400500005506,0.151
0.1515,0.0114761250055087,0.1515
0.152,0.0115520000055115,0.152
0.1525,0.0116281250055142,0.1525
0.153,0.0117045000055169,0.153
0.1535,0.0117811250055196,0.1535
0.154,0.0118580000055222,0.154
0.1545,0.0119351250055249,0.1545
0.155,0.0120125000055276,0.155
0.1555,0.0120901250055302,0.1555
0.156,0.0121680000055329,0.156
0.1565,0.0122461250055355,0.1565
0.157,0.0123245000055382,0.157
0.1575,0.0124031250055408,0.1575
0.158,0.0124820000055434,0.158
0.1585,0.012561125005546,0.1585
0.159,0.0126405000055486,0.159
0.1595,0.0127201250055512,0.1595
0.16,0.0128000000055538,0.16
0.1605,0.0128801250055563,0.1605
0.161,0.0129605000055589,0.161
0.1615,0.0130411250055615,0.1615
0.162,0.013122000005564,0.162
0.1625,0.0132031250055665,0.1625
0.163,0.0132845000055691,0.163
0.1635,0.0133661250055716,0.1635
0.164,0.0134480000055741,0.164
0.1645,0.0135301250055766,0.1645
0.165,0.0136125000055791,0.165
0.1655,0.0136951250055816,0.1655
0.166,0.0137780000055841,0.166
0.1665,0.0138611250055865,0.1665
0.167,0.013944500005589,0.167
0.1675,0.0140281250055915,0.1675
0.168,0.0141120000055939,0.168
0.1685,0.0141961250055963,0.1685
0.169,0.0142805000055988,0.169
0.1695,0.0143651250056012,0.1695
0.17,0.0144500000056036,0.17
0.1705,0.014535125005606,0.1705
0.171,0.0146205000056084,0.171
0.1715,0.0147061250056108,0.1715
0.172,0.0147920000056132,0.172
0.1725,0.0148781250056155,0.1725
0.173,0.0149645000056179,0.173
0.1735,0.0150511250056202,0.1735
0.174,0.0151380000056226,0.174
0.1745,0.0152251250056249,0.1745
0.175,0.0153125000056272,0.175
0.1755,0.0154001250056296,0.1755
0.176,0.0154880000056319,0.176
0.1765,0.0155761250056342,0.1765
0.177,0.0156645000056365,0.177
0.1775,0.0157531250056387,0.1775
0.178,0.015842000005641,0.178
0.1785,0.0159311250056433,0.1785
0.179,0.0160205000056455,0.179
0.1795,0.0161101250056478,0.1795
0.18,0.01620000000565,0.18
0.1805,0.0162901250056523,0.1805
0.181,0.0163805000056545,0.181
0.1815,0.0164711250056567,0.1815
0.182,0.0165620000056589,0.182
0.1825,0.0166531250056611,0.1825
0.183,0.0167445000056633,0.183
0.1835,0.0168361250056655,0.1835
0.184,0.0169280000056676,0.184
0.1845,0.0170201250056698,0.1845
0.185,0.017112500005672,0.185
0.1855,0.0172051250056741,0.1855
0.186,0.0172980000056763,0.186
0.1865,0.0173911250056784,0.1865
0.187,0.0174845000056805,0.187
0.1875,0.0175781250056826,0.1875
0.188,0.0176720000056847,0.188
0.1885,0.0177661250056868,0.1885
0.189,0.0178605000056889,0.189
0.1895,0.017955125005691,0.1895
0.19,0.0180500000056931,0.19
0.1905,0.0181451250056951,0.1905
0.191,0.0182405000056972,0.191
0.1915,0.0183361250056992,0.1915
0.192,0.0184320000057013,0.192
0.1925,0.0185281250057033,0.1925
0.193,0.0186245000057053,0.193
0.1935,0.0187211250057073,0.1935
0.194,0.0188180000057093,0.194
0.1945,0.0189151250057113,0.1945
0.195,0.0190125000057133,0.195
0.1955,0.0191101250057153,0.1955
0.196,0.0192080000057173,0.196
0.1965,0.0193061250057192,0.1965
0.197,0.0194045000057212,0.197
0.1975,0.0195031250057231,0.1975
0.198,0.0196020000057251,0.198
0.1985,0.019701125005727,0.1985
0.199,0.0198005000057289,0.199
0.1995,0.0199001250057308,0.1995
0.2,0.0200000000057327,0.2
0.2005,0.0201001250057346,0.2005
0.201,0.0202005000057365,0.201
0.2015,0.0203011250057384,0.2015
0.202,0.0204020000057402,0.202
0.2025,0.0205031250057421,0.2025
0.203,0.020604500005744,0.203
0.2035,0.0207061250057458,0.2035
0.204,0.0208080000057476,0.204
0.2045,0.0209101250057495,0.2045
0.205,0.0210125000057513,0.205
0.2055,0.0211151250057531,0.2055
0.206,0.0212180000057549,0.206
0.2065,0.0213211250057567,0.2065
0.207,0.0214245000057585,0.207
0.2075,0.0215281250057602,0.2075
0.208,0.021632000005762,0.208
0.2085,0.0217361250057638,0.2085
0.209,0.0218405000057655,0.209
0.2095,0.0219451250057672,0.2095
0.21,0.022050000005769,0.21
0.2105,0.0221551250057707,0.2105
0.211,0.0222605000057724,0.211
0.2115,0.0223661250057741,0.2115
0.212,0.0224720000057758,0.212
0.2125,0.0225781250057775,0.2125
0.213,0.0226845000057792,0.213
0.2135,0.0227911250057809,0.2135
0.214,0.0228980000057825,0.214
0.2145,0.0230051250057842,0.2145
0.215,0.0231125000057858,0.215
0.2155,0.0232201250057875,0.2155
0.216,0.0233280000057891,0.216
0.2165,0.0234361250057907,0.2165
0.217,0.0235445000057923,0.217
0.2175,0.0236531250057939,0.2175
0.218,0.0237620000057955,0.218
0.2185,0.0238711250057971,0.2185
0.219,0.0239805000057987,0.219
0.2195,0.0240901250058003,0.2195
0.22,0.0242000000058018,0.22
0.2205,0.0243101250058034,0.2205
0.221,0.024420500005805,0.221
0.2215,0.0245311250058065,0.2215
0.222,0.024642000005808,0.222
0.2225,0.0247531250058095,0.2225
0.223,0.0248645000058111,0.223
0.2235,0.0249761250058126,0.2235
0.224,0.025088000005814,0.224
0.2245,0.0252001250058155,0.2245
0.225,0.025312500005817,0.225
0.2255,0.0254251250058185,0.2255
0.226,0.0255380000058199,0.226
0.2265,0.0256511250058214,0.2265
0.227,0.0257645000058228,0.227
0.2275,0.0258781250058243,0.2275
0.228,0.0259920000058257,0.228
0.2285,0.0261061250058271,0.2285
0.229,0.0262205000058285,0.229
0.2295,0.0263351250058299,0.2295
0.23,0.0264500000058313,0.23
0.2305,0.0265651250058327,0.2305
0.231,0.0266805000058341,0.231
0.2315,0.0267961250058355,0.2315
0.232,0.0269120000058368,0.232
0.2325,0.0270281250058382,0.2325
0.233,0.0271445000058395,0.233
0.2335,0.0272611250058408,0.2335
0.234,0.0273780000058422,0.234
0.2345,0.0274951250058435,0.2345
0.235,0.0276125000058448,0.235
0.2355,0.0277301250058461,0.2355
0.236,0.0278480000058474,0.236
0.2365,0.0279661250058487,0.2365
0.237,0.0280845000058499,0.237
0.2375,0.0282031250058512,0.2375
0.238,0.0283220000058525,0.238
0.2385,0.0284411250058537,0.2385
0.239,0.028560500005855,0.239
0.2395,0.0286801250058562,0.2395
0.24,0.0288000000058574,0.24
0.2405,0.0289201250058586,0.2405
0.241,0.0290405000058598,0.241
0.2415,0.029161125005861,0.2415
0.242,0.0292820000058622,0.242
0.2425,0.0294031250058634,0.2425
0.243,0.0295245000058646,0.243
0.2435,0.0296461250058657,0.2435
0.244,0.0297680000058669,0.244
0.2445,0.029890125005868,0.2445
0.245,0.0300125000058692,0.245
0.2455,0.0301351250058703,0.2455
0.246,0.0302580000058714,0.246
0.2465,0.0303811250058725,0.2465
0.247,0.0305045000058737,0.247
0.2475,0.0306281250058747,0.2475
0.248,0.0307520000058758,0.248
0.2485,0.0308761250058769,0.2485
0.249,0.031000500005878,0.249
0.2495,0.031125125005879,0.2495
0.25,0.0312500000058801,0.25
0.2505,0.0313751250058811,0.2505
0.251,0.0315005000058822,0.251
0.2515,0.0316261250058832,0.2515
0.252,0.0317520000058842,0.252
0.2525,0.0318781250058852,0.2525
0.253,0.0320045000058862,0.253
0.2535,0.0321311250058872,0.2535
0.254,0.0322580000058882,0.254
0.2545,0.0323851250058892,0.2545
0.255,0.0325125000058902,0.255
0.2555,0.0326401250058911,0.2555
0.256,0.0327680000058921,0.256
0.2565,0.032896125005893,0.2565
0.257,0.033024500005894,0.257
0.2575,0.0331531250058949,0.2575
0.258,0.0332820000058958,0.258
0.2585,0.0334111250058967,0.2585
0.259,0.0335405000058976,0.259
0.2595,0.0336701250058985,0.2595
0.26,0.0338000000058994,0.26
0.2605,0.0339301250059003,0.2605
0.261,0.0340605000059011,0.261
0.2615,0.034191125005902,0.2615
0.262,0.0343220000059029,0.262
0.2625,0.0344531250059043,0.2625
0.263,0.0345845000059059,0.263
0.2635,0.0347161250059075,0.2635
0.264,0.0348480000059092,0.264
0.2645,0.0349801250059108,0.2645
0.265,0.0351125000059124,0.265
0.2655,0.0352451250059141,0.2655
0.266,0.0353780000059157,0.266
0.2665,0.0355111250059173,0.2665
0.267,0.035644500005919,0.267
0.2675,0.0357781250059206,0.2675
0.268,0.0359120000059222,0.268
0.2685,0.0360461250059238,0.2685
0.269,0.0361805000059254,0.269
0.2695,0.036315125005927,0.2695
0.27,0.0364500000059286,0.27
0.2705,0.0365851250059302,0.2705
0.271,0.0367205000059318,0.271
0.2715,0.0368561250059335,0.2715
0.272,0.036992000005935,0.272
0.2725,0.0371281250059366,0.2725
0.273,0.0372645000059382,0.273
0.2735,0.0374011250059398,0.2735
0.274,0.0375380000059414,0.274
0.2745,0.037675125005943,0.2745
0.275,0.0378125000059446,0.275
0.2755,0.0379501250059462,0.2755
0.276,0.0380880000059478,0.276
0.2765,0.0382261250059493,0.2765
0.277,0.0383645000059509,0.277
0.2775,0.0385031250059525,0.2775
0.278,0.038642000005954,0.278
0.2785,0.0387811250059556,0.2785
0.279,0.0389205000059572,0.279
0.2795,0.0390601250059587,0.2795
0.28,0.0392000000059603,0.28
0.2805,0.0393401250059619,0.2805
0.281,0.0394805000059634,0.281
0.2815,0.039621125005965,0.2815
0.282,0.0397620000059665,0.282
0.2825,0.0399031250059681,0.2825
0.283,0.0400445000059696,0.283
0.2835,0.0401861250059712,0.2835
0.284,0.0403280000059727,0.284
0.2845,0.0404701250059743,0.2845
0.285,0.0406125000059758,0.285
0.2855,0.0407551250059773,0.2855
0.286,0.0408980000059789,0.286
0.2865,0.0410411250059804,0.2865
0.287,0.0411845000059819,0.287
0.2875,0.0413281250059834,0.2875
0.288,0.041472000005985,0.288
0.2885,0.0416161250059865,0.2885
0.289,0.041760500005988,0.289
0.2895,0.0419051250059895,0.2895
0.29,0.042050000005991,0.29
0.2905,0.0421951250059925,0.2905
0.291,0.042340500005994,0.291
0.2915,0.0424861250059955,0.2915
0.292,0.042632000005997,0.292
0.2925,0.0427781250059985,0.2925
0.293,0.042924500006,0.293
0.2935,0.0430711250060015,0.2935
0.294,0.043218000006003,0.294
0.2945,0.0433651250060045,0.2945
0.295,0.043512500006006,0.295
0.2955,0.0436601250060075,0.2955
0.296,0.043808000006009,0.296
0.2965,0.0439561250060105,0.2965
0.297,0.044104500006012,0.297
0.2975,0.0442531250060134,0.2975
0.298,0.0444020000060149,0.298
0.2985,0.0445511250060164,0.2985
0.299,0.0447005000060178,0.299
0.2995,0.0448501250060193,0.2995
0.3,0.0450000000060208,0.3
0.3005,0.0451501250060223,0.3005
0.301,0.0453005000060237,0.301
0.3015,0.0454511250060252,0.3015
0.302,0.0456020000060266,0.302
0.3025,0.0457531250060281,0.3025
0.303,0.0459045000060295,0.303
0.3035,0.046056125006031,0.3035
0.304,0.0462080000060324,0.304
0.3045,0.0463601250060339,0.3045
0.305,0.0465125000060353,0.305
0.3055,0.0466651250060367,0.3055
0.306,0.0468180000060382,0.306
0.3065,0.0469711250060396,0.3065
0.307,0.0471245000060411,0.307
0.3075,0.0472781250060425,0.3075
0.308,0.0474320000060439,0.308
0.3085,0.0475861250060453,0.3085
0.309,0.0477405000060468,0.309
0.3095,0.0478951250060482,0.3095
0.31,0.0480500000060496,0.31
0.3105,0.048205125006051,0.3105
0.311,0.0483605000060524,0.311
0.3115,0.0485161250060538,0.3115
0.312,0.0486720000060553,0.312
0.3125,0.0488281250060567,0.3125
0.313,0.0489845000060581,0.313
0.3135,0.0491411250060595,0.3135
0.314,0.0492980000060609,0.314
0.3145,0.0494551250060623,0.3145
0.315,0.0496125000060637,0.315
0.3155,0.049770125006065,0.3155
0.316,0.0499280000060664,0.316
0.3165,0.0500861250060678,0.3165
0.317,0.0502445000060692,0.317
0.3175,0.0504031250060706,0.3175
0.318,0.050562000006072,0.318
0.3185,0.0507211250060733,0.3185
0.319,0.0508805000060747,0.319
0.3195,0.0510401250060761,0.3195
0.32,0.0512000000060775,0.32
0.3205,0.0513601250060788,0.3205
0.321,0.0515205000060802,0.321
0.3215,0.0516811250060816,0.3215
0.322,0.0518420000060829,0.322
0.3225,0.0520031250060843,0.3225
0.323,0.0521645000060856,0.323
0.3235,0.052326125006087,0.3235
0.324,0.0524880000060884,0.324
0.3245,0.0526501250060897,0.3245
0.325,0.052812500006091,0.325
0.3255,0.0529751250060924,0.3255
0.326,0.0531380000060937,0.326
0.3265,0.0533011250060951,0.3265
0.327,0.0534645000060964,0.327
0.3275,0.0536281250060978,0.3275
0.328,0.0537920000060991,0.328
0.3285,0.0539561250061004,0.3285
0.329,0.0541205000061018,0.329
0.3295,0.0542851250061031,0.3295
0.33,0.0544500000061044,0.33
0.3305,0.0546151250061057,0.3305
0.331,0.054780500006107,0.331
0.3315,0.0549461250061084,0.3315
0.332,0.0551120000061097,0.332
0.3325,0.055278125006111,0.3325
0.333,0.0554445000061123,0.333
0.3335,0.0556111250061136,0.3335
0.334,0.0557780000061149,0.334
0.3345,0.0559451250061162,0.3345
0.335,0.0561125000061175,0.335
0.3355,0.0562801250061188,0.3355
0.336,0.0564480000061201,0.336
0.3365,0.0566161250061214,0.3365
0.337,0.0567845000061227,0.337
0.3375,0.056953125006124,0.3375
0.338,0.0571220000061253,0.338
0.3385,0.0572911250061265,0.3385
0.339,0.0574605000061278,0.339
0.3395,0.0576301250061291,0.3395
0.34,0.0578000000061304,0.34
0.3405,0.0579701250061316,0.3405
0.341,0.0581405000061329,0.341
0.3415,0.0583111250061342,0.3415
0.342,0.0584820000061355,0.342
0.3425,0.0586531250061367,0.3425
0.343,0.058824500006138,0.343
0.3435,0.0589961250061392,0.3435
0.344,0.0591680000061405,0.344
0.3445,0.0593401250061417,0.3445
0.345,0.059512500006143,0.345
0.3455,0.0596851250061443,0.3455
0.346,0.0598580000061455,0.346
0.3465,0.0600311250061467,0.3465
0.347,0.060204500006148,0.347
0.3475,0.0603781250061492,0.3475
0.348,0.0605520000061505,0.348
0.3485,0.0607261250061517,0.3485
0.349,0.0609005000061529,0.349
0.3495,0.0610751250061542,0.3495
0.35,0.0612500000061554,0.35
0.3505,0.0614251250061566,0.3505
0.351,0.0616005000061578,0.351
0.3515,0.0617761250061591,0.3515
0.352,0.0619520000061603,0.352
0.3525,0.0621281250061615,0.3525
0.353,0.0623045000061627,0.353
0.3535,0.0624811250061639,0.3535
0.354,0.0626580000061651,0.354
0.3545,0.0628351250061663,0.3545
0.355,0.0630125000061675,0.355
0.3555,0.0631901250061687,0.3555
0.356,0.0633680000061699,0.356
0.3565,0.0635461250061711,0.3565
0.357,0.0637245000061723,0.357
0.3575,0.0639031250061735,0.3575
0.358,0.0640820000061747,0.358
0.3585,0.0642611250061759,0.3585
0.359,0.0644405000061771,0.359
0.3595,0.0646201250061783,0.3595
0.36,0.0648000000061795,0.36
0.3605,0.0649801250061806,0.3605
0.361,0.0651605000061818,0.361
0.3615,0.065341125006183,0.3615
0.362,0.0655220000061842,0.362
0.3625,0.0657031250061853,0.3625
0.363,0.0658845000061865,0.363
0.3635,0.0660661250061877,0.3635
0.364,0.0662480000061888,0.364
0.3645,0.06643012500619,0.3645
0.365,0.0666125000061911,0.365
0.3655,0.0667951250061923,0.3655
0.366,0.0669780000061935,0.366
0.3665,0.0671611250061946,0.3665
0.367,0.0673445000061957,0.367
0.3675,0.0675281250061969,0.3675
0.368,0.067712000006198,0.368
0.3685,0.0678961250061992,0.3685
0.369,0.0680805000062003,0.369
0.3695,0.0682651250062014,0.3695
0.37,0.0684500000062026,0.37
0.3705,0.0686351250062037,0.3705
0.371,0.0688205000062048,0.371
0.3715,0.069006125006206,0.3715
0.372,0.0691920000062071,0.372
0.3725,0.0693781250062082,0.3725
0.373,0.0695645000062093,0.373
0.3735,0.0697511250062104,0.3735
0.374,0.0699380000062116,0.374
0.3745,0.0701251250062127,0.3745
0.375,0.0703125000062138,0.375
0.3755,0.0705001250062149,0.3755
0.376,0.070688000006216,0.376
0.3765,0.0708761250062171,0.3765
0.377,0.0710645000062182,0.377
0.3775,0.0712531250062193,0.3775
0.378,0.0714420000062204,0.378
0.3785,0.0716311250062215,0.3785
0.379,0.0718205000062226,0.379
0.3795,0.0720101250062237,0.3795
0.38,0.0722000000062248,0.38
0.3805,0.0723901250062258,0.3805
0.381,0.0725805000062269,0.381
0.3815,0.072771125006228,0.3815
0.382,0.0729620000062291,0.382
0.3825,0.0731531250062301,0.3825
0.383,0.0733445000062312,0.383
0.3835,0.0735361250062323,0.3835
0.384,0.0737280000062333,0.384
0.3845,0.0739201250062344,0.3845
0.385,0.0741125000062355,0.385
0.3855,0.0743051250062366,0.3855
0.386,0.0744980000062376,0.386
0.3865,0.0746911250062387,0.3865
0.387,0.0748845000062397,0.387
0.3875,0.0750781250062408,0.3875
0.388,0.0752720000062418,0.388
0.3885,0.0754661250062429,0.3885
0.389,0.0756605000062439,0.389
0.3895,0.0758551250062449,0.3895
0.39,0.076050000006246,0.39
0.3905,0.076245125006247,0.3905
0.391,0.0764405000062481,0.391
0.3915,0.0766361250062491,0.3915
0.392,0.0768320000062501,0.392
0.3925,0.0770281250062511,0.3925
0.393,0.0772245000062522,0.393
0.3935,0.0774211250062532,0.3935
0.394,0.0776180000062542,0.394
0.3945,0.0778151250062552,0.3945
0.395,0.0780125000062563,0.395
0.3955,0.0782101250062573,0.3955
0.396,0.0784080000062583,0.396
0.3965,0.0786061250062593,0.3965
0.397,0.0788045000062603,0.397
0.3975,0.0790031250062613,0.3975
0.398,0.0792020000062623,0.398
0.3985,0.0794011250062633,0.3985
0.399,0.0796005000062643,0.399
0.3995,0.0798001250062653,0.3995
0.4,0.0800000000062663,0.4
0.4005,0.0802001250062672,0.4005
0.401,0.0804005000062682,0.401
0.4015,0.0806011250062692,0.4015
0.402,0.0808020000062702,0.402
0.4025,0.0810031250062712,0.4025
0.403,0.0812045000062722,0.403
0.4035,0.0814061250062731,0.4035
0.404,0.0816080000062741,0.404
0.4045,0.0818101250062751,0.4045
0.405,0.0820125000062761,0.405
0.4055,0.082215125006277,0.4055
0.406,0.082418000006278,0.406
0.4065,0.0826211250062789,0.4065
0.407,0.0828245000062799,0.407
0.4075,0.0830281250062809,0.4075
0.408,0.0832320000062818,0.408
0.4085,0.0834361250062828,0.4085
0.409,0.0836405000062837,0.409
0.4095,0.0838451250062846,0.4095
0.41,0.0840500000062856,0.41
0.4105,0.0842551250062865,0.4105
0.411,0.0844605000062875,0.411
0.4115,0.0846661250062884,0.4115
0.412,0.0848720000062894,0.412
0.4125,0.0850781250062903,0.4125
0.413,0.0852845000062912,0.413
0.4135,0.0854911250062921,0.4135
0.414,0.0856980000062931,0.414
0.4145,0.085905125006294,0.4145
0.415,0.0861125000062949,0.415
0.4155,0.0863201250062958,0.4155
0.416,0.0865280000062967,0.416
0.4165,0.0867361250062976,0.4165
0.417,0.0869445000062985,0.417
0.4175,0.0871531250062994,0.4175
0.418,0.0873620000063003,0.418
0.4185,0.0875711250063013,0.4185
0.419,0.0877805000063022,0.419
0.4195,0.087990125006303,0.4195
0.42,0.0882000000063039,0.42
0.4205,0.0884101250063049,0.4205
0.421,0.0886205000063057,0.421
0.4215,0.0888311250063066,0.4215
0.422,0.0890420000063075,0.422
0.4225,0.0892531250063084,0.4225
0.423,0.0894645000063093,0.423
0.4235,0.0896761250063102,0.4235
0.424,0.089888000006311,0.424
0.4245,0.0901001250063119,0.4245
0.425,0.0903125000063128,0.425
0.4255,0.0905251250063137,0.4255
0.426,0.0907380000063145,0.426
0.4265,0.0909511250063154,0.4265
0.427,0.0911645000063163,0.427
0.4275,0.0913781250063171,0.4275
0.428,0.091592000006318,0.428
0.4285,0.0918061250063188,0.4285
0.429,0.0920205000063197,0.429
0.4295,0.0922351250063205,0.4295
0.43,0.0924500000063214,0.43
0.4305,0.0926651250063222,0.4305
0.431,0.0928805000063231,0.431
0.4315,0.0930961250063239,0.4315
0.432,0.0933120000063248,0.432
0.4325,0.0935281250063256,0.4325
0.433,0.0937445000063264,0.433
0.4335,0.0939611250063273,0.4335
0.434,0.0941780000063281,0.434
0.4345,0.0943951250063289,0.4345
0.435,0.0946125000063297,0.435
0.4355,0.0948301250063306,0.4355
0.436,0.0950480000063314,0.436
0.4365,0.0952661250063322,0.4365
0.437,0.095484500006333,0.437
0.4375,0.0957031250063338,0.4375
0.438,0.0959220000063346,0.438
0.4385,0.0961411250063355,0.4385
0.439,0.0963605000063363,0.439
0.4395,0.0965801250063371,0.4395
0.44,0.0968000000063379,0.44
0.4405,0.0970201250063387,0.4405
0.441,0.0972405000063395,0.441
0.4415,0.0974611250063403,0.4415
0.442,0.0976820000063411,0.442
0.4425,0.0979031250063419,0.4425
0.443,0.0981245000063426,0.443
0.4435,0.0983461250063434,0.4435
0.444,0.0985680000063442,0.444
0.4445,0.098790125006345,0.4445
0.445,0.0990125000063458,0.445
0.4455,0.0992351250063465,0.4455
0.446,0.0994580000063473,0.446
0.4465,0.0996811250063481,0.4465
0.447,0.0999045000063488,0.447
0.4475,0.10012812500635,0.4475
0.448,0.10035200000635,0.448
0.4485,0.100576125006351,0.4485
0.449,0.100800500006352,0.449
0.4495,0.101025125006353,0.4495
0.45,0.101250000006353,0.45
0.4505,0.101475125006354,0.4505
0.451,0.101700500006355,0.451
0.4515,0.101926125006356,0.4515
0.452,0.102152000006356,0.452
0.4525,0.102378125006357,0.4525
0.453,0.102604500006358,0.453
0.4535,0.102831125006359,0.4535
0.454,0.103058000006359,0.454
0.4545,0.10328512500636,0.4545
0.455,0.103512500006361,0.455
0.4555,0.103740125006362,0.4555
0.456,0.103968000006362,0.456
0.4565,0.104196125006363,0.4565
0.457,0.104424500006364,0.457
0.4575,0.104653125006364,0.4575
0.458,0.104882000006365,0.458
0.4585,0.105111125006366,0.4585
0.459,0.105340500006367,0.459
0.4595,0.105570125006367,0.4595
0.46,0.105800000006368,0.46
0.4605,0.106030125006369,0.4605
0.461,0.106260500006369,0.461
0.4615,0.10649112500637,0.4615
0.462,0.106722000006371,0.462
0.4625,0.106953125006371,0.4625
0.463,0.107184500006372,0.463
0.4635,0.107416125006373,0.4635
0.464,0.107648000006374,0.464
0.4645,0.107880125006374,0.4645
0.465,0.108112500006375,0.465
0.4655,0.108345125006376,0.4655
0.466,0.108578000006376,0.466
0.4665,0.108811125006377,0.4665
0.467,0.109044500006378,0.467
0.4675,0.109278125006378,0.4675
0.468,0.109512000006379,0.468
0.4685,0.10974612500638,0.4685
0.469,0.10998050000638,0.469
0.4695,0.110215125006381,0.4695
0.47,0.110450000006382,0.47
0.4705,0.110685125006382,0.4705
0.471,0.110920500006383,0.471
0.4715,0.111156125006384,0.4715
0.472,0.111392000006384,0.472
0.4725,0.111628125006385,0.4725
0.473,0.111864500006386,0.473
0.4735,0.112101125006386,0.4735
0.474,0.112338000006387,0.474
0.4745,0.112575125006387,0.4745
0.475,0.112812500006388,0.475
0.4755,0.113050125006389,0.4755
0.476,0.113288000006389,0.476
0.4765,0.11352612500639,0.4765
0.477,0.113764500006391,0.477
0.4775,0.114003125006391,0.4775
0.478,0.114242000006392,0.478
0.4785,0.114481125006392,0.4785
0.479,0.114720500006393,0.479
0.4795,0.114960125006394,0.4795
0.48,0.115200000006394,0.48
0.4805,0.115440125006395,0.4805
0.481,0.115680500006396,0.481
0.4815,0.115921125006396,0.4815
0.482,0.116162000006397,0.482
0.4825,0.116403125006397,0.4825
0.483,0.116644500006398,0.483
0.4835,0.116886125006399,0.4835
0.484,0.117128000006399,0.484
0.4845,0.1173701250064,0.4845
0.485,0.1176125000064,0.485
0.4855,0.117855125006401,0.4855
0.486,0.118098000006401,0.486
0.4865,0.118341125006402,0.4865
0.487,0.118584500006403,0.487
0.4875,0.118828125006403,0.4875
0.488,0.119072000006404,0.488
0.4885,0.119316125006404,0.4885
0.489,0.119560500006405,0.489
0.4895,0.119805125006405,0.4895
0.49,0.120050000006406,0.49
0.4905,0.120295125006407,0.4905
0.491,0.120540500006407,0.491
0.4915,0.120786125006408,0.4915
0.492,0.121032000006408,0.492
0.4925,0.121278125006409,0.4925
0.493,0.121524500006409,0.493
0.4935,0.12177112500641,0.4935
0.494,0.12201800000641,0.494
0.4945,0.122265125006411,0.4945
0.495,0.122512500006412,0.495
0.4955,0.122760125006412,0.4955
0.496,0.123008000006413,0.496
0.4965,0.123256125006413,0.4965
0.497,0.123504500006414,0.497
0.4975,0.123753125006414,0.4975
0.498,0.124002000006415,0.498
0.4985,0.124251125006415,0.4985
0.499,0.124500500006416,0.499
0.4995,0.124750125006416,0.4995
0.5,0.125000000006417,0.5
0.5005,0.125250125006417,0.5005
0.501,0.125500500006418,0.501
0.5015,0.125751125006418,0.5015
0.502,0.126002000006419,0.502
0.5025,0.126253125006419,0.5025
0.503,0.12650450000642,0.503
0.5035,0.12675612500642,0.5035
0.504,0.127008000006421,0.504
0.5045,0.127260125006421,0.5045
0.505,0.127512500006422,0.505
0.5055,0.127765125006422,0.5055
0.506,0.128018000006423,0.506
0.5065,0.128271125006423,0.5065
0.507,0.128524500006424,0.507
0.5075,0.128778125006424,0.5075
0.508,0.129032000006425,0.508
0.5085,0.129286125006425,0.5085
0.509,0.129540500006426,0.509
0.5095,0.129795125006426,0.5095
0.51,0.130050000006427,0.51
0.5105,0.130305125006427,0.5105
0.511,0.130560500006428,0.511
0.5115,0.130816125006428,0.5115
0.512,0.131072000006429,0.512
0.5125,0.131328125006429,0.5125
0.513,0.131584500006429,0.513
0.5135,0.13184112500643,0.5135
0.514,0.13209800000643,0.514
0.5145,0.132355125006431,0.5145
0.515,0.132612500006431,0.515
0.5155,0.132870125006432,0.5155
0.516,0.133128000006432,0.516
0.5165,0.133386125006433,0.5165
0.517,0.133644500006433,0.517
0.5175,0.133903125006433,0.5175
0.518,0.134162000006434,0.518
0.5185,0.134421125006434,0.5185
0.519,0.134680500006435,0.519
0.5195,0.134940125006435,0.5195
0.52,0.135200000006436,0.52
0.5205,0.135460125006436,0.5205
0.521,0.135720500006436,0.521
0.5215,0.135981125006437,0.5215
0.522,0.136242000006437,0.522
0.5225,0.136503125006438,0.5225
0.523,0.136764500006438,0.523
0.5235,0.137026125006438,0.5235
0.524,0.137288000006439,0.524
0.5245,0.137550125006439,0.5245
0.525,0.13781250000644,0.525
0.5255,0.138075125006441,0.5255
0.526,0.138338000006442,0.526
0.5265,0.138601125006443,0.5265
0.527,0.138864500006444,0.527
0.5275,0.139128125006444,0.5275
0.528,0.139392000006445,0.528
0.5285,0.139656125006446,0.5285
0.529,0.139920500006447,0.529
0.5295,0.140185125006448,0.5295
0.53,0.140450000006449,0.53
0.5305,0.140715125006449,0.5305
0.531,0.14098050000645,0.531
0.5315,0.141246125006451,0.5315
0.532,0.141512000006452,0.532
0.5325,0.141778125006453,0.5325
0.533,0.142044500006454,0.533
0.5335,0.142311125006454,0.5335
0.534,0.142578000006455,0.534
0.5345,0.142845125006456,0.5345
0.535,0.143112500006457,0.535
0.5355,0.143380125006458,0.5355
0.536,0.143648000006459,0.536
0.5365,0.143916125006459,0.5365
0.537,0.14418450000646,0.537
0.5375,0.144453125006461,0.5375
0.538,0.144722000006462,0.538
0.5385,0.144991125006463,0.5385
0.539,0.145260500006464,0.539
0.5395,0.145530125006464,0.5395
0.54,0.145800000006465,0.54
0.5405,0.146070125006466,0.5405
0.541,0.146340500006467,0.541
0.5415,0.146611125006468,0.5415
0.542,0.146882000006468,0.542
0.5425,0.147153125006469,0.5425
0.543,0.14742450000647,0.543
0.5435,0.147696125006471,0.5435
0.544,0.147968000006472,0.544
0.5445,0.148240125006472,0.5445
0.545,0.148512500006473,0.545
0.5455,0.148785125006474,0.5455
0.546,0.149058000006475,0.546
0.5465,0.149331125006476,0.5465
0.547,0.149604500006477,0.547
0.5475,0.149878125006477,0.5475
0.548,0.150152000006478,0.548
0.5485,0.150426125006479,0.5485
0.549,0.15070050000648,0.549
0.5495,0.150975125006481,0.5495
0.55,0.151250000006481,0.55
0.5505,0.151525125006482,0.5505
0.551,0.151800500006483,0.551
0.5515,0.152076125006484,0.5515
0.552,0.152352000006485,0.552
0.5525,0.152628125006485,0.5525
0.553,0.152904500006486,0.553
0.5535,0.153181125006487,0.5535
0.554,0.153458000006488,0.554
0.5545,0.153735125006489,0.5545
0.555,0.154012500006489,0.555
0.5555,0.15429012500649,0.5555
0.556,0.154568000006491,0.556
0.5565,0.154846125006492,0.5565
0.557,0.155124500006493,0.557
0.5575,0.155403125006493,0.5575
0.558,0.155682000006494,0.558
0.5585,0.155961125006495,0.5585
0.559,0.156240500006496,0.559
0.5595,0.156520125006497,0.5595
0.56,0.156800000006497,0.56
0.5605,0.157080125006498,0.5605
0.561,0.157360500006499,0.561
0.5615,0.1576411250065,0.5615
0.562,0.157922000006501,0.562
0.5625,0.158203125006501,0.5625
0.563,0.158484500006502,0.563
0.5635,0.158766125006503,0.5635
0.564,0.159048000006504,0.564
0.5645,0.159330125006504,0.5645
0.565,0.159612500006505,0.565
0.5655,0.159895125006506,0.5655
0.566,0.160178000006507,0.566
0.5665,0.160461125006508,0.5665
0.567,0.160744500006508,0.567
0.5675,0.161028125006509,0.5675
0.568,0.16131200000651,0.568
0.5685,0.161596125006511,0.5685
0.569,0.161880500006511,0.569
0.5695,0.162165125006512,0.5695
0.57,0.162450000006513,0.57
0.5705,0.162735125006514,0.5705
0.571,0.163020500006515,0.571
0.5715,0.163306125006515,0.5715
0.572,0.163592000006516,0.572
0.5725,0.163878125006517,0.5725
0.573,0.164164500006518,0.573
0.5735,0.164451125006518,0.5735
0.574,0.164738000006519,0.574
0.5745,0.16502512500652,0.5745
0.575,0.165312500006521,0.575
0.5755,0.165600125006522,0.5755
0.576,0.165888000006522,0.576
0.5765,0.166176125006523,0.5765
0.577,0.166464500006524,0.577
0.5775,0.166753125006525,0.5775
0.578,0.167042000006525,0.578
0.5785,0.167331125006526,0.5785
0.579,0.167620500006527,0.579
0.5795,0.167910125006528,0.5795
0.58,0.168200000006528,0.58
0.5805,0.168490125006529,0.5805
0.581,0.16878050000653,0.581
0.5815,0.169071125006531,0.5815
0.582,0.169362000006531,0.582
0.5825,0.169653125006532,0.5825
0.583,0.169944500006533,0.583
0.5835,0.170236125006534,0.5835
0.584,0.170528000006534,0.584
0.5845,0.170820125006535,0.5845
0.585,0.171112500006536,0.585
0.5855,0.171405125006537,0.5855
0.586,0.171698000006537,0.586
0.5865,0.171991125006538,0.5865
0.587,0.172284500006539,0.587
0.5875,0.17257812500654,0.5875
0.588,0.172872000006541,0.588
0.5885,0.173166125006541,0.5885
0.589,0.173460500006542,0.589
0.5895,0.173755125006543,0.5895
0.59,0.174050000006543,0.59
0.5905,0.174345125006544,0.5905
0.591,0.174640500006545,0.591
0.5915,0.174936125006546,0.5915
0.592,0.175232000006547,0.592
0.5925,0.175528125006547,0.5925
0.593,0.175824500006548,0.593
0.5935,0.176121125006549,0.5935
0.594,0.176418000006549,0.594
0.5945,0.17671512500655,0.5945
0.595,0.177012500006551,0.595
0.5955,0.177310125006552,0.5955
0.596,0.177608000006552,0.596
0.5965,0.177906125006553,0.5965
0.597,0.178204500006554,0.597
0.5975,0.178503125006555,0.5975
0.598,0.178802000006555,0.598
0.5985,0.179101125006556,0.5985
0.599,0.179400500006557,0.599
0.5995,0.179700125006558,0.5995
0.6,0.180000000006558,0.6
0.6005,0.180300125006559,0.6005
0.601,0.18060050000656,0.601
0.6015,0.180901125006561,0.6015
0.602,0.181202000006561,0.602
0.6025,0.181503125006562,0.6025
0.603,0.181804500006563,0.603
0.6035,0.182106125006564,0.6035
0.604,0.182408000006564,0.604
0.6045,0.182710125006565,0.6045
0.605,0.183012500006566,0.605
0.6055,0.183315125006566,0.6055
0.606,0.183618000006567,0.606
0.6065,0.183921125006568,0.6065
0.607,0.184224500006569,0.607
0.6075,0.184528125006569,0.6075
0.608,0.18483200000657,0.608
0.6085,0.185136125006571,0.6085
0.609,0.185440500006571,0.609
0.6095,0.185745125006572,0.6095
0.61,0.186050000006573,0.61
0.6105,0.186355125006574,0.6105
0.611,0.186660500006574,0.611
0.6115,0.186966125006575,0.6115
0.612,0.187272000006576,0.612
0.6125,0.187578125006577,0.6125
0.613,0.187884500006577,0.613
0.6135,0.188191125006578,0.6135
0.614,0.188498000006579,0.614
0.6145,0.188805125006579,0.6145
0.615,0.18911250000658,0.615
0.6155,0.189420125006581,0.6155
0.616,0.189728000006582,0.616
0.6165,0.190036125006582,0.6165
0.617,0.190344500006583,0.617
0.6175,0.190653125006584,0.6175
0.618,0.190962000006584,0.618
0.6185,0.191271125006585,0.6185
0.619,0.191580500006586,0.619
0.6195,0.191890125006587,0.6195
0.62,0.192200000006587,0.62
0.6205,0.192510125006588,0.6205
0.621,0.192820500006589,0.621
0.6215,0.193131125006589,0.6215
0.622,0.19344200000659,0.622
0.6225,0.193753125006591,0.6225
0.623,0.194064500006591,0.623
0.6235,0.194376125006592,0.6235
0.624,0.194688000006593,0.624
0.6245,0.195000125006594,0.6245
0.625,0.195312500006594,0.625
0.6255,0.195625125006595,0.6255
0.626,0.195938000006596,0.626
0.6265,0.196251125006596,0.6265
0.627,0.196564500006597,0.627
0.6275,0.196878125006598,0.6275
0.628,0.197192000006598,0.628
0.6285,0.197506125006599,0.6285
0.629,0.1978205000066,0.629
0.6295,0.198135125006601,0.6295
0.63,0.198450000006601,0.63
0.6305,0.198765125006602,0.6305
0.631,0.199080500006603,0.631
0.6315,0.199396125006603,0.6315
0.632,0.199712000006604,0.632
0.6325,0.200028125006605,0.6325
0.633,0.200344500006605,0.633
0.6335,0.200661125006606,0.6335
0.634,0.200978000006607,0.634
0.6345,0.201295125006607,0.6345
0.635,0.201612500006608,0.635
0.6355,0.201930125006609,0.6355
0.636,0.202248000006609,0.636
0.6365,0.20256612500661,0.6365
0.637,0.202884500006611,0.637
0.6375,0.203203125006612,0.6375
0.638,0.203522000006612,0.638
0.6385,0.203841125006613,0.6385
0.639,0.204160500006614,0.639
0.6395,0.204480125006614,0.6395
0.64,0.204800000006615,0.64
0.6405,0.205120125006616,0.6405
0.641,0.205440500006616,0.641
0.6415,0.205761125006617,0.6415
0.642,0.206082000006618,0.642
0.6425,0.206403125006618,0.6425
0.643,0.206724500006619,0.643
0.6435,0.20704612500662,0.6435
0.644,0.20736800000662,0.644
0.6445,0.207690125006621,0.6445
0.645,0.208012500006622,0.645
0.6455,0.208335125006622,0.6455
0.646,0.208658000006623,0.646
0.6465,0.208981125006624,0.6465
0.647,0.209304500006624,0.647
0.6475,0.209628125006625,0.6475
0.648,0.209952000006626,0.648
0.6485,0.210276125006626,0.6485
0.649,0.210600500006627,0.649
0.6495,0.210925125006628,0.6495
0.65,0.211250000006628,0.65
0.6505,0.211575125006629,0.6505
0.651,0.21190050000663,0.651
0.6515,0.21222612500663,0.6515
0.652,0.212552000006631,0.652
0.6525,0.212878125006632,0.6525
0.653,0.213204500006632,0.653
0.6535,0.213531125006633,0.6535
0.654,0.213858000006634,0.654
0.6545,0.214185125006634,0.6545
0.655,0.214512500006635,0.655
0.6555,0.214840125006636,0.6555
0.656,0.215168000006636,0.656
0.6565,0.215496125006637,0.6565
0.657,0.215824500006638,0.657
0.6575,0.216153125006638,0.6575
0.658,0.216482000006639,0.658
0.6585,0.21681112500664,0.6585
0.659,0.21714050000664,0.659
0.6595,0.217470125006641,0.6595
0.66,0.217800000006642,0.66
0.6605,0.218130125006642,0.6605
0.661,0.218460500006643,0.661
0.6615,0.218791125006643,0.6615
0.662,0.219122000006644,0.662
0.6625,0.219453125006645,0.6625
0.663,0.219784500006645,0.663
0.6635,0.220116125006646,0.6635
0.664,0.220448000006647,0.664
0.6645,0.220780125006647,0.6645
0.665,0.221112500006648,0.665
0.6655,0.221445125006649,0.6655
0.666,0.221778000006649,0.666
0.6665,0.22211112500665,0.6665
0.667,0.222444500006651,0.667
0.6675,0.222778125006651,0.6675
0.668,0.223112000006652,0.668
0.6685,0.223446125006652,0.6685
0.669,0.223780500006653,0.669
0.6695,0.224115125006654,0.6695
0.67,0.224450000006654,0.67
0.6705,0.224785125006655,0.6705
0.671,0.225120500006656,0.671
0.6715,0.225456125006656,0.6715
0.672,0.225792000006657,0.672
0.6725,0.226128125006658,0.6725
0.673,0.226464500006658,0.673
0.6735,0.226801125006659,0.6735
0.674,0.22713800000666,0.674
0.6745,0.22747512500666,0.6745
0.675,0.227812500006661,0.675
0.6755,0.228150125006661,0.6755
0.676,0.228488000006662,0.676
0.6765,0.228826125006663,0.6765
0.677,0.229164500006663,0.677
0.6775,0.229503125006664,0.6775
0.678,0.229842000006665,0.678
0.6785,0.230181125006665,0.6785
0.679,0.230520500006666,0.679
0.6795,0.230860125006666,0.6795
0.68,0.231200000006667,0.68
0.6805,0.231540125006668,0.6805
0.681,0.231880500006668,0.681
0.6815,0.232221125006669,0.6815
0.682,0.23256200000667,0.682
0.6825,0.23290312500667,0.6825
0.683,0.233244500006671,0.683
0.6835,0.233586125006671,0.6835
0.684,0.233928000006672,0.684
0.6845,0.234270125006673,0.6845
0.685,0.234612500006673,0.685
0.6855,0.234955125006674,0.6855
0.686,0.235298000006675,0.686
0.6865,0.235641125006675,0.6865
0.687,0.235984500006676,0.687
0.6875,0.236328125006676,0.6875
0.688,0.236672000006677,0.688
0.6885,0.237016125006678,0.6885
0.689,0.237360500006678,0.689
0.6895,0.237705125006679,0.6895
0.69,0.238050000006679,0.69
0.6905,0.23839512500668,0.6905
0.691,0.238740500006681,0.691
0.6915,0.239086125006681,0.6915
0.692,0.239432000006682,0.692
0.6925,0.239778125006682,0.6925
0.693,0.240124500006683,0.693
0.6935,0.240471125006684,0.6935
0.694,0.240818000006684,0.694
0.6945,0.241165125006685,0.6945
0.695,0.241512500006686,0.695
0.6955,0.241860125006686,0.6955
0.696,0.242208000006687,0.696
0.6965,0.242556125006687,0.6965
0.697,0.242904500006688,0.697
0.6975,0.243253125006688,0.6975
0.698,0.243602000006689,0.698
0.6985,0.24395112500669,0.6985
0.699,0.24430050000669,0.699
0.6995,0.244650125006691,0.6995
0.7,0.245000000006692,0.7
0.7005,0.245350125006692,0.7005
0.701,0.245700500006693,0.701
0.7015,0.246051125006693,0.7015
0.702,0.246402000006694,0.702
0.7025,0.246753125006694,0.7025
0.703,0.247104500006695,0.703
0.7035,0.247456125006696,0.7035
0.704,0.247808000006696,0.704
0.7045,0.248160125006697,0.7045
0.705,0.248512500006697,0.705
0.7055,0.248865125006698,0.7055
0.706,0.249218000006699,0.706
0.7065,0.249571125006699,0.7065
0.707,0.2499245000067,0.707
0.7075,0.2502781250067,0.7075
0.708,0.250632000006701,0.708
0.7085,0.250986125006701,0.7085
0.709,0.251340500006702,0.709
0.7095,0.251695125006703,0.7095
0.71,0.252050000006703,0.71
0.7105,0.252405125006704,0.7105
0.711,0.252760500006704,0.711
0.7115,0.253116125006705,0.7115
0.712,0.253472000006705,0.712
0.7125,0.253828125006706,0.7125
0.713,0.254184500006707,0.713
0.7135,0.254541125006707,0.7135
0.714,0.254898000006708,0.714
0.7145,0.255255125006708,0.7145
0.715,0.255612500006709,0.715
0.7155,0.25597012500671,0.7155
0.716,0.25632800000671,0.716
0.7165,0.256686125006711,0.7165
0.717,0.257044500006711,0.717
0.7175,0.257403125006712,0.7175
0.718,0.257762000006712,0.718
0.7185,0.258121125006713,0.7185
0.719,0.258480500006714,0.719
0.7195,0.258840125006714,0.7195
0.72,0.259200000006715,0.72
0.7205,0.259560125006715,0.7205
0.721,0.259920500006716,0.721
0.7215,0.260281125006716,0.7215
0.722,0.260642000006717,0.722
0.7225,0.261003125006718,0.7225
0.723,0.261364500006718,0.723
0.7235,0.261726125006719,0.7235
0.724,0.262088000006719,0.724
0.7245,0.26245012500672,0.7245
0.725,0.26281250000672,0.725
0.7255,0.263175125006721,0.7255
0.726,0.263538000006721,0.726
0.7265,0.263901125006722,0.7265
0.727,0.264264500006723,0.727
0.7275,0.264628125006723,0.7275
0.728,0.264992000006724,0.728
0.7285,0.265356125006724,0.7285
0.729,0.265720500006725,0.729
0.7295,0.266085125006725,0.7295
0.73,0.266450000006726,0.73
0.7305,0.266815125006727,0.7305
0.731,0.267180500006727,0.731
0.7315,0.267546125006728,0.7315
0.732,0.267912000006728,0.732
0.7325,0.268278125006729,0.7325
0.733,0.268644500006729,0.733
0.7335,0.26901112500673,0.7335
0.734,0.26937800000673,0.734
0.7345,0.269745125006731,0.7345
0.735,0.270112500006731,0.735
0.7355,0.270480125006732,0.7355
0.736,0.270848000006733,0.736
0.7365,0.271216125006733,0.7365
0.737,0.271584500006734,0.737
0.7375,0.271953125006734,0.7375
0.738,0.272322000006735,0.738
0.7385,0.272691125006735,0.7385
0.739,0.273060500006736,0.739
0.7395,0.273430125006736,0.7395
0.74,0.273800000006737,0.74
0.7405,0.274170125006737,0.7405
0.741,0.274540500006738,0.741
0.7415,0.274911125006739,0.7415
0.742,0.275282000006739,0.742
0.7425,0.27565312500674,0.7425
0.743,0.27602450000674,0.743
0.7435,0.276396125006741,0.7435
0.744,0.276768000006741,0.744
0.7445,0.277140125006742,0.7445
0.745,0.277512500006742,0.745
0.7455,0.277885125006743,0.7455
0.746,0.278258000006743,0.746
0.7465,0.278631125006744,0.7465
0.747,0.279004500006744,0.747
0.7475,0.279378125006745,0.7475
0.748,0.279752000006745,0.748
0.7485,0.280126125006746,0.7485
0.749,0.280500500006747,0.749
0.7495,0.280875125006747,0.7495
0.75,0.281250000006748,0.75
0.7505,0.281625125006748,0.7505
0.751,0.282000500006749,0.751
0.7515,0.282376125006749,0.7515
0.752,0.28275200000675,0.752
0.7525,0.28312812500675,0.7525
0.753,0.283504500006751,0.753
0.7535,0.283881125006751,0.7535
0.754,0.284258000006752,0.754
0.7545,0.284635125006752,0.7545
0.755,0.285012500006753,0.755
0.7555,0.285390125006753,0.7555
0.756,0.285768000006754,0.756
0.7565,0.286146125006754,0.7565
0.757,0.286524500006755,0.757
0.7575,0.286903125006755,0.7575
0.758,0.287282000006756,0.758
0.7585,0.287661125006756,0.7585
0.759,0.288040500006757,0.759
0.7595,0.288420125006758,0.7595
0.76,0.288800000006758,0.76
0.7605,0.289180125006759,0.7605
0.761,0.289560500006759,0.761
0.7615,0.28994112500676,0.7615
0.762,0.29032200000676,0.762
0.7625,0.290703125006761,0.7625
0.763,0.291084500006761,0.763
0.7635,0.291466125006762,0.7635
0.764,0.291848000006762,0.764
0.7645,0.292230125006763,0.7645
0.765,0.292612500006763,0.765
0.7655,0.292995125006764,0.7655
0.766,0.293378000006764,0.766
0.7665,0.293761125006765,0.7665
0.767,0.294144500006765,0.767
0.7675,0.294528125006766,0.7675
0.768,0.294912000006766,0.768
0.7685,0.295296125006767,0.7685
0.769,0.295680500006767,0.769
0.7695,0.296065125006768,0.7695
0.77,0.296450000006768,0.77
0.7705,0.296835125006769,0.7705
0.771,0.297220500006769,0.771
0.7715,0.29760612500677,0.7715
0.772,0.29799200000677,0.772
0.7725,0.298378125006771,0.7725
0.773,0.298764500006771,0.773
0.7735,0.299151125006772,0.7735
0.774,0.299538000006772,0.774
0.7745,0.299925125006773,0.7745
0.775,0.300312500006773,0.775
0.7755,0.300700125006774,0.7755
0.776,0.301088000006774,0.776
0.7765,0.301476125006774,0.7765
0.777,0.301864500006775,0.777
0.7775,0.302253125006775,0.7775
0.778,0.302642000006776,0.778
0.7785,0.303031125006776,0.7785
0.779,0.303420500006777,0.779
0.7795,0.303810125006777,0.7795
0.78,0.304200000006778,0.78
0.7805,0.304590125006778,0.7805
0.781,0.304980500006779,0.781
0.7815,0.305371125006779,0.7815
0.782,0.30576200000678,0.782
0.7825,0.30615312500678,0.7825
0.783,0.306544500006781,0.783
0.7835,0.306936125006781,0.7835
0.784,0.307328000006782,0.784
0.7845,0.307720125006782,0.7845
0.785,0.308112500006783,0.785
0.7855,0.308505125006783,0.7855
0.786,0.308898000006784,0.786
0.7865,0.309291125006784,0.7865
0.787,0.309684500006785,0.787
0.7875,0.310078125006785,0.7875
0.788,0.310472000006786,0.788
0.7885,0.310866125006786,0.7885
0.789,0.311260500006787,0.789
0.7895,0.311655125006787,0.7895
0.79,0.312050000006788,0.79
0.7905,0.312445125006788,0.7905
0.791,0.312840500006788,0.791
0.7915,0.313236125006789,0.7915
0.792,0.313632000006789,0.792
0.7925,0.31402812500679,0.7925
0.793,0.31442450000679,0.793
0.7935,0.314821125006791,0.7935
0.794,0.315218000006791,0.794
0.7945,0.315615125006792,0.7945
0.795,0.316012500006792,0.795
0.7955,0.316410125006793,0.7955
0.796,0.316808000006793,0.796
0.7965,0.317206125006794,0.7965
0.797,0.317604500006794,0.797
0.7975,0.318003125006794,0.7975
0.798,0.318402000006795,0.798
0.7985,0.318801125006795,0.7985
0.799,0.319200500006796,0.799
0.7995,0.319600125006796,0.7995
0.8,0.320000000006797,0.8
0.8005,0.320400125006797,0.8005
0.801,0.320800500006798,0.801
0.8015,0.321201125006798,0.8015
0.802,0.321602000006799,0.802
0.8025,0.322003125006799,0.8025
0.803,0.3224045000068,0.803
0.8035,0.3228061250068,0.8035
0.804,0.3232080000068,0.804
0.8045,0.323610125006801,0.8045
0.805,0.324012500006801,0.805
0.8055,0.324415125006802,0.8055
0.806,0.324818000006802,0.806
0.8065,0.325221125006803,0.8065
0.807,0.325624500006803,0.807
0.8075,0.326028125006804,0.8075
0.808,0.326432000006804,0.808
0.8085,0.326836125006804,0.8085
0.809,0.327240500006805,0.809
0.8095,0.327645125006805,0.8095
0.81,0.328050000006806,0.81
0.8105,0.328455125006806,0.8105
0.811,0.328860500006807,0.811
0.8115,0.329266125006807,0.8115
0.812,0.329672000006808,0.812
0.8125,0.330078125006808,0.8125
0.813,0.330484500006808,0.813
0.8135,0.330891125006809,0.8135
0.814,0.331298000006809,0.814
0.8145,0.33170512500681,0.8145
0.815,0.33211250000681,0.815
0.8155,0.332520125006811,0.8155
0.816,0.332928000006811,0.816
0.8165,0.333336125006811,0.8165
0.817,0.333744500006812,0.817
0.8175,0.334153125006812,0.8175
0.818,0.334562000006813,0.818
0.8185,0.334971125006813,0.8185
0.819,0.335380500006814,0.819
0.8195,0.335790125006814,0.8195
0.82,0.336200000006815,0.82
0.8205,0.336610125006815,0.8205
0.821,0.337020500006815,0.821
0.8215,0.337431125006816,0.8215
0.822,0.337842000006816,0.822
0.8225,0.338253125006817,0.8225
0.823,0.338664500006817,0.823
0.8235,0.339076125006817,0.8235
0.824,0.339488000006818,0.824
0.8245,0.339900125006818,0.8245
0.825,0.340312500006819,0.825
0.8255,0.340725125006819,0.8255
0.826,0.34113800000682,0.826
0.8265,0.34155112500682,0.8265
0.827,0.34196450000682,0.827
0.8275,0.342378125006821,0.8275
0.828,0.342792000006821,0.828
0.8285,0.343206125006822,0.8285
0.829,0.343620500006822,0.829
0.8295,0.344035125006823,0.8295
0.83,0.344450000006823,0.83
0.8305,0.344865125006823,0.8305
0.831,0.345280500006824,0.831
0.8315,0.345696125006824,0.8315
0.832,0.346112000006825,0.832
0.8325,0.346528125006825,0.8325
0.833,0.346944500006825,0.833
0.8335,0.347361125006826,0.8335
0.834,0.347778000006826,0.834
0.8345,0.348195125006827,0.8345
0.835,0.348612500006827,0.835
0.8355,0.349030125006828,0.8355
0.836,0.349448000006828,0.836
0.8365,0.349866125006828,0.8365
0.837,0.350284500006829,0.837
0.8375,0.350703125006829,0.8375
0.838,0.351122000006829,0.838
0.8385,0.35154112500683,0.8385
0.839,0.35196050000683,0.839
0.8395,0.352380125006831,0.8395
0.84,0.352800000006831,0.84
0.8405,0.353220125006832,0.8405
0.841,0.353640500006832,0.841
0.8415,0.354061125006832,0.8415
0.842,0.354482000006833,0.842
0.8425,0.354903125006833,0.8425
0.843,0.355324500006833,0.843
0.8435,0.355746125006834,0.8435
0.844,0.356168000006834,0.844
0.8445,0.356590125006835,0.8445
0.845,0.357012500006835,0.845
0.8455,0.357435125006835,0.8455
0.846,0.357858000006836,0.846
0.8465,0.358281125006836,0.8465
0.847,0.358704500006837,0.847
0.8475,0.359128125006837,0.8475
0.848,0.359552000006837,0.848
0.8485,0.359976125006838,0.8485
0.849,0.360400500006838,0.849
0.8495,0.360825125006839,0.8495
0.85,0.361250000006839,0.85
0.8505,0.361675125006839,0.8505
0.851,0.36210050000684,0.851
0.8515,0.36252612500684,0.8515
0.852,0.362952000006841,0.852
0.8525,0.363378125006841,0.8525
0.853,0.363804500006841,0.853
0.8535,0.364231125006842,0.8535
0.854,0.364658000006842,0.854
0.8545,0.365085125006842,0.8545
0.855,0.365512500006843,0.855
0.8555,0.365940125006843,0.8555
0.856,0.366368000006844,0.856
0.8565,0.366796125006844,0.8565
0.857,0.367224500006844,0.857
0.8575,0.367653125006845,0.8575
0.858,0.368082000006845,0.858
0.8585,0.368511125006846,0.8585
0.859,0.368940500006846,0.859
0.8595,0.369370125006846,0.8595
0.86,0.369800000006847,0.86
0.8605,0.370230125006847,0.8605
0.861,0.370660500006847,0.861
0.8615,0.371091125006848,0.8615
0.862,0.371522000006848,0.862
0.8625,0.371953125006848,0.8625
0.863,0.372384500006849,0.863
0.8635,0.372816125006849,0.8635
0.864,0.37324800000685,0.864
0.8645,0.37368012500685,0.8645
0.865,0.37411250000685,0.865
0.8655,0.374545125006851,0.8655
0.866,0.374978000006851,0.866
0.8665,0.375411125006851,0.8665
0.867,0.375844500006852,0.867
0.8675,0.376278125006852,0.8675
0.868,0.376712000006853,0.868
0.8685,0.377146125006853,0.8685
0.869,0.377580500006853,0.869
0.8695,0.378015125006854,0.8695
0.87,0.378450000006854,0.87
0.8705,0.378885125006854,0.8705
0.871,0.379320500006855,0.871
0.8715,0.379756125006855,0.8715
0.872,0.380192000006855,0.872
0.8725,0.380628125006856,0.8725
0.873,0.381064500006856,0.873
0.8735,0.381501125006857,0.8735
0.874,0.381938000006857,0.874
0.8745,0.382375125006857,0.8745
0.875,0.382812500006858,0.875
0.8755,0.383250125006858,0.8755
0.876,0.383688000006858,0.876
0.8765,0.384126125006859,0.8765
0.877,0.384564500006859,0.877
0.8775,0.385003125006859,0.8775
0.878,0.38544200000686,0.878
0.8785,0.38588112500686,0.8785
0.879,0.38632050000686,0.879
0.8795,0.386760125006861,0.8795
0.88,0.387200000006861,0.88
0.8805,0.387640125006861,0.8805
0.881,0.388080500006862,0.881
0.8815,0.388521125006862,0.8815
0.882,0.388962000006862,0.882
0.8825,0.389403125006863,0.8825
0.883,0.389844500006863,0.883
0.8835,0.390286125006863,0.8835
0.884,0.390728000006864,0.884
0.8845,0.391170125006864,0.8845
0.885,0.391612500006864,0.885
0.8855,0.392055125006865,0.8855
0.886,0.392498000006865,0.886
0.8865,0.392941125006866,0.8865
0.887,0.393384500006866,0.887
0.8875,0.393828125006866,0.8875
0.888,0.394272000006866,0.888
0.8885,0.394716125006867,0.8885
0.889,0.395160500006867,0.889
0.8895,0.395605125006868,0.8895
0.89,0.396050000006868,0.89
0.8905,0.396495125006868,0.8905
0.891,0.396940500006868,0.891
0.8915,0.397386125006869,0.8915
0.892,0.397832000006869,0.892
0.8925,0.398278125006869,0.8925
0.893,0.39872450000687,0.893
0.8935,0.39917112500687,0.8935
0.894,0.39961800000687,0.894
0.8945,0.400065125006871,0.8945
0.895,0.400512500006871,0.895
0.8955,0.400960125006871,0.8955
0.896,0.401408000006872,0.896
0.8965,0.401856125006872,0.8965
0.897,0.402304500006872,0.897
0.8975,0.402753125006873,0.8975
0.898,0.403202000006873,0.898
0.8985,0.403651125006873,0.8985
0.899,0.404100500006874,0.899
0.8995,0.404550125006874,0.8995
0.9,0.405000000006874,0.9
0.9005,0.405450125006875,0.9005
0.901,0.405900500006875,0.901
0.9015,0.406351125006875,0.9015
0.902,0.406802000006876,0.902
0.9025,0.407253125006876,0.9025
0.903,0.407704500006876,0.903
0.9035,0.408156125006876,0.9035
0.904,0.408608000006877,0.904
0.9045,0.409060125006877,0.9045
0.905,0.409512500006877,0.905
0.9055,0.409965125006878,0.9055
0.906,0.410418000006878,0.906
0.9065,0.410871125006878,0.9065
0.907,0.411324500006879,0.907
0.9075,0.411778125006879,0.9075
0.908,0.412232000006879,0.908
0.9085,0.41268612500688,0.9085
0.909,0.41314050000688,0.909
0.9095,0.41359512500688,0.9095
0.91,0.414050000006881,0.91
0.9105,0.414505125006881,0.9105
0.911,0.414960500006881,0.911
0.9115,0.415416125006881,0.9115
0.912,0.415872000006882,0.912
0.9125,0.416328125006882,0.9125
0.913,0.416784500006882,0.913
0.9135,0.417241125006883,0.9135
0.914,0.417698000006883,0.914
0.9145,0.418155125006883,0.9145
0.915,0.418612500006884,0.915
0.9155,0.419070125006884,0.9155
0.916,0.419528000006884,0.916
0.9165,0.419986125006884,0.9165
0.917,0.420444500006885,0.917
0.9175,0.420903125006885,0.9175
0.918,0.421362000006885,0.918
0.9185,0.421821125006886,0.9185
0.919,0.422280500006886,0.919
0.9195,0.422740125006886,0.9195
0.92,0.423200000006886,0.92
0.9205,0.423660125006887,0.9205
0.921,0.424120500006887,0.921
0.9215,0.424581125006887,0.9215
0.922,0.425042000006888,0.922
0.9225,0.425503125006888,0.9225
0.923,0.425964500006888,0.923
0.9235,0.426426125006888,0.9235
0.924,0.426888000006889,0.924
0.9245,0.427350125006889,0.9245
0.925,0.427812500006889,0.925
0.9255,0.42827512500689,0.9255
0.926,0.42873800000689,0.926
0.9265,0.42920112500689,0.9265
0.927,0.42966450000689,0.927
0.9275,0.430128125006891,0.9275
0.928,0.430592000006891,0.928
0.9285,0.431056125006891,0.9285
0.929,0.431520500006892,0.929
0.9295,0.431985125006892,0.9295
0.93,0.432450000006892,0.93
0.9305,0.432915125006892,0.9305
0.931,0.433380500006893,0.931
0.9315,0.433846125006893,0.9315
0.932,0.434312000006893,0.932
0.9325,0.434778125006893,0.9325
0.933,0.435244500006894,0.933
0.9335,0.435711125006894,0.9335
0.934,0.436178000006894,0.934
0.9345,0.436645125006895,0.9345
0.935,0.437112500006895,0.935
0.9355,0.437580125006895,0.9355
0.936,0.438048000006895,0.936
0.9365,0.438516125006896,0.9365
0.937,0.438984500006896,0.937
0.9375,0.439453125006896,0.9375
0.938,0.439922000006896,0.938
0.9385,0.440391125006897,0.9385
0.939,0.440860500006897,0.939
0.9395,0.441330125006897,0.9395
0.94,0.441800000006898,0.94
0.9405,0.442270125006898,0.9405
0.941,0.442740500006898,0.941
0.9415,0.443211125006898,0.9415
0.942,0.443682000006899,0.942
0.9425,0.444153125006899,0.9425
0.943,0.444624500006899,0.943
0.9435,0.445096125006899,0.9435
0.944,0.4455680000069,0.944
0.9445,0.4460401250069,0.9445
0.945,0.4465125000069,0.945
0.9455,0.4469851250069,0.9455
0.946,0.447458000006901,0.946
0.9465,0.447931125006901,0.9465
0.947,0.448404500006901,0.947
0.9475,0.448878125006901,0.9475
0.948,0.449352000006902,0.948
0.9485,0.449826125006902,0.9485
0.949,0.450300500006902,0.949
0.9495,0.450775125006902,0.9495
0.95,0.451250000006903,0.95
0.9505,0.451725125006903,0.9505
0.951,0.452200500006903,0.951
0.9515,0.452676125006903,0.9515
0.952,0.453152000006904,0.952
0.9525,0.453628125006904,0.9525
0.953,0.454104500006904,0.953
0.9535,0.454581125006904,0.9535
0.954,0.455058000006905,0.954
0.9545,0.455535125006905,0.9545
0.955,0.456012500006905,0.955
0.9555,0.456490125006905,0.9555
0.956,0.456968000006906,0.956
0.9565,0.457446125006906,0.9565
0.957,0.457924500006906,0.957
0.9575,0.458403125006906,0.9575
0.958,0.458882000006907,0.958
0.9585,0.459361125006907,0.9585
0.959,0.459840500006907,0.959
0.9595,0.460320125006907,0.9595
0.96,0.460800000006907,0.96
0.9605,0.461280125006908,0.9605
0.961,0.461760500006908,0.961
0.9615,0.462241125006908,0.9615
0.962,0.462722000006908,0.962
0.9625,0.463203125006909,0.9625
0.963,0.463684500006909,0.963
0.9635,0.464166125006909,0.9635
0.964,0.464648000006909,0.964
0.9645,0.46513012500691,0.9645
0.965,0.46561250000691,0.965
0.9655,0.46609512500691,0.9655
0.966,0.46657800000691,0.966
0.9665,0.46706112500691,0.9665
0.967,0.467544500006911,0.967
0.9675,0.468028125006911,0.9675
0.968,0.468512000006911,0.968
0.9685,0.468996125006911,0.9685
0.969,0.469480500006912,0.969
0.9695,0.469965125006912,0.9695
0.97,0.470450000006912,0.97
0.9705,0.470935125006912,0.9705
0.971,0.471420500006912,0.971
0.9715,0.471906125006913,0.9715
0.972,0.472392000006913,0.972
0.9725,0.472878125006913,0.9725
0.973,0.473364500006913,0.973
0.9735,0.473851125006914,0.9735
0.974,0.474338000006914,0.974
0.9745,0.474825125006914,0.9745
0.975,0.475312500006914,0.975
0.9755,0.475800125006914,0.9755
0.976,0.476288000006915,0.976
0.9765,0.476776125006915,0.9765
0.977,0.477264500006915,0.977
0.9775,0.477753125006915,0.9775
0.978,0.478242000006915,0.978
0.9785,0.478731125006916,0.9785
0.979,0.479220500006916,0.979
0.9795,0.479710125006916,0.9795
0.98,0.480200000006916,0.98
0.9805,0.480690125006917,0.9805
0.981,0.481180500006917,0.981
0.9815,0.481671125006917,0.9815
0.982,0.482162000006917,0.982
0.9825,0.482653125006917,0.9825
0.983,0.483144500006918,0.983
0.9835,0.483636125006918,0.9835
0.984,0.484128000006918,0.984
0.9845,0.484620125006918,0.9845
0.985,0.485112500006918,0.985
0.9855,0.485605125006919,0.9855
0.986,0.486098000006919,0.986
0.9865,0.486591125006919,0.9865
0.987,0.487084500006919,0.987
0.9875,0.487578125006919,0.9875
0.988,0.488072000006919,0.988
0.9885,0.48856612500692,0.9885
0.989,0.48906050000692,0.989
0.9895,0.48955512500692,0.9895
0.99,0.49005000000692,0.99
0.9905,0.490545125006921,0.9905
0.991,0.491040500006921,0.991
0.9915,0.491536125006921,0.9915
0.992,0.492032000006921,0.992
0.9925,0.492528125006921,0.9925
0.993,0.493024500006921,0.993
0.9935,0.493521125006922,0.9935
0.994,0.494018000006922,0.994
0.9945,0.494515125006922,0.9945
0.995,0.495012500006922,0.995
0.9955,0.495510125006922,0.9955
0.996,0.496008000006923,0.996
0.9965,0.496506125006923,0.9965
0.997,0.497004500006923,0.997
0.9975,0.497503125006923,0.9975
0.998,0.498002000006923,0.998
0.9985,0.498501125006924,0.9985
0.999,0.499000500006924,0.999
0.9995,0.499500125006924,0.9995
1,0.500000000006924,1
1,0.500000000006924,1
