"time","dFFREGSRH.dataOut[1]","dFFREGSRH.dataOut[2]"
0,1,1
0.003,1,1
0.006,1,1
0.009,1,1
0.012,1,1
0.015,1,1
0.018,1,1
0.021,1,1
0.024,1,1
0.027,1,1
0.03,1,1
0.033,1,1
0.036,1,1
0.039,1,1
0.042,1,1
0.045,1,1
0.048,1,1
0.051,1,1
0.054,1,1
0.057,1,1
0.06,1,1
0.063,1,1
0.066,1,1
0.069,1,1
0.072,1,1
0.075,1,1
0.078,1,1
0.081,1,1
0.084,1,1
0.087,1,1
0.09,1,1
0.093,1,1
0.096,1,1
0.099,1,1
0.102,1,1
0.105,1,1
0.108,1,1
0.111,1,1
0.114,1,1
0.117,1,1
0.12,1,1
0.123,1,1
0.126,1,1
0.129,1,1
0.132,1,1
0.135,1,1
0.138,1,1
0.141,1,1
0.144,1,1
0.147,1,1
0.15,1,1
0.153,1,1
0.156,1,1
0.159,1,1
0.162,1,1
0.165,1,1
0.168,1,1
0.171,1,1
0.174,1,1
0.177,1,1
0.18,1,1
0.183,1,1
0.186,1,1
0.189,1,1
0.192,1,1
0.195,1,1
0.198,1,1
0.201,1,1
0.204,1,1
0.207,1,1
0.21,1,1
0.213,1,1
0.216,1,1
0.219,1,1
0.222,1,1
0.225,1,1
0.228,1,1
0.231,1,1
0.234,1,1
0.237,1,1
0.24,1,1
0.243,1,1
0.246,1,1
0.249,1,1
0.252,1,1
0.255,1,1
0.258,1,1
0.261,1,1
0.264,1,1
0.267,1,1
0.27,1,1
0.273,1,1
0.276,1,1
0.279,1,1
0.282,1,1
0.285,1,1
0.288,1,1
0.291,1,1
0.294,1,1
0.297,1,1
0.3,1,1
0.303,1,1
0.306,1,1
0.309,1,1
0.312,1,1
0.315,1,1
0.318,1,1
0.321,1,1
0.324,1,1
0.327,1,1
0.33,1,1
0.333,1,1
0.336,1,1
0.339,1,1
0.342,1,1
0.345,1,1
0.348,1,1
0.351,1,1
0.354,1,1
0.357,1,1
0.36,1,1
0.363,1,1
0.366,1,1
0.369,1,1
0.372,1,1
0.375,1,1
0.378,1,1
0.381,1,1
0.384,1,1
0.387,1,1
0.39,1,1
0.393,1,1
0.396,1,1
0.399,1,1
0.402,1,1
0.405,1,1
0.408,1,1
0.411,1,1
0.414,1,1
0.417,1,1
0.42,1,1
0.423,1,1
0.426,1,1
0.429,1,1
0.432,1,1
0.435,1,1
0.438,1,1
0.441,1,1
0.444,1,1
0.447,1,1
0.45,1,1
0.453,1,1
0.456,1,1
0.459,1,1
0.462,1,1
0.465,1,1
0.468,1,1
0.471,1,1
0.474,1,1
0.477,1,1
0.48,1,1
0.483,1,1
0.486,1,1
0.489,1,1
0.492,1,1
0.495,1,1
0.498,1,1
0.501,1,1
0.504,1,1
0.507,1,1
0.51,1,1
0.513,1,1
0.516,1,1
0.519,1,1
0.522,1,1
0.525,1,1
0.528,1,1
0.531,1,1
0.534,1,1
0.537,1,1
0.54,1,1
0.543,1,1
0.546,1,1
0.549,1,1
0.552,1,1
0.555,1,1
0.558,1,1
0.561,1,1
0.564,1,1
0.567,1,1
0.57,1,1
0.573,1,1
0.576,1,1
0.579,1,1
0.582,1,1
0.585,1,1
0.588,1,1
0.591,1,1
0.594,1,1
0.597,1,1
0.6,1,1
0.603,1,1
0.606,1,1
0.609,1,1
0.612,1,1
0.615,1,1
0.618,1,1
0.621,1,1
0.624,1,1
0.627,1,1
0.63,1,1
0.633,1,1
0.636,1,1
0.639,1,1
0.642,1,1
0.645,1,1
0.648,1,1
0.651,1,1
0.654,1,1
0.657,1,1
0.66,1,1
0.663,1,1
0.666,1,1
0.669,1,1
0.672,1,1
0.675,1,1
0.678,1,1
0.681,1,1
0.684,1,1
0.687,1,1
0.69,1,1
0.693,1,1
0.696,1,1
0.699,1,1
0.702,1,1
0.705,1,1
0.708,1,1
0.711,1,1
0.714,1,1
0.717,1,1
0.72,1,1
0.723,1,1
0.726,1,1
0.729,1,1
0.732,1,1
0.735,1,1
0.738,1,1
0.741,1,1
0.744,1,1
0.747,1,1
0.75,1,1
0.753,1,1
0.756,1,1
0.759,1,1
0.762,1,1
0.765,1,1
0.768,1,1
0.771,1,1
0.774,1,1
0.777,1,1
0.78,1,1
0.783,1,1
0.786,1,1
0.789,1,1
0.792,1,1
0.795,1,1
0.798,1,1
0.801,1,1
0.804,1,1
0.807,1,1
0.81,1,1
0.813,1,1
0.816,1,1
0.819,1,1
0.822,1,1
0.825,1,1
0.828,1,1
0.831,1,1
0.834,1,1
0.837,1,1
0.84,1,1
0.843,1,1
0.846,1,1
0.849,1,1
0.852,1,1
0.855,1,1
0.858,1,1
0.861,1,1
0.864,1,1
0.867,1,1
0.87,1,1
0.873,1,1
0.876,1,1
0.879,1,1
0.882,1,1
0.885,1,1
0.888,1,1
0.891,1,1
0.894,1,1
0.897,1,1
0.9,1,1
0.903,1,1
0.906,1,1
0.909,1,1
0.912,1,1
0.915,1,1
0.918,1,1
0.921,1,1
0.924,1,1
0.927,1,1
0.93,1,1
0.933,1,1
0.936,1,1
0.939,1,1
0.942,1,1
0.945,1,1
0.948,1,1
0.951,1,1
0.954,1,1
0.957,1,1
0.96,1,1
0.963,1,1
0.966,1,1
0.969,1,1
0.972,1,1
0.975,1,1
0.978,1,1
0.981,1,1
0.984,1,1
0.987,1,1
0.99,1,1
0.993,1,1
0.996,1,1
0.999,1,1
1,1,1
1,1,1
1.002,1,1
1.005,1,1
1.008,1,1
1.011,1,1
1.014,1,1
1.017,1,1
1.02,1,1
1.023,1,1
1.026,1,1
1.029,1,1
1.032,1,1
1.035,1,1
1.038,1,1
1.041,1,1
1.044,1,1
1.047,1,1
1.05,1,1
1.053,1,1
1.056,1,1
1.059,1,1
1.062,1,1
1.065,1,1
1.068,1,1
1.071,1,1
1.074,1,1
1.077,1,1
1.08,1,1
1.083,1,1
1.086,1,1
1.089,1,1
1.092,1,1
1.095,1,1
1.098,1,1
1.101,1,1
1.104,1,1
1.107,1,1
1.11,1,1
1.113,1,1
1.116,1,1
1.119,1,1
1.122,1,1
1.125,1,1
1.128,1,1
1.131,1,1
1.134,1,1
1.137,1,1
1.14,1,1
1.143,1,1
1.146,1,1
1.149,1,1
1.152,1,1
1.155,1,1
1.158,1,1
1.161,1,1
1.164,1,1
1.167,1,1
1.17,1,1
1.173,1,1
1.176,1,1
1.179,1,1
1.182,1,1
1.185,1,1
1.188,1,1
1.191,1,1
1.194,1,1
1.197,1,1
1.2,1,1
1.203,1,1
1.206,1,1
1.209,1,1
1.212,1,1
1.215,1,1
1.218,1,1
1.221,1,1
1.224,1,1
1.227,1,1
1.23,1,1
1.233,1,1
1.236,1,1
1.239,1,1
1.242,1,1
1.245,1,1
1.248,1,1
1.251,1,1
1.254,1,1
1.257,1,1
1.26,1,1
1.263,1,1
1.266,1,1
1.269,1,1
1.272,1,1
1.275,1,1
1.278,1,1
1.281,1,1
1.284,1,1
1.287,1,1
1.29,1,1
1.293,1,1
1.296,1,1
1.299,1,1
1.302,1,1
1.305,1,1
1.308,1,1
1.311,1,1
1.314,1,1
1.317,1,1
1.32,1,1
1.323,1,1
1.326,1,1
1.329,1,1
1.332,1,1
1.335,1,1
1.338,1,1
1.341,1,1
1.344,1,1
1.347,1,1
1.35,1,1
1.353,1,1
1.356,1,1
1.359,1,1
1.362,1,1
1.365,1,1
1.368,1,1
1.371,1,1
1.374,1,1
1.377,1,1
1.38,1,1
1.383,1,1
1.386,1,1
1.389,1,1
1.392,1,1
1.395,1,1
1.398,1,1
1.401,1,1
1.404,1,1
1.407,1,1
1.41,1,1
1.413,1,1
1.416,1,1
1.419,1,1
1.422,1,1
1.425,1,1
1.428,1,1
1.431,1,1
1.434,1,1
1.437,1,1
1.44,1,1
1.443,1,1
1.446,1,1
1.449,1,1
1.452,1,1
1.455,1,1
1.458,1,1
1.461,1,1
1.464,1,1
1.467,1,1
1.47,1,1
1.473,1,1
1.476,1,1
1.479,1,1
1.482,1,1
1.485,1,1
1.488,1,1
1.491,1,1
1.494,1,1
1.497,1,1
1.5,1,1
1.503,1,1
1.506,1,1
1.509,1,1
1.512,1,1
1.515,1,1
1.518,1,1
1.521,1,1
1.524,1,1
1.527,1,1
1.53,1,1
1.533,1,1
1.536,1,1
1.539,1,1
1.542,1,1
1.545,1,1
1.548,1,1
1.551,1,1
1.554,1,1
1.557,1,1
1.56,1,1
1.563,1,1
1.566,1,1
1.569,1,1
1.572,1,1
1.575,1,1
1.578,1,1
1.581,1,1
1.584,1,1
1.587,1,1
1.59,1,1
1.593,1,1
1.596,1,1
1.599,1,1
1.602,1,1
1.605,1,1
1.608,1,1
1.611,1,1
1.614,1,1
1.617,1,1
1.62,1,1
1.623,1,1
1.626,1,1
1.629,1,1
1.632,1,1
1.635,1,1
1.638,1,1
1.641,1,1
1.644,1,1
1.647,1,1
1.65,1,1
1.653,1,1
1.656,1,1
1.659,1,1
1.662,1,1
1.665,1,1
1.668,1,1
1.671,1,1
1.674,1,1
1.677,1,1
1.68,1,1
1.683,1,1
1.686,1,1
1.689,1,1
1.692,1,1
1.695,1,1
1.698,1,1
1.701,1,1
1.704,1,1
1.707,1,1
1.71,1,1
1.713,1,1
1.716,1,1
1.719,1,1
1.722,1,1
1.725,1,1
1.728,1,1
1.731,1,1
1.734,1,1
1.737,1,1
1.74,1,1
1.743,1,1
1.746,1,1
1.749,1,1
1.752,1,1
1.755,1,1
1.758,1,1
1.761,1,1
1.764,1,1
1.767,1,1
1.77,1,1
1.773,1,1
1.776,1,1
1.779,1,1
1.782,1,1
1.785,1,1
1.788,1,1
1.791,1,1
1.794,1,1
1.797,1,1
1.8,1,1
1.803,1,1
1.806,1,1
1.809,1,1
1.812,1,1
1.815,1,1
1.818,1,1
1.821,1,1
1.824,1,1
1.827,1,1
1.83,1,1
1.833,1,1
1.836,1,1
1.839,1,1
1.842,1,1
1.845,1,1
1.848,1,1
1.851,1,1
1.854,1,1
1.857,1,1
1.86,1,1
1.863,1,1
1.866,1,1
1.869,1,1
1.872,1,1
1.875,1,1
1.878,1,1
1.881,1,1
1.884,1,1
1.887,1,1
1.89,1,1
1.893,1,1
1.896,1,1
1.899,1,1
1.902,1,1
1.905,1,1
1.908,1,1
1.911,1,1
1.914,1,1
1.917,1,1
1.92,1,1
1.923,1,1
1.926,1,1
1.929,1,1
1.932,1,1
1.935,1,1
1.938,1,1
1.941,1,1
1.944,1,1
1.947,1,1
1.95,1,1
1.953,1,1
1.956,1,1
1.959,1,1
1.962,1,1
1.965,1,1
1.968,1,1
1.971,1,1
1.974,1,1
1.977,1,1
1.98,1,1
1.983,1,1
1.986,1,1
1.989,1,1
1.992,1,1
1.995,1,1
1.998,1,1
2,1,1
2,1,1
2.001,1,1
2.004,1,1
2.007,1,1
2.01,1,1
2.013,1,1
2.016,1,1
2.019,1,1
2.022,1,1
2.025,1,1
2.028,1,1
2.031,1,1
2.034,1,1
2.037,1,1
2.04,1,1
2.043,1,1
2.046,1,1
2.049,1,1
2.052,1,1
2.055,1,1
2.058,1,1
2.061,1,1
2.064,1,1
2.067,1,1
2.07,1,1
2.073,1,1
2.076,1,1
2.079,1,1
2.082,1,1
2.085,1,1
2.088,1,1
2.091,1,1
2.094,1,1
2.097,1,1
2.1,1,1
2.103,1,1
2.106,1,1
2.109,1,1
2.112,1,1
2.115,1,1
2.118,1,1
2.121,1,1
2.124,1,1
2.127,1,1
2.13,1,1
2.133,1,1
2.136,1,1
2.139,1,1
2.142,1,1
2.145,1,1
2.148,1,1
2.151,1,1
2.154,1,1
2.157,1,1
2.16,1,1
2.163,1,1
2.166,1,1
2.169,1,1
2.172,1,1
2.175,1,1
2.178,1,1
2.181,1,1
2.184,1,1
2.187,1,1
2.19,1,1
2.193,1,1
2.196,1,1
2.199,1,1
2.202,1,1
2.205,1,1
2.208,1,1
2.211,1,1
2.214,1,1
2.217,1,1
2.22,1,1
2.223,1,1
2.226,1,1
2.229,1,1
2.232,1,1
2.235,1,1
2.238,1,1
2.241,1,1
2.244,1,1
2.247,1,1
2.25,1,1
2.253,1,1
2.256,1,1
2.259,1,1
2.262,1,1
2.265,1,1
2.268,1,1
2.271,1,1
2.274,1,1
2.277,1,1
2.28,1,1
2.283,1,1
2.286,1,1
2.289,1,1
2.292,1,1
2.295,1,1
2.298,1,1
2.301,1,1
2.304,1,1
2.307,1,1
2.31,1,1
2.313,1,1
2.316,1,1
2.319,1,1
2.322,1,1
2.325,1,1
2.328,1,1
2.331,1,1
2.334,1,1
2.337,1,1
2.34,1,1
2.343,1,1
2.346,1,1
2.349,1,1
2.352,1,1
2.355,1,1
2.358,1,1
2.361,1,1
2.364,1,1
2.367,1,1
2.37,1,1
2.373,1,1
2.376,1,1
2.379,1,1
2.382,1,1
2.385,1,1
2.388,1,1
2.391,1,1
2.394,1,1
2.397,1,1
2.4,1,1
2.403,1,1
2.406,1,1
2.409,1,1
2.412,1,1
2.415,1,1
2.418,1,1
2.421,1,1
2.424,1,1
2.427,1,1
2.43,1,1
2.433,1,1
2.436,1,1
2.439,1,1
2.442,1,1
2.445,1,1
2.448,1,1
2.451,1,1
2.454,1,1
2.457,1,1
2.46,1,1
2.463,1,1
2.466,1,1
2.469,1,1
2.472,1,1
2.475,1,1
2.478,1,1
2.481,1,1
2.484,1,1
2.487,1,1
2.49,1,1
2.493,1,1
2.496,1,1
2.499,1,1
2.502,1,1
2.505,1,1
2.508,1,1
2.511,1,1
2.514,1,1
2.517,1,1
2.52,1,1
2.523,1,1
2.526,1,1
2.529,1,1
2.532,1,1
2.535,1,1
2.538,1,1
2.541,1,1
2.544,1,1
2.547,1,1
2.55,1,1
2.553,1,1
2.556,1,1
2.559,1,1
2.562,1,1
2.565,1,1
2.568,1,1
2.571,1,1
2.574,1,1
2.577,1,1
2.58,1,1
2.583,1,1
2.586,1,1
2.589,1,1
2.592,1,1
2.595,1,1
2.598,1,1
2.601,1,1
2.604,1,1
2.607,1,1
2.61,1,1
2.613,1,1
2.616,1,1
2.619,1,1
2.622,1,1
2.625,1,1
2.628,1,1
2.631,1,1
2.634,1,1
2.637,1,1
2.64,1,1
2.643,1,1
2.646,1,1
2.649,1,1
2.652,1,1
2.655,1,1
2.658,1,1
2.661,1,1
2.664,1,1
2.667,1,1
2.67,1,1
2.673,1,1
2.676,1,1
2.679,1,1
2.682,1,1
2.685,1,1
2.688,1,1
2.691,1,1
2.694,1,1
2.697,1,1
2.7,1,1
2.703,1,1
2.706,1,1
2.709,1,1
2.712,1,1
2.715,1,1
2.718,1,1
2.721,1,1
2.724,1,1
2.727,1,1
2.73,1,1
2.733,1,1
2.736,1,1
2.739,1,1
2.742,1,1
2.745,1,1
2.748,1,1
2.751,1,1
2.754,1,1
2.757,1,1
2.76,1,1
2.763,1,1
2.766,1,1
2.769,1,1
2.772,1,1
2.775,1,1
2.778,1,1
2.781,1,1
2.784,1,1
2.787,1,1
2.79,1,1
2.793,1,1
2.796,1,1
2.799,1,1
2.802,1,1
2.805,1,1
2.808,1,1
2.811,1,1
2.814,1,1
2.817,1,1
2.82,1,1
2.823,1,1
2.826,1,1
2.829,1,1
2.832,1,1
2.835,1,1
2.838,1,1
2.841,1,1
2.844,1,1
2.847,1,1
2.85,1,1
2.853,1,1
2.856,1,1
2.859,1,1
2.862,1,1
2.865,1,1
2.868,1,1
2.871,1,1
2.874,1,1
2.877,1,1
2.88,1,1
2.883,1,1
2.886,1,1
2.889,1,1
2.892,1,1
2.895,1,1
2.898,1,1
2.901,1,1
2.904,1,1
2.907,1,1
2.91,1,1
2.913,1,1
2.916,1,1
2.919,1,1
2.922,1,1
2.925,1,1
2.928,1,1
2.931,1,1
2.934,1,1
2.937,1,1
2.94,1,1
2.943,1,1
2.946,1,1
2.949,1,1
2.952,1,1
2.955,1,1
2.958,1,1
2.961,1,1
2.964,1,1
2.967,1,1
2.97,1,1
2.973,1,1
2.976,1,1
2.979,1,1
2.982,1,1
2.985,1,1
2.988,1,1
2.991,1,1
2.994,1,1
2.997,1,1
3,1,1
3,3,3
3.003,3,3
3.006,3,3
3.009,3,3
3.012,3,3
3.015,3,3
3.018,3,3
3.021,3,3
3.024,3,3
3.027,3,3
3.03,3,3
3.033,3,3
3.036,3,3
3.039,3,3
3.042,3,3
3.045,3,3
3.048,3,3
3.051,3,3
3.054,3,3
3.057,3,3
3.06,3,3
3.063,3,3
3.066,3,3
3.069,3,3
3.072,3,3
3.075,3,3
3.078,3,3
3.081,3,3
3.084,3,3
3.087,3,3
3.09,3,3
3.093,3,3
3.096,3,3
3.099,3,3
3.102,3,3
3.105,3,3
3.108,3,3
3.111,3,3
3.114,3,3
3.117,3,3
3.12,3,3
3.123,3,3
3.126,3,3
3.129,3,3
3.132,3,3
3.135,3,3
3.138,3,3
3.141,3,3
3.144,3,3
3.147,3,3
3.15,3,3
3.153,3,3
3.156,3,3
3.159,3,3
3.162,3,3
3.165,3,3
3.168,3,3
3.171,3,3
3.174,3,3
3.177,3,3
3.18,3,3
3.183,3,3
3.186,3,3
3.189,3,3
3.192,3,3
3.195,3,3
3.198,3,3
3.201,3,3
3.204,3,3
3.207,3,3
3.21,3,3
3.213,3,3
3.216,3,3
3.219,3,3
3.222,3,3
3.225,3,3
3.228,3,3
3.231,3,3
3.234,3,3
3.237,3,3
3.24,3,3
3.243,3,3
3.246,3,3
3.249,3,3
3.252,3,3
3.255,3,3
3.258,3,3
3.261,3,3
3.264,3,3
3.267,3,3
3.27,3,3
3.273,3,3
3.276,3,3
3.279,3,3
3.282,3,3
3.285,3,3
3.288,3,3
3.291,3,3
3.294,3,3
3.297,3,3
3.3,3,3
3.303,3,3
3.306,3,3
3.309,3,3
3.312,3,3
3.315,3,3
3.318,3,3
3.321,3,3
3.324,3,3
3.327,3,3
3.33,3,3
3.333,3,3
3.336,3,3
3.339,3,3
3.342,3,3
3.345,3,3
3.348,3,3
3.351,3,3
3.354,3,3
3.357,3,3
3.36,3,3
3.363,3,3
3.366,3,3
3.369,3,3
3.372,3,3
3.375,3,3
3.378,3,3
3.381,3,3
3.384,3,3
3.387,3,3
3.39,3,3
3.393,3,3
3.396,3,3
3.399,3,3
3.402,3,3
3.405,3,3
3.408,3,3
3.411,3,3
3.414,3,3
3.417,3,3
3.42,3,3
3.423,3,3
3.426,3,3
3.429,3,3
3.432,3,3
3.435,3,3
3.438,3,3
3.441,3,3
3.444,3,3
3.447,3,3
3.45,3,3
3.453,3,3
3.456,3,3
3.459,3,3
3.462,3,3
3.465,3,3
3.468,3,3
3.471,3,3
3.474,3,3
3.477,3,3
3.48,3,3
3.483,3,3
3.486,3,3
3.489,3,3
3.492,3,3
3.495,3,3
3.498,3,3
3.501,3,3
3.504,3,3
3.507,3,3
3.51,3,3
3.513,3,3
3.516,3,3
3.519,3,3
3.522,3,3
3.525,3,3
3.528,3,3
3.531,3,3
3.534,3,3
3.537,3,3
3.54,3,3
3.543,3,3
3.546,3,3
3.549,3,3
3.552,3,3
3.555,3,3
3.558,3,3
3.561,3,3
3.564,3,3
3.567,3,3
3.57,3,3
3.573,3,3
3.576,3,3
3.579,3,3
3.582,3,3
3.585,3,3
3.588,3,3
3.591,3,3
3.594,3,3
3.597,3,3
3.6,3,3
3.603,3,3
3.606,3,3
3.609,3,3
3.612,3,3
3.615,3,3
3.618,3,3
3.621,3,3
3.624,3,3
3.627,3,3
3.63,3,3
3.633,3,3
3.636,3,3
3.639,3,3
3.642,3,3
3.645,3,3
3.648,3,3
3.651,3,3
3.654,3,3
3.657,3,3
3.66,3,3
3.663,3,3
3.666,3,3
3.669,3,3
3.672,3,3
3.675,3,3
3.678,3,3
3.681,3,3
3.684,3,3
3.687,3,3
3.69,3,3
3.693,3,3
3.696,3,3
3.699,3,3
3.702,3,3
3.705,3,3
3.708,3,3
3.711,3,3
3.714,3,3
3.717,3,3
3.72,3,3
3.723,3,3
3.726,3,3
3.729,3,3
3.732,3,3
3.735,3,3
3.738,3,3
3.741,3,3
3.744,3,3
3.747,3,3
3.75,3,3
3.753,3,3
3.756,3,3
3.759,3,3
3.762,3,3
3.765,3,3
3.768,3,3
3.771,3,3
3.774,3,3
3.777,3,3
3.78,3,3
3.783,3,3
3.786,3,3
3.789,3,3
3.792,3,3
3.795,3,3
3.798,3,3
3.801,3,3
3.804,3,3
3.807,3,3
3.81,3,3
3.813,3,3
3.816,3,3
3.819,3,3
3.822,3,3
3.825,3,3
3.828,3,3
3.831,3,3
3.834,3,3
3.837,3,3
3.84,3,3
3.843,3,3
3.846,3,3
3.849,3,3
3.852,3,3
3.855,3,3
3.858,3,3
3.861,3,3
3.864,3,3
3.867,3,3
3.87,3,3
3.873,3,3
3.876,3,3
3.879,3,3
3.882,3,3
3.885,3,3
3.888,3,3
3.891,3,3
3.894,3,3
3.897,3,3
3.9,3,3
3.903,3,3
3.906,3,3
3.909,3,3
3.912,3,3
3.915,3,3
3.918,3,3
3.921,3,3
3.924,3,3
3.927,3,3
3.93,3,3
3.933,3,3
3.936,3,3
3.939,3,3
3.942,3,3
3.945,3,3
3.948,3,3
3.951,3,3
3.954,3,3
3.957,3,3
3.96,3,3
3.963,3,3
3.966,3,3
3.969,3,3
3.972,3,3
3.975,3,3
3.978,3,3
3.981,3,3
3.984,3,3
3.987,3,3
3.99,3,3
3.993,3,3
3.996,3,3
3.999,3,3
4.002,3,3
4.005,3,3
4.008,3,3
4.011,3,3
4.014,3,3
4.017,3,3
4.02,3,3
4.023,3,3
4.026,3,3
4.029,3,3
4.032,3,3
4.035,3,3
4.038,3,3
4.041,3,3
4.044,3,3
4.047,3,3
4.05,3,3
4.053,3,3
4.056,3,3
4.059,3,3
4.062,3,3
4.065,3,3
4.068,3,3
4.071,3,3
4.074,3,3
4.077,3,3
4.08,3,3
4.083,3,3
4.086,3,3
4.089,3,3
4.092,3,3
4.095,3,3
4.098,3,3
4.101,3,3
4.104,3,3
4.107,3,3
4.11,3,3
4.113,3,3
4.116,3,3
4.119,3,3
4.122,3,3
4.125,3,3
4.128,3,3
4.131,3,3
4.134,3,3
4.137,3,3
4.14,3,3
4.143,3,3
4.146,3,3
4.149,3,3
4.152,3,3
4.155,3,3
4.158,3,3
4.161,3,3
4.164,3,3
4.167,3,3
4.17,3,3
4.173,3,3
4.176,3,3
4.179,3,3
4.182,3,3
4.185,3,3
4.188,3,3
4.191,3,3
4.194,3,3
4.197,3,3
4.2,3,3
4.203,3,3
4.206,3,3
4.209,3,3
4.212,3,3
4.215,3,3
4.218,3,3
4.221,3,3
4.224,3,3
4.227,3,3
4.23,3,3
4.233,3,3
4.236,3,3
4.239,3,3
4.242,3,3
4.245,3,3
4.248,3,3
4.251,3,3
4.254,3,3
4.257,3,3
4.26,3,3
4.263,3,3
4.266,3,3
4.269,3,3
4.272,3,3
4.275,3,3
4.278,3,3
4.281,3,3
4.284,3,3
4.287,3,3
4.29,3,3
4.293,3,3
4.296,3,3
4.299,3,3
4.302,3,3
4.305,3,3
4.308,3,3
4.311,3,3
4.314,3,3
4.317,3,3
4.32,3,3
4.323,3,3
4.326,3,3
4.329,3,3
4.332,3,3
4.335,3,3
4.338,3,3
4.341,3,3
4.344,3,3
4.347,3,3
4.35,3,3
4.353,3,3
4.356,3,3
4.359,3,3
4.362,3,3
4.365,3,3
4.368,3,3
4.371,3,3
4.374,3,3
4.377,3,3
4.38,3,3
4.383,3,3
4.386,3,3
4.389,3,3
4.392,3,3
4.395,3,3
4.398,3,3
4.401,3,3
4.404,3,3
4.407,3,3
4.41,3,3
4.413,3,3
4.416,3,3
4.419,3,3
4.422,3,3
4.425,3,3
4.428,3,3
4.431,3,3
4.434,3,3
4.437,3,3
4.44,3,3
4.443,3,3
4.446,3,3
4.449,3,3
4.452,3,3
4.455,3,3
4.458,3,3
4.461,3,3
4.464,3,3
4.467,3,3
4.47,3,3
4.473,3,3
4.476,3,3
4.479,3,3
4.482,3,3
4.485,3,3
4.488,3,3
4.491,3,3
4.494,3,3
4.497,3,3
4.5,3,3
4.503,3,3
4.506,3,3
4.509,3,3
4.512,3,3
4.515,3,3
4.518,3,3
4.521,3,3
4.524,3,3
4.527,3,3
4.53,3,3
4.533,3,3
4.536,3,3
4.539,3,3
4.542,3,3
4.545,3,3
4.548,3,3
4.551,3,3
4.554,3,3
4.557,3,3
4.56,3,3
4.563,3,3
4.566,3,3
4.569,3,3
4.572,3,3
4.575,3,3
4.578,3,3
4.581,3,3
4.584,3,3
4.587,3,3
4.59,3,3
4.593,3,3
4.596,3,3
4.599,3,3
4.602,3,3
4.605,3,3
4.608,3,3
4.611,3,3
4.614,3,3
4.617,3,3
4.62,3,3
4.623,3,3
4.626,3,3
4.629,3,3
4.632,3,3
4.635,3,3
4.638,3,3
4.641,3,3
4.644,3,3
4.647,3,3
4.65,3,3
4.653,3,3
4.656,3,3
4.659,3,3
4.662,3,3
4.665,3,3
4.668,3,3
4.671,3,3
4.674,3,3
4.677,3,3
4.68,3,3
4.683,3,3
4.686,3,3
4.689,3,3
4.692,3,3
4.695,3,3
4.698,3,3
4.701,3,3
4.704,3,3
4.707,3,3
4.71,3,3
4.713,3,3
4.716,3,3
4.719,3,3
4.722,3,3
4.725,3,3
4.728,3,3
4.731,3,3
4.734,3,3
4.737,3,3
4.74,3,3
4.743,3,3
4.746,3,3
4.749,3,3
4.752,3,3
4.755,3,3
4.758,3,3
4.761,3,3
4.764,3,3
4.767,3,3
4.77,3,3
4.773,3,3
4.776,3,3
4.779,3,3
4.782,3,3
4.785,3,3
4.788,3,3
4.791,3,3
4.794,3,3
4.797,3,3
4.8,3,3
4.803,3,3
4.806,3,3
4.809,3,3
4.812,3,3
4.815,3,3
4.818,3,3
4.821,3,3
4.824,3,3
4.827,3,3
4.83,3,3
4.833,3,3
4.836,3,3
4.839,3,3
4.842,3,3
4.845,3,3
4.848,3,3
4.851,3,3
4.854,3,3
4.857,3,3
4.86,3,3
4.863,3,3
4.866,3,3
4.869,3,3
4.872,3,3
4.875,3,3
4.878,3,3
4.881,3,3
4.884,3,3
4.887,3,3
4.89,3,3
4.893,3,3
4.896,3,3
4.899,3,3
4.902,3,3
4.905,3,3
4.908,3,3
4.911,3,3
4.914,3,3
4.917,3,3
4.92,3,3
4.923,3,3
4.926,3,3
4.929,3,3
4.932,3,3
4.935,3,3
4.938,3,3
4.941,3,3
4.944,3,3
4.947,3,3
4.95,3,3
4.953,3,3
4.956,3,3
4.959,3,3
4.962,3,3
4.965,3,3
4.968,3,3
4.971,3,3
4.974,3,3
4.977,3,3
4.98,3,3
4.983,3,3
4.986,3,3
4.989,3,3
4.992,3,3
4.995,3,3
4.998,3,3
5,3,3
5,3,3
5.001,3,3
5.004,3,3
5.007,3,3
5.01,3,3
5.013,3,3
5.016,3,3
5.019,3,3
5.022,3,3
5.025,3,3
5.028,3,3
5.031,3,3
5.034,3,3
5.037,3,3
5.04,3,3
5.043,3,3
5.046,3,3
5.049,3,3
5.052,3,3
5.055,3,3
5.058,3,3
5.061,3,3
5.064,3,3
5.067,3,3
5.07,3,3
5.073,3,3
5.076,3,3
5.079,3,3
5.082,3,3
5.085,3,3
5.088,3,3
5.091,3,3
5.094,3,3
5.097,3,3
5.1,3,3
5.103,3,3
5.106,3,3
5.109,3,3
5.112,3,3
5.115,3,3
5.118,3,3
5.121,3,3
5.124,3,3
5.127,3,3
5.13,3,3
5.133,3,3
5.136,3,3
5.139,3,3
5.142,3,3
5.145,3,3
5.148,3,3
5.151,3,3
5.154,3,3
5.157,3,3
5.16,3,3
5.163,3,3
5.166,3,3
5.169,3,3
5.172,3,3
5.175,3,3
5.178,3,3
5.181,3,3
5.184,3,3
5.187,3,3
5.19,3,3
5.193,3,3
5.196,3,3
5.199,3,3
5.202,3,3
5.205,3,3
5.208,3,3
5.211,3,3
5.214,3,3
5.217,3,3
5.22,3,3
5.223,3,3
5.226,3,3
5.229,3,3
5.232,3,3
5.235,3,3
5.238,3,3
5.241,3,3
5.244,3,3
5.247,3,3
5.25,3,3
5.253,3,3
5.256,3,3
5.259,3,3
5.262,3,3
5.265,3,3
5.268,3,3
5.271,3,3
5.274,3,3
5.277,3,3
5.28,3,3
5.283,3,3
5.286,3,3
5.289,3,3
5.292,3,3
5.295,3,3
5.298,3,3
5.301,3,3
5.304,3,3
5.307,3,3
5.31,3,3
5.313,3,3
5.316,3,3
5.319,3,3
5.322,3,3
5.325,3,3
5.328,3,3
5.331,3,3
5.334,3,3
5.337,3,3
5.34,3,3
5.343,3,3
5.346,3,3
5.349,3,3
5.352,3,3
5.355,3,3
5.358,3,3
5.361,3,3
5.364,3,3
5.367,3,3
5.37,3,3
5.373,3,3
5.376,3,3
5.379,3,3
5.382,3,3
5.385,3,3
5.388,3,3
5.391,3,3
5.394,3,3
5.397,3,3
5.4,3,3
5.403,3,3
5.406,3,3
5.409,3,3
5.412,3,3
5.415,3,3
5.418,3,3
5.421,3,3
5.424,3,3
5.427,3,3
5.43,3,3
5.433,3,3
5.436,3,3
5.439,3,3
5.442,3,3
5.445,3,3
5.448,3,3
5.451,3,3
5.454,3,3
5.457,3,3
5.46,3,3
5.463,3,3
5.466,3,3
5.469,3,3
5.472,3,3
5.475,3,3
5.478,3,3
5.481,3,3
5.484,3,3
5.487,3,3
5.49,3,3
5.493,3,3
5.496,3,3
5.499,3,3
5.502,3,3
5.505,3,3
5.508,3,3
5.511,3,3
5.514,3,3
5.517,3,3
5.52,3,3
5.523,3,3
5.526,3,3
5.529,3,3
5.532,3,3
5.535,3,3
5.538,3,3
5.541,3,3
5.544,3,3
5.547,3,3
5.55,3,3
5.553,3,3
5.556,3,3
5.559,3,3
5.562,3,3
5.565,3,3
5.568,3,3
5.571,3,3
5.574,3,3
5.577,3,3
5.58,3,3
5.583,3,3
5.586,3,3
5.589,3,3
5.592,3,3
5.595,3,3
5.598,3,3
5.601,3,3
5.604,3,3
5.607,3,3
5.61,3,3
5.613,3,3
5.616,3,3
5.619,3,3
5.622,3,3
5.625,3,3
5.628,3,3
5.631,3,3
5.634,3,3
5.637,3,3
5.64,3,3
5.643,3,3
5.646,3,3
5.649,3,3
5.652,3,3
5.655,3,3
5.658,3,3
5.661,3,3
5.664,3,3
5.667,3,3
5.67,3,3
5.673,3,3
5.676,3,3
5.679,3,3
5.682,3,3
5.685,3,3
5.688,3,3
5.691,3,3
5.694,3,3
5.697,3,3
5.7,3,3
5.703,3,3
5.706,3,3
5.709,3,3
5.712,3,3
5.715,3,3
5.718,3,3
5.721,3,3
5.724,3,3
5.727,3,3
5.73,3,3
5.733,3,3
5.736,3,3
5.739,3,3
5.742,3,3
5.745,3,3
5.748,3,3
5.751,3,3
5.754,3,3
5.757,3,3
5.76,3,3
5.763,3,3
5.766,3,3
5.769,3,3
5.772,3,3
5.775,3,3
5.778,3,3
5.781,3,3
5.784,3,3
5.787,3,3
5.79,3,3
5.793,3,3
5.796,3,3
5.799,3,3
5.802,3,3
5.805,3,3
5.808,3,3
5.811,3,3
5.814,3,3
5.817,3,3
5.82,3,3
5.823,3,3
5.826,3,3
5.829,3,3
5.832,3,3
5.835,3,3
5.838,3,3
5.841,3,3
5.844,3,3
5.847,3,3
5.85,3,3
5.853,3,3
5.856,3,3
5.859,3,3
5.862,3,3
5.865,3,3
5.868,3,3
5.871,3,3
5.874,3,3
5.877,3,3
5.88,3,3
5.883,3,3
5.886,3,3
5.889,3,3
5.892,3,3
5.895,3,3
5.898,3,3
5.901,3,3
5.904,3,3
5.907,3,3
5.91,3,3
5.913,3,3
5.916,3,3
5.919,3,3
5.922,3,3
5.925,3,3
5.928,3,3
5.931,3,3
5.934,3,3
5.937,3,3
5.94,3,3
5.943,3,3
5.946,3,3
5.949,3,3
5.952,3,3
5.955,3,3
5.958,3,3
5.961,3,3
5.964,3,3
5.967,3,3
5.97,3,3
5.973,3,3
5.976,3,3
5.979,3,3
5.982,3,3
5.985,3,3
5.988,3,3
5.991,3,3
5.994,3,3
5.997,3,3
6,3,3
6,3,3
6.003,3,3
6.006,3,3
6.009,3,3
6.012,3,3
6.015,3,3
6.018,3,3
6.021,3,3
6.024,3,3
6.027,3,3
6.03,3,3
6.033,3,3
6.036,3,3
6.039,3,3
6.042,3,3
6.045,3,3
6.048,3,3
6.051,3,3
6.054,3,3
6.057,3,3
6.06,3,3
6.063,3,3
6.066,3,3
6.069,3,3
6.072,3,3
6.075,3,3
6.078,3,3
6.081,3,3
6.084,3,3
6.087,3,3
6.09,3,3
6.093,3,3
6.096,3,3
6.099,3,3
6.102,3,3
6.105,3,3
6.108,3,3
6.111,3,3
6.114,3,3
6.117,3,3
6.12,3,3
6.123,3,3
6.126,3,3
6.129,3,3
6.132,3,3
6.135,3,3
6.138,3,3
6.141,3,3
6.144,3,3
6.147,3,3
6.15,3,3
6.153,3,3
6.156,3,3
6.159,3,3
6.162,3,3
6.165,3,3
6.168,3,3
6.171,3,3
6.174,3,3
6.177,3,3
6.18,3,3
6.183,3,3
6.186,3,3
6.189,3,3
6.192,3,3
6.195,3,3
6.198,3,3
6.201,3,3
6.204,3,3
6.207,3,3
6.21,3,3
6.213,3,3
6.216,3,3
6.219,3,3
6.222,3,3
6.225,3,3
6.228,3,3
6.231,3,3
6.234,3,3
6.237,3,3
6.24,3,3
6.243,3,3
6.246,3,3
6.249,3,3
6.252,3,3
6.255,3,3
6.258,3,3
6.261,3,3
6.264,3,3
6.267,3,3
6.27,3,3
6.273,3,3
6.276,3,3
6.279,3,3
6.282,3,3
6.285,3,3
6.288,3,3
6.291,3,3
6.294,3,3
6.297,3,3
6.3,3,3
6.303,3,3
6.306,3,3
6.309,3,3
6.312,3,3
6.315,3,3
6.318,3,3
6.321,3,3
6.324,3,3
6.327,3,3
6.33,3,3
6.333,3,3
6.336,3,3
6.339,3,3
6.342,3,3
6.345,3,3
6.348,3,3
6.351,3,3
6.354,3,3
6.357,3,3
6.36,3,3
6.363,3,3
6.366,3,3
6.369,3,3
6.372,3,3
6.375,3,3
6.378,3,3
6.381,3,3
6.384,3,3
6.387,3,3
6.39,3,3
6.393,3,3
6.396,3,3
6.399,3,3
6.402,3,3
6.405,3,3
6.408,3,3
6.411,3,3
6.414,3,3
6.417,3,3
6.42,3,3
6.423,3,3
6.426,3,3
6.429,3,3
6.432,3,3
6.435,3,3
6.438,3,3
6.441,3,3
6.444,3,3
6.447,3,3
6.45,3,3
6.453,3,3
6.456,3,3
6.459,3,3
6.462,3,3
6.465,3,3
6.468,3,3
6.471,3,3
6.474,3,3
6.477,3,3
6.48,3,3
6.483,3,3
6.486,3,3
6.489,3,3
6.492,3,3
6.495,3,3
6.498,3,3
6.501,3,3
6.504,3,3
6.507,3,3
6.51,3,3
6.513,3,3
6.516,3,3
6.519,3,3
6.522,3,3
6.525,3,3
6.528,3,3
6.531,3,3
6.534,3,3
6.537,3,3
6.54,3,3
6.543,3,3
6.546,3,3
6.549,3,3
6.552,3,3
6.555,3,3
6.558,3,3
6.561,3,3
6.564,3,3
6.567,3,3
6.57,3,3
6.573,3,3
6.576,3,3
6.579,3,3
6.582,3,3
6.585,3,3
6.588,3,3
6.591,3,3
6.594,3,3
6.597,3,3
6.6,3,3
6.603,3,3
6.606,3,3
6.609,3,3
6.612,3,3
6.615,3,3
6.618,3,3
6.621,3,3
6.624,3,3
6.627,3,3
6.63,3,3
6.633,3,3
6.636,3,3
6.639,3,3
6.642,3,3
6.645,3,3
6.648,3,3
6.651,3,3
6.654,3,3
6.657,3,3
6.66,3,3
6.663,3,3
6.666,3,3
6.669,3,3
6.672,3,3
6.675,3,3
6.678,3,3
6.681,3,3
6.684,3,3
6.687,3,3
6.69,3,3
6.693,3,3
6.696,3,3
6.699,3,3
6.702,3,3
6.705,3,3
6.708,3,3
6.711,3,3
6.714,3,3
6.717,3,3
6.72,3,3
6.723,3,3
6.726,3,3
6.729,3,3
6.732,3,3
6.735,3,3
6.738,3,3
6.741,3,3
6.744,3,3
6.747,3,3
6.75,3,3
6.753,3,3
6.756,3,3
6.759,3,3
6.762,3,3
6.765,3,3
6.768,3,3
6.771,3,3
6.774,3,3
6.777,3,3
6.78,3,3
6.783,3,3
6.786,3,3
6.789,3,3
6.792,3,3
6.795,3,3
6.798,3,3
6.801,3,3
6.804,3,3
6.807,3,3
6.81,3,3
6.813,3,3
6.816,3,3
6.819,3,3
6.822,3,3
6.825,3,3
6.828,3,3
6.831,3,3
6.834,3,3
6.837,3,3
6.84,3,3
6.843,3,3
6.846,3,3
6.849,3,3
6.852,3,3
6.855,3,3
6.858,3,3
6.861,3,3
6.864,3,3
6.867,3,3
6.87,3,3
6.873,3,3
6.876,3,3
6.879,3,3
6.882,3,3
6.885,3,3
6.888,3,3
6.891,3,3
6.894,3,3
6.897,3,3
6.9,3,3
6.903,3,3
6.906,3,3
6.909,3,3
6.912,3,3
6.915,3,3
6.918,3,3
6.921,3,3
6.924,3,3
6.927,3,3
6.93,3,3
6.933,3,3
6.936,3,3
6.939,3,3
6.942,3,3
6.945,3,3
6.948,3,3
6.951,3,3
6.954,3,3
6.957,3,3
6.96,3,3
6.963,3,3
6.966,3,3
6.969,3,3
6.972,3,3
6.975,3,3
6.978,3,3
6.981,3,3
6.984,3,3
6.987,3,3
6.99,3,3
6.993,3,3
6.996,3,3
6.999,3,3
7.002,3,3
7.005,3,3
7.008,3,3
7.011,3,3
7.014,3,3
7.017,3,3
7.02,3,3
7.023,3,3
7.026,3,3
7.029,3,3
7.032,3,3
7.035,3,3
7.038,3,3
7.041,3,3
7.044,3,3
7.047,3,3
7.05,3,3
7.053,3,3
7.056,3,3
7.059,3,3
7.062,3,3
7.065,3,3
7.068,3,3
7.071,3,3
7.074,3,3
7.077,3,3
7.08,3,3
7.083,3,3
7.086,3,3
7.089,3,3
7.092,3,3
7.095,3,3
7.098,3,3
7.101,3,3
7.104,3,3
7.107,3,3
7.11,3,3
7.113,3,3
7.116,3,3
7.119,3,3
7.122,3,3
7.125,3,3
7.128,3,3
7.131,3,3
7.134,3,3
7.137,3,3
7.14,3,3
7.143,3,3
7.146,3,3
7.149,3,3
7.152,3,3
7.155,3,3
7.158,3,3
7.161,3,3
7.164,3,3
7.167,3,3
7.17,3,3
7.173,3,3
7.176,3,3
7.179,3,3
7.182,3,3
7.185,3,3
7.188,3,3
7.191,3,3
7.194,3,3
7.197,3,3
7.2,3,3
7.203,3,3
7.206,3,3
7.209,3,3
7.212,3,3
7.215,3,3
7.218,3,3
7.221,3,3
7.224,3,3
7.227,3,3
7.23,3,3
7.233,3,3
7.236,3,3
7.239,3,3
7.242,3,3
7.245,3,3
7.248,3,3
7.251,3,3
7.254,3,3
7.257,3,3
7.26,3,3
7.263,3,3
7.266,3,3
7.269,3,3
7.272,3,3
7.275,3,3
7.278,3,3
7.281,3,3
7.284,3,3
7.287,3,3
7.29,3,3
7.293,3,3
7.296,3,3
7.299,3,3
7.302,3,3
7.305,3,3
7.308,3,3
7.311,3,3
7.314,3,3
7.317,3,3
7.32,3,3
7.323,3,3
7.326,3,3
7.329,3,3
7.332,3,3
7.335,3,3
7.338,3,3
7.341,3,3
7.344,3,3
7.347,3,3
7.35,3,3
7.353,3,3
7.356,3,3
7.359,3,3
7.362,3,3
7.365,3,3
7.368,3,3
7.371,3,3
7.374,3,3
7.377,3,3
7.38,3,3
7.383,3,3
7.386,3,3
7.389,3,3
7.392,3,3
7.395,3,3
7.398,3,3
7.401,3,3
7.404,3,3
7.407,3,3
7.41,3,3
7.413,3,3
7.416,3,3
7.419,3,3
7.422,3,3
7.425,3,3
7.428,3,3
7.431,3,3
7.434,3,3
7.437,3,3
7.44,3,3
7.443,3,3
7.446,3,3
7.449,3,3
7.452,3,3
7.455,3,3
7.458,3,3
7.461,3,3
7.464,3,3
7.467,3,3
7.47,3,3
7.473,3,3
7.476,3,3
7.479,3,3
7.482,3,3
7.485,3,3
7.488,3,3
7.491,3,3
7.494,3,3
7.497,3,3
7.5,3,3
7.503,3,3
7.506,3,3
7.509,3,3
7.512,3,3
7.515,3,3
7.518,3,3
7.521,3,3
7.524,3,3
7.527,3,3
7.53,3,3
7.533,3,3
7.536,3,3
7.539,3,3
7.542,3,3
7.545,3,3
7.548,3,3
7.551,3,3
7.554,3,3
7.557,3,3
7.56,3,3
7.563,3,3
7.566,3,3
7.569,3,3
7.572,3,3
7.575,3,3
7.578,3,3
7.581,3,3
7.584,3,3
7.587,3,3
7.59,3,3
7.593,3,3
7.596,3,3
7.599,3,3
7.602,3,3
7.605,3,3
7.608,3,3
7.611,3,3
7.614,3,3
7.617,3,3
7.62,3,3
7.623,3,3
7.626,3,3
7.629,3,3
7.632,3,3
7.635,3,3
7.638,3,3
7.641,3,3
7.644,3,3
7.647,3,3
7.65,3,3
7.653,3,3
7.656,3,3
7.659,3,3
7.662,3,3
7.665,3,3
7.668,3,3
7.671,3,3
7.674,3,3
7.677,3,3
7.68,3,3
7.683,3,3
7.686,3,3
7.689,3,3
7.692,3,3
7.695,3,3
7.698,3,3
7.701,3,3
7.704,3,3
7.707,3,3
7.71,3,3
7.713,3,3
7.716,3,3
7.719,3,3
7.722,3,3
7.725,3,3
7.728,3,3
7.731,3,3
7.734,3,3
7.737,3,3
7.74,3,3
7.743,3,3
7.746,3,3
7.749,3,3
7.752,3,3
7.755,3,3
7.758,3,3
7.761,3,3
7.764,3,3
7.767,3,3
7.77,3,3
7.773,3,3
7.776,3,3
7.779,3,3
7.782,3,3
7.785,3,3
7.788,3,3
7.791,3,3
7.794,3,3
7.797,3,3
7.8,3,3
7.803,3,3
7.806,3,3
7.809,3,3
7.812,3,3
7.815,3,3
7.818,3,3
7.821,3,3
7.824,3,3
7.827,3,3
7.83,3,3
7.833,3,3
7.836,3,3
7.839,3,3
7.842,3,3
7.845,3,3
7.848,3,3
7.851,3,3
7.854,3,3
7.857,3,3
7.86,3,3
7.863,3,3
7.866,3,3
7.869,3,3
7.872,3,3
7.875,3,3
7.878,3,3
7.881,3,3
7.884,3,3
7.887,3,3
7.89,3,3
7.893,3,3
7.896,3,3
7.899,3,3
7.902,3,3
7.905,3,3
7.908,3,3
7.911,3,3
7.914,3,3
7.917,3,3
7.92,3,3
7.923,3,3
7.926,3,3
7.929,3,3
7.932,3,3
7.935,3,3
7.938,3,3
7.941,3,3
7.944,3,3
7.947,3,3
7.95,3,3
7.953,3,3
7.956,3,3
7.959,3,3
7.962,3,3
7.965,3,3
7.968,3,3
7.971,3,3
7.974,3,3
7.977,3,3
7.98,3,3
7.983,3,3
7.986,3,3
7.989,3,3
7.992,3,3
7.995,3,3
7.998,3,3
8,3,3
8,4,4
8.001,4,4
8.004,4,4
8.007,4,4
8.01,4,4
8.013,4,4
8.016,4,4
8.019,4,4
8.022,4,4
8.025,4,4
8.028,4,4
8.031,4,4
8.034,4,4
8.037,4,4
8.04,4,4
8.043,4,4
8.046,4,4
8.049,4,4
8.052,4,4
8.055,4,4
8.058,4,4
8.061,4,4
8.064,4,4
8.067,4,4
8.07,4,4
8.073,4,4
8.076,4,4
8.079,4,4
8.082,4,4
8.085,4,4
8.088,4,4
8.091,4,4
8.094,4,4
8.097,4,4
8.1,4,4
8.103,4,4
8.106,4,4
8.109,4,4
8.112,4,4
8.115,4,4
8.118,4,4
8.121,4,4
8.124,4,4
8.127,4,4
8.13,4,4
8.133,4,4
8.136,4,4
8.139,4,4
8.142,4,4
8.145,4,4
8.148,4,4
8.151,4,4
8.154,4,4
8.157,4,4
8.16,4,4
8.163,4,4
8.166,4,4
8.169,4,4
8.172,4,4
8.175,4,4
8.178,4,4
8.181,4,4
8.184,4,4
8.187,4,4
8.19,4,4
8.193,4,4
8.196,4,4
8.199,4,4
8.202,4,4
8.205,4,4
8.208,4,4
8.211,4,4
8.214,4,4
8.217,4,4
8.22,4,4
8.223,4,4
8.226,4,4
8.229,4,4
8.232,4,4
8.235,4,4
8.238,4,4
8.241,4,4
8.244,4,4
8.247,4,4
8.25,4,4
8.253,4,4
8.256,4,4
8.259,4,4
8.262,4,4
8.265,4,4
8.268,4,4
8.271,4,4
8.274,4,4
8.277,4,4
8.28,4,4
8.283,4,4
8.286,4,4
8.289,4,4
8.292,4,4
8.295,4,4
8.298,4,4
8.301,4,4
8.304,4,4
8.307,4,4
8.31,4,4
8.313,4,4
8.316,4,4
8.319,4,4
8.322,4,4
8.325,4,4
8.328,4,4
8.331,4,4
8.334,4,4
8.337,4,4
8.34,4,4
8.343,4,4
8.346,4,4
8.349,4,4
8.352,4,4
8.355,4,4
8.358,4,4
8.361,4,4
8.364,4,4
8.367,4,4
8.37,4,4
8.373,4,4
8.376,4,4
8.379,4,4
8.382,4,4
8.385,4,4
8.388,4,4
8.391,4,4
8.394,4,4
8.397,4,4
8.4,4,4
8.403,4,4
8.406,4,4
8.409,4,4
8.412,4,4
8.415,4,4
8.418,4,4
8.421,4,4
8.424,4,4
8.427,4,4
8.43,4,4
8.433,4,4
8.436,4,4
8.439,4,4
8.442,4,4
8.445,4,4
8.448,4,4
8.451,4,4
8.454,4,4
8.457,4,4
8.46,4,4
8.463,4,4
8.466,4,4
8.469,4,4
8.472,4,4
8.475,4,4
8.478,4,4
8.481,4,4
8.484,4,4
8.487,4,4
8.49,4,4
8.493,4,4
8.496,4,4
8.499,4,4
8.502,4,4
8.505,4,4
8.508,4,4
8.511,4,4
8.514,4,4
8.517,4,4
8.52,4,4
8.523,4,4
8.526,4,4
8.529,4,4
8.532,4,4
8.535,4,4
8.538,4,4
8.541,4,4
8.544,4,4
8.547,4,4
8.55,4,4
8.553,4,4
8.556,4,4
8.559,4,4
8.562,4,4
8.565,4,4
8.568,4,4
8.571,4,4
8.574,4,4
8.577,4,4
8.58,4,4
8.583,4,4
8.586,4,4
8.589,4,4
8.592,4,4
8.595,4,4
8.598,4,4
8.601,4,4
8.604,4,4
8.607,4,4
8.61,4,4
8.613,4,4
8.616,4,4
8.619,4,4
8.622,4,4
8.625,4,4
8.628,4,4
8.631,4,4
8.634,4,4
8.637,4,4
8.64,4,4
8.643,4,4
8.646,4,4
8.649,4,4
8.652,4,4
8.655,4,4
8.658,4,4
8.661,4,4
8.664,4,4
8.667,4,4
8.67,4,4
8.673,4,4
8.676,4,4
8.679,4,4
8.682,4,4
8.685,4,4
8.688,4,4
8.691,4,4
8.694,4,4
8.697,4,4
8.7,4,4
8.703,4,4
8.706,4,4
8.709,4,4
8.712,4,4
8.715,4,4
8.718,4,4
8.721,4,4
8.724,4,4
8.727,4,4
8.73,4,4
8.733,4,4
8.736,4,4
8.739,4,4
8.742,4,4
8.745,4,4
8.748,4,4
8.751,4,4
8.754,4,4
8.757,4,4
8.76,4,4
8.763,4,4
8.766,4,4
8.769,4,4
8.772,4,4
8.775,4,4
8.778,4,4
8.781,4,4
8.784,4,4
8.787,4,4
8.79,4,4
8.793,4,4
8.796,4,4
8.799,4,4
8.802,4,4
8.805,4,4
8.808,4,4
8.811,4,4
8.814,4,4
8.817,4,4
8.82,4,4
8.823,4,4
8.826,4,4
8.829,4,4
8.832,4,4
8.835,4,4
8.838,4,4
8.841,4,4
8.844,4,4
8.847,4,4
8.85,4,4
8.853,4,4
8.856,4,4
8.859,4,4
8.862,4,4
8.865,4,4
8.868,4,4
8.871,4,4
8.874,4,4
8.877,4,4
8.88,4,4
8.883,4,4
8.886,4,4
8.889,4,4
8.892,4,4
8.895,4,4
8.898,4,4
8.901,4,4
8.904,4,4
8.907,4,4
8.91,4,4
8.913,4,4
8.916,4,4
8.919,4,4
8.922,4,4
8.925,4,4
8.928,4,4
8.931,4,4
8.934,4,4
8.937,4,4
8.94,4,4
8.943,4,4
8.946,4,4
8.949,4,4
8.952,4,4
8.955,4,4
8.958,4,4
8.961,4,4
8.964,4,4
8.967,4,4
8.97,4,4
8.973,4,4
8.976,4,4
8.979,4,4
8.982,4,4
8.985,4,4
8.988,4,4
8.991,4,4
8.994,4,4
8.997,4,4
9,4,4
9.003,4,4
9.006,4,4
9.009,4,4
9.012,4,4
9.015,4,4
9.018,4,4
9.021,4,4
9.024,4,4
9.027,4,4
9.03,4,4
9.033,4,4
9.036,4,4
9.039,4,4
9.042,4,4
9.045,4,4
9.048,4,4
9.051,4,4
9.054,4,4
9.057,4,4
9.06,4,4
9.063,4,4
9.066,4,4
9.069,4,4
9.072,4,4
9.075,4,4
9.078,4,4
9.081,4,4
9.084,4,4
9.087,4,4
9.09,4,4
9.093,4,4
9.096,4,4
9.099,4,4
9.102,4,4
9.105,4,4
9.108,4,4
9.111,4,4
9.114,4,4
9.117,4,4
9.12,4,4
9.123,4,4
9.126,4,4
9.129,4,4
9.132,4,4
9.135,4,4
9.138,4,4
9.141,4,4
9.144,4,4
9.147,4,4
9.15,4,4
9.153,4,4
9.156,4,4
9.159,4,4
9.162,4,4
9.165,4,4
9.168,4,4
9.171,4,4
9.174,4,4
9.177,4,4
9.18,4,4
9.183,4,4
9.186,4,4
9.189,4,4
9.192,4,4
9.195,4,4
9.198,4,4
9.201,4,4
9.204,4,4
9.207,4,4
9.21,4,4
9.213,4,4
9.216,4,4
9.219,4,4
9.222,4,4
9.225,4,4
9.228,4,4
9.231,4,4
9.234,4,4
9.237,4,4
9.24,4,4
9.243,4,4
9.246,4,4
9.249,4,4
9.252,4,4
9.255,4,4
9.258,4,4
9.261,4,4
9.264,4,4
9.267,4,4
9.27,4,4
9.273,4,4
9.276,4,4
9.279,4,4
9.282,4,4
9.285,4,4
9.288,4,4
9.291,4,4
9.294,4,4
9.297,4,4
9.3,4,4
9.303,4,4
9.306,4,4
9.309,4,4
9.312,4,4
9.315,4,4
9.318,4,4
9.321,4,4
9.324,4,4
9.327,4,4
9.33,4,4
9.333,4,4
9.336,4,4
9.339,4,4
9.342,4,4
9.345,4,4
9.348,4,4
9.351,4,4
9.354,4,4
9.357,4,4
9.36,4,4
9.363,4,4
9.366,4,4
9.369,4,4
9.372,4,4
9.375,4,4
9.378,4,4
9.381,4,4
9.384,4,4
9.387,4,4
9.39,4,4
9.393,4,4
9.396,4,4
9.399,4,4
9.402,4,4
9.405,4,4
9.408,4,4
9.411,4,4
9.414,4,4
9.417,4,4
9.42,4,4
9.423,4,4
9.426,4,4
9.429,4,4
9.432,4,4
9.435,4,4
9.438,4,4
9.441,4,4
9.444,4,4
9.447,4,4
9.45,4,4
9.453,4,4
9.456,4,4
9.459,4,4
9.462,4,4
9.465,4,4
9.468,4,4
9.471,4,4
9.474,4,4
9.477,4,4
9.48,4,4
9.483,4,4
9.486,4,4
9.489,4,4
9.492,4,4
9.495,4,4
9.498,4,4
9.501,4,4
9.504,4,4
9.507,4,4
9.51,4,4
9.513,4,4
9.516,4,4
9.519,4,4
9.522,4,4
9.525,4,4
9.528,4,4
9.531,4,4
9.534,4,4
9.537,4,4
9.54,4,4
9.543,4,4
9.546,4,4
9.549,4,4
9.552,4,4
9.555,4,4
9.558,4,4
9.561,4,4
9.564,4,4
9.567,4,4
9.57,4,4
9.573,4,4
9.576,4,4
9.579,4,4
9.582,4,4
9.585,4,4
9.588,4,4
9.591,4,4
9.594,4,4
9.597,4,4
9.6,4,4
9.603,4,4
9.606,4,4
9.609,4,4
9.612,4,4
9.615,4,4
9.618,4,4
9.621,4,4
9.624,4,4
9.627,4,4
9.63,4,4
9.633,4,4
9.636,4,4
9.639,4,4
9.642,4,4
9.645,4,4
9.648,4,4
9.651,4,4
9.654,4,4
9.657,4,4
9.66,4,4
9.663,4,4
9.666,4,4
9.669,4,4
9.672,4,4
9.675,4,4
9.678,4,4
9.681,4,4
9.684,4,4
9.687,4,4
9.69,4,4
9.693,4,4
9.696,4,4
9.699,4,4
9.702,4,4
9.705,4,4
9.708,4,4
9.711,4,4
9.714,4,4
9.717,4,4
9.72,4,4
9.723,4,4
9.726,4,4
9.729,4,4
9.732,4,4
9.735,4,4
9.738,4,4
9.741,4,4
9.744,4,4
9.747,4,4
9.75,4,4
9.753,4,4
9.756,4,4
9.759,4,4
9.762,4,4
9.765,4,4
9.768,4,4
9.771,4,4
9.774,4,4
9.777,4,4
9.78,4,4
9.783,4,4
9.786,4,4
9.789,4,4
9.792,4,4
9.795,4,4
9.798,4,4
9.801,4,4
9.804,4,4
9.807,4,4
9.81,4,4
9.813,4,4
9.816,4,4
9.819,4,4
9.822,4,4
9.825,4,4
9.828,4,4
9.831,4,4
9.834,4,4
9.837,4,4
9.84,4,4
9.843,4,4
9.846,4,4
9.849,4,4
9.852,4,4
9.855,4,4
9.858,4,4
9.861,4,4
9.864,4,4
9.867,4,4
9.87,4,4
9.873,4,4
9.876,4,4
9.879,4,4
9.882,4,4
9.885,4,4
9.888,4,4
9.891,4,4
9.894,4,4
9.897,4,4
9.9,4,4
9.903,4,4
9.906,4,4
9.909,4,4
9.912,4,4
9.915,4,4
9.918,4,4
9.921,4,4
9.924,4,4
9.927,4,4
9.93,4,4
9.933,4,4
9.936,4,4
9.939,4,4
9.942,4,4
9.945,4,4
9.948,4,4
9.951,4,4
9.954,4,4
9.957,4,4
9.96,4,4
9.963,4,4
9.966,4,4
9.969,4,4
9.972,4,4
9.975,4,4
9.978,4,4
9.981,4,4
9.984,4,4
9.987,4,4
9.99,4,4
9.993,4,4
9.996,4,4
9.999,4,4
10,4,4
10,4,4
10.002,4,4
10.005,4,4
10.008,4,4
10.011,4,4
10.014,4,4
10.017,4,4
10.02,4,4
10.023,4,4
10.026,4,4
10.029,4,4
10.032,4,4
10.035,4,4
10.038,4,4
10.041,4,4
10.044,4,4
10.047,4,4
10.05,4,4
10.053,4,4
10.056,4,4
10.059,4,4
10.062,4,4
10.065,4,4
10.068,4,4
10.071,4,4
10.074,4,4
10.077,4,4
10.08,4,4
10.083,4,4
10.086,4,4
10.089,4,4
10.092,4,4
10.095,4,4
10.098,4,4
10.101,4,4
10.104,4,4
10.107,4,4
10.11,4,4
10.113,4,4
10.116,4,4
10.119,4,4
10.122,4,4
10.125,4,4
10.128,4,4
10.131,4,4
10.134,4,4
10.137,4,4
10.14,4,4
10.143,4,4
10.146,4,4
10.149,4,4
10.152,4,4
10.155,4,4
10.158,4,4
10.161,4,4
10.164,4,4
10.167,4,4
10.17,4,4
10.173,4,4
10.176,4,4
10.179,4,4
10.182,4,4
10.185,4,4
10.188,4,4
10.191,4,4
10.194,4,4
10.197,4,4
10.2,4,4
10.203,4,4
10.206,4,4
10.209,4,4
10.212,4,4
10.215,4,4
10.218,4,4
10.221,4,4
10.224,4,4
10.227,4,4
10.23,4,4
10.233,4,4
10.236,4,4
10.239,4,4
10.242,4,4
10.245,4,4
10.248,4,4
10.251,4,4
10.254,4,4
10.257,4,4
10.26,4,4
10.263,4,4
10.266,4,4
10.269,4,4
10.272,4,4
10.275,4,4
10.278,4,4
10.281,4,4
10.284,4,4
10.287,4,4
10.29,4,4
10.293,4,4
10.296,4,4
10.299,4,4
10.302,4,4
10.305,4,4
10.308,4,4
10.311,4,4
10.314,4,4
10.317,4,4
10.32,4,4
10.323,4,4
10.326,4,4
10.329,4,4
10.332,4,4
10.335,4,4
10.338,4,4
10.341,4,4
10.344,4,4
10.347,4,4
10.35,4,4
10.353,4,4
10.356,4,4
10.359,4,4
10.362,4,4
10.365,4,4
10.368,4,4
10.371,4,4
10.374,4,4
10.377,4,4
10.38,4,4
10.383,4,4
10.386,4,4
10.389,4,4
10.392,4,4
10.395,4,4
10.398,4,4
10.401,4,4
10.404,4,4
10.407,4,4
10.41,4,4
10.413,4,4
10.416,4,4
10.419,4,4
10.422,4,4
10.425,4,4
10.428,4,4
10.431,4,4
10.434,4,4
10.437,4,4
10.44,4,4
10.443,4,4
10.446,4,4
10.449,4,4
10.452,4,4
10.455,4,4
10.458,4,4
10.461,4,4
10.464,4,4
10.467,4,4
10.47,4,4
10.473,4,4
10.476,4,4
10.479,4,4
10.482,4,4
10.485,4,4
10.488,4,4
10.491,4,4
10.494,4,4
10.497,4,4
10.5,4,4
10.503,4,4
10.506,4,4
10.509,4,4
10.512,4,4
10.515,4,4
10.518,4,4
10.521,4,4
10.524,4,4
10.527,4,4
10.53,4,4
10.533,4,4
10.536,4,4
10.539,4,4
10.542,4,4
10.545,4,4
10.548,4,4
10.551,4,4
10.554,4,4
10.557,4,4
10.56,4,4
10.563,4,4
10.566,4,4
10.569,4,4
10.572,4,4
10.575,4,4
10.578,4,4
10.581,4,4
10.584,4,4
10.587,4,4
10.59,4,4
10.593,4,4
10.596,4,4
10.599,4,4
10.602,4,4
10.605,4,4
10.608,4,4
10.611,4,4
10.614,4,4
10.617,4,4
10.62,4,4
10.623,4,4
10.626,4,4
10.629,4,4
10.632,4,4
10.635,4,4
10.638,4,4
10.641,4,4
10.644,4,4
10.647,4,4
10.65,4,4
10.653,4,4
10.656,4,4
10.659,4,4
10.662,4,4
10.665,4,4
10.668,4,4
10.671,4,4
10.674,4,4
10.677,4,4
10.68,4,4
10.683,4,4
10.686,4,4
10.689,4,4
10.692,4,4
10.695,4,4
10.698,4,4
10.701,4,4
10.704,4,4
10.707,4,4
10.71,4,4
10.713,4,4
10.716,4,4
10.719,4,4
10.722,4,4
10.725,4,4
10.728,4,4
10.731,4,4
10.734,4,4
10.737,4,4
10.74,4,4
10.743,4,4
10.746,4,4
10.749,4,4
10.752,4,4
10.755,4,4
10.758,4,4
10.761,4,4
10.764,4,4
10.767,4,4
10.77,4,4
10.773,4,4
10.776,4,4
10.779,4,4
10.782,4,4
10.785,4,4
10.788,4,4
10.791,4,4
10.794,4,4
10.797,4,4
10.8,4,4
10.803,4,4
10.806,4,4
10.809,4,4
10.812,4,4
10.815,4,4
10.818,4,4
10.821,4,4
10.824,4,4
10.827,4,4
10.83,4,4
10.833,4,4
10.836,4,4
10.839,4,4
10.842,4,4
10.845,4,4
10.848,4,4
10.851,4,4
10.854,4,4
10.857,4,4
10.86,4,4
10.863,4,4
10.866,4,4
10.869,4,4
10.872,4,4
10.875,4,4
10.878,4,4
10.881,4,4
10.884,4,4
10.887,4,4
10.89,4,4
10.893,4,4
10.896,4,4
10.899,4,4
10.902,4,4
10.905,4,4
10.908,4,4
10.911,4,4
10.914,4,4
10.917,4,4
10.92,4,4
10.923,4,4
10.926,4,4
10.929,4,4
10.932,4,4
10.935,4,4
10.938,4,4
10.941,4,4
10.944,4,4
10.947,4,4
10.95,4,4
10.953,4,4
10.956,4,4
10.959,4,4
10.962,4,4
10.965,4,4
10.968,4,4
10.971,4,4
10.974,4,4
10.977,4,4
10.98,4,4
10.983,4,4
10.986,4,4
10.989,4,4
10.992,4,4
10.995,4,4
10.998,4,4
11,4,4
11,4,4
11.001,4,4
11.004,4,4
11.007,4,4
11.01,4,4
11.013,4,4
11.016,4,4
11.019,4,4
11.022,4,4
11.025,4,4
11.028,4,4
11.031,4,4
11.034,4,4
11.037,4,4
11.04,4,4
11.043,4,4
11.046,4,4
11.049,4,4
11.052,4,4
11.055,4,4
11.058,4,4
11.061,4,4
11.064,4,4
11.067,4,4
11.07,4,4
11.073,4,4
11.076,4,4
11.079,4,4
11.082,4,4
11.085,4,4
11.088,4,4
11.091,4,4
11.094,4,4
11.097,4,4
11.1,4,4
11.103,4,4
11.106,4,4
11.109,4,4
11.112,4,4
11.115,4,4
11.118,4,4
11.121,4,4
11.124,4,4
11.127,4,4
11.13,4,4
11.133,4,4
11.136,4,4
11.139,4,4
11.142,4,4
11.145,4,4
11.148,4,4
11.151,4,4
11.154,4,4
11.157,4,4
11.16,4,4
11.163,4,4
11.166,4,4
11.169,4,4
11.172,4,4
11.175,4,4
11.178,4,4
11.181,4,4
11.184,4,4
11.187,4,4
11.19,4,4
11.193,4,4
11.196,4,4
11.199,4,4
11.202,4,4
11.205,4,4
11.208,4,4
11.211,4,4
11.214,4,4
11.217,4,4
11.22,4,4
11.223,4,4
11.226,4,4
11.229,4,4
11.232,4,4
11.235,4,4
11.238,4,4
11.241,4,4
11.244,4,4
11.247,4,4
11.25,4,4
11.253,4,4
11.256,4,4
11.259,4,4
11.262,4,4
11.265,4,4
11.268,4,4
11.271,4,4
11.274,4,4
11.277,4,4
11.28,4,4
11.283,4,4
11.286,4,4
11.289,4,4
11.292,4,4
11.295,4,4
11.298,4,4
11.301,4,4
11.304,4,4
11.307,4,4
11.31,4,4
11.313,4,4
11.316,4,4
11.319,4,4
11.322,4,4
11.325,4,4
11.328,4,4
11.331,4,4
11.334,4,4
11.337,4,4
11.34,4,4
11.343,4,4
11.346,4,4
11.349,4,4
11.352,4,4
11.355,4,4
11.358,4,4
11.361,4,4
11.364,4,4
11.367,4,4
11.37,4,4
11.373,4,4
11.376,4,4
11.379,4,4
11.382,4,4
11.385,4,4
11.388,4,4
11.391,4,4
11.394,4,4
11.397,4,4
11.4,4,4
11.403,4,4
11.406,4,4
11.409,4,4
11.412,4,4
11.415,4,4
11.418,4,4
11.421,4,4
11.424,4,4
11.427,4,4
11.43,4,4
11.433,4,4
11.436,4,4
11.439,4,4
11.442,4,4
11.445,4,4
11.448,4,4
11.451,4,4
11.454,4,4
11.457,4,4
11.46,4,4
11.463,4,4
11.466,4,4
11.469,4,4
11.472,4,4
11.475,4,4
11.478,4,4
11.481,4,4
11.484,4,4
11.487,4,4
11.49,4,4
11.493,4,4
11.496,4,4
11.499,4,4
11.502,4,4
11.505,4,4
11.508,4,4
11.511,4,4
11.514,4,4
11.517,4,4
11.52,4,4
11.523,4,4
11.526,4,4
11.529,4,4
11.532,4,4
11.535,4,4
11.538,4,4
11.541,4,4
11.544,4,4
11.547,4,4
11.55,4,4
11.553,4,4
11.556,4,4
11.559,4,4
11.562,4,4
11.565,4,4
11.568,4,4
11.571,4,4
11.574,4,4
11.577,4,4
11.58,4,4
11.583,4,4
11.586,4,4
11.589,4,4
11.592,4,4
11.595,4,4
11.598,4,4
11.601,4,4
11.604,4,4
11.607,4,4
11.61,4,4
11.613,4,4
11.616,4,4
11.619,4,4
11.622,4,4
11.625,4,4
11.628,4,4
11.631,4,4
11.634,4,4
11.637,4,4
11.64,4,4
11.643,4,4
11.646,4,4
11.649,4,4
11.652,4,4
11.655,4,4
11.658,4,4
11.661,4,4
11.664,4,4
11.667,4,4
11.67,4,4
11.673,4,4
11.676,4,4
11.679,4,4
11.682,4,4
11.685,4,4
11.688,4,4
11.691,4,4
11.694,4,4
11.697,4,4
11.7,4,4
11.703,4,4
11.706,4,4
11.709,4,4
11.712,4,4
11.715,4,4
11.718,4,4
11.721,4,4
11.724,4,4
11.727,4,4
11.73,4,4
11.733,4,4
11.736,4,4
11.739,4,4
11.742,4,4
11.745,4,4
11.748,4,4
11.751,4,4
11.754,4,4
11.757,4,4
11.76,4,4
11.763,4,4
11.766,4,4
11.769,4,4
11.772,4,4
11.775,4,4
11.778,4,4
11.781,4,4
11.784,4,4
11.787,4,4
11.79,4,4
11.793,4,4
11.796,4,4
11.799,4,4
11.802,4,4
11.805,4,4
11.808,4,4
11.811,4,4
11.814,4,4
11.817,4,4
11.82,4,4
11.823,4,4
11.826,4,4
11.829,4,4
11.832,4,4
11.835,4,4
11.838,4,4
11.841,4,4
11.844,4,4
11.847,4,4
11.85,4,4
11.853,4,4
11.856,4,4
11.859,4,4
11.862,4,4
11.865,4,4
11.868,4,4
11.871,4,4
11.874,4,4
11.877,4,4
11.88,4,4
11.883,4,4
11.886,4,4
11.889,4,4
11.892,4,4
11.895,4,4
11.898,4,4
11.901,4,4
11.904,4,4
11.907,4,4
11.91,4,4
11.913,4,4
11.916,4,4
11.919,4,4
11.922,4,4
11.925,4,4
11.928,4,4
11.931,4,4
11.934,4,4
11.937,4,4
11.94,4,4
11.943,4,4
11.946,4,4
11.949,4,4
11.952,4,4
11.955,4,4
11.958,4,4
11.961,4,4
11.964,4,4
11.967,4,4
11.97,4,4
11.973,4,4
11.976,4,4
11.979,4,4
11.982,4,4
11.985,4,4
11.988,4,4
11.991,4,4
11.994,4,4
11.997,4,4
12,4,4
12,2,3
12.003,2,3
12.006,2,3
12.009,2,3
12.012,2,3
12.015,2,3
12.018,2,3
12.021,2,3
12.024,2,3
12.027,2,3
12.03,2,3
12.033,2,3
12.036,2,3
12.039,2,3
12.042,2,3
12.045,2,3
12.048,2,3
12.051,2,3
12.054,2,3
12.057,2,3
12.06,2,3
12.063,2,3
12.066,2,3
12.069,2,3
12.072,2,3
12.075,2,3
12.078,2,3
12.081,2,3
12.084,2,3
12.087,2,3
12.09,2,3
12.093,2,3
12.096,2,3
12.099,2,3
12.102,2,3
12.105,2,3
12.108,2,3
12.111,2,3
12.114,2,3
12.117,2,3
12.12,2,3
12.123,2,3
12.126,2,3
12.129,2,3
12.132,2,3
12.135,2,3
12.138,2,3
12.141,2,3
12.144,2,3
12.147,2,3
12.15,2,3
12.153,2,3
12.156,2,3
12.159,2,3
12.162,2,3
12.165,2,3
12.168,2,3
12.171,2,3
12.174,2,3
12.177,2,3
12.18,2,3
12.183,2,3
12.186,2,3
12.189,2,3
12.192,2,3
12.195,2,3
12.198,2,3
12.201,2,3
12.204,2,3
12.207,2,3
12.21,2,3
12.213,2,3
12.216,2,3
12.219,2,3
12.222,2,3
12.225,2,3
12.228,2,3
12.231,2,3
12.234,2,3
12.237,2,3
12.24,2,3
12.243,2,3
12.246,2,3
12.249,2,3
12.252,2,3
12.255,2,3
12.258,2,3
12.261,2,3
12.264,2,3
12.267,2,3
12.27,2,3
12.273,2,3
12.276,2,3
12.279,2,3
12.282,2,3
12.285,2,3
12.288,2,3
12.291,2,3
12.294,2,3
12.297,2,3
12.3,2,3
12.303,2,3
12.306,2,3
12.309,2,3
12.312,2,3
12.315,2,3
12.318,2,3
12.321,2,3
12.324,2,3
12.327,2,3
12.33,2,3
12.333,2,3
12.336,2,3
12.339,2,3
12.342,2,3
12.345,2,3
12.348,2,3
12.351,2,3
12.354,2,3
12.357,2,3
12.36,2,3
12.363,2,3
12.366,2,3
12.369,2,3
12.372,2,3
12.375,2,3
12.378,2,3
12.381,2,3
12.384,2,3
12.387,2,3
12.39,2,3
12.393,2,3
12.396,2,3
12.399,2,3
12.402,2,3
12.405,2,3
12.408,2,3
12.411,2,3
12.414,2,3
12.417,2,3
12.42,2,3
12.423,2,3
12.426,2,3
12.429,2,3
12.432,2,3
12.435,2,3
12.438,2,3
12.441,2,3
12.444,2,3
12.447,2,3
12.45,2,3
12.453,2,3
12.456,2,3
12.459,2,3
12.462,2,3
12.465,2,3
12.468,2,3
12.471,2,3
12.474,2,3
12.477,2,3
12.48,2,3
12.483,2,3
12.486,2,3
12.489,2,3
12.492,2,3
12.495,2,3
12.498,2,3
12.501,2,3
12.504,2,3
12.507,2,3
12.51,2,3
12.513,2,3
12.516,2,3
12.519,2,3
12.522,2,3
12.525,2,3
12.528,2,3
12.531,2,3
12.534,2,3
12.537,2,3
12.54,2,3
12.543,2,3
12.546,2,3
12.549,2,3
12.552,2,3
12.555,2,3
12.558,2,3
12.561,2,3
12.564,2,3
12.567,2,3
12.57,2,3
12.573,2,3
12.576,2,3
12.579,2,3
12.582,2,3
12.585,2,3
12.588,2,3
12.591,2,3
12.594,2,3
12.597,2,3
12.6,2,3
12.603,2,3
12.606,2,3
12.609,2,3
12.612,2,3
12.615,2,3
12.618,2,3
12.621,2,3
12.624,2,3
12.627,2,3
12.63,2,3
12.633,2,3
12.636,2,3
12.639,2,3
12.642,2,3
12.645,2,3
12.648,2,3
12.651,2,3
12.654,2,3
12.657,2,3
12.66,2,3
12.663,2,3
12.666,2,3
12.669,2,3
12.672,2,3
12.675,2,3
12.678,2,3
12.681,2,3
12.684,2,3
12.687,2,3
12.69,2,3
12.693,2,3
12.696,2,3
12.699,2,3
12.702,2,3
12.705,2,3
12.708,2,3
12.711,2,3
12.714,2,3
12.717,2,3
12.72,2,3
12.723,2,3
12.726,2,3
12.729,2,3
12.732,2,3
12.735,2,3
12.738,2,3
12.741,2,3
12.744,2,3
12.747,2,3
12.75,2,3
12.753,2,3
12.756,2,3
12.759,2,3
12.762,2,3
12.765,2,3
12.768,2,3
12.771,2,3
12.774,2,3
12.777,2,3
12.78,2,3
12.783,2,3
12.786,2,3
12.789,2,3
12.792,2,3
12.795,2,3
12.798,2,3
12.801,2,3
12.804,2,3
12.807,2,3
12.81,2,3
12.813,2,3
12.816,2,3
12.819,2,3
12.822,2,3
12.825,2,3
12.828,2,3
12.831,2,3
12.834,2,3
12.837,2,3
12.84,2,3
12.843,2,3
12.846,2,3
12.849,2,3
12.852,2,3
12.855,2,3
12.858,2,3
12.861,2,3
12.864,2,3
12.867,2,3
12.87,2,3
12.873,2,3
12.876,2,3
12.879,2,3
12.882,2,3
12.885,2,3
12.888,2,3
12.891,2,3
12.894,2,3
12.897,2,3
12.9,2,3
12.903,2,3
12.906,2,3
12.909,2,3
12.912,2,3
12.915,2,3
12.918,2,3
12.921,2,3
12.924,2,3
12.927,2,3
12.93,2,3
12.933,2,3
12.936,2,3
12.939,2,3
12.942,2,3
12.945,2,3
12.948,2,3
12.951,2,3
12.954,2,3
12.957,2,3
12.96,2,3
12.963,2,3
12.966,2,3
12.969,2,3
12.972,2,3
12.975,2,3
12.978,2,3
12.981,2,3
12.984,2,3
12.987,2,3
12.99,2,3
12.993,2,3
12.996,2,3
12.999,2,3
13.002,2,3
13.005,2,3
13.008,2,3
13.011,2,3
13.014,2,3
13.017,2,3
13.02,2,3
13.023,2,3
13.026,2,3
13.029,2,3
13.032,2,3
13.035,2,3
13.038,2,3
13.041,2,3
13.044,2,3
13.047,2,3
13.05,2,3
13.053,2,3
13.056,2,3
13.059,2,3
13.062,2,3
13.065,2,3
13.068,2,3
13.071,2,3
13.074,2,3
13.077,2,3
13.08,2,3
13.083,2,3
13.086,2,3
13.089,2,3
13.092,2,3
13.095,2,3
13.098,2,3
13.101,2,3
13.104,2,3
13.107,2,3
13.11,2,3
13.113,2,3
13.116,2,3
13.119,2,3
13.122,2,3
13.125,2,3
13.128,2,3
13.131,2,3
13.134,2,3
13.137,2,3
13.14,2,3
13.143,2,3
13.146,2,3
13.149,2,3
13.152,2,3
13.155,2,3
13.158,2,3
13.161,2,3
13.164,2,3
13.167,2,3
13.17,2,3
13.173,2,3
13.176,2,3
13.179,2,3
13.182,2,3
13.185,2,3
13.188,2,3
13.191,2,3
13.194,2,3
13.197,2,3
13.2,2,3
13.203,2,3
13.206,2,3
13.209,2,3
13.212,2,3
13.215,2,3
13.218,2,3
13.221,2,3
13.224,2,3
13.227,2,3
13.23,2,3
13.233,2,3
13.236,2,3
13.239,2,3
13.242,2,3
13.245,2,3
13.248,2,3
13.251,2,3
13.254,2,3
13.257,2,3
13.26,2,3
13.263,2,3
13.266,2,3
13.269,2,3
13.272,2,3
13.275,2,3
13.278,2,3
13.281,2,3
13.284,2,3
13.287,2,3
13.29,2,3
13.293,2,3
13.296,2,3
13.299,2,3
13.302,2,3
13.305,2,3
13.308,2,3
13.311,2,3
13.314,2,3
13.317,2,3
13.32,2,3
13.323,2,3
13.326,2,3
13.329,2,3
13.332,2,3
13.335,2,3
13.338,2,3
13.341,2,3
13.344,2,3
13.347,2,3
13.35,2,3
13.353,2,3
13.356,2,3
13.359,2,3
13.362,2,3
13.365,2,3
13.368,2,3
13.371,2,3
13.374,2,3
13.377,2,3
13.38,2,3
13.383,2,3
13.386,2,3
13.389,2,3
13.392,2,3
13.395,2,3
13.398,2,3
13.401,2,3
13.404,2,3
13.407,2,3
13.41,2,3
13.413,2,3
13.416,2,3
13.419,2,3
13.422,2,3
13.425,2,3
13.428,2,3
13.431,2,3
13.434,2,3
13.437,2,3
13.44,2,3
13.443,2,3
13.446,2,3
13.449,2,3
13.452,2,3
13.455,2,3
13.458,2,3
13.461,2,3
13.464,2,3
13.467,2,3
13.47,2,3
13.473,2,3
13.476,2,3
13.479,2,3
13.482,2,3
13.485,2,3
13.488,2,3
13.491,2,3
13.494,2,3
13.497,2,3
13.5,2,3
13.503,2,3
13.506,2,3
13.509,2,3
13.512,2,3
13.515,2,3
13.518,2,3
13.521,2,3
13.524,2,3
13.527,2,3
13.53,2,3
13.533,2,3
13.536,2,3
13.539,2,3
13.542,2,3
13.545,2,3
13.548,2,3
13.551,2,3
13.554,2,3
13.557,2,3
13.56,2,3
13.563,2,3
13.566,2,3
13.569,2,3
13.572,2,3
13.575,2,3
13.578,2,3
13.581,2,3
13.584,2,3
13.587,2,3
13.59,2,3
13.593,2,3
13.596,2,3
13.599,2,3
13.602,2,3
13.605,2,3
13.608,2,3
13.611,2,3
13.614,2,3
13.617,2,3
13.62,2,3
13.623,2,3
13.626,2,3
13.629,2,3
13.632,2,3
13.635,2,3
13.638,2,3
13.641,2,3
13.644,2,3
13.647,2,3
13.65,2,3
13.653,2,3
13.656,2,3
13.659,2,3
13.662,2,3
13.665,2,3
13.668,2,3
13.671,2,3
13.674,2,3
13.677,2,3
13.68,2,3
13.683,2,3
13.686,2,3
13.689,2,3
13.692,2,3
13.695,2,3
13.698,2,3
13.701,2,3
13.704,2,3
13.707,2,3
13.71,2,3
13.713,2,3
13.716,2,3
13.719,2,3
13.722,2,3
13.725,2,3
13.728,2,3
13.731,2,3
13.734,2,3
13.737,2,3
13.74,2,3
13.743,2,3
13.746,2,3
13.749,2,3
13.752,2,3
13.755,2,3
13.758,2,3
13.761,2,3
13.764,2,3
13.767,2,3
13.77,2,3
13.773,2,3
13.776,2,3
13.779,2,3
13.782,2,3
13.785,2,3
13.788,2,3
13.791,2,3
13.794,2,3
13.797,2,3
13.8,2,3
13.803,2,3
13.806,2,3
13.809,2,3
13.812,2,3
13.815,2,3
13.818,2,3
13.821,2,3
13.824,2,3
13.827,2,3
13.83,2,3
13.833,2,3
13.836,2,3
13.839,2,3
13.842,2,3
13.845,2,3
13.848,2,3
13.851,2,3
13.854,2,3
13.857,2,3
13.86,2,3
13.863,2,3
13.866,2,3
13.869,2,3
13.872,2,3
13.875,2,3
13.878,2,3
13.881,2,3
13.884,2,3
13.887,2,3
13.89,2,3
13.893,2,3
13.896,2,3
13.899,2,3
13.902,2,3
13.905,2,3
13.908,2,3
13.911,2,3
13.914,2,3
13.917,2,3
13.92,2,3
13.923,2,3
13.926,2,3
13.929,2,3
13.932,2,3
13.935,2,3
13.938,2,3
13.941,2,3
13.944,2,3
13.947,2,3
13.95,2,3
13.953,2,3
13.956,2,3
13.959,2,3
13.962,2,3
13.965,2,3
13.968,2,3
13.971,2,3
13.974,2,3
13.977,2,3
13.98,2,3
13.983,2,3
13.986,2,3
13.989,2,3
13.992,2,3
13.995,2,3
13.998,2,3
14.001,2,3
14.004,2,3
14.007,2,3
14.01,2,3
14.013,2,3
14.016,2,3
14.019,2,3
14.022,2,3
14.025,2,3
14.028,2,3
14.031,2,3
14.034,2,3
14.037,2,3
14.04,2,3
14.043,2,3
14.046,2,3
14.049,2,3
14.052,2,3
14.055,2,3
14.058,2,3
14.061,2,3
14.064,2,3
14.067,2,3
14.07,2,3
14.073,2,3
14.076,2,3
14.079,2,3
14.082,2,3
14.085,2,3
14.088,2,3
14.091,2,3
14.094,2,3
14.097,2,3
14.1,2,3
14.103,2,3
14.106,2,3
14.109,2,3
14.112,2,3
14.115,2,3
14.118,2,3
14.121,2,3
14.124,2,3
14.127,2,3
14.13,2,3
14.133,2,3
14.136,2,3
14.139,2,3
14.142,2,3
14.145,2,3
14.148,2,3
14.151,2,3
14.154,2,3
14.157,2,3
14.16,2,3
14.163,2,3
14.166,2,3
14.169,2,3
14.172,2,3
14.175,2,3
14.178,2,3
14.181,2,3
14.184,2,3
14.187,2,3
14.19,2,3
14.193,2,3
14.196,2,3
14.199,2,3
14.202,2,3
14.205,2,3
14.208,2,3
14.211,2,3
14.214,2,3
14.217,2,3
14.22,2,3
14.223,2,3
14.226,2,3
14.229,2,3
14.232,2,3
14.235,2,3
14.238,2,3
14.241,2,3
14.244,2,3
14.247,2,3
14.25,2,3
14.253,2,3
14.256,2,3
14.259,2,3
14.262,2,3
14.265,2,3
14.268,2,3
14.271,2,3
14.274,2,3
14.277,2,3
14.28,2,3
14.283,2,3
14.286,2,3
14.289,2,3
14.292,2,3
14.295,2,3
14.298,2,3
14.301,2,3
14.304,2,3
14.307,2,3
14.31,2,3
14.313,2,3
14.316,2,3
14.319,2,3
14.322,2,3
14.325,2,3
14.328,2,3
14.331,2,3
14.334,2,3
14.337,2,3
14.34,2,3
14.343,2,3
14.346,2,3
14.349,2,3
14.352,2,3
14.355,2,3
14.358,2,3
14.361,2,3
14.364,2,3
14.367,2,3
14.37,2,3
14.373,2,3
14.376,2,3
14.379,2,3
14.382,2,3
14.385,2,3
14.388,2,3
14.391,2,3
14.394,2,3
14.397,2,3
14.4,2,3
14.403,2,3
14.406,2,3
14.409,2,3
14.412,2,3
14.415,2,3
14.418,2,3
14.421,2,3
14.424,2,3
14.427,2,3
14.43,2,3
14.433,2,3
14.436,2,3
14.439,2,3
14.442,2,3
14.445,2,3
14.448,2,3
14.451,2,3
14.454,2,3
14.457,2,3
14.46,2,3
14.463,2,3
14.466,2,3
14.469,2,3
14.472,2,3
14.475,2,3
14.478,2,3
14.481,2,3
14.484,2,3
14.487,2,3
14.49,2,3
14.493,2,3
14.496,2,3
14.499,2,3
14.502,2,3
14.505,2,3
14.508,2,3
14.511,2,3
14.514,2,3
14.517,2,3
14.52,2,3
14.523,2,3
14.526,2,3
14.529,2,3
14.532,2,3
14.535,2,3
14.538,2,3
14.541,2,3
14.544,2,3
14.547,2,3
14.55,2,3
14.553,2,3
14.556,2,3
14.559,2,3
14.562,2,3
14.565,2,3
14.568,2,3
14.571,2,3
14.574,2,3
14.577,2,3
14.58,2,3
14.583,2,3
14.586,2,3
14.589,2,3
14.592,2,3
14.595,2,3
14.598,2,3
14.601,2,3
14.604,2,3
14.607,2,3
14.61,2,3
14.613,2,3
14.616,2,3
14.619,2,3
14.622,2,3
14.625,2,3
14.628,2,3
14.631,2,3
14.634,2,3
14.637,2,3
14.64,2,3
14.643,2,3
14.646,2,3
14.649,2,3
14.652,2,3
14.655,2,3
14.658,2,3
14.661,2,3
14.664,2,3
14.667,2,3
14.67,2,3
14.673,2,3
14.676,2,3
14.679,2,3
14.682,2,3
14.685,2,3
14.688,2,3
14.691,2,3
14.694,2,3
14.697,2,3
14.7,2,3
14.703,2,3
14.706,2,3
14.709,2,3
14.712,2,3
14.715,2,3
14.718,2,3
14.721,2,3
14.724,2,3
14.727,2,3
14.73,2,3
14.733,2,3
14.736,2,3
14.739,2,3
14.742,2,3
14.745,2,3
14.748,2,3
14.751,2,3
14.754,2,3
14.757,2,3
14.76,2,3
14.763,2,3
14.766,2,3
14.769,2,3
14.772,2,3
14.775,2,3
14.778,2,3
14.781,2,3
14.784,2,3
14.787,2,3
14.79,2,3
14.793,2,3
14.796,2,3
14.799,2,3
14.802,2,3
14.805,2,3
14.808,2,3
14.811,2,3
14.814,2,3
14.817,2,3
14.82,2,3
14.823,2,3
14.826,2,3
14.829,2,3
14.832,2,3
14.835,2,3
14.838,2,3
14.841,2,3
14.844,2,3
14.847,2,3
14.85,2,3
14.853,2,3
14.856,2,3
14.859,2,3
14.862,2,3
14.865,2,3
14.868,2,3
14.871,2,3
14.874,2,3
14.877,2,3
14.88,2,3
14.883,2,3
14.886,2,3
14.889,2,3
14.892,2,3
14.895,2,3
14.898,2,3
14.901,2,3
14.904,2,3
14.907,2,3
14.91,2,3
14.913,2,3
14.916,2,3
14.919,2,3
14.922,2,3
14.925,2,3
14.928,2,3
14.931,2,3
14.934,2,3
14.937,2,3
14.94,2,3
14.943,2,3
14.946,2,3
14.949,2,3
14.952,2,3
14.955,2,3
14.958,2,3
14.961,2,3
14.964,2,3
14.967,2,3
14.97,2,3
14.973,2,3
14.976,2,3
14.979,2,3
14.982,2,3
14.985,2,3
14.988,2,3
14.991,2,3
14.994,2,3
14.997,2,3
15,2,3
15,2,3
