"time","len.y","phi.y"
0,1e-06,0
0.0005,0.000501,0.00628318530717959
0.001,0.001001,0.0125663706143592
0.0015,0.001501,0.0188495559215388
0.002,0.002001,0.0251327412287183
0.0025,0.002501,0.0314159265358979
0.003,0.003001,0.0376991118430775
0.0035,0.003501,0.0439822971502571
0.004,0.004001,0.0502654824574367
0.0045,0.004501,0.0565486677646163
0.005,0.005001,0.0628318530717959
0.0055,0.005501,0.0691150383789754
0.006,0.006001,0.075398223686155
0.0065,0.006501,0.0816814089933346
0.007,0.007001,0.0879645943005142
0.0075,0.007501,0.0942477796076938
0.008,0.008001,0.100530964914873
0.0085,0.008501,0.106814150222053
0.009,0.009001,0.113097335529233
0.0095,0.009501,0.119380520836412
0.01,0.010001,0.125663706143592
0.0105,0.010501,0.131946891450771
0.011,0.011001,0.138230076757951
0.0115,0.011501,0.14451326206513
0.012,0.012001,0.15079644737231
0.0125,0.012501,0.15707963267949
0.013,0.013001,0.163362817986669
0.0135,0.013501,0.169646003293849
0.014,0.014001,0.175929188601028
0.0145,0.014501,0.182212373908208
0.015,0.015001,0.188495559215388
0.0155,0.015501,0.194778744522567
0.016,0.016001,0.201061929829747
0.0165,0.016501,0.207345115136926
0.017,0.017001,0.213628300444106
0.0175,0.017501,0.219911485751286
0.018,0.018001,0.226194671058465
0.0185,0.018501,0.232477856365645
0.019,0.019001,0.238761041672824
0.0195,0.019501,0.245044226980004
0.02,0.020001,0.251327412287183
0.0205,0.020501,0.257610597594363
0.021,0.021001,0.263893782901543
0.0215,0.021501,0.270176968208722
0.022,0.022001,0.276460153515902
0.0225,0.022501,0.282743338823081
0.023,0.023001,0.289026524130261
0.0235,0.023501,0.295309709437441
0.024,0.024001,0.30159289474462
0.0245,0.024501,0.3078760800518
0.025,0.025001,0.314159265358979
0.0255,0.025501,0.320442450666159
0.026,0.026001,0.326725635973339
0.0265,0.026501,0.333008821280518
0.027,0.027001,0.339292006587698
0.0275,0.027501,0.345575191894877
0.028,0.028001,0.351858377202057
0.0285,0.028501,0.358141562509236
0.029,0.029001,0.364424747816416
0.0295,0.029501,0.370707933123596
0.03,0.030001,0.376991118430775
0.0305,0.030501,0.383274303737955
0.031,0.031001,0.389557489045134
0.0315,0.031501,0.395840674352314
0.032,0.032001,0.402123859659494
0.0325,0.032501,0.408407044966673
0.033,0.033001,0.414690230273853
0.0335,0.033501,0.420973415581032
0.034,0.034001,0.427256600888212
0.0345,0.034501,0.433539786195391
0.035,0.035001,0.439822971502571
0.0355,0.035501,0.446106156809751
0.036,0.036001,0.45238934211693
0.0365,0.036501,0.45867252742411
0.037,0.037001,0.464955712731289
0.0375,0.037501,0.471238898038469
0.038,0.038001,0.477522083345649
0.0385,0.038501,0.483805268652828
0.039,0.039001,0.490088453960008
0.0395,0.039501,0.496371639267187
0.04,0.040001,0.502654824574367
0.0405,0.040501,0.508938009881546
0.041,0.041001,0.515221195188726
0.0415,0.041501,0.521504380495906
0.042,0.042001,0.527787565803085
0.0425,0.042501,0.534070751110265
0.043,0.043001,0.540353936417444
0.0435,0.043501,0.546637121724624
0.044,0.044001,0.552920307031804
0.0445,0.044501,0.559203492338983
0.045,0.045001,0.565486677646163
0.0455,0.045501,0.571769862953342
0.046,0.046001,0.578053048260522
0.0465,0.046501,0.584336233567701
0.047,0.047001,0.590619418874881
0.0475,0.047501,0.596902604182061
0.048,0.048001,0.60318578948924
0.0485,0.048501,0.60946897479642
0.049,0.049001,0.615752160103599
0.0495,0.049501,0.622035345410779
0.05,0.050001,0.628318530717959
0.0505,0.050501,0.634601716025138
0.051,0.051001,0.640884901332318
0.0515,0.051501,0.647168086639497
0.052,0.052001,0.653451271946677
0.0525,0.052501,0.659734457253856
0.053,0.053001,0.666017642561036
0.0535,0.053501,0.672300827868216
0.054,0.054001,0.678584013175395
0.0545,0.054501,0.684867198482575
0.055,0.055001,0.691150383789754
0.0555,0.055501,0.697433569096934
0.056,0.056001,0.703716754404114
0.0565,0.056501,0.709999939711293
0.057,0.057001,0.716283125018473
0.0575,0.057501,0.722566310325652
0.058,0.058001,0.728849495632832
0.0585,0.058501,0.735132680940012
0.059,0.059001,0.741415866247191
0.0595,0.059501,0.747699051554371
0.06,0.060001,0.75398223686155
0.0605,0.060501,0.76026542216873
0.061,0.061001,0.766548607475909
0.0615,0.061501,0.772831792783089
0.062,0.062001,0.779114978090269
0.0625,0.062501,0.785398163397448
0.063,0.063001,0.791681348704628
0.0635,0.063501,0.797964534011807
0.064,0.064001,0.804247719318987
0.0645,0.064501,0.810530904626167
0.065,0.065001,0.816814089933346
0.0655,0.065501,0.823097275240526
0.066,0.066001,0.829380460547705
0.0665,0.066501,0.835663645854885
0.067,0.067001,0.841946831162065
0.0675,0.067501,0.848230016469244
0.068,0.068001,0.854513201776424
0.0685,0.068501,0.860796387083603
0.069,0.069001,0.867079572390783
0.0695,0.069501,0.873362757697963
0.07,0.070001,0.879645943005142
0.0705,0.070501,0.885929128312322
0.071,0.071001,0.892212313619501
0.0715,0.071501,0.898495498926681
0.072,0.072001,0.904778684233861
0.0725,0.072501,0.91106186954104
0.073,0.073001,0.917345054848219
0.0735,0.073501,0.923628240155399
0.074,0.074001,0.929911425462579
0.0745,0.074501,0.936194610769758
0.075,0.075001,0.942477796076938
0.0755,0.075501,0.948760981384117
0.076,0.076001,0.955044166691297
0.0765,0.076501,0.961327351998477
0.077,0.077001,0.967610537305656
0.0775,0.077501,0.973893722612836
0.078,0.078001,0.980176907920015
0.0785,0.078501,0.986460093227195
0.079,0.079001,0.992743278534375
0.0795,0.079501,0.999026463841554
0.08,0.080001,1.00530964914873
0.0805,0.080501,1.01159283445591
0.081,0.081001,1.01787601976309
0.0815,0.081501,1.02415920507027
0.082,0.082001,1.03044239037745
0.0825,0.082501,1.03672557568463
0.083,0.083001,1.04300876099181
0.0835,0.083501,1.04929194629899
0.084,0.084001,1.05557513160617
0.0845,0.084501,1.06185831691335
0.085,0.085001,1.06814150222053
0.0855,0.085501,1.07442468752771
0.086,0.086001,1.08070787283489
0.0865,0.086501,1.08699105814207
0.087,0.087001,1.09327424344925
0.0875,0.087501,1.09955742875643
0.088,0.088001,1.10584061406361
0.0885,0.088501,1.11212379937079
0.089,0.089001,1.11840698467797
0.0895,0.089501,1.12469016998515
0.09,0.090001,1.13097335529233
0.0905,0.090501,1.1372565405995
0.091,0.091001,1.14353972590668
0.0915,0.091501,1.14982291121386
0.092,0.092001,1.15610609652104
0.0925,0.092501,1.16238928182822
0.093,0.093001,1.1686724671354
0.0935,0.093501,1.17495565244258
0.094,0.094001,1.18123883774976
0.0945,0.094501,1.18752202305694
0.095,0.095001,1.19380520836412
0.0955,0.095501,1.2000883936713
0.096,0.096001,1.20637157897848
0.0965,0.096501,1.21265476428566
0.097,0.097001,1.21893794959284
0.0975,0.097501,1.22522113490002
0.098,0.098001,1.2315043202072
0.0985,0.098501,1.23778750551438
0.099,0.099001,1.24407069082156
0.0995,0.099501,1.25035387612874
0.1,0.100001,1.25663706143592
0.1005,0.100501,1.2629202467431
0.101,0.101001,1.26920343205028
0.1015,0.101501,1.27548661735746
0.102,0.102001,1.28176980266464
0.1025,0.102501,1.28805298797182
0.103,0.103001,1.29433617327899
0.1035,0.103501,1.30061935858617
0.104,0.104001,1.30690254389335
0.1045,0.104501,1.31318572920053
0.105,0.105001,1.31946891450771
0.1055,0.105501,1.32575209981489
0.106,0.106001,1.33203528512207
0.1065,0.106501,1.33831847042925
0.107,0.107001,1.34460165573643
0.1075,0.107501,1.35088484104361
0.108,0.108001,1.35716802635079
0.1085,0.108501,1.36345121165797
0.109,0.109001,1.36973439696515
0.1095,0.109501,1.37601758227233
0.11,0.110001,1.38230076757951
0.1105,0.110501,1.38858395288669
0.111,0.111001,1.39486713819387
0.1115,0.111501,1.40115032350105
0.112,0.112001,1.40743350880823
0.1125,0.112501,1.41371669411541
0.113,0.113001,1.41999987942259
0.1135,0.113501,1.42628306472977
0.114,0.114001,1.43256625003695
0.1145,0.114501,1.43884943534413
0.115,0.115001,1.4451326206513
0.1155,0.115501,1.45141580595848
0.116,0.116001,1.45769899126566
0.1165,0.116501,1.46398217657284
0.117,0.117001,1.47026536188002
0.1175,0.117501,1.4765485471872
0.118,0.118001,1.48283173249438
0.1185,0.118501,1.48911491780156
0.119,0.119001,1.49539810310874
0.1195,0.119501,1.50168128841592
0.12,0.120001,1.5079644737231
0.1205,0.120501,1.51424765903028
0.121,0.121001,1.52053084433746
0.1215,0.121501,1.52681402964464
0.122,0.122001,1.53309721495182
0.1225,0.122501,1.539380400259
0.123,0.123001,1.54566358556618
0.1235,0.123501,1.55194677087336
0.124,0.124001,1.55822995618054
0.1245,0.124501,1.56451314148772
0.125,0.125001,1.5707963267949
0.1255,0.125501,1.57707951210208
0.126,0.126001,1.58336269740926
0.1265,0.126501,1.58964588271644
0.127,0.127001,1.59592906802361
0.1275,0.127501,1.60221225333079
0.128,0.128001,1.60849543863797
0.1285,0.128501,1.61477862394515
0.129,0.129001,1.62106180925233
0.1295,0.129501,1.62734499455951
0.13,0.130001,1.63362817986669
0.1305,0.130501,1.63991136517387
0.131,0.131001,1.64619455048105
0.1315,0.131501,1.65247773578823
0.132,0.132001,1.65876092109541
0.1325,0.132501,1.66504410640259
0.133,0.133001,1.67132729170977
0.1335,0.133501,1.67761047701695
0.134,0.134001,1.68389366232413
0.1345,0.134501,1.69017684763131
0.135,0.135001,1.69646003293849
0.1355,0.135501,1.70274321824567
0.136,0.136001,1.70902640355285
0.1365,0.136501,1.71530958886003
0.137,0.137001,1.72159277416721
0.1375,0.137501,1.72787595947439
0.138,0.138001,1.73415914478157
0.1385,0.138501,1.74044233008875
0.139,0.139001,1.74672551539593
0.1395,0.139501,1.7530087007031
0.14,0.140001,1.75929188601028
0.1405,0.140501,1.76557507131746
0.141,0.141001,1.77185825662464
0.1415,0.141501,1.77814144193182
0.142,0.142001,1.784424627239
0.1425,0.142501,1.79070781254618
0.143,0.143001,1.79699099785336
0.1435,0.143501,1.80327418316054
0.144,0.144001,1.80955736846772
0.1445,0.144501,1.8158405537749
0.145,0.145001,1.82212373908208
0.1455,0.145501,1.82840692438926
0.146,0.146001,1.83469010969644
0.1465,0.146501,1.84097329500362
0.147,0.147001,1.8472564803108
0.1475,0.147501,1.85353966561798
0.148,0.148001,1.85982285092516
0.1485,0.148501,1.86610603623234
0.149,0.149001,1.87238922153952
0.1495,0.149501,1.8786724068467
0.15,0.150001,1.88495559215388
0.1505,0.150501,1.89123877746106
0.151,0.151001,1.89752196276823
0.1515,0.151501,1.90380514807541
0.152,0.152001,1.91008833338259
0.1525,0.152501,1.91637151868977
0.153,0.153001,1.92265470399695
0.1535,0.153501,1.92893788930413
0.154,0.154001,1.93522107461131
0.1545,0.154501,1.94150425991849
0.155,0.155001,1.94778744522567
0.1555,0.155501,1.95407063053285
0.156,0.156001,1.96035381584003
0.1565,0.156501,1.96663700114721
0.157,0.157001,1.97292018645439
0.1575,0.157501,1.97920337176157
0.158,0.158001,1.98548655706875
0.1585,0.158501,1.99176974237593
0.159,0.159001,1.99805292768311
0.1595,0.159501,2.00433611299029
0.16,0.160001,2.01061929829747
0.1605,0.160501,2.01690248360465
0.161,0.161001,2.02318566891183
0.1615,0.161501,2.02946885421901
0.162,0.162001,2.03575203952619
0.1625,0.162501,2.04203522483337
0.163,0.163001,2.04831841014055
0.1635,0.163501,2.05460159544772
0.164,0.164001,2.0608847807549
0.1645,0.164501,2.06716796606208
0.165,0.165001,2.07345115136926
0.1655,0.165501,2.07973433667644
0.166,0.166001,2.08601752198362
0.1665,0.166501,2.0923007072908
0.167,0.167001,2.09858389259798
0.1675,0.167501,2.10486707790516
0.168,0.168001,2.11115026321234
0.1685,0.168501,2.11743344851952
0.169,0.169001,2.1237166338267
0.1695,0.169501,2.12999981913388
0.17,0.170001,2.13628300444106
0.1705,0.170501,2.14256618974824
0.171,0.171001,2.14884937505542
0.1715,0.171501,2.1551325603626
0.172,0.172001,2.16141574566978
0.1725,0.172501,2.16769893097696
0.173,0.173001,2.17398211628414
0.1735,0.173501,2.18026530159132
0.174,0.174001,2.1865484868985
0.1745,0.174501,2.19283167220568
0.175,0.175001,2.19911485751286
0.1755,0.175501,2.20539804282003
0.176,0.176001,2.21168122812721
0.1765,0.176501,2.21796441343439
0.177,0.177001,2.22424759874157
0.1775,0.177501,2.23053078404875
0.178,0.178001,2.23681396935593
0.1785,0.178501,2.24309715466311
0.179,0.179001,2.24938033997029
0.1795,0.179501,2.25566352527747
0.18,0.180001,2.26194671058465
0.1805,0.180501,2.26822989589183
0.181,0.181001,2.27451308119901
0.1815,0.181501,2.28079626650619
0.182,0.182001,2.28707945181337
0.1825,0.182501,2.29336263712055
0.183,0.183001,2.29964582242773
0.1835,0.183501,2.30592900773491
0.184,0.184001,2.31221219304209
0.1845,0.184501,2.31849537834927
0.185,0.185001,2.32477856365645
0.1855,0.185501,2.33106174896363
0.186,0.186001,2.33734493427081
0.1865,0.186501,2.34362811957799
0.187,0.187001,2.34991130488517
0.1875,0.187501,2.35619449019234
0.188,0.188001,2.36247767549952
0.1885,0.188501,2.3687608608067
0.189,0.189001,2.37504404611388
0.1895,0.189501,2.38132723142106
0.19,0.190001,2.38761041672824
0.1905,0.190501,2.39389360203542
0.191,0.191001,2.4001767873426
0.1915,0.191501,2.40645997264978
0.192,0.192001,2.41274315795696
0.1925,0.192501,2.41902634326414
0.193,0.193001,2.42530952857132
0.1935,0.193501,2.4315927138785
0.194,0.194001,2.43787589918568
0.1945,0.194501,2.44415908449286
0.195,0.195001,2.45044226980004
0.1955,0.195501,2.45672545510722
0.196,0.196001,2.4630086404144
0.1965,0.196501,2.46929182572158
0.197,0.197001,2.47557501102876
0.1975,0.197501,2.48185819633594
0.198,0.198001,2.48814138164312
0.1985,0.198501,2.4944245669503
0.199,0.199001,2.50070775225748
0.1995,0.199501,2.50699093756465
0.2,0.200001,2.51327412287183
0.2005,0.200501,2.51955730817901
0.201,0.201001,2.52584049348619
0.2015,0.201501,2.53212367879337
0.202,0.202001,2.53840686410055
0.2025,0.202501,2.54469004940773
0.203,0.203001,2.55097323471491
0.2035,0.203501,2.55725642002209
0.204,0.204001,2.56353960532927
0.2045,0.204501,2.56982279063645
0.205,0.205001,2.57610597594363
0.2055,0.205501,2.58238916125081
0.206,0.206001,2.58867234655799
0.2065,0.206501,2.59495553186517
0.207,0.207001,2.60123871717235
0.2075,0.207501,2.60752190247953
0.208,0.208001,2.61380508778671
0.2085,0.208501,2.62008827309389
0.209,0.209001,2.62637145840107
0.2095,0.209501,2.63265464370825
0.21,0.210001,2.63893782901543
0.2105,0.210501,2.64522101432261
0.211,0.211001,2.65150419962979
0.2115,0.211501,2.65778738493696
0.212,0.212001,2.66407057024414
0.2125,0.212501,2.67035375555132
0.213,0.213001,2.6766369408585
0.2135,0.213501,2.68292012616568
0.214,0.214001,2.68920331147286
0.2145,0.214501,2.69548649678004
0.215,0.215001,2.70176968208722
0.2155,0.215501,2.7080528673944
0.216,0.216001,2.71433605270158
0.2165,0.216501,2.72061923800876
0.217,0.217001,2.72690242331594
0.2175,0.217501,2.73318560862312
0.218,0.218001,2.7394687939303
0.2185,0.218501,2.74575197923748
0.219,0.219001,2.75203516454466
0.2195,0.219501,2.75831834985184
0.22,0.220001,2.76460153515902
0.2205,0.220501,2.7708847204662
0.221,0.221001,2.77716790577338
0.2215,0.221501,2.78345109108056
0.222,0.222001,2.78973427638774
0.2225,0.222501,2.79601746169492
0.223,0.223001,2.8023006470021
0.2235,0.223501,2.80858383230927
0.224,0.224001,2.81486701761645
0.2245,0.224501,2.82115020292363
0.225,0.225001,2.82743338823081
0.2255,0.225501,2.83371657353799
0.226,0.226001,2.83999975884517
0.2265,0.226501,2.84628294415235
0.227,0.227001,2.85256612945953
0.2275,0.227501,2.85884931476671
0.228,0.228001,2.86513250007389
0.2285,0.228501,2.87141568538107
0.229,0.229001,2.87769887068825
0.2295,0.229501,2.88398205599543
0.23,0.230001,2.89026524130261
0.2305,0.230501,2.89654842660979
0.231,0.231001,2.90283161191697
0.2315,0.231501,2.90911479722415
0.232,0.232001,2.91539798253133
0.2325,0.232501,2.92168116783851
0.233,0.233001,2.92796435314569
0.2335,0.233501,2.93424753845287
0.234,0.234001,2.94053072376005
0.2345,0.234501,2.94681390906723
0.235,0.235001,2.95309709437441
0.2355,0.235501,2.95938027968159
0.236,0.236001,2.96566346498876
0.2365,0.236501,2.97194665029594
0.237,0.237001,2.97822983560312
0.2375,0.237501,2.9845130209103
0.238,0.238001,2.99079620621748
0.2385,0.238501,2.99707939152466
0.239,0.239001,3.00336257683184
0.2395,0.239501,3.00964576213902
0.24,0.240001,3.0159289474462
0.2405,0.240501,3.02221213275338
0.241,0.241001,3.02849531806056
0.2415,0.241501,3.03477850336774
0.242,0.242001,3.04106168867492
0.2425,0.242501,3.0473448739821
0.243,0.243001,3.05362805928928
0.2435,0.243501,3.05991124459646
0.244,0.244001,3.06619442990364
0.2445,0.244501,3.07247761521082
0.245,0.245001,3.078760800518
0.2455,0.245501,3.08504398582518
0.246,0.246001,3.09132717113236
0.2465,0.246501,3.09761035643954
0.247,0.247001,3.10389354174672
0.2475,0.247501,3.1101767270539
0.248,0.248001,3.11645991236107
0.2485,0.248501,3.12274309766825
0.249,0.249001,3.12902628297543
0.2495,0.249501,3.13530946828261
0.25,0.250001,3.14159265358979
0.2505,0.250501,3.14787583889697
0.251,0.251001,3.15415902420415
0.2515,0.251501,3.16044220951133
0.252,0.252001,3.16672539481851
0.2525,0.252501,3.17300858012569
0.253,0.253001,3.17929176543287
0.2535,0.253501,3.18557495074005
0.254,0.254001,3.19185813604723
0.2545,0.254501,3.19814132135441
0.255,0.255001,3.20442450666159
0.2555,0.255501,3.21070769196877
0.256,0.256001,3.21699087727595
0.2565,0.256501,3.22327406258313
0.257,0.257001,3.22955724789031
0.2575,0.257501,3.23584043319749
0.258,0.258001,3.24212361850467
0.2585,0.258501,3.24840680381185
0.259,0.259001,3.25468998911903
0.2595,0.259501,3.26097317442621
0.26,0.260001,3.26725635973339
0.2605,0.260501,3.27353954504056
0.261,0.261001,3.27982273034774
0.2615,0.261501,3.28610591565492
0.262,0.262001,3.2923891009621
0.2625,0.262501,3.29867228626928
0.263,0.263001,3.30495547157646
0.2635,0.263501,3.31123865688364
0.264,0.264001,3.31752184219082
0.2645,0.264501,3.323805027498
0.265,0.265001,3.33008821280518
0.2655,0.265501,3.33637139811236
0.266,0.266001,3.34265458341954
0.2665,0.266501,3.34893776872672
0.267,0.267001,3.3552209540339
0.2675,0.267501,3.36150413934108
0.268,0.268001,3.36778732464826
0.2685,0.268501,3.37407050995544
0.269,0.269001,3.38035369526262
0.2695,0.269501,3.3866368805698
0.27,0.270001,3.39292006587698
0.2705,0.270501,3.39920325118416
0.271,0.271001,3.40548643649134
0.2715,0.271501,3.41176962179852
0.272,0.272001,3.4180528071057
0.2725,0.272501,3.42433599241287
0.273,0.273001,3.43061917772005
0.2735,0.273501,3.43690236302723
0.274,0.274001,3.44318554833441
0.2745,0.274501,3.44946873364159
0.275,0.275001,3.45575191894877
0.2755,0.275501,3.46203510425595
0.276,0.276001,3.46831828956313
0.2765,0.276501,3.47460147487031
0.277,0.277001,3.48088466017749
0.2775,0.277501,3.48716784548467
0.278,0.278001,3.49345103079185
0.2785,0.278501,3.49973421609903
0.279,0.279001,3.50601740140621
0.2795,0.279501,3.51230058671339
0.28,0.280001,3.51858377202057
0.2805,0.280501,3.52486695732775
0.281,0.281001,3.53115014263493
0.2815,0.281501,3.53743332794211
0.282,0.282001,3.54371651324929
0.2825,0.282501,3.54999969855647
0.283,0.283001,3.55628288386365
0.2835,0.283501,3.56256606917083
0.284,0.284001,3.56884925447801
0.2845,0.284501,3.57513243978519
0.285,0.285001,3.58141562509236
0.2855,0.285501,3.58769881039954
0.286,0.286001,3.59398199570672
0.2865,0.286501,3.6002651810139
0.287,0.287001,3.60654836632108
0.2875,0.287501,3.61283155162826
0.288,0.288001,3.61911473693544
0.2885,0.288501,3.62539792224262
0.289,0.289001,3.6316811075498
0.2895,0.289501,3.63796429285698
0.29,0.290001,3.64424747816416
0.2905,0.290501,3.65053066347134
0.291,0.291001,3.65681384877852
0.2915,0.291501,3.6630970340857
0.292,0.292001,3.66938021939288
0.2925,0.292501,3.67566340470006
0.293,0.293001,3.68194659000724
0.2935,0.293501,3.68822977531442
0.294,0.294001,3.6945129606216
0.2945,0.294501,3.70079614592878
0.295,0.295001,3.70707933123596
0.2955,0.295501,3.71336251654314
0.296,0.296001,3.71964570185032
0.2965,0.296501,3.72592888715749
0.297,0.297001,3.73221207246467
0.2975,0.297501,3.73849525777185
0.298,0.298001,3.74477844307903
0.2985,0.298501,3.75106162838621
0.299,0.299001,3.75734481369339
0.2995,0.299501,3.76362799900057
0.3,0.300001,3.76991118430775
0.3005,0.300501,3.77619436961493
0.301,0.301001,3.78247755492211
0.3015,0.301501,3.78876074022929
0.302,0.302001,3.79504392553647
0.3025,0.302501,3.80132711084365
0.303,0.303001,3.80761029615083
0.3035,0.303501,3.81389348145801
0.304,0.304001,3.82017666676519
0.3045,0.304501,3.82645985207237
0.305,0.305001,3.83274303737955
0.3055,0.305501,3.83902622268673
0.306,0.306001,3.84530940799391
0.3065,0.306501,3.85159259330109
0.307,0.307001,3.85787577860827
0.3075,0.307501,3.86415896391545
0.308,0.308001,3.87044214922263
0.3085,0.308501,3.8767253345298
0.309,0.309001,3.88300851983698
0.3095,0.309501,3.88929170514416
0.31,0.310001,3.89557489045134
0.3105,0.310501,3.90185807575852
0.311,0.311001,3.9081412610657
0.3115,0.311501,3.91442444637288
0.312,0.312001,3.92070763168006
0.3125,0.312501,3.92699081698724
0.313,0.313001,3.93327400229442
0.3135,0.313501,3.9395571876016
0.314,0.314001,3.94584037290878
0.3145,0.314501,3.95212355821596
0.315,0.315001,3.95840674352314
0.3155,0.315501,3.96468992883032
0.316,0.316001,3.9709731141375
0.3165,0.316501,3.97725629944468
0.317,0.317001,3.98353948475186
0.3175,0.317501,3.98982267005904
0.318,0.318001,3.99610585536622
0.3185,0.318501,4.0023890406734
0.319,0.319001,4.00867222598058
0.3195,0.319501,4.01495541128776
0.32,0.320001,4.02123859659494
0.3205,0.320501,4.02752178190211
0.321,0.321001,4.03380496720929
0.3215,0.321501,4.04008815251647
0.322,0.322001,4.04637133782365
0.3225,0.322501,4.05265452313083
0.323,0.323001,4.05893770843801
0.3235,0.323501,4.06522089374519
0.324,0.324001,4.07150407905237
0.3245,0.324501,4.07778726435955
0.325,0.325001,4.08407044966673
0.3255,0.325501,4.09035363497391
0.326,0.326001,4.09663682028109
0.3265,0.326501,4.10292000558827
0.327,0.327001,4.10920319089545
0.3275,0.327501,4.11548637620263
0.328,0.328001,4.12176956150981
0.3285,0.328501,4.12805274681699
0.329,0.329001,4.13433593212417
0.3295,0.329501,4.14061911743135
0.33,0.330001,4.14690230273853
0.3305,0.330501,4.15318548804571
0.331,0.331001,4.15946867335289
0.3315,0.331501,4.16575185866007
0.332,0.332001,4.17203504396725
0.3325,0.332501,4.17831822927443
0.333,0.333001,4.1846014145816
0.3335,0.333501,4.19088459988878
0.334,0.334001,4.19716778519596
0.3345,0.334501,4.20345097050314
0.335,0.335001,4.20973415581032
0.3355,0.335501,4.2160173411175
0.336,0.336001,4.22230052642468
0.3365,0.336501,4.22858371173186
0.337,0.337001,4.23486689703904
0.3375,0.337501,4.24115008234622
0.338,0.338001,4.2474332676534
0.3385,0.338501,4.25371645296058
0.339,0.339001,4.25999963826776
0.3395,0.339501,4.26628282357494
0.34,0.340001,4.27256600888212
0.3405,0.340501,4.2788491941893
0.341,0.341001,4.28513237949648
0.3415,0.341501,4.29141556480366
0.342,0.342001,4.29769875011084
0.3425,0.342501,4.30398193541802
0.343,0.343001,4.3102651207252
0.3435,0.343501,4.31654830603238
0.344,0.344001,4.32283149133956
0.3445,0.344501,4.32911467664674
0.345,0.345001,4.33539786195391
0.3455,0.345501,4.34168104726109
0.346,0.346001,4.34796423256827
0.3465,0.346501,4.35424741787545
0.347,0.347001,4.36053060318263
0.3475,0.347501,4.36681378848981
0.348,0.348001,4.37309697379699
0.3485,0.348501,4.37938015910417
0.349,0.349001,4.38566334441135
0.3495,0.349501,4.39194652971853
0.35,0.350001,4.39822971502571
0.3505,0.350501,4.40451290033289
0.351,0.351001,4.41079608564007
0.3515,0.351501,4.41707927094725
0.352,0.352001,4.42336245625443
0.3525,0.352501,4.42964564156161
0.353,0.353001,4.43592882686879
0.3535,0.353501,4.44221201217597
0.354,0.354001,4.44849519748315
0.3545,0.354501,4.45477838279033
0.355,0.355001,4.46106156809751
0.3555,0.355501,4.46734475340469
0.356,0.356001,4.47362793871187
0.3565,0.356501,4.47991112401904
0.357,0.357001,4.48619430932622
0.3575,0.357501,4.4924774946334
0.358,0.358001,4.49876067994058
0.3585,0.358501,4.50504386524776
0.359,0.359001,4.51132705055494
0.3595,0.359501,4.51761023586212
0.36,0.360001,4.5238934211693
0.3605,0.360501,4.53017660647648
0.361,0.361001,4.53645979178366
0.3615,0.361501,4.54274297709084
0.362,0.362001,4.54902616239802
0.3625,0.362501,4.5553093477052
0.363,0.363001,4.56159253301238
0.3635,0.363501,4.56787571831956
0.364,0.364001,4.57415890362674
0.3645,0.364501,4.58044208893392
0.365,0.365001,4.5867252742411
0.3655,0.365501,4.59300845954828
0.366,0.366001,4.59929164485546
0.3665,0.366501,4.60557483016264
0.367,0.367001,4.61185801546982
0.3675,0.367501,4.618141200777
0.368,0.368001,4.62442438608418
0.3685,0.368501,4.63070757139135
0.369,0.369001,4.63699075669853
0.3695,0.369501,4.64327394200571
0.37,0.370001,4.64955712731289
0.3705,0.370501,4.65584031262007
0.371,0.371001,4.66212349792725
0.3715,0.371501,4.66840668323443
0.372,0.372001,4.67468986854161
0.3725,0.372501,4.68097305384879
0.373,0.373001,4.68725623915597
0.3735,0.373501,4.69353942446315
0.374,0.374001,4.69982260977033
0.3745,0.374501,4.70610579507751
0.375,0.375001,4.71238898038469
0.3755,0.375501,4.71867216569187
0.376,0.376001,4.72495535099905
0.3765,0.376501,4.73123853630623
0.377,0.377001,4.73752172161341
0.3775,0.377501,4.74380490692059
0.378,0.378001,4.75008809222777
0.3785,0.378501,4.75637127753495
0.379,0.379001,4.76265446284213
0.3795,0.379501,4.76893764814931
0.38,0.380001,4.77522083345649
0.3805,0.380501,4.78150401876367
0.381,0.381001,4.78778720407084
0.3815,0.381501,4.79407038937802
0.382,0.382001,4.8003535746852
0.3825,0.382501,4.80663675999238
0.383,0.383001,4.81291994529956
0.3835,0.383501,4.81920313060674
0.384,0.384001,4.82548631591392
0.3845,0.384501,4.8317695012211
0.385,0.385001,4.83805268652828
0.3855,0.385501,4.84433587183546
0.386,0.386001,4.85061905714264
0.3865,0.386501,4.85690224244982
0.387,0.387001,4.863185427757
0.3875,0.387501,4.86946861306418
0.388,0.388001,4.87575179837136
0.3885,0.388501,4.88203498367854
0.389,0.389001,4.88831816898572
0.3895,0.389501,4.8946013542929
0.39,0.390001,4.90088453960008
0.3905,0.390501,4.90716772490726
0.391,0.391001,4.91345091021444
0.3915,0.391501,4.91973409552162
0.392,0.392001,4.9260172808288
0.3925,0.392501,4.93230046613598
0.393,0.393001,4.93858365144315
0.3935,0.393501,4.94486683675034
0.394,0.394001,4.95115002205751
0.3945,0.394501,4.95743320736469
0.395,0.395001,4.96371639267187
0.3955,0.395501,4.96999957797905
0.396,0.396001,4.97628276328623
0.3965,0.396501,4.98256594859341
0.397,0.397001,4.98884913390059
0.3975,0.397501,4.99513231920777
0.398,0.398001,5.00141550451495
0.3985,0.398501,5.00769868982213
0.399,0.399001,5.01398187512931
0.3995,0.399501,5.02026506043649
0.4,0.400001,5.02654824574367
0.4005,0.400501,5.03283143105085
0.401,0.401001,5.03911461635803
0.4015,0.401501,5.04539780166521
0.402,0.402001,5.05168098697239
0.4025,0.402501,5.05796417227957
0.403,0.403001,5.06424735758675
0.4035,0.403501,5.07053054289393
0.404,0.404001,5.07681372820111
0.4045,0.404501,5.08309691350829
0.405,0.405001,5.08938009881547
0.4055,0.405501,5.09566328412264
0.406,0.406001,5.10194646942982
0.4065,0.406501,5.108229654737
0.407,0.407001,5.11451284004418
0.4075,0.407501,5.12079602535136
0.408,0.408001,5.12707921065854
0.4085,0.408501,5.13336239596572
0.409,0.409001,5.1396455812729
0.4095,0.409501,5.14592876658008
0.41,0.410001,5.15221195188726
0.4105,0.410501,5.15849513719444
0.411,0.411001,5.16477832250162
0.4115,0.411501,5.1710615078088
0.412,0.412001,5.17734469311598
0.4125,0.412501,5.18362787842316
0.413,0.413001,5.18991106373034
0.4135,0.413501,5.19619424903752
0.414,0.414001,5.2024774343447
0.4145,0.414501,5.20876061965188
0.415,0.415001,5.21504380495906
0.4155,0.415501,5.22132699026624
0.416,0.416001,5.22761017557342
0.4165,0.416501,5.23389336088059
0.417,0.417001,5.24017654618777
0.4175,0.417501,5.24645973149495
0.418,0.418001,5.25274291680213
0.4185,0.418501,5.25902610210931
0.419,0.419001,5.26530928741649
0.4195,0.419501,5.27159247272367
0.42,0.420001,5.27787565803085
0.4205,0.420501,5.28415884333803
0.421,0.421001,5.29044202864521
0.4215,0.421501,5.29672521395239
0.422,0.422001,5.30300839925957
0.4225,0.422501,5.30929158456675
0.423,0.423001,5.31557476987393
0.4235,0.423501,5.32185795518111
0.424,0.424001,5.32814114048829
0.4245,0.424501,5.33442432579547
0.425,0.425001,5.34070751110265
0.4255,0.425501,5.34699069640983
0.426,0.426001,5.35327388171701
0.4265,0.426501,5.35955706702419
0.427,0.427001,5.36584025233137
0.4275,0.427501,5.37212343763855
0.428,0.428001,5.37840662294573
0.4285,0.428501,5.38468980825291
0.429,0.429001,5.39097299356008
0.4295,0.429501,5.39725617886726
0.43,0.430001,5.40353936417444
0.4305,0.430501,5.40982254948162
0.431,0.431001,5.4161057347888
0.4315,0.431501,5.42238892009598
0.432,0.432001,5.42867210540316
0.4325,0.432501,5.43495529071034
0.433,0.433001,5.44123847601752
0.4335,0.433501,5.4475216613247
0.434,0.434001,5.45380484663188
0.4345,0.434501,5.46008803193906
0.435,0.435001,5.46637121724624
0.4355,0.435501,5.47265440255342
0.436,0.436001,5.4789375878606
0.4365,0.436501,5.48522077316778
0.437,0.437001,5.49150395847496
0.4375,0.437501,5.49778714378214
0.438,0.438001,5.50407032908932
0.4385,0.438501,5.5103535143965
0.439,0.439001,5.51663669970368
0.4395,0.439501,5.52291988501086
0.44,0.440001,5.52920307031804
0.4405,0.440501,5.53548625562522
0.441,0.441001,5.54176944093239
0.4415,0.441501,5.54805262623958
0.442,0.442001,5.55433581154675
0.4425,0.442501,5.56061899685393
0.443,0.443001,5.56690218216111
0.4435,0.443501,5.57318536746829
0.444,0.444001,5.57946855277547
0.4445,0.444501,5.58575173808265
0.445,0.445001,5.59203492338983
0.4455,0.445501,5.59831810869701
0.446,0.446001,5.60460129400419
0.4465,0.446501,5.61088447931137
0.447,0.447001,5.61716766461855
0.4475,0.447501,5.62345084992573
0.448,0.448001,5.62973403523291
0.4485,0.448501,5.63601722054009
0.449,0.449001,5.64230040584727
0.4495,0.449501,5.64858359115445
0.45,0.450001,5.65486677646163
0.4505,0.450501,5.66114996176881
0.451,0.451001,5.66743314707599
0.4515,0.451501,5.67371633238317
0.452,0.452001,5.67999951769035
0.4525,0.452501,5.68628270299753
0.453,0.453001,5.69256588830471
0.4535,0.453501,5.69884907361188
0.454,0.454001,5.70513225891906
0.4545,0.454501,5.71141544422624
0.455,0.455001,5.71769862953342
0.4555,0.455501,5.7239818148406
0.456,0.456001,5.73026500014778
0.4565,0.456501,5.73654818545496
0.457,0.457001,5.74283137076214
0.4575,0.457501,5.74911455606932
0.458,0.458001,5.7553977413765
0.4585,0.458501,5.76168092668368
0.459,0.459001,5.76796411199086
0.4595,0.459501,5.77424729729804
0.46,0.460001,5.78053048260522
0.4605,0.460501,5.7868136679124
0.461,0.461001,5.79309685321958
0.4615,0.461501,5.79938003852676
0.462,0.462001,5.80566322383394
0.4625,0.462501,5.81194640914112
0.463,0.463001,5.8182295944483
0.4635,0.463501,5.82451277975548
0.464,0.464001,5.83079596506266
0.4645,0.464501,5.83707915036984
0.465,0.465001,5.84336233567702
0.4655,0.465501,5.8496455209842
0.466,0.466001,5.85592870629137
0.4665,0.466501,5.86221189159855
0.467,0.467001,5.86849507690573
0.4675,0.467501,5.87477826221291
0.468,0.468001,5.88106144752009
0.4685,0.468501,5.88734463282727
0.469,0.469001,5.89362781813445
0.4695,0.469501,5.89991100344163
0.47,0.470001,5.90619418874881
0.4705,0.470501,5.91247737405599
0.471,0.471001,5.91876055936317
0.4715,0.471501,5.92504374467035
0.472,0.472001,5.93132692997753
0.4725,0.472501,5.93761011528471
0.473,0.473001,5.94389330059189
0.4735,0.473501,5.95017648589907
0.474,0.474001,5.95645967120625
0.4745,0.474501,5.96274285651343
0.475,0.475001,5.96902604182061
0.4755,0.475501,5.97530922712779
0.476,0.476001,5.98159241243497
0.4765,0.476501,5.98787559774215
0.477,0.477001,5.99415878304933
0.4775,0.477501,6.00044196835651
0.478,0.478001,6.00672515366368
0.4785,0.478501,6.01300833897086
0.479,0.479001,6.01929152427804
0.4795,0.479501,6.02557470958522
0.48,0.480001,6.0318578948924
0.4805,0.480501,6.03814108019958
0.481,0.481001,6.04442426550676
0.4815,0.481501,6.05070745081394
0.482,0.482001,6.05699063612112
0.4825,0.482501,6.0632738214283
0.483,0.483001,6.06955700673548
0.4835,0.483501,6.07584019204266
0.484,0.484001,6.08212337734984
0.4845,0.484501,6.08840656265702
0.485,0.485001,6.0946897479642
0.4855,0.485501,6.10097293327138
0.486,0.486001,6.10725611857856
0.4865,0.486501,6.11353930388574
0.487,0.487001,6.11982248919292
0.4875,0.487501,6.1261056745001
0.488,0.488001,6.13238885980728
0.4885,0.488501,6.13867204511446
0.489,0.489001,6.14495523042164
0.4895,0.489501,6.15123841572882
0.49,0.490001,6.15752160103599
0.4905,0.490501,6.16380478634317
0.491,0.491001,6.17008797165035
0.4915,0.491501,6.17637115695753
0.492,0.492001,6.18265434226471
0.4925,0.492501,6.18893752757189
0.493,0.493001,6.19522071287907
0.4935,0.493501,6.20150389818625
0.494,0.494001,6.20778708349343
0.4945,0.494501,6.21407026880061
0.495,0.495001,6.22035345410779
0.4955,0.495501,6.22663663941497
0.496,0.496001,6.23291982472215
0.4965,0.496501,6.23920301002933
0.497,0.497001,6.24548619533651
0.4975,0.497501,6.25176938064369
0.498,0.498001,6.25805256595087
0.4985,0.498501,6.26433575125805
0.499,0.499001,6.27061893656523
0.4995,0.499501,6.27690212187241
0.5,0.500001,6.28318530717959
0.5005,0.500501,6.28946849248677
0.501,0.501001,6.29575167779395
0.5015,0.501501,6.30203486310113
0.502,0.502001,6.3083180484083
0.5025,0.502501,6.31460123371548
0.503,0.503001,6.32088441902266
0.5035,0.503501,6.32716760432984
0.504,0.504001,6.33345078963702
0.5045,0.504501,6.3397339749442
0.505,0.505001,6.34601716025138
0.5055,0.505501,6.35230034555856
0.506,0.506001,6.35858353086574
0.5065,0.506501,6.36486671617292
0.507,0.507001,6.3711499014801
0.5075,0.507501,6.37743308678728
0.508,0.508001,6.38371627209446
0.5085,0.508501,6.38999945740164
0.509,0.509001,6.39628264270882
0.5095,0.509501,6.402565828016
0.51,0.510001,6.40884901332318
0.5105,0.510501,6.41513219863036
0.511,0.511001,6.42141538393754
0.5115,0.511501,6.42769856924472
0.512,0.512001,6.4339817545519
0.5125,0.512501,6.44026493985907
0.513,0.513001,6.44654812516626
0.5135,0.513501,6.45283131047343
0.514,0.514001,6.45911449578061
0.5145,0.514501,6.46539768108779
0.515,0.515001,6.47168086639497
0.5155,0.515501,6.47796405170215
0.516,0.516001,6.48424723700933
0.5165,0.516501,6.49053042231651
0.517,0.517001,6.49681360762369
0.5175,0.517501,6.50309679293087
0.518,0.518001,6.50937997823805
0.5185,0.518501,6.51566316354523
0.519,0.519001,6.52194634885241
0.5195,0.519501,6.52822953415959
0.52,0.520001,6.53451271946677
0.5205,0.520501,6.54079590477395
0.521,0.521001,6.54707909008113
0.5215,0.521501,6.55336227538831
0.522,0.522001,6.55964546069549
0.5225,0.522501,6.56592864600267
0.523,0.523001,6.57221183130985
0.5235,0.523501,6.57849501661703
0.524,0.524001,6.58477820192421
0.5245,0.524501,6.59106138723139
0.525,0.525001,6.59734457253857
0.5255,0.525501,6.60362775784574
0.526,0.526001,6.60991094315292
0.5265,0.526501,6.6161941284601
0.527,0.527001,6.62247731376728
0.5275,0.527501,6.62876049907446
0.528,0.528001,6.63504368438164
0.5285,0.528501,6.64132686968882
0.529,0.529001,6.647610054996
0.5295,0.529501,6.65389324030318
0.53,0.530001,6.66017642561036
0.5305,0.530501,6.66645961091754
0.531,0.531001,6.67274279622472
0.5315,0.531501,6.6790259815319
0.532,0.532001,6.68530916683908
0.5325,0.532501,6.69159235214626
0.533,0.533001,6.69787553745344
0.5335,0.533501,6.70415872276062
0.534,0.534001,6.7104419080678
0.5345,0.534501,6.71672509337498
0.535,0.535001,6.72300827868216
0.5355,0.535501,6.72929146398934
0.536,0.536001,6.73557464929652
0.5365,0.536501,6.7418578346037
0.537,0.537001,6.74814101991088
0.5375,0.537501,6.75442420521806
0.538,0.538001,6.76070739052524
0.5385,0.538501,6.76699057583241
0.539,0.539001,6.77327376113959
0.5395,0.539501,6.77955694644677
0.54,0.540001,6.78584013175395
0.5405,0.540501,6.79212331706113
0.541,0.541001,6.79840650236831
0.5415,0.541501,6.80468968767549
0.542,0.542001,6.81097287298267
0.5425,0.542501,6.81725605828985
0.543,0.543001,6.82353924359703
0.5435,0.543501,6.82982242890421
0.544,0.544001,6.83610561421139
0.5445,0.544501,6.84238879951857
0.545,0.545001,6.84867198482575
0.5455,0.545501,6.85495517013293
0.546,0.546001,6.86123835544011
0.5465,0.546501,6.86752154074729
0.547,0.547001,6.87380472605447
0.5475,0.547501,6.88008791136165
0.548,0.548001,6.88637109666883
0.5485,0.548501,6.89265428197601
0.549,0.549001,6.89893746728319
0.5495,0.549501,6.90522065259036
0.55,0.550001,6.91150383789755
0.5505,0.550501,6.91778702320472
0.551,0.551001,6.92407020851191
0.5515,0.551501,6.93035339381908
0.552,0.552001,6.93663657912626
0.5525,0.552501,6.94291976443344
0.553,0.553001,6.94920294974062
0.5535,0.553501,6.9554861350478
0.554,0.554001,6.96176932035498
0.5545,0.554501,6.96805250566216
0.555,0.555001,6.97433569096934
0.5555,0.555501,6.98061887627652
0.556,0.556001,6.9869020615837
0.5565,0.556501,6.99318524689088
0.557,0.557001,6.99946843219806
0.5575,0.557501,7.00575161750524
0.558,0.558001,7.01203480281242
0.5585,0.558501,7.0183179881196
0.559,0.559001,7.02460117342678
0.5595,0.559501,7.03088435873396
0.56,0.560001,7.03716754404114
0.5605,0.560501,7.04345072934832
0.561,0.561001,7.0497339146555
0.5615,0.561501,7.05601709996268
0.562,0.562001,7.06230028526986
0.5625,0.562501,7.06858347057703
0.563,0.563001,7.07486665588421
0.5635,0.563501,7.08114984119139
0.564,0.564001,7.08743302649857
0.5645,0.564501,7.09371621180575
0.565,0.565001,7.09999939711293
0.5655,0.565501,7.10628258242011
0.566,0.566001,7.11256576772729
0.5665,0.566501,7.11884895303447
0.567,0.567001,7.12513213834165
0.5675,0.567501,7.13141532364883
0.568,0.568001,7.13769850895601
0.5685,0.568501,7.14398169426319
0.569,0.569001,7.15026487957037
0.5695,0.569501,7.15654806487755
0.57,0.570001,7.16283125018473
0.5705,0.570501,7.16911443549191
0.571,0.571001,7.17539762079909
0.5715,0.571501,7.18168080610627
0.572,0.572001,7.18796399141345
0.5725,0.572501,7.19424717672063
0.573,0.573001,7.20053036202781
0.5735,0.573501,7.20681354733499
0.574,0.574001,7.21309673264217
0.5745,0.574501,7.21937991794934
0.575,0.575001,7.22566310325653
0.5755,0.575501,7.2319462885637
0.576,0.576001,7.23822947387088
0.5765,0.576501,7.24451265917806
0.577,0.577001,7.25079584448524
0.5775,0.577501,7.25707902979242
0.578,0.578001,7.2633622150996
0.5785,0.578501,7.26964540040678
0.579,0.579001,7.27592858571396
0.5795,0.579501,7.28221177102114
0.58,0.580001,7.28849495632832
0.5805,0.580501,7.2947781416355
0.581,0.581001,7.30106132694268
0.5815,0.581501,7.30734451224986
0.582,0.582001,7.31362769755704
0.5825,0.582501,7.31991088286422
0.583,0.583001,7.3261940681714
0.5835,0.583501,7.33247725347858
0.584,0.584001,7.33876043878576
0.5845,0.584501,7.34504362409294
0.585,0.585001,7.35132680940012
0.5855,0.585501,7.3576099947073
0.586,0.586001,7.36389318001447
0.5865,0.586501,7.37017636532165
0.587,0.587001,7.37645955062883
0.5875,0.587501,7.38274273593601
0.588,0.588001,7.38902592124319
0.5885,0.588501,7.39530910655037
0.589,0.589001,7.40159229185755
0.5895,0.589501,7.40787547716473
0.59,0.590001,7.41415866247191
0.5905,0.590501,7.42044184777909
0.591,0.591001,7.42672503308627
0.5915,0.591501,7.43300821839345
0.592,0.592001,7.43929140370063
0.5925,0.592501,7.44557458900781
0.593,0.593001,7.45185777431499
0.5935,0.593501,7.45814095962217
0.594,0.594001,7.46442414492935
0.5945,0.594501,7.47070733023653
0.595,0.595001,7.47699051554371
0.5955,0.595501,7.48327370085089
0.596,0.596001,7.48955688615807
0.5965,0.596501,7.49584007146525
0.597,0.597001,7.50212325677243
0.5975,0.597501,7.50840644207961
0.598,0.598001,7.51468962738678
0.5985,0.598501,7.52097281269397
0.599,0.599001,7.52725599800114
0.5995,0.599501,7.53353918330832
0.6,0.600001,7.5398223686155
0.6005,0.600501,7.54610555392268
0.601,0.601001,7.55238873922986
0.6015,0.601501,7.55867192453704
0.602,0.602001,7.56495510984422
0.6025,0.602501,7.5712382951514
0.603,0.603001,7.57752148045858
0.6035,0.603501,7.58380466576576
0.604,0.604001,7.59008785107294
0.6045,0.604501,7.59637103638012
0.605,0.605001,7.6026542216873
0.6055,0.605501,7.60893740699448
0.606,0.606001,7.61522059230166
0.6065,0.606501,7.62150377760884
0.607,0.607001,7.62778696291602
0.6075,0.607501,7.6340701482232
0.608,0.608001,7.64035333353038
0.6085,0.608501,7.64663651883756
0.609,0.609001,7.65291970414474
0.6095,0.609501,7.65920288945192
0.61,0.610001,7.6654860747591
0.6105,0.610501,7.67176926006628
0.611,0.611001,7.67805244537345
0.6115,0.611501,7.68433563068063
0.612,0.612001,7.69061881598781
0.6125,0.612501,7.69690200129499
0.613,0.613001,7.70318518660217
0.6135,0.613501,7.70946837190935
0.614,0.614001,7.71575155721653
0.6145,0.614501,7.72203474252371
0.615,0.615001,7.72831792783089
0.6155,0.615501,7.73460111313807
0.616,0.616001,7.74088429844525
0.6165,0.616501,7.74716748375243
0.617,0.617001,7.75345066905961
0.6175,0.617501,7.75973385436679
0.618,0.618001,7.76601703967397
0.6185,0.618501,7.77230022498115
0.619,0.619001,7.77858341028833
0.6195,0.619501,7.78486659559551
0.62,0.620001,7.79114978090269
0.6205,0.620501,7.79743296620987
0.621,0.621001,7.80371615151705
0.6215,0.621501,7.80999933682423
0.622,0.622001,7.8162825221314
0.6225,0.622501,7.82256570743859
0.623,0.623001,7.82884889274576
0.6235,0.623501,7.83513207805294
0.624,0.624001,7.84141526336012
0.6245,0.624501,7.8476984486673
0.625,0.625001,7.85398163397448
0.6255,0.625501,7.86026481928166
0.626,0.626001,7.86654800458884
0.6265,0.626501,7.87283118989602
0.627,0.627001,7.8791143752032
0.6275,0.627501,7.88539756051038
0.628,0.628001,7.89168074581756
0.6285,0.628501,7.89796393112474
0.629,0.629001,7.90424711643192
0.6295,0.629501,7.9105303017391
0.63,0.630001,7.91681348704628
0.6305,0.630501,7.92309667235346
0.631,0.631001,7.92937985766064
0.6315,0.631501,7.93566304296782
0.632,0.632001,7.941946228275
0.6325,0.632501,7.94822941358218
0.633,0.633001,7.95451259888936
0.6335,0.633501,7.96079578419654
0.634,0.634001,7.96707896950372
0.6345,0.634501,7.9733621548109
0.635,0.635001,7.97964534011807
0.6355,0.635501,7.98592852542525
0.636,0.636001,7.99221171073243
0.6365,0.636501,7.99849489603961
0.637,0.637001,8.00477808134679
0.6375,0.637501,8.01106126665397
0.638,0.638001,8.01734445196115
0.6385,0.638501,8.02362763726833
0.639,0.639001,8.02991082257551
0.6395,0.639501,8.03619400788269
0.64,0.640001,8.04247719318987
0.6405,0.640501,8.04876037849705
0.641,0.641001,8.05504356380423
0.6415,0.641501,8.06132674911141
0.642,0.642001,8.06760993441859
0.6425,0.642501,8.07389311972577
0.643,0.643001,8.08017630503295
0.6435,0.643501,8.08645949034013
0.644,0.644001,8.09274267564731
0.6445,0.644501,8.09902586095449
0.645,0.645001,8.10530904626167
0.6455,0.645501,8.11159223156885
0.646,0.646001,8.11787541687602
0.6465,0.646501,8.1241586021832
0.647,0.647001,8.13044178749039
0.6475,0.647501,8.13672497279756
0.648,0.648001,8.14300815810474
0.6485,0.648501,8.14929134341192
0.649,0.649001,8.1555745287191
0.6495,0.649501,8.16185771402628
0.65,0.650001,8.16814089933346
0.6505,0.650501,8.17442408464064
0.651,0.651001,8.18070726994782
0.6515,0.651501,8.186990455255
0.652,0.652001,8.19327364056218
0.6525,0.652501,8.19955682586936
0.653,0.653001,8.20584001117654
0.6535,0.653501,8.21212319648372
0.654,0.654001,8.2184063817909
0.6545,0.654501,8.22468956709808
0.655,0.655001,8.23097275240526
0.6555,0.655501,8.23725593771244
0.656,0.656001,8.24353912301962
0.6565,0.656501,8.2498223083268
0.657,0.657001,8.25610549363398
0.6575,0.657501,8.26238867894116
0.658,0.658001,8.26867186424834
0.6585,0.658501,8.27495504955552
0.659,0.659001,8.28123823486269
0.6595,0.659501,8.28752142016987
0.66,0.660001,8.29380460547705
0.6605,0.660501,8.30008779078423
0.661,0.661001,8.30637097609141
0.6615,0.661501,8.31265416139859
0.662,0.662001,8.31893734670577
0.6625,0.662501,8.32522053201295
0.663,0.663001,8.33150371732013
0.6635,0.663501,8.33778690262731
0.664,0.664001,8.34407008793449
0.6645,0.664501,8.35035327324167
0.665,0.665001,8.35663645854885
0.6655,0.665501,8.36291964385603
0.666,0.666001,8.36920282916321
0.6665,0.666501,8.37548601447039
0.667,0.667001,8.38176919977757
0.6675,0.667501,8.38805238508475
0.668,0.668001,8.39433557039193
0.6685,0.668501,8.40061875569911
0.669,0.669001,8.40690194100629
0.6695,0.669501,8.41318512631346
0.67,0.670001,8.41946831162065
0.6705,0.670501,8.42575149692783
0.671,0.671001,8.43203468223501
0.6715,0.671501,8.43831786754218
0.672,0.672001,8.44460105284936
0.6725,0.672501,8.45088423815654
0.673,0.673001,8.45716742346372
0.6735,0.673501,8.4634506087709
0.674,0.674001,8.46973379407808
0.6745,0.674501,8.47601697938526
0.675,0.675001,8.48230016469244
0.6755,0.675501,8.48858334999962
0.676,0.676001,8.4948665353068
0.6765,0.676501,8.50114972061398
0.677,0.677001,8.50743290592116
0.6775,0.677501,8.51371609122834
0.678,0.678001,8.51999927653552
0.6785,0.678501,8.5262824618427
0.679,0.679001,8.53256564714988
0.6795,0.679501,8.53884883245706
0.68,0.680001,8.54513201776424
0.6805,0.680501,8.55141520307142
0.681,0.681001,8.5576983883786
0.6815,0.681501,8.56398157368578
0.682,0.682001,8.57026475899296
0.6825,0.682501,8.57654794430013
0.683,0.683001,8.58283112960732
0.6835,0.683501,8.58911431491449
0.684,0.684001,8.59539750022167
0.6845,0.684501,8.60168068552885
0.685,0.685001,8.60796387083603
0.6855,0.685501,8.61424705614321
0.686,0.686001,8.62053024145039
0.6865,0.686501,8.62681342675757
0.687,0.687001,8.63309661206475
0.6875,0.687501,8.63937979737193
0.688,0.688001,8.64566298267911
0.6885,0.688501,8.65194616798629
0.689,0.689001,8.65822935329347
0.6895,0.689501,8.66451253860065
0.69,0.690001,8.67079572390783
0.6905,0.690501,8.67707890921501
0.691,0.691001,8.68336209452219
0.6915,0.691501,8.68964527982937
0.692,0.692001,8.69592846513655
0.6925,0.692501,8.70221165044373
0.693,0.693001,8.70849483575091
0.6935,0.693501,8.71477802105809
0.694,0.694001,8.72106120636527
0.6945,0.694501,8.72734439167245
0.695,0.695001,8.73362757697963
0.6955,0.695501,8.7399107622868
0.696,0.696001,8.74619394759399
0.6965,0.696501,8.75247713290116
0.697,0.697001,8.75876031820834
0.6975,0.697501,8.76504350351552
0.698,0.698001,8.7713266888227
0.6985,0.698501,8.77760987412988
0.699,0.699001,8.78389305943706
0.6995,0.699501,8.79017624474424
0.7,0.700001,8.79645943005142
0.7005,0.700501,8.8027426153586
0.701,0.701001,8.80902580066578
0.7015,0.701501,8.81530898597296
0.702,0.702001,8.82159217128014
0.7025,0.702501,8.82787535658732
0.703,0.703001,8.8341585418945
0.7035,0.703501,8.84044172720168
0.704,0.704001,8.84672491250886
0.7045,0.704501,8.85300809781604
0.705,0.705001,8.85929128312322
0.7055,0.705501,8.8655744684304
0.706,0.706001,8.87185765373757
0.7065,0.706501,8.87814083904476
0.707,0.707001,8.88442402435193
0.7075,0.707501,8.89070720965911
0.708,0.708001,8.89699039496629
0.7085,0.708501,8.90327358027347
0.709,0.709001,8.90955676558065
0.7095,0.709501,8.91583995088783
0.71,0.710001,8.92212313619501
0.7105,0.710501,8.92840632150219
0.711,0.711001,8.93468950680937
0.7115,0.711501,8.94097269211655
0.712,0.712001,8.94725587742373
0.7125,0.712501,8.95353906273091
0.713,0.713001,8.95982224803809
0.7135,0.713501,8.96610543334527
0.714,0.714001,8.97238861865245
0.7145,0.714501,8.97867180395963
0.715,0.715001,8.98495498926681
0.7155,0.715501,8.99123817457399
0.716,0.716001,8.99752135988117
0.7165,0.716501,9.00380454518835
0.717,0.717001,9.01008773049553
0.7175,0.717501,9.01637091580271
0.718,0.718001,9.02265410110989
0.7185,0.718501,9.02893728641707
0.719,0.719001,9.03522047172424
0.7195,0.719501,9.04150365703143
0.72,0.720001,9.0477868423386
0.7205,0.720501,9.05407002764578
0.721,0.721001,9.06035321295296
0.7215,0.721501,9.06663639826014
0.722,0.722001,9.07291958356732
0.7225,0.722501,9.0792027688745
0.723,0.723001,9.08548595418168
0.7235,0.723501,9.09176913948886
0.724,0.724001,9.09805232479604
0.7245,0.724501,9.10433551010322
0.725,0.725001,9.1106186954104
0.7255,0.725501,9.11690188071758
0.726,0.726001,9.12318506602476
0.7265,0.726501,9.12946825133194
0.727,0.727001,9.13575143663912
0.7275,0.727501,9.1420346219463
0.728,0.728001,9.14831780725348
0.7285,0.728501,9.15460099256066
0.729,0.729001,9.16088417786784
0.7295,0.729501,9.16716736317502
0.73,0.730001,9.1734505484822
0.7305,0.730501,9.17973373378938
0.731,0.731001,9.18601691909656
0.7315,0.731501,9.19230010440373
0.732,0.732001,9.19858328971091
0.7325,0.732501,9.2048664750181
0.733,0.733001,9.21114966032527
0.7335,0.733501,9.21743284563245
0.734,0.734001,9.22371603093963
0.7345,0.734501,9.22999921624681
0.735,0.735001,9.23628240155399
0.7355,0.735501,9.24256558686117
0.736,0.736001,9.24884877216835
0.7365,0.736501,9.25513195747553
0.737,0.737001,9.26141514278271
0.7375,0.737501,9.26769832808989
0.738,0.738001,9.27398151339707
0.7385,0.738501,9.28026469870425
0.739,0.739001,9.28654788401143
0.7395,0.739501,9.29283106931861
0.74,0.740001,9.29911425462579
0.7405,0.740501,9.30539743993297
0.741,0.741001,9.31168062524015
0.7415,0.741501,9.31796381054733
0.742,0.742001,9.32424699585451
0.7425,0.742501,9.33053018116169
0.743,0.743001,9.33681336646887
0.7435,0.743501,9.34309655177604
0.744,0.744001,9.34937973708322
0.7445,0.744501,9.3556629223904
0.745,0.745001,9.36194610769758
0.7455,0.745501,9.36822929300476
0.746,0.746001,9.37451247831194
0.7465,0.746501,9.38079566361912
0.747,0.747001,9.3870788489263
0.7475,0.747501,9.39336203423348
0.748,0.748001,9.39964521954066
0.7485,0.748501,9.40592840484784
0.749,0.749001,9.41221159015502
0.7495,0.749501,9.4184947754622
0.75,0.750001,9.42477796076938
0.7505,0.750501,9.43106114607656
0.751,0.751001,9.43734433138374
0.7515,0.751501,9.44362751669092
0.752,0.752001,9.4499107019981
0.7525,0.752501,9.45619388730528
0.753,0.753001,9.46247707261246
0.7535,0.753501,9.46876025791964
0.754,0.754001,9.47504344322682
0.7545,0.754501,9.481326628534
0.755,0.755001,9.48760981384117
0.7555,0.755501,9.49389299914836
0.756,0.756001,9.50017618445554
0.7565,0.756501,9.50645936976271
0.757,0.757001,9.51274255506989
0.7575,0.757501,9.51902574037707
0.758,0.758001,9.52530892568425
0.7585,0.758501,9.53159211099143
0.759,0.759001,9.53787529629861
0.7595,0.759501,9.54415848160579
0.76,0.760001,9.55044166691297
0.7605,0.760501,9.55672485222015
0.761,0.761001,9.56300803752733
0.7615,0.761501,9.56929122283451
0.762,0.762001,9.57557440814169
0.7625,0.762501,9.58185759344887
0.763,0.763001,9.58814077875605
0.7635,0.763501,9.59442396406323
0.764,0.764001,9.60070714937041
0.7645,0.764501,9.60699033467759
0.765,0.765001,9.61327351998477
0.7655,0.765501,9.61955670529195
0.766,0.766001,9.62583989059913
0.7665,0.766501,9.63212307590631
0.767,0.767001,9.63840626121349
0.7675,0.767501,9.64468944652067
0.768,0.768001,9.65097263182784
0.7685,0.768501,9.65725581713502
0.769,0.769001,9.6635390024422
0.7695,0.769501,9.66982218774938
0.77,0.770001,9.67610537305656
0.7705,0.770501,9.68238855836374
0.771,0.771001,9.68867174367092
0.7715,0.771501,9.6949549289781
0.772,0.772001,9.70123811428528
0.7725,0.772501,9.70752129959246
0.773,0.773001,9.71380448489964
0.7735,0.773501,9.72008767020682
0.774,0.774001,9.726370855514
0.7745,0.774501,9.73265404082118
0.775,0.775001,9.73893722612836
0.7755,0.775501,9.74522041143554
0.776,0.776001,9.75150359674272
0.7765,0.776501,9.7577867820499
0.777,0.777001,9.76406996735708
0.7775,0.777501,9.77035315266426
0.778,0.778001,9.77663633797144
0.7785,0.778501,9.78291952327861
0.779,0.779001,9.7892027085858
0.7795,0.779501,9.79548589389297
0.78,0.780001,9.80176907920015
0.7805,0.780501,9.80805226450733
0.781,0.781001,9.81433544981451
0.7815,0.781501,9.82061863512169
0.782,0.782001,9.82690182042887
0.7825,0.782501,9.83318500573605
0.783,0.783001,9.83946819104323
0.7835,0.783501,9.84575137635041
0.784,0.784001,9.85203456165759
0.7845,0.784501,9.85831774696477
0.785,0.785001,9.86460093227195
0.7855,0.785501,9.87088411757913
0.786,0.786001,9.87716730288631
0.7865,0.786501,9.88345048819349
0.787,0.787001,9.88973367350067
0.7875,0.787501,9.89601685880785
0.788,0.788001,9.90230004411503
0.7885,0.788501,9.90858322942221
0.789,0.789001,9.91486641472939
0.7895,0.789501,9.92114960003657
0.79,0.790001,9.92743278534375
0.7905,0.790501,9.93371597065093
0.791,0.791001,9.93999915595811
0.7915,0.791501,9.94628234126528
0.792,0.792001,9.95256552657247
0.7925,0.792501,9.95884871187964
0.793,0.793001,9.96513189718682
0.7935,0.793501,9.971415082494
0.794,0.794001,9.97769826780118
0.7945,0.794501,9.98398145310836
0.795,0.795001,9.99026463841554
0.7955,0.795501,9.99654782372272
0.796,0.796001,10.0028310090299
0.7965,0.796501,10.0091141943371
0.797,0.797001,10.0153973796443
0.7975,0.797501,10.0216805649514
0.798,0.798001,10.0279637502586
0.7985,0.798501,10.0342469355658
0.799,0.799001,10.040530120873
0.7995,0.799501,10.0468133061802
0.8,0.800001,10.0530964914873
0.8005,0.800501,10.0593796767945
0.801,0.801001,10.0656628621017
0.8015,0.801501,10.0719460474089
0.802,0.802001,10.0782292327161
0.8025,0.802501,10.0845124180232
0.803,0.803001,10.0907956033304
0.8035,0.803501,10.0970787886376
0.804,0.804001,10.1033619739448
0.8045,0.804501,10.109645159252
0.805,0.805001,10.1159283445591
0.8055,0.805501,10.1222115298663
0.806,0.806001,10.1284947151735
0.8065,0.806501,10.1347779004807
0.807,0.807001,10.1410610857879
0.8075,0.807501,10.147344271095
0.808,0.808001,10.1536274564022
0.8085,0.808501,10.1599106417094
0.809,0.809001,10.1661938270166
0.8095,0.809501,10.1724770123237
0.81,0.810001,10.1787601976309
0.8105,0.810501,10.1850433829381
0.811,0.811001,10.1913265682453
0.8115,0.811501,10.1976097535525
0.812,0.812001,10.2038929388596
0.8125,0.812501,10.2101761241668
0.813,0.813001,10.216459309474
0.8135,0.813501,10.2227424947812
0.814,0.814001,10.2290256800884
0.8145,0.814501,10.2353088653955
0.815,0.815001,10.2415920507027
0.8155,0.815501,10.2478752360099
0.816,0.816001,10.2541584213171
0.8165,0.816501,10.2604416066243
0.817,0.817001,10.2667247919314
0.8175,0.817501,10.2730079772386
0.818,0.818001,10.2792911625458
0.8185,0.818501,10.285574347853
0.819,0.819001,10.2918575331602
0.8195,0.819501,10.2981407184673
0.82,0.820001,10.3044239037745
0.8205,0.820501,10.3107070890817
0.821,0.821001,10.3169902743889
0.8215,0.821501,10.3232734596961
0.822,0.822001,10.3295566450032
0.8225,0.822501,10.3358398303104
0.823,0.823001,10.3421230156176
0.8235,0.823501,10.3484062009248
0.824,0.824001,10.354689386232
0.8245,0.824501,10.3609725715391
0.825,0.825001,10.3672557568463
0.8255,0.825501,10.3735389421535
0.826,0.826001,10.3798221274607
0.8265,0.826501,10.3861053127679
0.827,0.827001,10.392388498075
0.8275,0.827501,10.3986716833822
0.828,0.828001,10.4049548686894
0.8285,0.828501,10.4112380539966
0.829,0.829001,10.4175212393038
0.8295,0.829501,10.4238044246109
0.83,0.830001,10.4300876099181
0.8305,0.830501,10.4363707952253
0.831,0.831001,10.4426539805325
0.8315,0.831501,10.4489371658397
0.832,0.832001,10.4552203511468
0.8325,0.832501,10.461503536454
0.833,0.833001,10.4677867217612
0.8335,0.833501,10.4740699070684
0.834,0.834001,10.4803530923755
0.8345,0.834501,10.4866362776827
0.835,0.835001,10.4929194629899
0.8355,0.835501,10.4992026482971
0.836,0.836001,10.5054858336043
0.8365,0.836501,10.5117690189114
0.837,0.837001,10.5180522042186
0.8375,0.837501,10.5243353895258
0.838,0.838001,10.530618574833
0.8385,0.838501,10.5369017601402
0.839,0.839001,10.5431849454473
0.8395,0.839501,10.5494681307545
0.84,0.840001,10.5557513160617
0.8405,0.840501,10.5620345013689
0.841,0.841001,10.5683176866761
0.8415,0.841501,10.5746008719832
0.842,0.842001,10.5808840572904
0.8425,0.842501,10.5871672425976
0.843,0.843001,10.5934504279048
0.8435,0.843501,10.599733613212
0.844,0.844001,10.6060167985191
0.8445,0.844501,10.6122999838263
0.845,0.845001,10.6185831691335
0.8455,0.845501,10.6248663544407
0.846,0.846001,10.6311495397479
0.8465,0.846501,10.637432725055
0.847,0.847001,10.6437159103622
0.8475,0.847501,10.6499990956694
0.848,0.848001,10.6562822809766
0.8485,0.848501,10.6625654662838
0.849,0.849001,10.6688486515909
0.8495,0.849501,10.6751318368981
0.85,0.850001,10.6814150222053
0.8505,0.850501,10.6876982075125
0.851,0.851001,10.6939813928197
0.8515,0.851501,10.7002645781268
0.852,0.852001,10.706547763434
0.8525,0.852501,10.7128309487412
0.853,0.853001,10.7191141340484
0.8535,0.853501,10.7253973193556
0.854,0.854001,10.7316805046627
0.8545,0.854501,10.7379636899699
0.855,0.855001,10.7442468752771
0.8555,0.855501,10.7505300605843
0.856,0.856001,10.7568132458915
0.8565,0.856501,10.7630964311986
0.857,0.857001,10.7693796165058
0.8575,0.857501,10.775662801813
0.858,0.858001,10.7819459871202
0.8585,0.858501,10.7882291724274
0.859,0.859001,10.7945123577345
0.8595,0.859501,10.8007955430417
0.86,0.860001,10.8070787283489
0.8605,0.860501,10.8133619136561
0.861,0.861001,10.8196450989632
0.8615,0.861501,10.8259282842704
0.862,0.862001,10.8322114695776
0.8625,0.862501,10.8384946548848
0.863,0.863001,10.844777840192
0.8635,0.863501,10.8510610254991
0.864,0.864001,10.8573442108063
0.8645,0.864501,10.8636273961135
0.865,0.865001,10.8699105814207
0.8655,0.865501,10.8761937667279
0.866,0.866001,10.882476952035
0.8665,0.866501,10.8887601373422
0.867,0.867001,10.8950433226494
0.8675,0.867501,10.9013265079566
0.868,0.868001,10.9076096932638
0.8685,0.868501,10.9138928785709
0.869,0.869001,10.9201760638781
0.8695,0.869501,10.9264592491853
0.87,0.870001,10.9327424344925
0.8705,0.870501,10.9390256197997
0.871,0.871001,10.9453088051068
0.8715,0.871501,10.951591990414
0.872,0.872001,10.9578751757212
0.8725,0.872501,10.9641583610284
0.873,0.873001,10.9704415463356
0.8735,0.873501,10.9767247316427
0.874,0.874001,10.9830079169499
0.8745,0.874501,10.9892911022571
0.875,0.875001,10.9955742875643
0.8755,0.875501,11.0018574728715
0.876,0.876001,11.0081406581786
0.8765,0.876501,11.0144238434858
0.877,0.877001,11.020707028793
0.8775,0.877501,11.0269902141002
0.878,0.878001,11.0332733994074
0.8785,0.878501,11.0395565847145
0.879,0.879001,11.0458397700217
0.8795,0.879501,11.0521229553289
0.88,0.880001,11.0584061406361
0.8805,0.880501,11.0646893259433
0.881,0.881001,11.0709725112504
0.8815,0.881501,11.0772556965576
0.882,0.882001,11.0835388818648
0.8825,0.882501,11.089822067172
0.883,0.883001,11.0961052524792
0.8835,0.883501,11.1023884377863
0.884,0.884001,11.1086716230935
0.8845,0.884501,11.1149548084007
0.885,0.885001,11.1212379937079
0.8855,0.885501,11.127521179015
0.886,0.886001,11.1338043643222
0.8865,0.886501,11.1400875496294
0.887,0.887001,11.1463707349366
0.8875,0.887501,11.1526539202438
0.888,0.888001,11.1589371055509
0.8885,0.888501,11.1652202908581
0.889,0.889001,11.1715034761653
0.8895,0.889501,11.1777866614725
0.89,0.890001,11.1840698467797
0.8905,0.890501,11.1903530320868
0.891,0.891001,11.196636217394
0.8915,0.891501,11.2029194027012
0.892,0.892001,11.2092025880084
0.8925,0.892501,11.2154857733156
0.893,0.893001,11.2217689586227
0.8935,0.893501,11.2280521439299
0.894,0.894001,11.2343353292371
0.8945,0.894501,11.2406185145443
0.895,0.895001,11.2469016998515
0.8955,0.895501,11.2531848851586
0.896,0.896001,11.2594680704658
0.8965,0.896501,11.265751255773
0.897,0.897001,11.2720344410802
0.8975,0.897501,11.2783176263874
0.898,0.898001,11.2846008116945
0.8985,0.898501,11.2908839970017
0.899,0.899001,11.2971671823089
0.8995,0.899501,11.3034503676161
0.9,0.900001,11.3097335529233
0.9005,0.900501,11.3160167382304
0.901,0.901001,11.3222999235376
0.9015,0.901501,11.3285831088448
0.902,0.902001,11.334866294152
0.9025,0.902501,11.3411494794592
0.903,0.903001,11.3474326647663
0.9035,0.903501,11.3537158500735
0.904,0.904001,11.3599990353807
0.9045,0.904501,11.3662822206879
0.905,0.905001,11.3725654059951
0.9055,0.905501,11.3788485913022
0.906,0.906001,11.3851317766094
0.9065,0.906501,11.3914149619166
0.907,0.907001,11.3976981472238
0.9075,0.907501,11.4039813325309
0.908,0.908001,11.4102645178381
0.9085,0.908501,11.4165477031453
0.909,0.909001,11.4228308884525
0.9095,0.909501,11.4291140737597
0.91,0.910001,11.4353972590668
0.9105,0.910501,11.441680444374
0.911,0.911001,11.4479636296812
0.9115,0.911501,11.4542468149884
0.912,0.912001,11.4605300002956
0.9125,0.912501,11.4668131856027
0.913,0.913001,11.4730963709099
0.9135,0.913501,11.4793795562171
0.914,0.914001,11.4856627415243
0.9145,0.914501,11.4919459268315
0.915,0.915001,11.4982291121386
0.9155,0.915501,11.5045122974458
0.916,0.916001,11.510795482753
0.9165,0.916501,11.5170786680602
0.917,0.917001,11.5233618533674
0.9175,0.917501,11.5296450386745
0.918,0.918001,11.5359282239817
0.9185,0.918501,11.5422114092889
0.919,0.919001,11.5484945945961
0.9195,0.919501,11.5547777799033
0.92,0.920001,11.5610609652104
0.9205,0.920501,11.5673441505176
0.921,0.921001,11.5736273358248
0.9215,0.921501,11.579910521132
0.922,0.922001,11.5861937064392
0.9225,0.922501,11.5924768917463
0.923,0.923001,11.5987600770535
0.9235,0.923501,11.6050432623607
0.924,0.924001,11.6113264476679
0.9245,0.924501,11.6176096329751
0.925,0.925001,11.6238928182822
0.9255,0.925501,11.6301760035894
0.926,0.926001,11.6364591888966
0.9265,0.926501,11.6427423742038
0.927,0.927001,11.649025559511
0.9275,0.927501,11.6553087448181
0.928,0.928001,11.6615919301253
0.9285,0.928501,11.6678751154325
0.929,0.929001,11.6741583007397
0.9295,0.929501,11.6804414860469
0.93,0.930001,11.686724671354
0.9305,0.930501,11.6930078566612
0.931,0.931001,11.6992910419684
0.9315,0.931501,11.7055742272756
0.932,0.932001,11.7118574125827
0.9325,0.932501,11.7181405978899
0.933,0.933001,11.7244237831971
0.9335,0.933501,11.7307069685043
0.934,0.934001,11.7369901538115
0.9345,0.934501,11.7432733391186
0.935,0.935001,11.7495565244258
0.9355,0.935501,11.755839709733
0.936,0.936001,11.7621228950402
0.9365,0.936501,11.7684060803474
0.937,0.937001,11.7746892656545
0.9375,0.937501,11.7809724509617
0.938,0.938001,11.7872556362689
0.9385,0.938501,11.7935388215761
0.939,0.939001,11.7998220068833
0.9395,0.939501,11.8061051921904
0.94,0.940001,11.8123883774976
0.9405,0.940501,11.8186715628048
0.941,0.941001,11.824954748112
0.9415,0.941501,11.8312379334192
0.942,0.942001,11.8375211187263
0.9425,0.942501,11.8438043040335
0.943,0.943001,11.8500874893407
0.9435,0.943501,11.8563706746479
0.944,0.944001,11.8626538599551
0.9445,0.944501,11.8689370452622
0.945,0.945001,11.8752202305694
0.9455,0.945501,11.8815034158766
0.946,0.946001,11.8877866011838
0.9465,0.946501,11.894069786491
0.947,0.947001,11.9003529717981
0.9475,0.947501,11.9066361571053
0.948,0.948001,11.9129193424125
0.9485,0.948501,11.9192025277197
0.949,0.949001,11.9254857130269
0.9495,0.949501,11.931768898334
0.95,0.950001,11.9380520836412
0.9505,0.950501,11.9443352689484
0.951,0.951001,11.9506184542556
0.9515,0.951501,11.9569016395628
0.952,0.952001,11.9631848248699
0.9525,0.952501,11.9694680101771
0.953,0.953001,11.9757511954843
0.9535,0.953501,11.9820343807915
0.954,0.954001,11.9883175660987
0.9545,0.954501,11.9946007514058
0.955,0.955001,12.000883936713
0.9555,0.955501,12.0071671220202
0.956,0.956001,12.0134503073274
0.9565,0.956501,12.0197334926345
0.957,0.957001,12.0260166779417
0.9575,0.957501,12.0322998632489
0.958,0.958001,12.0385830485561
0.9585,0.958501,12.0448662338633
0.959,0.959001,12.0511494191704
0.9595,0.959501,12.0574326044776
0.96,0.960001,12.0637157897848
0.9605,0.960501,12.069998975092
0.961,0.961001,12.0762821603992
0.9615,0.961501,12.0825653457063
0.962,0.962001,12.0888485310135
0.9625,0.962501,12.0951317163207
0.963,0.963001,12.1014149016279
0.9635,0.963501,12.1076980869351
0.964,0.964001,12.1139812722422
0.9645,0.964501,12.1202644575494
0.965,0.965001,12.1265476428566
0.9655,0.965501,12.1328308281638
0.966,0.966001,12.139114013471
0.9665,0.966501,12.1453971987781
0.967,0.967001,12.1516803840853
0.9675,0.967501,12.1579635693925
0.968,0.968001,12.1642467546997
0.9685,0.968501,12.1705299400069
0.969,0.969001,12.176813125314
0.9695,0.969501,12.1830963106212
0.97,0.970001,12.1893794959284
0.9705,0.970501,12.1956626812356
0.971,0.971001,12.2019458665428
0.9715,0.971501,12.2082290518499
0.972,0.972001,12.2145122371571
0.9725,0.972501,12.2207954224643
0.973,0.973001,12.2270786077715
0.9735,0.973501,12.2333617930787
0.974,0.974001,12.2396449783858
0.9745,0.974501,12.245928163693
0.975,0.975001,12.2522113490002
0.9755,0.975501,12.2584945343074
0.976,0.976001,12.2647777196146
0.9765,0.976501,12.2710609049217
0.977,0.977001,12.2773440902289
0.9775,0.977501,12.2836272755361
0.978,0.978001,12.2899104608433
0.9785,0.978501,12.2961936461505
0.979,0.979001,12.3024768314576
0.9795,0.979501,12.3087600167648
0.98,0.980001,12.315043202072
0.9805,0.980501,12.3213263873792
0.981,0.981001,12.3276095726863
0.9815,0.981501,12.3338927579935
0.982,0.982001,12.3401759433007
0.9825,0.982501,12.3464591286079
0.983,0.983001,12.3527423139151
0.9835,0.983501,12.3590254992222
0.984,0.984001,12.3653086845294
0.9845,0.984501,12.3715918698366
0.985,0.985001,12.3778750551438
0.9855,0.985501,12.384158240451
0.986,0.986001,12.3904414257581
0.9865,0.986501,12.3967246110653
0.987,0.987001,12.4030077963725
0.9875,0.987501,12.4092909816797
0.988,0.988001,12.4155741669869
0.9885,0.988501,12.421857352294
0.989,0.989001,12.4281405376012
0.9895,0.989501,12.4344237229084
0.99,0.990001,12.4407069082156
0.9905,0.990501,12.4469900935228
0.991,0.991001,12.4532732788299
0.9915,0.991501,12.4595564641371
0.992,0.992001,12.4658396494443
0.9925,0.992501,12.4721228347515
0.993,0.993001,12.4784060200587
0.9935,0.993501,12.4846892053658
0.994,0.994001,12.490972390673
0.9945,0.994501,12.4972555759802
0.995,0.995001,12.5035387612874
0.9955,0.995501,12.5098219465946
0.996,0.996001,12.5161051319017
0.9965,0.996501,12.5223883172089
0.997,0.997001,12.5286715025161
0.9975,0.997501,12.5349546878233
0.998,0.998001,12.5412378731305
0.9985,0.998501,12.5475210584376
0.999,0.999001,12.5538042437448
0.9995,0.999501,12.560087429052
1,1.000001,12.5663706143592
1.0005,1.000001,12.5663706143592
1.001,1.000001,12.5663706143592
1.0015,1.000001,12.5663706143592
1.002,1.000001,12.5663706143592
1.0025,1.000001,12.5663706143592
1.003,1.000001,12.5663706143592
1.0035,1.000001,12.5663706143592
1.004,1.000001,12.5663706143592
1.0045,1.000001,12.5663706143592
1.005,1.000001,12.5663706143592
1.0055,1.000001,12.5663706143592
1.006,1.000001,12.5663706143592
1.0065,1.000001,12.5663706143592
1.007,1.000001,12.5663706143592
1.0075,1.000001,12.5663706143592
1.008,1.000001,12.5663706143592
1.0085,1.000001,12.5663706143592
1.009,1.000001,12.5663706143592
1.0095,1.000001,12.5663706143592
1.01,1.000001,12.5663706143592
1.01,1.000001,12.5663706143592
