"time","Inertia2.phi","Inertia2.w","gear.mode"
0,0,0,0
4.75000081058928e-11,-3.35875721111107e-19,-5.00000000070701e-11,0
4.75000081058928e-11,-3.35875721111107e-19,-5.00000000070701e-11,-1
0.0005,-1.30916260406191e-07,-0.000522975959062146,-1
0.001,-5.21236087716529e-07,-0.00103927230058887,-1
0.0015,-1.16792811064522e-06,-0.00154888911985083,-1
0.002,-2.06763605435639e-06,-0.00205182658910447,-1
0.0025,-3.21717108306644e-06,-0.00254808492983096,-1
0.003,-4.61340186424217e-06,-0.00303766442325012,-1
0.0035,-6.2530538694327e-06,-0.00352056542284343,-1
0.004,-8.13259910339749e-06,-0.00399678837541565,-1
0.0045,-1.02486669663543e-05,-0.00446633373531866,-1
0.005,-1.25978543014259e-05,-0.00492920207120931,-1
0.0055,-1.51768435025639e-05,-0.00538539412871752,-1
0.006,-1.79822918931613e-05,-0.00583491060022285,-1
0.0065,-2.10108465689757e-05,-0.00627775215247185,-1
0.007,-2.42591443861845e-05,-0.00671391966686511,-1
0.0075,-2.7723829767258e-05,-0.00714341392984445,-1
0.008,-3.14015529657025e-05,-0.00756623565467078,-1
0.0085,-3.52890210897284e-05,-0.00798238629747079,-1
0.009,-3.93828867046054e-05,-0.00839186668499695,-1
0.0095,-4.36798079289788e-05,-0.00879467772184976,-1
0.01,-4.81764692799594e-05,-0.00919082119071802,-1
0.0105,-5.2869531169217e-05,-0.00958029794891639,-1
0.011,-5.7755661926592e-05,-0.00996310924467183,-1
0.0115,-6.28315327327355e-05,-0.0103392569372519,-1
0.012,-6.80938111226493e-05,-0.0107087421045184,-1
0.0125,-7.35391668054886e-05,-0.0110715662808561,-1
0.013,-7.91642714813033e-05,-0.011427731408434,-1
0.0135,-8.49657936744075e-05,-0.011777238778952,-1
0.014,-9.09404057544919e-05,-0.0121200901480789,-1
0.0145,-9.70847829886826e-05,-0.0124562875240741,-1
0.015,-0.000103395597283865,-0.0127858326222601,-1
0.0155,-0.000109869522717699,-0.0131087273472018,-1
0.016,-0.000116503234079463,-0.0134249736655013,-1
0.0165,-0.000123293406870055,-0.0137345736057977,-1
0.017,-0.000130236720766497,-0.0140375293984228,-1
0.0175,-0.000137329853050146,-0.0143338432104897,-1
0.018,-0.000144569481846655,-0.0146235172764967,-1
0.0185,-0.000151952286721836,-0.0149065539223474,-1
0.019,-0.000159474948093045,-0.0151829555416224,-1
0.0195,-0.000167134148346999,-0.0154527245864613,-1
0.02,-0.000174926581606674,-0.0157158634878876,-1
0.0205,-0.000182848926643861,-0.015972374876778,-1
0.021,-0.000190897869684169,-0.0162222613978279,-1
0.0215,-0.000199070098059255,-0.0164655257613338,-1
0.022,-0.000207362300206831,-0.0167021707431936,-1
0.0225,-0.000215771169887962,-0.0169321991582467,-1
0.023,-0.000224293404220479,-0.0171556138727059,-1
0.0235,-0.000232925692525086,-0.0173724178746668,-1
0.024,-0.000241664729674691,-0.0175826141897197,-1
0.0245,-0.000250507211840568,-0.0177862059078406,-1
0.025,-0.000259449836492359,-0.0179831961833911,-1
0.0255,-0.000268489309292064,-0.018173588224823,-1
0.026,-0.000277622331318537,-0.0183573853137569,-1
0.0265,-0.000286845603628416,-0.018534590798171,-1
0.027,-0.000296155830662687,-0.018705208087314,-1
0.0275,-0.000305549718325879,-0.0188692406545735,-1
0.028,-0.000315023974222143,-0.0190266920378132,-1
0.0285,-0.000324575317107248,-0.0191775658528795,-1
0.029,-0.000334200453521245,-0.0193218657602109,-1
0.0295,-0.000343896096871314,-0.0194595954921058,-1
0.03,-0.000353658962191872,-0.0195907588452358,-1
0.0305,-0.00036348576614457,-0.0197153596806451,-1
0.031,-0.000373373229637121,-0.0198334019220717,-1
0.0315,-0.000383318079202658,-0.0199448895550632,-1
0.032,-0.000393317035034223,-0.020049826634648,-1
0.0325,-0.00040336682289911,-0.0201482172776965,-1
0.033,-0.00041346417064034,-0.0202400656651647,-1
0.0335,-0.000423605808209344,-0.0203253760420728,-1
0.034,-0.000433788467698643,-0.0204041527174842,-1
0.0345,-0.000444008883374522,-0.0204764000644848,-1
0.035,-0.000454263791709716,-0.0205421225201621,-1
0.0355,-0.000464549931416087,-0.0206013245855838,-1
0.036,-0.000474864043477303,-0.0206540108257775,-1
0.0365,-0.000485202871181516,-0.020700185869709,-1
0.037,-0.000495563158678177,-0.0207398544118963,-1
0.0375,-0.000505941654668833,-0.0207730212083376,-1
0.038,-0.000516335109444208,-0.0207996910798073,-1
0.0385,-0.000526740275648694,-0.0208198689110251,-1
0.039,-0.000537153908371922,-0.0208335596505696,-1
0.0395,-0.000547572765180247,-0.0208407683108584,-1
0.04,-0.000557993606148222,-0.0208414999681292,-1
0.0405,-0.000568413193890085,-0.0208357597624193,-1
0.041,-0.000578828293591236,-0.0208235528975468,-1
0.0415,-0.000589235673039721,-0.0208048846410904,-1
0.042,-0.000599632102657709,-0.02077976032437,-1
0.0425,-0.000610014357495327,-0.0207481852866097,-1
0.043,-0.00062037921398315,-0.0207101649681862,-1
0.0435,-0.000630723449676217,-0.0206657049187859,-1
0.044,-0.000641043846160097,-0.02061481071562,-1
0.0445,-0.000651337187844351,-0.0205574879986195,-1
0.045,-0.000661600261995488,-0.0204937424703735,-1
0.0455,-0.000671829858769931,-0.0204235798960674,-1
0.046,-0.000682022771246974,-0.0203470061034213,-1
0.0465,-0.000692175795461749,-0.0202640269826278,-1
0.047,-0.000702285730438183,-0.0201746484862908,-1
0.0475,-0.000712349378221963,-0.0200788766293637,-1
0.048,-0.000722363543216457,-0.0199767174918948,-1
0.0485,-0.000732325030222506,-0.0198681772269941,-1
0.049,-0.000742230652900324,-0.0197532620268212,-1
0.0495,-0.000752077225398944,-0.019631978156371,-1
0.05,-0.00076186156502355,-0.0195043319428021,-1
0.0505,-0.000771580492267163,-0.0193703297753793,-1
0.051,-0.000781230830842325,-0.0192299781054175,-1
0.0515,-0.000790809407712779,-0.0190832834462248,-1
0.052,-0.000800313053125162,-0.0189302523730464,-1
0.0525,-0.000809738600640681,-0.0187708915230075,-1
0.053,-0.000819082887166802,-0.0186052075950567,-1
0.0535,-0.000828342752988931,-0.01843320734991,-1
0.054,-0.000837515039927321,-0.0182548976114623,-1
0.0545,-0.000846596595719293,-0.0180702852633227,-1
0.055,-0.000855584271225191,-0.0178793772509719,-1
0.0555,-0.00086447492038709,-0.0176821805817623,-1
0.056,-0.000873265400667834,-0.0174787023245427,-1
0.0565,-0.000881952573082109,-0.0172689496096019,-1
0.057,-0.000890533302227518,-0.0170529296286128,-1
0.0575,-0.000899004456315654,-0.0168306496345762,-1
0.058,-0.000907362907203174,-0.0166021169417647,-1
0.0585,-0.000915605530422878,-0.0163673389256663,-1
0.059,-0.000923729205214776,-0.0161263230229288,-1
0.0595,-0.000931730814140992,-0.0158790767253854,-1
0.06,-0.000939607243486737,-0.0156256075852585,-1
0.0605,-0.000947355384234031,-0.0153659232285081,-1
0.061,-0.000954972130685585,-0.0151000313347654,-1
0.0615,-0.00096245438099958,-0.0148279396444392,-1
0.062,-0.000969799037220466,-0.0145496559586563,-1
0.0625,-0.000977003005309747,-0.0142651881392008,-1
0.063,-0.000984063195176777,-0.0139745441084545,-1
0.0635,-0.00099097652070955,-0.0136777318493361,-1
0.064,-0.000997739899805493,-0.0133747594052418,-1
0.0645,-0.00100435025440226,-0.0130656348799846,-1
0.065,-0.00101080451048652,-0.0127503664366084,-1
0.0655,-0.00101709959696189,-0.0124289622377994,-1
0.066,-0.00102323244884381,-0.0121014306077982,-1
0.0665,-0.00102920000445744,-0.0117677798873233,-1
0.067,-0.00103499920631448,-0.0114280184768168,-1
0.0675,-0.00104062700114362,-0.0110821548363688,-1
0.068,-0.00104608033992102,-0.010730197485641,-1
0.0685,-0.00105135617790083,-0.010372155003791,-1
0.069,-0.0010564514746456,-0.0100080360293963,-1
0.0695,-0.00106136319405685,-0.00963784926037817,-1
0.07,-0.0010660883044055,-0.00926160345392604,-1
0.0705,-0.00107062377836233,-0.00887930742642116,-1
0.071,-0.00107496659302854,-0.0084909700533608,-1
0.0715,-0.00107911372996617,-0.00809660026928227,-1
0.072,-0.00108306217522858,-0.00769620706768694,-1
0.0725,-0.00108680891939098,-0.00728979950096428,-1
0.073,-0.00109035095758088,-0.00687738668031585,-1
0.0735,-0.00109368528950855,-0.00645897777567942,-1
0.074,-0.00109680891949758,-0.0060345820156529,-1
0.0745,-0.00109971885651527,-0.00560420868741845,-1
0.075,-0.00110241211420317,-0.00516786713666646,-1
0.0755,-0.00110488571090754,-0.00472556676751961,-1
0.076,-0.00110713666970986,-0.00427731704245689,-1
0.0765,-0.00110916201705848,-0.0038231274873345,-1
0.077,-0.00111095878195488,-0.00336300769438594,-1
0.0775,-0.00111252400548116,-0.0028969672875417,-1
0.078,-0.00111385472979603,-0.00242501596255989,-1
0.0785,-0.00111494800193473,-0.00194716347321555,-1
0.079,-0.00111580087383912,-0.00146341963122584,-1
0.0795,-0.00111641040238793,-0.000973794306175284,-1
0.08,-0.00111677364942685,-0.000478297425440985,-1
0.0804771289480603,-0.00111688794644722,5.00000054151187e-11,-1
0.0804771289480603,-0.00111688794644722,5.00000054151187e-11,0
0.0805,-0.00111688794644607,5.00000054152377e-11,0
0.081,-0.00111688794642107,5.0000005415165e-11,0
0.0815,-0.00111688794639607,5.00000054148506e-11,0
0.082,-0.00111688794637107,5.00000054145839e-11,0
0.0825,-0.00111688794634607,5.00000054090328e-11,0
0.083,-0.00111688794632107,5.00000054034817e-11,0
0.0835,-0.00111688794629607,5.00000053965351e-11,0
0.084,-0.00111688794627107,5.00000053632284e-11,0
0.0845,-0.00111688794624607,5.00000053299217e-11,0
0.085,-0.00111688794622107,5.0000005296615e-11,0
0.0855,-0.00111688794619607,5.00000052633083e-11,0
0.086,-0.00111688794617107,5.00000052300016e-11,0
0.0865,-0.00111688794614607,5.00000051985191e-11,0
0.087,-0.00111688794612107,5.00000051985191e-11,0
0.0875,-0.00111688794609607,5.00000051985191e-11,0
0.088,-0.00111688794607107,5.00000051985191e-11,0
0.0885,-0.00111688794604607,5.00000051985191e-11,0
0.089,-0.00111688794602107,5.00000051985191e-11,0
0.0895,-0.00111688794599607,5.00000051985191e-11,0
0.09,-0.00111688794597107,5.00000051985191e-11,0
0.0905,-0.00111688794594607,5.00000051985191e-11,0
0.091,-0.00111688794592107,5.00000051985191e-11,0
0.0915,-0.00111688794589607,5.00000051985191e-11,0
0.092,-0.00111688794587107,5.00000051985191e-11,0
0.0925,-0.00111688794584608,5.0000005195688e-11,0
0.093,-0.00111688794582108,5.00000051512791e-11,0
0.0935,-0.00111688794579607,5.00000051068701e-11,0
0.094,-0.00111688794577107,5.00000050624612e-11,0
0.0945,-0.00111688794574607,5.00000050180523e-11,0
0.095,-0.00111688794572108,5.00000049736434e-11,0
0.0955,-0.00111688794569608,5.00000049292345e-11,0
0.096,-0.00111688794567108,5.00000048848255e-11,0
0.0965,-0.00111688794564607,5.00000048404166e-11,0
0.097,-0.00111688794562107,5.00000047960077e-11,0
0.0975,-0.00111688794559607,5.00000047515988e-11,0
0.098,-0.00111688794557107,5.00000047071899e-11,0
0.0985,-0.00111688794554608,5.00000046627809e-11,0
0.099,-0.00111688794552108,5.0000004618372e-11,0
0.0995,-0.00111688794549607,5.00000045739631e-11,0
0.1,-0.00111688794547107,5.00000045295542e-11,0
0.1005,-0.00111688794544607,5.00000044851452e-11,0
0.101,-0.00111688794542107,5.00000044407363e-11,0
0.1015,-0.00111688794539608,5.00000043963274e-11,0
0.102,-0.00111688794537108,5.00000043519185e-11,0
0.1025,-0.00111688794534607,5.00000043075096e-11,0
0.103,-0.00111688794532107,5.00000042631006e-11,0
0.1035,-0.00111688794529607,5.00000042186917e-11,0
0.104,-0.00111688794527107,5.00000041742828e-11,0
0.1045,-0.00111688794524607,5.0000004126245e-11,0
0.105,-0.00111688794522108,5.00000040374271e-11,0
0.1055,-0.00111688794519608,5.00000039486093e-11,0
0.106,-0.00111688794517107,5.00000038597914e-11,0
0.1065,-0.00111688794514607,5.00000037709736e-11,0
0.107,-0.00111688794512107,5.00000036821558e-11,0
0.1075,-0.00111688794509607,5.00000035933379e-11,0
0.108,-0.00111688794507108,5.00000035045201e-11,0
0.1085,-0.00111688794504608,5.00000034157022e-11,0
0.109,-0.00111688794502107,5.00000033268844e-11,0
0.1095,-0.00111688794499607,5.00000032380666e-11,0
0.11,-0.00111688794497107,5.00000031492487e-11,0
0.1105,-0.00111688794494607,5.00000030604309e-11,0
0.111,-0.00111688794492107,5.0000002971613e-11,0
0.1115,-0.00111688794489608,5.00000028827952e-11,0
0.112,-0.00111688794487107,5.00000027939774e-11,0
0.1125,-0.00111688794484607,5.00000027051595e-11,0
0.113,-0.00111688794482107,5.00000026163417e-11,0
0.1135,-0.00111688794479607,5.00000025275238e-11,0
0.114,-0.00111688794477107,5.0000002438706e-11,0
0.1145,-0.00111688794474607,5.00000023498881e-11,0
0.115,-0.00111688794472107,5.00000022610703e-11,0
0.1155,-0.00111688794469607,5.00000021722525e-11,0
0.116,-0.00111688794467107,5.00000020834346e-11,0
0.1165,-0.00111688794464607,5.00000019946168e-11,0
0.117,-0.00111688794462107,5.00000019057989e-11,0
0.1175,-0.00111688794459607,5.00000018169811e-11,0
0.118,-0.00111688794457108,5.00000017281633e-11,0
0.1185,-0.00111688794454607,5.00000016393454e-11,0
0.119,-0.00111688794452107,5.00000015505276e-11,0
0.1195,-0.00111688794449607,5.00000014617097e-11,0
0.12,-0.00111688794447107,5.00000013728919e-11,0
0.1205,-0.00111688794444607,5.0000001284074e-11,0
0.121,-0.00111688794442107,5.00000011952562e-11,0
0.1215,-0.00111688794439607,5.00000011064384e-11,0
0.122,-0.00111688794437107,5.00000010176205e-11,0
0.1225,-0.00111688794434607,5.00000009288027e-11,0
0.123,-0.00111688794432107,5.00000008399848e-11,0
0.1235,-0.00111688794429607,5.0000000751167e-11,0
0.124,-0.00111688794427107,5.00000006623491e-11,0
0.1245,-0.00111688794424607,5.00000005735313e-11,0
0.125,-0.00111688794422107,5.00000004847135e-11,0
0.1255,-0.00111688794419607,5.00000003958956e-11,0
0.126,-0.00111688794417108,5.00000003070778e-11,0
0.1265,-0.00111688794414608,5.00000002182599e-11,0
0.127,-0.00111688794412108,5.00000001294421e-11,0
0.1275,-0.00111688794409607,5.00000000406243e-11,0
0.128,-0.00111688794407108,4.99999999518064e-11,0
0.1285,-0.00111688794404608,4.99999998525397e-11,0
0.129,-0.00111688794402108,4.99999996749041e-11,0
0.1295,-0.00111688794399608,4.99999994972684e-11,0
0.13,-0.00111688794397108,4.99999993196327e-11,0
0.1305,-0.00111688794394608,4.9999999141997e-11,0
0.131,-0.00111688794392107,4.99999989643613e-11,0
0.1315,-0.00111688794389608,4.99999987867256e-11,0
0.132,-0.00111688794387108,4.999999860909e-11,0
0.1325,-0.00111688794384608,4.99999984314543e-11,0
0.133,-0.00111688794382108,4.99999982538186e-11,0
0.1335,-0.00111688794379608,4.99999980761829e-11,0
0.134,-0.00111688794377107,4.99999978985472e-11,0
0.1345,-0.00111688794374607,4.99999977209115e-11,0
0.135,-0.00111688794372108,4.99999975432759e-11,0
0.1355,-0.00111688794369608,4.99999973656402e-11,0
0.136,-0.00111688794367108,4.99999971880045e-11,0
0.1365,-0.00111688794364608,4.99999970103688e-11,0
0.137,-0.00111688794362108,4.99999968327331e-11,0
0.1375,-0.00111688794359608,4.99999966550974e-11,0
0.138,-0.00111688794357108,4.99999964774618e-11,0
0.1385,-0.00111688794354608,4.99999962998261e-11,0
0.139,-0.00111688794352108,4.99999961221904e-11,0
0.1395,-0.00111688794349608,4.99999959445547e-11,0
0.14,-0.00111688794347108,4.9999995766919e-11,0
0.1405,-0.00111688794344608,4.99999955892833e-11,0
0.141,-0.00111688794342108,4.99999954116476e-11,0
0.1415,-0.00111688794339608,4.9999995234012e-11,0
0.142,-0.00111688794337108,4.99999950563763e-11,0
0.1425,-0.00111688794334608,4.99999948787406e-11,0
0.143,-0.00111688794332108,4.99999947011049e-11,0
0.1435,-0.00111688794329608,4.99999945234692e-11,0
0.144,-0.00111688794327108,4.99999943458335e-11,0
0.1445,-0.00111688794324608,4.99999941681979e-11,0
0.145,-0.00111688794322108,4.99999939905622e-11,0
0.1455,-0.00111688794319608,4.99999938129265e-11,0
0.146,-0.00111688794317108,4.99999936352908e-11,0
0.1465,-0.00111688794314608,4.99999934576551e-11,0
0.147,-0.00111688794312108,4.99999932800194e-11,0
0.1475,-0.00111688794309608,4.99999931023838e-11,0
0.148,-0.00111688794307108,4.99999929247481e-11,0
0.1485,-0.00111688794304608,4.99999927471124e-11,0
0.149,-0.00111688794302108,4.99999925694767e-11,0
0.1495,-0.00111688794299608,4.9999992391841e-11,0
0.15,-0.00111688794297108,4.99999922142053e-11,0
0.1505,-0.00111688794294608,4.99999920365697e-11,0
0.151,-0.00111688794292108,4.9999991858934e-11,0
0.1515,-0.00111688794289608,4.99999916812983e-11,0
0.152,-0.00111688794287108,4.99999915036626e-11,0
0.1525,-0.00111688794284608,4.99999913260269e-11,0
0.153,-0.00111688794282108,4.99999911483912e-11,0
0.1535,-0.00111688794279608,4.99999909707555e-11,0
0.154,-0.00111688794277108,4.99999907931199e-11,0
0.1545,-0.00111688794274608,4.99999906154842e-11,0
0.155,-0.00111688794272108,4.99999904378485e-11,0
0.1555,-0.00111688794269608,4.99999902602128e-11,0
0.156,-0.00111688794267108,4.99999900825771e-11,0
0.1565,-0.00111688794264608,4.99999899049414e-11,0
0.157,-0.00111688794262108,4.99999897273058e-11,0
0.1575,-0.00111688794259608,4.99999895496701e-11,0
0.158,-0.00111688794257108,4.99999893720344e-11,0
0.1585,-0.00111688794254608,4.99999891943987e-11,0
0.159,-0.00111688794252108,4.9999989016763e-11,0
0.1595,-0.00111688794249608,4.99999888391273e-11,0
0.16,-0.00111688794247108,4.99999886614917e-11,0
0.1605,-0.00111688794244608,4.9999988483856e-11,0
0.161,-0.00111688794242108,4.99999883062203e-11,0
0.1615,-0.00111688794239608,4.99999881285846e-11,0
0.162,-0.00111688794237108,4.99999879509489e-11,0
0.1625,-0.00111688794234608,4.99999877733132e-11,0
0.163,-0.00111688794232108,4.99999875956776e-11,0
0.1635,-0.00111688794229608,4.99999874180419e-11,0
0.164,-0.00111688794227108,4.99999872404062e-11,0
0.1645,-0.00111688794224608,4.99999870627705e-11,0
0.165,-0.00111688794222108,4.99999868851348e-11,0
0.1655,-0.00111688794219608,4.99999867074991e-11,0
0.166,-0.00111688794217108,4.99999865298635e-11,0
0.1665,-0.00111688794214608,4.99999863522278e-11,0
0.167,-0.00111688794212108,4.99999861745921e-11,0
0.1675,-0.00111688794209608,4.99999859969564e-11,0
0.168,-0.00111688794207108,4.99999858193207e-11,0
0.1685,-0.00111688794204608,4.9999985641685e-11,0
0.169,-0.00111688794202108,4.99999854640493e-11,0
0.1695,-0.00111688794199608,4.99999852864137e-11,0
0.17,-0.00111688794197108,4.9999985108778e-11,0
0.1705,-0.00111688794194608,4.99999849311423e-11,0
0.171,-0.00111688794192108,4.99999847535066e-11,0
0.1715,-0.00111688794189608,4.99999845758709e-11,0
0.172,-0.00111688794187108,4.99999843982352e-11,0
0.1725,-0.00111688794184608,4.99999842205996e-11,0
0.173,-0.00111688794182108,4.99999840429639e-11,0
0.1735,-0.00111688794179608,4.99999838653282e-11,0
0.174,-0.00111688794177108,4.99999836876925e-11,0
0.1745,-0.00111688794174608,4.99999835100568e-11,0
0.175,-0.00111688794172108,4.99999833324211e-11,0
0.1755,-0.00111688794169608,4.99999831547855e-11,0
0.176,-0.00111688794167108,4.99999829771498e-11,0
0.1765,-0.00111688794164608,4.99999827995141e-11,0
0.177,-0.00111688794162108,4.99999826218784e-11,0
0.1775,-0.00111688794159608,4.99999824442427e-11,0
0.178,-0.00111688794157108,4.9999982266607e-11,0
0.1785,-0.00111688794154608,4.99999820889714e-11,0
0.179,-0.00111688794152108,4.99999819113357e-11,0
0.1795,-0.00111688794149608,4.99999817337e-11,0
0.18,-0.00111688794147108,4.99999815560643e-11,0
0.1805,-0.00111688794144608,4.99999813784286e-11,0
0.181,-0.00111688794142108,4.99999812007929e-11,0
0.1815,-0.00111688794139608,4.99999810231572e-11,0
0.182,-0.00111688794137108,4.99999808455216e-11,0
0.1825,-0.00111688794134608,4.99999806678859e-11,0
0.183,-0.00111688794132108,4.99999804902502e-11,0
0.1835,-0.00111688794129608,4.99999803126145e-11,0
0.184,-0.00111688794127108,4.99999801349788e-11,0
0.1845,-0.00111688794124608,4.99999799573431e-11,0
0.185,-0.00111688794122108,4.99999797797075e-11,0
0.1855,-0.00111688794119608,4.99999796020718e-11,0
0.186,-0.00111688794117108,4.99999794244361e-11,0
0.1865,-0.00111688794114608,4.99999792468004e-11,0
0.187,-0.00111688794112108,4.99999790691647e-11,0
0.1875,-0.00111688794109608,4.9999978891529e-11,0
0.188,-0.00111688794107108,4.99999787138934e-11,0
0.1885,-0.00111688794104608,4.99999785362577e-11,0
0.189,-0.00111688794102108,4.9999978358622e-11,0
0.1895,-0.00111688794099608,4.99999781809863e-11,0
0.19,-0.00111688794097108,4.99999780033506e-11,0
0.1905,-0.00111688794094608,4.99999778257149e-11,0
0.191,-0.00111688794092108,4.99999776480793e-11,0
0.1915,-0.00111688794089608,4.99999774704436e-11,0
0.192,-0.00111688794087108,4.99999772928079e-11,0
0.1925,-0.00111688794084608,4.99999771151722e-11,0
0.193,-0.00111688794082108,4.99999769375365e-11,0
0.1935,-0.00111688794079608,4.99999767599008e-11,0
0.194,-0.00111688794077108,4.99999765822652e-11,0
0.1945,-0.00111688794074608,4.99999764046295e-11,0
0.195,-0.00111688794072108,4.99999762269938e-11,0
0.1955,-0.00111688794069608,4.99999760493581e-11,0
0.196,-0.00111688794067108,4.99999758717224e-11,0
0.1965,-0.00111688794064608,4.99999756940867e-11,0
0.197,-0.00111688794062108,4.9999975516451e-11,0
0.1975,-0.00111688794059608,4.99999753388154e-11,0
0.198,-0.00111688794057108,4.99999751611797e-11,0
0.1985,-0.00111688794054608,4.9999974983544e-11,0
0.199,-0.00111688794052108,4.99999748059083e-11,0
0.1995,-0.00111688794049608,4.99999746282726e-11,0
0.19951990084761,-0.00111688794049508,4.99999746212024e-11,0
0.19951990084761,-0.00111688794049508,4.99999746212024e-11,1
0.2,-0.00111688780079807,7.25267999907665e-07,1
0.2005,-0.00111688676472538,3.01219655500212e-06,1
0.201,-0.0011168841400914,6.85014050969338e-06,1
0.2015,-0.00111687919342674,1.2226328916947e-05,1
0.202,-0.00111687117937118,1.91276697912597e-05,1
0.2025,-0.00111685940035853,2.75417444406927e-05,1
0.203,-0.0011168431634773,3.74562074688205e-05,1
0.2035,-0.00111682162752678,4.88558285772461e-05,1
0.204,-0.00111679405220169,6.17273042710531e-05,1
0.2045,-0.001116759694231,7.6056704186399e-05,1
0.205,-0.00111671780031753,9.18302676372295e-05,1
0.2055,-0.00111666771195342,0.000109034770865827,1
0.206,-0.00111660869315144,0.000127656502399199,1
0.2065,-0.00111654002803604,0.000147681877362987,1
0.207,-0.00111646100809935,0.000169097272201934,1
0.2075,-0.00111637095607717,0.000191888899328747,1
0.208,-0.0011162691469775,0.000216043221731285,1
0.2085,-0.00111615487313474,0.000241546611432278,1
0.209,-0.00111602753385132,0.000268385526279926,1
0.2095,-0.00111588647003953,0.000296546377273278,1
0.21,-0.00111573096703757,0.000326015530821674,1
0.2105,-0.00111556036074623,0.000356779364642298,1
0.211,-0.00111537411836684,0.000388824118127621,1
0.2115,-0.00111517152251544,0.000422136225130188,1
0.212,-0.00111495192014396,0.00045670205172482,1
0.2125,-0.00111471473426436,0.000492507827930683,1
0.213,-0.00111445937033105,0.000529539815173707,1
0.2135,-0.00111418516519717,0.000567784397593442,1
0.214,-0.00111389149557384,0.000607227888255613,1
0.2145,-0.0011135778734525,0.000647856363732871,1
0.215,-0.00111324363386545,0.000689656209952617,1
0.2155,-0.00111288817198863,0.000732613707700935,1
0.216,-0.00111251093099458,0.000776715067454873,1
0.2165,-0.00111211137940745,0.000821946462554548,1
0.217,-0.00111168892674101,0.000868294152782912,1
0.2175,-0.00111124301605036,0.000915744348789036,1
0.218,-0.00111077309692823,0.000964283251645202,1
0.2185,-0.00111027862550496,0.00101389705284691,1
0.219,-0.00110975906444849,0.00106457193431288,1
0.2195,-0.00110921389639513,0.00111629405707967,1
0.22,-0.00110864261531101,0.00116904956857319,1
0.2205,-0.00110804469609637,0.00122282462819439,1
0.221,-0.00110741963362412,0.00127760537445846,1
0.2215,-0.00110676692991636,0.00133337793578898,1
0.222,-0.00110608609414445,0.00139012843051789,1
0.2225,-0.00110537664262898,0.00144784296688553,1
0.223,-0.00110463809437498,0.00150650768798819,1
0.2235,-0.00110386997160509,0.00156610876641043,1
0.224,-0.0011030718166123,0.00162663223456725,1
0.2245,-0.00110224317252068,0.00168806417838726,1
0.225,-0.00110138358944881,0.00175039067526534,1
0.2255,-0.00110049262450975,0.00181359779406257,1
0.226,-0.00109956984181105,0.00187767159510627,1
0.2265,-0.0010986148103118,0.00194259816180594,1
0.227,-0.00109762710194734,0.0020083636283208,1
0.2275,-0.00109660630518799,0.00207495397952003,1
0.228,-0.00109555201110841,0.00214235525650934,1
0.2285,-0.0010944638176962,0.00221055349306385,1
0.229,-0.00109334132985189,0.00227953471562808,1
0.2295,-0.00109218415938894,0.00234928494331595,1
0.23,-0.00109099192523141,0.00241979020501798,1
0.2305,-0.00108976425395662,0.00249103658638086,1
0.231,-0.0010885007776214,0.00256301004163835,1
0.2315,-0.00108720113582356,0.00263569657206173,1
0.232,-0.00108586497508467,0.00270908217252377,1
0.2325,-0.00108449194884995,0.00278315283149877,1
0.233,-0.00108308171748837,0.00285789453106255,1
0.2335,-0.00108163394892221,0.00293329325568102,1
0.234,-0.0010801483231254,0.00300933505499682,1
0.2345,-0.00107862451828394,0.00308600585065778,1
0.235,-0.00107706222317955,0.00316329160916677,1
0.2355,-0.0010754611335763,0.00324117829144714,1
0.236,-0.00107382095222067,0.00331965185284268,1
0.2365,-0.0010721413888415,0.00339869824311767,1
0.237,-0.00107042216021997,0.00347830340909023,1
0.2375,-0.00106866299236697,0.00355845337656486,1
0.238,-0.00106686361500465,0.00363913404267484,1
0.2385,-0.00106502376619261,0.0037203313499654,1
0.239,-0.00106314319103147,0.00380203123760963,1
0.2395,-0.00106122164166655,0.00388421964154477,1
0.24,-0.00105925887729142,0.0039668824946085,1
0.2405,-0.00105725466415156,0.00405000572667521,1
0.241,-0.00105520877554798,0.00413357526479231,1
0.2415,-0.00105312099184083,0.00421757703331648,1
0.242,-0.00105099110045303,0.00430199695405,1
0.2425,-0.0010488188958739,0.00438682094637701,1
0.243,-0.00104660417966276,0.00447203492739979,1
0.2435,-0.00104434676045257,0.00455762481207508,1
0.244,-0.00104204645395353,0.00464357651335033,1
0.2445,-0.00103970308254282,0.00472987593829346,1
0.245,-0.00103731647628978,0.00481650899811762,1
0.2455,-0.00103488647217258,0.00490346160070009,1
0.246,-0.00103241291421009,0.00499071965196015,1
0.2465,-0.00102989565351293,0.00507826905645401,1
0.247,-0.0010273345482869,0.00516609571750954,1
0.2475,-0.00102472946383644,0.00525418553736097,1
0.248,-0.0010220802725681,0.0053425244172837,1
0.2485,-0.00101938685399399,0.00543109825772895,1
0.249,-0.00101664909473529,0.00551989295845855,1
0.2495,-0.00101386688852562,0.00560889441867965,1
0.25,-0.00101104013621459,0.00569808853717948,1
0.2505,-0.0010081687457712,0.00578746121246003,1
0.251,-0.00100525263228736,0.00587699834287287,1
0.2515,-0.00100229170340748,0.00596668586620331,1
0.252,-0.000999285891808649,0.00605650967189481,1
0.2525,-0.000996235137758114,0.00614645564840778,1
0.253,-0.000993139383733901,0.00623650969792502,1
0.2535,-0.000989998579257768,0.00632665772341362,1
0.254,-0.000986812680895071,0.00641688562876942,1
0.2545,-0.000983581652254621,0.00650717931896152,1
0.255,-0.000980305463988549,0.0065975247001767,1
0.2555,-0.000976984093792165,0.00668790767996397,1
0.256,-0.000973617526403818,0.00677831416737898,1
0.2565,-0.000970205753604761,0.00686873007312858,1
0.257,-0.000966748774219009,0.0069591413097152,1
0.2575,-0.000963246594113203,0.00704953379158143,1
0.258,-0.000959699226196469,0.00713989343525443,1
0.2585,-0.000956106690071194,0.00723020614163109,1
0.259,-0.000952469012659416,0.00732045782817595,1
0.2595,-0.000948786228202835,0.00741063442907318,1
0.26,-0.000945058377748364,0.007500721869059,1
0.2605,-0.000941285509382313,0.00759070607555407,1
0.261,-0.000937467678230171,0.00768057297880381,1
0.2615,-0.00093360494645638,0.00777030851201876,1
0.262,-0.000929697383264121,0.00785989861151482,1
0.2625,-0.000925745064895093,0.00794932921685367,1
0.263,-0.000921748074629289,0.00803858627098298,1
0.2635,-0.000917706502784782,0.00812765572037685,1
0.264,-0.000913620446717498,0.00821652351517601,1
0.2645,-0.000909490010821001,0.00830517560932825,1
0.265,-0.000905315306526274,0.00839359796072866,1
0.2655,-0.000901096450930076,0.00848177652396944,1
0.266,-0.000896833568156287,0.00856969725781767,1
0.2665,-0.000892526792347052,0.00865734614147597,1
0.267,-0.000888176262918567,0.00874470914915759,1
0.2675,-0.000883782126311089,0.00883177225965866,1
0.268,-0.000879344535988312,0.00891852145649636,1
0.2685,-0.000874863652436752,0.00900494272804707,1
0.269,-0.000870339643165129,0.00909102206768456,1
0.2695,-0.000865772682703745,0.00917674547391818,1
0.27,-0.000861162952603865,0.00926209895053098,1
0.2705,-0.000856510641437099,0.00934706850671791,1
0.271,-0.000851815944794786,0.009431640157224,1
0.2715,-0.000847079065287368,0.00951579992248252,1
0.272,-0.000842300212543777,0.00959953382875312,1
0.2725,-0.000837479601760489,0.00968282790694027,1
0.273,-0.000832617452444193,0.0097656681915878,1
0.2735,-0.000827713998870767,0.00984804073053521,1
0.274,-0.000822769478450785,0.00992993157446915,1
0.2745,-0.000817784135588457,0.0100113267805737,1
0.275,-0.000812758221680291,0.0100922124126679,1
0.2755,-0.00080769199511377,0.0101725745413434,1
0.276,-0.000802585721266017,0.0102523992441016,1
0.2765,-0.000797439672502465,0.0103316726054919,1
0.277,-0.000792254128175523,0.0104103807172483,1
0.2775,-0.000787029374623251,0.0104885096784278,1
0.278,-0.000781765705168023,0.0105660455955471,1
0.2785,-0.000776463420115201,0.0106429745827208,1
0.279,-0.0007711228267518,0.0107192827617987,1
0.2795,-0.000765744238527409,0.0107949562629019,1
0.28,-0.000760327967204954,0.0108699812283887,1
0.2805,-0.000754874348072588,0.0109443438006938,1
0.281,-0.00074938371586584,0.0110180301342094,1
0.2815,-0.000743856412259652,0.011091026391768,1
0.282,-0.000738292785865879,0.01116331874478,1
0.2825,-0.000732693192230787,0.0112348933733725,1
0.283,-0.000727057993832555,0.0113057364665267,1
0.2835,-0.000721387560078765,0.0113758342222164,1
0.284,-0.00071568226730391,0.0114451728475461,1
0.2845,-0.000709942498766889,0.0115137385588889,1
0.285,-0.000704168644648502,0.0115815175820246,1
0.2855,-0.000698361102048955,0.011648496152278,1
0.286,-0.000692520274985354,0.0117146605146567,1
0.2865,-0.000686646574389203,0.0117799969239895,1
0.287,-0.0006807404079335,0.0118444916431873,1
0.2875,-0.000674802206618611,0.0119081309482883,1
0.288,-0.000668832402327581,0.0119709011244542,1
0.2885,-0.000662831433119774,0.0120327884670858,1
0.289,-0.000656799743919133,0.0120937792820883,1
0.2895,-0.000650737786510483,0.0121538598860099,1
0.29,-0.000644646019535836,0.0122130166061786,1
0.2905,-0.000638524908490694,0.0122712357808411,1
0.291,-0.000632374925720355,0.0123285037593001,1
0.2915,-0.000626196550416218,0.0123848069020521,1
0.292,-0.000619990268612082,0.0124401315809258,1
0.2925,-0.000613756573180457,0.0124944641792193,1
0.293,-0.000607495963828864,0.0125477910918387,1
0.2935,-0.000601208947096143,0.0126000987254352,1
0.294,-0.000594896029687636,0.0126513734884392,1
0.2945,-0.000588557734165457,0.0127016018150042,1
0.295,-0.000582194588901894,0.0127507701499111,1
0.2955,-0.000575807127320899,0.0127988649475602,1
0.296,-0.00056939588962926,0.0128458726747413,1
0.2965,-0.000562961422811937,0.01289177981077,1
0.297,-0.000556504280627407,0.012936572847624,1
0.2975,-0.000550025023602998,0.0129802382900795,1
0.298,-0.000543524219030231,0.0130227626558478,1
0.2985,-0.000537002440960158,0.0130641324757113,1
0.299,-0.0005304602701987,0.0131043342936607,1
0.2995,-0.000523898294301989,0.0131433546670305,1
0.3,-0.000517317107571706,0.0131811801666358,1
0.3005,-0.000510717311050418,0.013217797376909,1
0.301,-0.00050409950798207,0.0132531928859843,1
0.3015,-0.000497464312713431,0.0132873533055748,1
0.302,-0.000490812348664626,0.0133202652666203,1
0.3025,-0.000484144243445417,0.01335191540861,1
0.303,-0.000477460631356958,0.0133822903852742,1
0.3035,-0.00047076215338628,0.0134113768647186,1
0.304,-0.000464049457200785,0.0134391615295589,1
0.3045,-0.00045732319714274,0.0134656310770556,1
0.305,-0.000450584034223768,0.0134907722192481,1
0.3055,-0.000443832636119341,0.0135145716830897,1
0.306,-0.000437069677163268,0.0135370162105816,1
0.3065,-0.000430295838342193,0.0135580925589079,1
0.307,-0.000423511807290083,0.01357778750057,1
0.3075,-0.000416718278282723,0.0135960878235209,1
0.308,-0.000409915948743886,0.013612980324672,1
0.3085,-0.000403105523762711,0.0136284518186214,1
0.309,-0.000396287720829841,0.0136424891467975,1
0.3095,-0.000389463260365515,0.0136550791596071,1
0.31,-0.000382632869376524,0.0136662087235287,1
0.3105,-0.000375797281449803,0.0136758647212456,1
0.311,-0.00036895723674602,0.0136840340517783,1
0.3115,-0.000362113481993169,0.0136907036306176,1
0.312,-0.000355266770480159,0.0136958603898572,1
0.3125,-0.000348417862050407,0.0136994912783267,1
0.313,-0.000341567523095427,0.0137015832617246,1
0.3135,-0.000334716526548423,0.0137021233227506,1
0.314,-0.000327865651877879,0.0137010984612389,1
0.3145,-0.000321015685081151,0.0136984956942906,1
0.315,-0.000314167416297542,0.0136943020521911,1
0.3155,-0.000307321639577729,0.0136885045781455,1
0.316,-0.000300479165070943,0.0136810903500065,1
0.3165,-0.000293640804434418,0.0136720464545788,1
0.317,-0.000286807375792501,0.0136613599965455,1
0.3175,-0.000279979703729267,0.0136490180985995,1
0.318,-0.000273158619281148,0.0136350079015745,1
0.3185,-0.000266344959929544,0.0136193165645761,1
0.319,-0.000259539569593449,0.0136019312651127,1
0.3195,-0.00025274329862207,0.0135828391992272,1
0.32,-0.000245957003787446,0.0135620275816273,1
0.3205,-0.00023918154827707,0.0135394836458172,1
0.321,-0.000232417801686508,0.0135151946442285,1
0.3215,-0.00022566664001202,0.0134891478483513,1
0.322,-0.000218928944592865,0.0134613305465794,1
0.3225,-0.000212205597077635,0.0134317300334032,1
0.323,-0.000205497498128202,0.0134003336502611,1
0.3235,-0.000198805548887652,0.0133671287453568,1
0.324,-0.00019213065683367,0.0133321026865439,1
0.3245,-0.000185473735770195,0.0132952428614557,1
0.325,-0.000178835705819088,0.0132565366776342,1
0.3255,-0.00017221749341179,0.0132159715626586,1
0.326,-0.000165620031280983,0.0131735349642746,1
0.3265,-0.000159044258452251,0.0131292143505235,1
0.327,-0.000152491120235746,0.0130829972098713,1
0.3275,-0.000145961568217842,0.0130348710513372,1
0.328,-0.000139456560252804,0.0129848234046233,1
0.3285,-0.000132977060454443,0.012932841820243,1
0.329,-0.000126524039187781,0.0128789138696504,1
0.3295,-0.000120098464924597,0.012823027122692,1
0.33,-0.000113701326004531,0.012765169208412,1
0.3305,-0.000107333611321954,0.0127053277613747,1
0.331,-0.000100996315780614,0.0126434904370199,1
0.3315,-9.46904404655381e-05,0.0125796449122944,1
0.332,-8.84169926337874e-05,0.0125137788857784,1
0.3325,-8.21769857052187e-05,0.0124458800778119,1
0.333,-7.59714392532421e-05,0.0123759362306215,1
0.3335,-6.98013789955802e-05,0.0123039351084468,1
0.334,-6.36678367850272e-05,0.0122298644976665,1
0.3345,-5.75718506002074e-05,0.0121537122069255,1
0.335,-5.15144645363346e-05,0.0120754660672611,1
0.3355,-4.54967287959706e-05,0.0119951139322294,1
0.336,-3.95196996797846e-05,0.011912643678032,1
0.3365,-3.35844331862262e-05,0.0118280431830945,1
0.337,-2.76920006243988e-05,0.0117413003784194,1
0.3375,-2.18434774416277e-05,0.0116524032118222,1
0.338,-1.60399438755956e-05,0.0115613396501839,1
0.3385,-1.0282486188928e-05,0.0114680976835771,1
0.339,-4.57219665908623e-06,0.0113726653253889,1
0.3395,1.08982643173962e-06,0.0112750306124453,1
0.34,6.70247880673744e-06,0.0111751816051347,1
0.3405,1.22646502045803e-05,0.0110731063875314,1
0.341,1.77752243895334e-05,0.0109687930675198,1
0.3415,2.32330791615609e-05,0.0108622297769175,1
0.342,2.86370863664333e-05,0.0107534046715995,1
0.3425,3.39861119058338e-05,0.0106423059316216,1
0.343,3.9279015747466e-05,0.0105289217613445,1
0.3435,4.45146569234984e-05,0.0104132403724124,1
0.344,4.96918830556842e-05,0.0102952500199134,1
0.3445,5.48095344552793e-05,0.0101749389884465,1
0.345,5.9866447810713e-05,0.0100522955796058,1
0.3455,6.48614539535497e-05,0.00992730811981758,1
0.346,6.97933778694538e-05,0.00979996496046044,1
0.3465,7.46610387091551e-05,0.00967025447798649,1
0.347,7.94632497994135e-05,0.00953816507404202,1
0.3475,8.41988186539846e-05,0.00940368517558821,1
0.348,8.88665469845845e-05,0.00926680323502195,1
0.3485,9.34652307118548e-05,0.00912750773029658,1
0.349,9.79936599763281e-05,0.00898578716504265,1
0.3495,0.000102450619149393,0.00884163006868871,1
0.35,0.000106834886844258,0.00869502499658205,1
0.3505,0.000111145239594495,0.00854596051654866,1
0.351,0.000115380446208886,0.00839442522992742,1
0.3515,0.000119539265234546,0.00824040778111145,1
0.352,0.000123620452710037,0.00808389682904242,1
0.3525,0.000127622758996784,0.00792488105908759,1
0.353,0.000131544928790889,0.00776334918315753,1
0.3535,0.000135385701134953,0.00759928993982366,1
0.354,0.000139143809429883,0.00743269209443589,1
0.3545,0.000142817981446715,0.00726354443924025,1
0.355,0.000146406939338428,0.00709183579349648,1
0.3555,0.000149909399651757,0.00691755500359568,1
0.356,0.000153324073339014,0.00674069094317792,1
0.3565,0.000156649665769898,0.00656123251324985,1
0.357,0.000159884876743315,0.00637916864230232,1
0.3575,0.000163028402876177,0.00619448827665902,1
0.358,0.000166078936518986,0.00600718038509937,1
0.3585,0.000169035157163788,0.00581723399433662,1
0.359,0.000171895742779338,0.00562463814259838,1
0.3595,0.000174659365848044,0.00542938189608031,1
0.36,0.000177324693378605,0.00523145434906033,1
0.3605,0.000179890386918654,0.00503084462401287,1
0.361,0.000182355102567407,0.00482754187172307,1
0.3615,0.0001847174909883,0.00462153527140099,1
0.362,0.000186976197421636,0.00441281403079582,1
0.3625,0.000189129861697226,0.00420136738631015,1
0.363,0.000191177118247034,0.00398718460311413,1
0.3635,0.000193116596117817,0.00377025497525972,1
0.364,0.000194946918983773,0.0035505678257949,1
0.3645,0.000196666706350021,0.00332811250140146,1
0.365,0.000198274576553097,0.00310287835876866,1
0.3655,0.00019976913289332,0.00287485482854011,1
0.366,0.000201148977999122,0.00264403134942741,1
0.3665,0.000202412709213845,0.00241039738959772,1
0.367,0.000203558918609172,0.00217394244678439,1
0.3675,0.000204586192998573,0.00193465604839745,1
0.368,0.000205493113950737,0.00169252775163418,1
0.3685,0.000206278257803014,0.00144754714358974,1
0.369,0.000206940195674853,0.00119970384136763,1
0.3695,0.000207477493481238,0.000948987492190333,1
0.37,0.000207888711946132,0.000695387773509842,1
0.3705,0.000208172406615907,0.00043889439311822,1
0.371,0.00020832712787279,0.000179497089258175,1
0.371342745023564,0.000208357928579372,-5.00995039221137e-11,1
0.371342745023564,0.000208357928579372,-5.00995039221137e-11,0
0.3715,0.000208357928571493,-5.00995039489863e-11,0
0.372,0.000208357928546444,-5.00995039805951e-11,0
0.3725,0.000208357928521394,-5.00995040694129e-11,0
0.373,0.000208357928496344,-5.00995040270719e-11,0
0.3735,0.000208357928471294,-5.0099503938254e-11,0
0.374,0.000208357928446245,-5.00995038781942e-11,0
0.3745,0.000208357928421195,-5.00995039670121e-11,0
0.375,0.000208357928396145,-5.00995040558299e-11,0
0.3755,0.000208357928371095,-5.00995041446478e-11,0
0.376,0.000208357928346046,-5.00995042334656e-11,0
0.3765,0.000208357928320996,-5.00995043214874e-11,0
0.377,0.000208357928295946,-5.00995043214874e-11,0
0.3775,0.000208357928270896,-5.00995043214874e-11,0
0.378,0.000208357928245847,-5.00995043214874e-11,0
0.3785,0.000208357928220797,-5.00995043214874e-11,0
0.379,0.000208357928195747,-5.00995043214874e-11,0
0.3795,0.000208357928170697,-5.00995043214874e-11,0
0.38,0.000208357928145648,-5.00995043214874e-11,0
0.3805,0.000208357928120598,-5.00995043214874e-11,0
0.381,0.000208357928095548,-5.00995043214874e-11,0
0.3815,0.000208357928070498,-5.00995043214874e-11,0
0.382,0.000208357928045449,-5.00995043214874e-11,0
0.3825,0.000208357928020399,-5.00995043214874e-11,0
0.383,0.000208357927995349,-5.00995043214874e-11,0
0.3835,0.000208357927970299,-5.00995043214874e-11,0
0.384,0.00020835792794525,-5.00995043214874e-11,0
0.3845,0.0002083579279202,-5.00995043214874e-11,0
0.385,0.00020835792789515,-5.00995043214874e-11,0
0.3855,0.0002083579278701,-5.00995043214874e-11,0
0.386,0.000208357927845051,-5.00995043214874e-11,0
0.3865,0.000208357927820001,-5.00995043214874e-11,0
0.387,0.000208357927794951,-5.00995043214874e-11,0
0.3875,0.000208357927769901,-5.00995043214874e-11,0
0.388,0.000208357927744852,-5.00995043214874e-11,0
0.3885,0.000208357927719802,-5.00995043214874e-11,0
0.389,0.000208357927694752,-5.00995043214874e-11,0
0.3895,0.000208357927669702,-5.00995043214874e-11,0
0.39,0.000208357927644653,-5.00995043214874e-11,0
0.3905,0.000208357927619603,-5.00995043214874e-11,0
0.391,0.000208357927594553,-5.00995043214874e-11,0
0.3915,0.000208357927569503,-5.00995043214874e-11,0
0.392,0.000208357927544454,-5.00995043235164e-11,0
0.3925,0.000208357927519404,-5.00995043457208e-11,0
0.393,0.000208357927494354,-5.00995043679253e-11,0
0.3935,0.000208357927469304,-5.00995043901298e-11,0
0.394,0.000208357927444255,-5.00995044123342e-11,0
0.3945,0.000208357927419205,-5.00995044345387e-11,0
0.395,0.000208357927394155,-5.00995044567431e-11,0
0.3955,0.000208357927369105,-5.00995044789476e-11,0
0.396,0.000208357927344056,-5.00995045011521e-11,0
0.3965,0.000208357927319006,-5.00995045233565e-11,0
0.397,0.000208357927293956,-5.0099504545561e-11,0
0.3975,0.000208357927268906,-5.00995045677654e-11,0
0.398,0.000208357927243857,-5.00995045899699e-11,0
0.3985,0.000208357927218807,-5.00995046121744e-11,0
0.399,0.000208357927193757,-5.00995046343788e-11,0
0.3995,0.000208357927168707,-5.00995046565833e-11,0
0.4,0.000208357927143658,-5.00995046787877e-11,0
0.4005,0.000208357927118608,-5.00995047009922e-11,0
0.401,0.000208357927093558,-5.00995047231967e-11,0
0.4015,0.000208357927068508,-5.00995047454011e-11,0
0.402,0.000208357927043459,-5.00995047676056e-11,0
0.4025,0.000208357927018409,-5.009950478981e-11,0
0.403,0.000208357926993359,-5.00995048120145e-11,0
0.4035,0.000208357926968309,-5.0099504834219e-11,0
0.404,0.00020835792694326,-5.00995048564234e-11,0
0.4045,0.00020835792691821,-5.00995048786279e-11,0
0.405,0.00020835792689316,-5.00995049008324e-11,0
0.4055,0.00020835792686811,-5.00995049230368e-11,0
0.406,0.000208357926843061,-5.00995049452413e-11,0
0.4065,0.000208357926818011,-5.00995049674457e-11,0
0.407,0.000208357926792961,-5.00995049896502e-11,0
0.4075,0.000208357926767911,-5.00995050118547e-11,0
0.408,0.000208357926742862,-5.00995050340591e-11,0
0.4085,0.000208357926717812,-5.00995050562636e-11,0
0.409,0.000208357926692762,-5.0099505078468e-11,0
0.4095,0.000208357926667712,-5.00995051006725e-11,0
0.41,0.000208357926642663,-5.00995051228769e-11,0
0.4105,0.000208357926617613,-5.00995051450814e-11,0
0.411,0.000208357926592563,-5.00995051672859e-11,0
0.4115,0.000208357926567513,-5.00995051894903e-11,0
0.412,0.000208357926542464,-5.00995052116948e-11,0
0.4125,0.000208357926517414,-5.00995052338993e-11,0
0.413,0.000208357926492364,-5.00995052368319e-11,0
0.4135,0.000208357926467314,-5.00995052368319e-11,0
0.414,0.000208357926442265,-5.00995052368319e-11,0
0.4145,0.000208357926417215,-5.00995052368319e-11,0
0.415,0.000208357926392165,-5.00995052368319e-11,0
0.4155,0.000208357926367115,-5.00995052368319e-11,0
0.416,0.000208357926342065,-5.00995052368319e-11,0
0.4165,0.000208357926317016,-5.00995052368319e-11,0
0.417,0.000208357926291966,-5.00995052368319e-11,0
0.4175,0.000208357926266916,-5.00995052368319e-11,0
0.418,0.000208357926241866,-5.00995052368319e-11,0
0.4185,0.000208357926216817,-5.00995052368319e-11,0
0.419,0.000208357926191767,-5.00995052368319e-11,0
0.4195,0.000208357926166717,-5.00995052368319e-11,0
0.42,0.000208357926141667,-5.00995052368319e-11,0
0.4205,0.000208357926116618,-5.00995052368319e-11,0
0.421,0.000208357926091568,-5.00995052368319e-11,0
0.4215,0.000208357926066518,-5.00995052368319e-11,0
0.422,0.000208357926041468,-5.00995052368319e-11,0
0.4225,0.000208357926016419,-5.00995052368319e-11,0
0.423,0.000208357925991369,-5.00995052368319e-11,0
0.4235,0.000208357925966319,-5.00995052368319e-11,0
0.424,0.000208357925941269,-5.00995052368319e-11,0
0.4245,0.00020835792591622,-5.00995052368319e-11,0
0.425,0.00020835792589117,-5.00995052368319e-11,0
0.4255,0.00020835792586612,-5.00995052368319e-11,0
0.426,0.00020835792584107,-5.00995052368319e-11,0
0.4265,0.000208357925816021,-5.00995052368319e-11,0
0.427,0.000208357925790971,-5.00995052368319e-11,0
0.4275,0.000208357925765921,-5.00995052368319e-11,0
0.428,0.000208357925740871,-5.00995052368319e-11,0
0.4285,0.000208357925715822,-5.00995052368319e-11,0
0.429,0.000208357925690772,-5.00995052368319e-11,0
0.4295,0.000208357925665722,-5.00995052368319e-11,0
0.43,0.000208357925640672,-5.00995052368319e-11,0
0.4305,0.000208357925615623,-5.00995052368319e-11,0
0.431,0.000208357925590573,-5.00995052368319e-11,0
0.4315,0.000208357925565523,-5.00995052368319e-11,0
0.432,0.000208357925540473,-5.00995052368319e-11,0
0.4325,0.000208357925515424,-5.00995052368319e-11,0
0.433,0.000208357925490374,-5.00995052368319e-11,0
0.4335,0.000208357925465324,-5.00995052368319e-11,0
0.434,0.000208357925440274,-5.00995052368319e-11,0
0.4345,0.000208357925415225,-5.00995052368319e-11,0
0.435,0.000208357925390175,-5.00995052368319e-11,0
0.4355,0.000208357925365125,-5.00995052368319e-11,0
0.436,0.000208357925340075,-5.00995052368319e-11,0
0.4365,0.000208357925315026,-5.00995052368319e-11,0
0.437,0.000208357925289976,-5.00995052368319e-11,0
0.4375,0.000208357925264926,-5.00995052368319e-11,0
0.438,0.000208357925239876,-5.00995052368319e-11,0
0.4385,0.000208357925214827,-5.00995052368319e-11,0
0.439,0.000208357925189777,-5.00995052368319e-11,0
0.4395,0.000208357925164727,-5.00995052368319e-11,0
0.44,0.000208357925139677,-5.00995052368319e-11,0
0.4405,0.000208357925114628,-5.00995052368319e-11,0
0.441,0.000208357925089578,-5.00995052368319e-11,0
0.4415,0.000208357925064528,-5.00995052368319e-11,0
0.442,0.000208357925039478,-5.00995052368319e-11,0
0.4425,0.000208357925014429,-5.00995052368319e-11,0
0.443,0.000208357924989379,-5.00995052368319e-11,0
0.4435,0.000208357924964329,-5.00995052368319e-11,0
0.444,0.000208357924939279,-5.00995052368319e-11,0
0.4445,0.00020835792491423,-5.00995052368319e-11,0
0.445,0.00020835792488918,-5.00995052368319e-11,0
0.4455,0.00020835792486413,-5.00995052368319e-11,0
0.446,0.00020835792483908,-5.00995052368319e-11,0
0.4465,0.000208357924814031,-5.00995052368319e-11,0
0.447,0.000208357924788981,-5.00995052368319e-11,0
0.4475,0.000208357924763931,-5.00995052368319e-11,0
0.448,0.000208357924738881,-5.00995052368319e-11,0
0.4485,0.000208357924713832,-5.00995052368319e-11,0
0.449,0.000208357924688782,-5.00995052368319e-11,0
0.4495,0.000208357924663732,-5.00995052368319e-11,0
0.45,0.000208357924638682,-5.00995052368319e-11,0
0.4505,0.000208357924613633,-5.00995052368319e-11,0
0.451,0.000208357924588583,-5.00995052368319e-11,0
0.4515,0.000208357924563533,-5.00995052368319e-11,0
0.452,0.000208357924538483,-5.00995052368319e-11,0
0.4525,0.000208357924513434,-5.00995052368319e-11,0
0.453,0.000208357924488384,-5.00995052368319e-11,0
0.4535,0.000208357924463334,-5.00995052368319e-11,0
0.454,0.000208357924438284,-5.00995050957836e-11,0
0.4545,0.000208357924413235,-5.00995047607762e-11,0
0.455,0.000208357924388185,-5.00995044257689e-11,0
0.4555,0.000208357924363135,-5.00995040907615e-11,0
0.456,0.000208357924338085,-5.00995037557541e-11,0
0.4565,0.000208357924313036,-5.00995034207468e-11,0
0.457,0.000208357924287986,-5.00995030857394e-11,0
0.4575,0.000208357924262936,-5.0099502750732e-11,0
0.458,0.000208357924237886,-5.00995024157247e-11,0
0.4585,0.000208357924212837,-5.00995020807173e-11,0
0.459,0.000208357924187787,-5.00995017457099e-11,0
0.4595,0.000208357924162737,-5.00995014107026e-11,0
0.46,0.000208357924137687,-5.00995010756952e-11,0
0.4605,0.000208357924112638,-5.00995007406878e-11,0
0.461,0.000208357924087588,-5.00995004056805e-11,0
0.4615,0.000208357924062538,-5.00995000706731e-11,0
0.462,0.000208357924037488,-5.00994997356657e-11,0
0.4625,0.000208357924012439,-5.00994994006584e-11,0
0.463,0.000208357923987389,-5.0099499065651e-11,0
0.4635,0.000208357923962339,-5.00994987306436e-11,0
0.464,0.00020835792393729,-5.00994983956363e-11,0
0.4645,0.00020835792391224,-5.00994980606289e-11,0
0.464539461636518,0.000208357923910263,-5.0099498034189e-11,0
0.464539461636518,0.000208357923910263,-5.0099498034189e-11,-1
0.465,0.00020835742354374,-2.70910770375541e-06,-1
0.4655,0.000208353572949137,-1.17876110271082e-05,-1
0.466,0.000208343272759478,-2.7259843188816e-05,-1
0.4665,0.00020832373894912,-4.91296569962484e-05,-1
0.467,0.000208291688813543,-7.74015433454723e-05,-1
0.4675,0.000208243847771338,-0.000112079907059781,-1
0.468,0.000208177338637133,-0.000153168535353533,-1
0.4685,0.00020808904817434,-0.000200671499620313,-1
0.469,0.000207975458062459,-0.000254593347438317,-1
0.4695,0.000207833365514103,-0.000314938118082784,-1
0.47,0.000207659494569626,-0.00038170992114842,-1
0.4705,0.000207450678173119,-0.000454912386941611,-1
0.471,0.000207203673677675,-0.000534549486839816,-1
0.4715,0.000206915256391904,-0.000620625109114491,-1
0.472,0.000206582178215584,-0.000713142948441019,-1
0.4725,0.00020620120017915,-0.000812106775007275,-1
0.473,0.00020576909568636,-0.00091752046133118,-1
0.4735,0.000205282654370132,-0.00102938723938019,-1
0.474,0.000204738660722127,-0.00114771047100943,-1
0.4745,0.00020413388109859,-0.00127249397624328,-1
0.475,0.000203465085293347,-0.00140374085990529,-1
0.4755,0.000202729042841826,-0.00154145420251943,-1
0.476,0.000201922528972093,-0.00168563761993599,-1
0.4765,0.000201042304424636,-0.00183629409607511,-1
0.477,0.000200085125727594,-0.00199342647466657,-1
0.4775,0.00019904776668201,-0.00215703817429597,-1
0.478,0.000197926983919999,-0.00232713203691694,-1
0.4785,0.000196719526703404,-0.00250371065540074,-1
0.479,0.000195422163388209,-0.00268677726791586,-1
0.4795,0.000194031649878523,-0.00287633464307347,-1
0.48,0.00019254473317182,-0.0030723851633952,-1
0.4805,0.000190958170602067,-0.00327493165947461,-1
0.481,0.000189268713967287,-0.00348397672193015,-1
0.4815,0.00018747311364544,-0.00369952287982254,-1
0.482,0.000185568118594417,-0.0039215726006547,-1
0.4825,0.000183550475885939,-0.00415012823848021,-1
0.483,0.000181416930162325,-0.00438519197342575,-1
0.4835,0.00017916422652671,-0.00462676613345844,-1
0.484,0.000176789107813179,-0.00487485289047053,-1
0.4845,0.000174288315384561,-0.00512945434909735,-1
0.485,0.000171658589132428,-0.00539057254671731,-1
0.4855,0.000168896670342486,-0.00565820946843391,-1
0.486,0.00016599931280866,-0.005932367105187,-1
0.4865,0.000162963245288225,-0.00621304725744514,-1
0.487,0.000159785205042023,-0.00650025171057446,-1
0.4875,0.000156461928182468,-0.00679398218437213,-1
0.488,0.000152990149673548,-0.00709424033306633,-1
0.4885,0.000149366604239574,-0.00740102774879966,-1
0.489,0.000145588041570527,-0.00771434601991402,-1
0.4895,0.000141651185995786,-0.00803419657637265,-1
0.49,0.000137552770467511,-0.00836058082002463,-1
0.4905,0.000133289527029998,-0.0086935000880722,-1
0.491,0.000128858186819679,-0.00903295565307073,-1
0.4915,0.000124255480065124,-0.00937894872292873,-1
0.492,0.00011947814930998,-0.00973148044173981,-1
0.4925,0.000114522918303161,-0.0100905518878253,-1
0.493,0.000109386516029597,-0.0104561640752463,-1
0.4935,0.000104065671241304,-0.0108283179534596,-1
0.494,9.85571119678669e-05,-0.0112070144072865,-1
0.4945,9.28575655164455e-05,-0.0115922542569133,-1
0.495,8.69637686573252e-05,-0.0119840382303504,-1
0.4955,8.08724455784601e-05,-0.0123823670230409,-1
0.496,7.45803217323984e-05,-0.01278724126042,-1
0.4965,6.80841234563116e-05,-0.0131986614989426,-1
0.497,6.13805765317447e-05,-0.0136166282299772,-1
0.4975,5.44664061846157e-05,-0.0140411418798061,-1
0.498,4.73383445132494e-05,-0.0144722027971007,-1
0.4985,3.99931171414302e-05,-0.0149098112754264,-1
0.499,3.24274479880455e-05,-0.0153539675452,-1
0.4995,2.46380627924213e-05,-0.015804671767746,-1
0.5,1.66216871678419e-05,-0.0162619240385781,-1
0.5,1.66216871678419e-05,-0.0162619240385781,-1
