"time","integrator.y"
0,0
0.001,0.002
0.002,0.004
0.003,0.006
0.004,0.008
0.005,0.01
0.006,0.012
0.007,0.014
0.008,0.016
0.009,0.018
0.01,0.02
0.011,0.022
0.012,0.024
0.013,0.026
0.014,0.028
0.015,0.03
0.016,0.032
0.017,0.034
0.018,0.036
0.019,0.038
0.02,0.04
0.021,0.042
0.022,0.044
0.023,0.046
0.024,0.048
0.025,0.05
0.026,0.052
0.027,0.054
0.028,0.056
0.029,0.058
0.03,0.06
0.031,0.062
0.032,0.064
0.033,0.066
0.034,0.068
0.035,0.07
0.036,0.072
0.037,0.074
0.038,0.076
0.039,0.078
0.04,0.08
0.041,0.082
0.042,0.084
0.043,0.086
0.044,0.088
0.045,0.09
0.046,0.092
0.047,0.094
0.048,0.096
0.049,0.098
0.05,0.1
0.051,0.102
0.052,0.104
0.053,0.106
0.054,0.108
0.055,0.11
0.056,0.112
0.057,0.114
0.058,0.116
0.059,0.118
0.06,0.12
0.061,0.122
0.062,0.124
0.063,0.126
0.064,0.128
0.065,0.13
0.066,0.132
0.067,0.134
0.068,0.136
0.069,0.138
0.07,0.14
0.071,0.142
0.072,0.144
0.073,0.146
0.074,0.148
0.075,0.15
0.076,0.152
0.077,0.154
0.078,0.156
0.079,0.158
0.08,0.16
0.081,0.162
0.082,0.164
0.083,0.166
0.084,0.168
0.085,0.17
0.086,0.172
0.087,0.174
0.088,0.176
0.089,0.178
0.09,0.18
0.091,0.182
0.092,0.184
0.093,0.186
0.094,0.188
0.095,0.19
0.096,0.192
0.097,0.194
0.098,0.196
0.099,0.198
0.1,0.2
0.101,0.202
0.102,0.204
0.103,0.206
0.104,0.208
0.105,0.21
0.106,0.212
0.107,0.214
0.108,0.216
0.109,0.218
0.11,0.22
0.111,0.222
0.112,0.224
0.113,0.226
0.114,0.228
0.115,0.23
0.116,0.232
0.117,0.234
0.118,0.236
0.119,0.238
0.12,0.24
0.121,0.242
0.122,0.244
0.123,0.246
0.124,0.248
0.125,0.25
0.126,0.252
0.127,0.254
0.128,0.256
0.129,0.258
0.13,0.26
0.131,0.262
0.132,0.264
0.133,0.266
0.134,0.268
0.135,0.27
0.136,0.272
0.137,0.274
0.138,0.276
0.139,0.278
0.14,0.28
0.141,0.282
0.142,0.284
0.143,0.286
0.144,0.288
0.145,0.29
0.146,0.292
0.147,0.294
0.148,0.296
0.149,0.298
0.15,0.3
0.151,0.302
0.152,0.304
0.153,0.306
0.154,0.308
0.155,0.31
0.156,0.312
0.157,0.314
0.158,0.316
0.159,0.318
0.16,0.32
0.161,0.322
0.162,0.324
0.163,0.326
0.164,0.328
0.165,0.33
0.166,0.332
0.167,0.334
0.168,0.336
0.169,0.338
0.17,0.34
0.171,0.342
0.172,0.344
0.173,0.346
0.174,0.348
0.175,0.35
0.176,0.352
0.177,0.354
0.178,0.356
0.179,0.358
0.18,0.36
0.181,0.362
0.182,0.364
0.183,0.366
0.184,0.368
0.185,0.37
0.186,0.372
0.187,0.374
0.188,0.376
0.189,0.378
0.19,0.38
0.191,0.382
0.192,0.384
0.193,0.386
0.194,0.388
0.195,0.39
0.196,0.392
0.197,0.394
0.198,0.396
0.199,0.398
0.2,0.4
0.201,0.402
0.202,0.404
0.203,0.406
0.204,0.408
0.205,0.41
0.206,0.412
0.207,0.414
0.208,0.416
0.209,0.418
0.21,0.42
0.211,0.422
0.212,0.424
0.213,0.426
0.214,0.428
0.215,0.43
0.216,0.432
0.217,0.434
0.218,0.436
0.219,0.438
0.22,0.44
0.221,0.442
0.222,0.444
0.223,0.446
0.224,0.448
0.225,0.45
0.226,0.452
0.227,0.454
0.228,0.456
0.229,0.458
0.23,0.46
0.231,0.462
0.232,0.464
0.233,0.466
0.234,0.468
0.235,0.47
0.236,0.472
0.237,0.474
0.238,0.476
0.239,0.478
0.24,0.48
0.241,0.482
0.242,0.484
0.243,0.486
0.244,0.488
0.245,0.49
0.246,0.492
0.247,0.494
0.248,0.496
0.249,0.498
0.25,0.5
0.251,0.502
0.252,0.504
0.253,0.506
0.254,0.508
0.255,0.51
0.256,0.512
0.257,0.514
0.258,0.516
0.259,0.518
0.26,0.52
0.261,0.522
0.262,0.524
0.263,0.526
0.264,0.528
0.265,0.53
0.266,0.532
0.267,0.534
0.268,0.536
0.269,0.538
0.27,0.54
0.271,0.542
0.272,0.544
0.273,0.546
0.274,0.548
0.275,0.55
0.276,0.552
0.277,0.554
0.278,0.556
0.279,0.558
0.28,0.56
0.281,0.562
0.282,0.564
0.283,0.566
0.284,0.568
0.285,0.57
0.286,0.572
0.287,0.574
0.288,0.576
0.289,0.578
0.29,0.58
0.291,0.582
0.292,0.584
0.293,0.586
0.294,0.588
0.295,0.59
0.296,0.592
0.297,0.594
0.298,0.596
0.299,0.598
0.3,0.6
0.301,0.602
0.302,0.604
0.303,0.606
0.304,0.608
0.305,0.61
0.306,0.612
0.307,0.614
0.308,0.616
0.309,0.618
0.31,0.62
0.311,0.622
0.312,0.624
0.313,0.626
0.314,0.628
0.315,0.63
0.316,0.632
0.317,0.634
0.318,0.636
0.319,0.638
0.32,0.64
0.321,0.642
0.322,0.644
0.323,0.646
0.324,0.648
0.325,0.65
0.326,0.652
0.327,0.654
0.328,0.656
0.329,0.658
0.33,0.66
0.331,0.662
0.332,0.664
0.333,0.666
0.334,0.668
0.335,0.67
0.336,0.672
0.337,0.674
0.338,0.676
0.339,0.678
0.34,0.68
0.341,0.682
0.342,0.684
0.343,0.686
0.344,0.688
0.345,0.69
0.346,0.692
0.347,0.694
0.348,0.696
0.349,0.698
0.35,0.7
0.351,0.702
0.352,0.704
0.353,0.706
0.354,0.708
0.355,0.71
0.356,0.712
0.357,0.714
0.358,0.716
0.359,0.718
0.36,0.72
0.361,0.722
0.362,0.724
0.363,0.726
0.364,0.728
0.365,0.73
0.366,0.732
0.367,0.734
0.368,0.736
0.369,0.738
0.37,0.74
0.371,0.742
0.372,0.744
0.373,0.746
0.374,0.748
0.375,0.75
0.376,0.752
0.377,0.754
0.378,0.756
0.379,0.758
0.38,0.76
0.381,0.762
0.382,0.764
0.383,0.766
0.384,0.768
0.385,0.77
0.386,0.772
0.387,0.774
0.388,0.776
0.389,0.778
0.39,0.78
0.391,0.782
0.392,0.784
0.393,0.786
0.394,0.788
0.395,0.79
0.396,0.792
0.397,0.794
0.398,0.796
0.399,0.798
0.4,0.8
0.401,0.802
0.402,0.804
0.403,0.806
0.404,0.808
0.405,0.81
0.406,0.812
0.407,0.814
0.408,0.816
0.409,0.818
0.41,0.82
0.411,0.822
0.412,0.824
0.413,0.826
0.414,0.828
0.415,0.83
0.416,0.832
0.417,0.834
0.418,0.836
0.419,0.838
0.42,0.84
0.421,0.842
0.422,0.844
0.423,0.846
0.424,0.848
0.425,0.85
0.426,0.852
0.427,0.854
0.428,0.856
0.429,0.858
0.43,0.86
0.431,0.862
0.432,0.864
0.433,0.866
0.434,0.868
0.435,0.87
0.436,0.872
0.437,0.874
0.438,0.876
0.439,0.878
0.44,0.88
0.441,0.882
0.442,0.884
0.443,0.886
0.444,0.888
0.445,0.89
0.446,0.892
0.447,0.894
0.448,0.896
0.449,0.898
0.45,0.9
0.451,0.902
0.452,0.904
0.453,0.906
0.454,0.908
0.455,0.91
0.456,0.912
0.457,0.914
0.458,0.916
0.459,0.918
0.46,0.92
0.461,0.922
0.462,0.924
0.463,0.926
0.464,0.928
0.465,0.93
0.466,0.932
0.467,0.934
0.468,0.936
0.469,0.938
0.47,0.94
0.471,0.942
0.472,0.944
0.473,0.946
0.474,0.948
0.475,0.95
0.476,0.952
0.477,0.954
0.478,0.956
0.479,0.958
0.48,0.96
0.481,0.962
0.482,0.964
0.483,0.966
0.484,0.968
0.485,0.97
0.486,0.972
0.487,0.974
0.488,0.976
0.489,0.978
0.49,0.98
0.491,0.982
0.492,0.984
0.493,0.986
0.494,0.988
0.495,0.99
0.496,0.992
0.497,0.994
0.498,0.996
0.499,0.998
0.5,1
0.5,0
0.501,0
0.502,0
0.503,0
0.504,0
0.505,0
0.506,0
0.507,0
0.508,0
0.509,0
0.51,0
0.511,0
0.512,0
0.513,0
0.514,0
0.515,0
0.516,0
0.517,0
0.518,0
0.519,0
0.52,0
0.521,0
0.522,0
0.523,0
0.524,0
0.525,0
0.526,0
0.527,0
0.528,0
0.529,0
0.53,0
0.531,0
0.532,0
0.533,0
0.534,0
0.535,0
0.536,0
0.537,0
0.538,0
0.539,0
0.54,0
0.541,0
0.542,0
0.543,0
0.544,0
0.545,0
0.546,0
0.547,0
0.548,0
0.549,0
0.55,0
0.551,0
0.552,0
0.553,0
0.554,0
0.555,0
0.556,0
0.557,0
0.558,0
0.559,0
0.56,0
0.561,0
0.562,0
0.563,0
0.564,0
0.565,0
0.566,0
0.567,0
0.568,0
0.569,0
0.57,0
0.571,0
0.572,0
0.573,0
0.574,0
0.575,0
0.576,0
0.577,0
0.578,0
0.579,0
0.58,0
0.581,0
0.582,0
0.583,0
0.584,0
0.585,0
0.586,0
0.587,0
0.588,0
0.589,0
0.59,0
0.591,0
0.592,0
0.593,0
0.594,0
0.595,0
0.596,0
0.597,0
0.598,0
0.599,0
0.6,0
0.601,0
0.602,0
0.603,0
0.604,0
0.605,0
0.606,0
0.607,0
0.608,0
0.609,0
0.61,0
0.611,0
0.612,0
0.613,0
0.614,0
0.615,0
0.616,0
0.617,0
0.618,0
0.619,0
0.62,0
0.621,0
0.622,0
0.623,0
0.624,0
0.625,0
0.626,0
0.627,0
0.628,0
0.629,0
0.63,0
0.631,0
0.632,0
0.633,0
0.634,0
0.635,0
0.636,0
0.637,0
0.638,0
0.639,0
0.64,0
0.641,0
0.642,0
0.643,0
0.644,0
0.645,0
0.646,0
0.647,0
0.648,0
0.649,0
0.65,0
0.651,0
0.652,0
0.653,0
0.654,0
0.655,0
0.656,0
0.657,0
0.658,0
0.659,0
0.66,0
0.661,0
0.662,0
0.663,0
0.664,0
0.665,0
0.666,0
0.667,0
0.668,0
0.669,0
0.67,0
0.671,0
0.672,0
0.673,0
0.674,0
0.675,0
0.676,0
0.677,0
0.678,0
0.679,0
0.68,0
0.681,0
0.682,0
0.683,0
0.684,0
0.685,0
0.686,0
0.687,0
0.688,0
0.689,0
0.69,0
0.691,0
0.692,0
0.693,0
0.694,0
0.695,0
0.696,0
0.697,0
0.698,0
0.699,0
0.7,0
0.701,0
0.702,0
0.703,0
0.704,0
0.705,0
0.706,0
0.707,0
0.708,0
0.709,0
0.71,0
0.711,0
0.712,0
0.713,0
0.714,0
0.715,0
0.716,0
0.717,0
0.718,0
0.719,0
0.72,0
0.721,0
0.722,0
0.723,0
0.724,0
0.725,0
0.726,0
0.727,0
0.728,0
0.729,0
0.73,0
0.731,0
0.732,0
0.733,0
0.734,0
0.735,0
0.736,0
0.737,0
0.738,0
0.739,0
0.74,0
0.741,0
0.742,0
0.743,0
0.744,0
0.745,0
0.746,0
0.747,0
0.748,0
0.749,0
0.75,0
0.751,0
0.752,0
0.753,0
0.754,0
0.755,0
0.756,0
0.757,0
0.758,0
0.759,0
0.76,0
0.761,0
0.762,0
0.763,0
0.764,0
0.765,0
0.766,0
0.767,0
0.768,0
0.769,0
0.77,0
0.771,0
0.772,0
0.773,0
0.774,0
0.775,0
0.776,0
0.777,0
0.778,0
0.779,0
0.78,0
0.781,0
0.782,0
0.783,0
0.784,0
0.785,0
0.786,0
0.787,0
0.788,0
0.789,0
0.79,0
0.791,0
0.792,0
0.793,0
0.794,0
0.795,0
0.796,0
0.797,0
0.798,0
0.799,0
0.8,0
0.801,0
0.802,0
0.803,0
0.804,0
0.805,0
0.806,0
0.807,0
0.808,0
0.809,0
0.81,0
0.811,0
0.812,0
0.813,0
0.814,0
0.815,0
0.816,0
0.817,0
0.818,0
0.819,0
0.82,0
0.821,0
0.822,0
0.823,0
0.824,0
0.825,0
0.826,0
0.827,0
0.828,0
0.829,0
0.83,0
0.831,0
0.832,0
0.833,0
0.834,0
0.835,0
0.836,0
0.837,0
0.838,0
0.839,0
0.84,0
0.841,0
0.842,0
0.843,0
0.844,0
0.845,0
0.846,0
0.847,0
0.848,0
0.849,0
0.85,0
0.851,0
0.852,0
0.853,0
0.854,0
0.855,0
0.856,0
0.857,0
0.858,0
0.859,0
0.86,0
0.861,0
0.862,0
0.863,0
0.864,0
0.865,0
0.866,0
0.867,0
0.868,0
0.869,0
0.87,0
0.871,0
0.872,0
0.873,0
0.874,0
0.875,0
0.876,0
0.877,0
0.878,0
0.879,0
0.88,0
0.881,0
0.882,0
0.883,0
0.884,0
0.885,0
0.886,0
0.887,0
0.888,0
0.889,0
0.89,0
0.891,0
0.892,0
0.893,0
0.894,0
0.895,0
0.896,0
0.897,0
0.898,0
0.899,0
0.9,0
0.901,0
0.902,0
0.903,0
0.904,0
0.905,0
0.906,0
0.907,0
0.908,0
0.909,0
0.91,0
0.911,0
0.912,0
0.913,0
0.914,0
0.915,0
0.916,0
0.917,0
0.918,0
0.919,0
0.92,0
0.921,0
0.922,0
0.923,0
0.924,0
0.925,0
0.926,0
0.927,0
0.928,0
0.929,0
0.93,0
0.931,0
0.932,0
0.933,0
0.934,0
0.935,0
0.936,0
0.937,0
0.938,0
0.939,0
0.94,0
0.941,0
0.942,0
0.943,0
0.944,0
0.945,0
0.946,0
0.947,0
0.948,0
0.949,0
0.95,0
0.951,0
0.952,0
0.953,0
0.954,0
0.955,0
0.956,0
0.957,0
0.958,0
0.959,0
0.96,0
0.961,0
0.962,0
0.963,0
0.964,0
0.965,0
0.966,0
0.967,0
0.968,0
0.969,0
0.97,0
0.971,0
0.972,0
0.973,0
0.974,0
0.975,0
0.976,0
0.977,0
0.978,0
0.979,0
0.98,0
0.981,0
0.982,0
0.983,0
0.984,0
0.985,0
0.986,0
0.987,0
0.988,0
0.989,0
0.99,0
0.991,0
0.992,0
0.993,0
0.994,0
0.995,0
0.996,0
0.997,0
0.998,0
0.999,0
1,0
1,0
1.001,0.00200000000000002
1.002,0.00399999999999997
1.003,0.0060000000000001
1.004,0.00799999999999988
1.005,0.0099999999999999
1.006,0.0119999999999997
1.007,0.0139999999999999
1.008,0.0159999999999997
1.009,0.018
1.01,0.0199999999999997
1.011,0.022
1.012,0.0239999999999997
1.013,0.026
1.014,0.0279999999999997
1.015,0.03
1.016,0.0319999999999998
1.017,0.0340000000000001
1.018,0.0359999999999998
1.019,0.0380000000000001
1.02,0.0399999999999998
1.021,0.0420000000000001
1.022,0.0439999999999998
1.023,0.0460000000000001
1.024,0.0479999999999998
1.025,0.0499999999999996
1.026,0.0519999999999999
1.027,0.0539999999999996
1.028,0.0559999999999999
1.029,0.0579999999999996
1.03,0.0599999999999999
1.031,0.0619999999999996
1.032,0.0639999999999999
1.033,0.0659999999999998
1.034,0.0680000000000001
1.035,0.0699999999999998
1.036,0.0720000000000001
1.037,0.0739999999999998
1.038,0.0760000000000001
1.039,0.0779999999999998
1.04,0.0800000000000001
1.041,0.0819999999999999
1.042,0.0840000000000001
1.043,0.0859999999999999
1.044,0.0880000000000001
1.045,0.0899999999999999
1.046,0.0920000000000001
1.047,0.0939999999999999
1.048,0.0960000000000001
1.049,0.0979999999999999
1.05,0.1
1.051,0.102
1.052,0.104
1.053,0.106
1.054,0.108
1.055,0.11
1.056,0.112
1.057,0.114
1.058,0.116
1.059,0.118
1.06,0.12
1.061,0.122
1.062,0.124
1.063,0.126
1.064,0.128
1.065,0.13
1.066,0.132
1.067,0.134
1.068,0.136
1.069,0.138
1.07,0.14
1.071,0.142
1.072,0.144
1.073,0.146
1.074,0.148
1.075,0.15
1.076,0.152
1.077,0.154
1.078,0.156
1.079,0.158
1.08,0.16
1.081,0.162
1.082,0.164
1.083,0.166
1.084,0.168
1.085,0.17
1.086,0.172
1.087,0.174
1.088,0.176
1.089,0.178
1.09,0.18
1.091,0.182
1.092,0.184
1.093,0.186
1.094,0.188
1.095,0.19
1.096,0.192
1.097,0.194
1.098,0.196
1.099,0.198
1.1,0.2
1.101,0.202
1.102,0.204
1.103,0.206
1.104,0.208
1.105,0.21
1.106,0.212
1.107,0.214
1.108,0.216
1.109,0.218
1.11,0.22
1.111,0.222
1.112,0.224
1.113,0.226
1.114,0.228
1.115,0.23
1.116,0.232
1.117,0.234
1.118,0.236
1.119,0.238
1.12,0.24
1.121,0.242
1.122,0.244
1.123,0.246
1.124,0.248
1.125,0.25
1.126,0.252
1.127,0.254
1.128,0.256
1.129,0.258
1.13,0.26
1.131,0.262
1.132,0.264
1.133,0.266
1.134,0.268
1.135,0.27
1.136,0.272
1.137,0.274
1.138,0.276
1.139,0.278
1.14,0.28
1.141,0.282
1.142,0.284
1.143,0.286
1.144,0.288
1.145,0.29
1.146,0.292
1.147,0.294
1.148,0.296
1.149,0.298
1.15,0.3
1.151,0.302
1.152,0.304
1.153,0.306
1.154,0.308
1.155,0.31
1.156,0.312
1.157,0.314
1.158,0.316
1.159,0.318
1.16,0.32
1.161,0.322
1.162,0.324
1.163,0.326
1.164,0.328
1.165,0.33
1.166,0.332
1.167,0.334
1.168,0.336
1.169,0.338
1.17,0.34
1.171,0.342
1.172,0.344
1.173,0.346
1.174,0.348
1.175,0.35
1.176,0.352
1.177,0.354
1.178,0.356
1.179,0.358
1.18,0.36
1.181,0.362
1.182,0.364
1.183,0.366
1.184,0.368
1.185,0.37
1.186,0.372
1.187,0.374
1.188,0.376
1.189,0.378
1.19,0.38
1.191,0.382
1.192,0.384
1.193,0.386
1.194,0.388
1.195,0.39
1.196,0.392
1.197,0.394
1.198,0.396
1.199,0.398
1.2,0.4
1.201,0.402
1.202,0.404
1.203,0.406
1.204,0.408
1.205,0.41
1.206,0.412
1.207,0.414
1.208,0.416
1.209,0.418
1.21,0.42
1.211,0.422
1.212,0.424
1.213,0.426
1.214,0.428
1.215,0.43
1.216,0.432
1.217,0.434
1.218,0.436
1.219,0.438
1.22,0.44
1.221,0.442
1.222,0.444
1.223,0.446
1.224,0.448
1.225,0.45
1.226,0.452
1.227,0.454
1.228,0.456
1.229,0.458
1.23,0.46
1.231,0.462
1.232,0.464
1.233,0.466
1.234,0.468
1.235,0.47
1.236,0.472
1.237,0.474
1.238,0.476
1.239,0.478
1.24,0.48
1.241,0.482
1.242,0.484
1.243,0.486
1.244,0.488
1.245,0.49
1.246,0.492
1.247,0.494
1.248,0.496
1.249,0.498
1.25,0.5
1.251,0.502
1.252,0.504
1.253,0.506
1.254,0.508
1.255,0.51
1.256,0.512
1.257,0.514
1.258,0.516
1.259,0.518
1.26,0.52
1.261,0.522
1.262,0.524
1.263,0.526
1.264,0.528
1.265,0.53
1.266,0.532
1.267,0.534
1.268,0.536
1.269,0.538
1.27,0.54
1.271,0.542
1.272,0.544
1.273,0.546
1.274,0.548
1.275,0.55
1.276,0.552
1.277,0.554
1.278,0.556
1.279,0.558
1.28,0.56
1.281,0.562
1.282,0.564
1.283,0.566
1.284,0.568
1.285,0.57
1.286,0.572
1.287,0.574
1.288,0.576
1.289,0.578
1.29,0.58
1.291,0.582
1.292,0.584
1.293,0.586
1.294,0.588
1.295,0.59
1.296,0.592
1.297,0.594
1.298,0.596
1.299,0.598
1.3,0.6
1.301,0.602
1.302,0.604
1.303,0.606
1.304,0.608
1.305,0.61
1.306,0.612
1.307,0.614
1.308,0.616
1.309,0.618
1.31,0.62
1.311,0.622
1.312,0.624
1.313,0.626
1.314,0.628
1.315,0.63
1.316,0.632
1.317,0.634
1.318,0.636
1.319,0.638
1.32,0.64
1.321,0.642
1.322,0.644
1.323,0.646
1.324,0.648
1.325,0.65
1.326,0.652
1.327,0.654
1.328,0.656
1.329,0.658
1.33,0.66
1.331,0.662
1.332,0.664
1.333,0.666
1.334,0.668
1.335,0.67
1.336,0.672
1.337,0.674
1.338,0.676
1.339,0.678
1.34,0.68
1.341,0.682
1.342,0.684
1.343,0.686
1.344,0.688
1.345,0.69
1.346,0.692
1.347,0.694
1.348,0.696
1.349,0.698
1.35,0.7
1.351,0.702
1.352,0.704
1.353,0.706
1.354,0.708
1.355,0.71
1.356,0.712
1.357,0.714
1.358,0.716
1.359,0.718
1.36,0.72
1.361,0.722
1.362,0.724
1.363,0.726
1.364,0.728
1.365,0.73
1.366,0.732
1.367,0.734
1.368,0.736
1.369,0.738
1.37,0.74
1.371,0.742
1.372,0.744
1.373,0.746
1.374,0.748
1.375,0.75
1.376,0.752
1.377,0.754
1.378,0.756
1.379,0.758
1.38,0.76
1.381,0.762
1.382,0.764
1.383,0.766
1.384,0.768
1.385,0.77
1.386,0.772
1.387,0.774
1.388,0.776
1.389,0.778
1.39,0.78
1.391,0.782
1.392,0.784
1.393,0.786
1.394,0.788
1.395,0.79
1.396,0.792
1.397,0.794
1.398,0.796
1.399,0.798
1.4,0.8
1.401,0.802
1.402,0.804
1.403,0.806
1.404,0.808
1.405,0.81
1.406,0.812
1.407,0.814
1.408,0.816
1.409,0.818
1.41,0.82
1.411,0.822
1.412,0.824
1.413,0.826
1.414,0.828
1.415,0.83
1.416,0.832
1.417,0.834
1.418,0.836
1.419,0.838
1.42,0.84
1.421,0.842
1.422,0.844
1.423,0.846
1.424,0.848
1.425,0.85
1.426,0.852
1.427,0.854
1.428,0.856
1.429,0.858
1.43,0.86
1.431,0.862
1.432,0.864
1.433,0.866
1.434,0.868
1.435,0.87
1.436,0.872
1.437,0.874
1.438,0.876
1.439,0.878
1.44,0.88
1.441,0.882
1.442,0.884
1.443,0.886
1.444,0.888
1.445,0.89
1.446,0.892
1.447,0.894
1.448,0.896
1.449,0.898
1.45,0.9
1.451,0.902
1.452,0.904
1.453,0.906
1.454,0.908
1.455,0.91
1.456,0.912
1.457,0.914
1.458,0.916
1.459,0.918
1.46,0.92
1.461,0.922
1.462,0.924
1.463,0.926
1.464,0.928
1.465,0.93
1.466,0.932
1.467,0.934
1.468,0.936
1.469,0.938
1.47,0.94
1.471,0.942
1.472,0.944
1.473,0.946
1.474,0.948
1.475,0.95
1.476,0.952
1.477,0.954
1.478,0.956
1.479,0.958
1.48,0.96
1.481,0.962
1.482,0.964
1.483,0.966
1.484,0.968
1.485,0.97
1.486,0.972
1.487,0.974
1.488,0.976
1.489,0.978
1.49,0.98
1.491,0.982
1.492,0.984
1.493,0.986
1.494,0.988
1.495,0.99
1.496,0.992
1.497,0.994
1.498,0.996
1.499,0.998
1.5,1
1.5,0
1.501,0
1.502,0
1.503,0
1.504,0
1.505,0
1.506,0
1.507,0
1.508,0
1.509,0
1.51,0
1.511,0
1.512,0
1.513,0
1.514,0
1.515,0
1.516,0
1.517,0
1.518,0
1.519,0
1.52,0
1.521,0
1.522,0
1.523,0
1.524,0
1.525,0
1.526,0
1.527,0
1.528,0
1.529,0
1.53,0
1.531,0
1.532,0
1.533,0
1.534,0
1.535,0
1.536,0
1.537,0
1.538,0
1.539,0
1.54,0
1.541,0
1.542,0
1.543,0
1.544,0
1.545,0
1.546,0
1.547,0
1.548,0
1.549,0
1.55,0
1.551,0
1.552,0
1.553,0
1.554,0
1.555,0
1.556,0
1.557,0
1.558,0
1.559,0
1.56,0
1.561,0
1.562,0
1.563,0
1.564,0
1.565,0
1.566,0
1.567,0
1.568,0
1.569,0
1.57,0
1.571,0
1.572,0
1.573,0
1.574,0
1.575,0
1.576,0
1.577,0
1.578,0
1.579,0
1.58,0
1.581,0
1.582,0
1.583,0
1.584,0
1.585,0
1.586,0
1.587,0
1.588,0
1.589,0
1.59,0
1.591,0
1.592,0
1.593,0
1.594,0
1.595,0
1.596,0
1.597,0
1.598,0
1.599,0
1.6,0
1.601,0
1.602,0
1.603,0
1.604,0
1.605,0
1.606,0
1.607,0
1.608,0
1.609,0
1.61,0
1.611,0
1.612,0
1.613,0
1.614,0
1.615,0
1.616,0
1.617,0
1.618,0
1.619,0
1.62,0
1.621,0
1.622,0
1.623,0
1.624,0
1.625,0
1.626,0
1.627,0
1.628,0
1.629,0
1.63,0
1.631,0
1.632,0
1.633,0
1.634,0
1.635,0
1.636,0
1.637,0
1.638,0
1.639,0
1.64,0
1.641,0
1.642,0
1.643,0
1.644,0
1.645,0
1.646,0
1.647,0
1.648,0
1.649,0
1.65,0
1.651,0
1.652,0
1.653,0
1.654,0
1.655,0
1.656,0
1.657,0
1.658,0
1.659,0
1.66,0
1.661,0
1.662,0
1.663,0
1.664,0
1.665,0
1.666,0
1.667,0
1.668,0
1.669,0
1.67,0
1.671,0
1.672,0
1.673,0
1.674,0
1.675,0
1.676,0
1.677,0
1.678,0
1.679,0
1.68,0
1.681,0
1.682,0
1.683,0
1.684,0
1.685,0
1.686,0
1.687,0
1.688,0
1.689,0
1.69,0
1.691,0
1.692,0
1.693,0
1.694,0
1.695,0
1.696,0
1.697,0
1.698,0
1.699,0
1.7,0
1.701,0
1.702,0
1.703,0
1.704,0
1.705,0
1.706,0
1.707,0
1.708,0
1.709,0
1.71,0
1.711,0
1.712,0
1.713,0
1.714,0
1.715,0
1.716,0
1.717,0
1.718,0
1.719,0
1.72,0
1.721,0
1.722,0
1.723,0
1.724,0
1.725,0
1.726,0
1.727,0
1.728,0
1.729,0
1.73,0
1.731,0
1.732,0
1.733,0
1.734,0
1.735,0
1.736,0
1.737,0
1.738,0
1.739,0
1.74,0
1.741,0
1.742,0
1.743,0
1.744,0
1.745,0
1.746,0
1.747,0
1.748,0
1.749,0
1.75,0
1.751,0
1.752,0
1.753,0
1.754,0
1.755,0
1.756,0
1.757,0
1.758,0
1.759,0
1.76,0
1.761,0
1.762,0
1.763,0
1.764,0
1.765,0
1.766,0
1.767,0
1.768,0
1.769,0
1.77,0
1.771,0
1.772,0
1.773,0
1.774,0
1.775,0
1.776,0
1.777,0
1.778,0
1.779,0
1.78,0
1.781,0
1.782,0
1.783,0
1.784,0
1.785,0
1.786,0
1.787,0
1.788,0
1.789,0
1.79,0
1.791,0
1.792,0
1.793,0
1.794,0
1.795,0
1.796,0
1.797,0
1.798,0
1.799,0
1.8,0
1.801,0
1.802,0
1.803,0
1.804,0
1.805,0
1.806,0
1.807,0
1.808,0
1.809,0
1.81,0
1.811,0
1.812,0
1.813,0
1.814,0
1.815,0
1.816,0
1.817,0
1.818,0
1.819,0
1.82,0
1.821,0
1.822,0
1.823,0
1.824,0
1.825,0
1.826,0
1.827,0
1.828,0
1.829,0
1.83,0
1.831,0
1.832,0
1.833,0
1.834,0
1.835,0
1.836,0
1.837,0
1.838,0
1.839,0
1.84,0
1.841,0
1.842,0
1.843,0
1.844,0
1.845,0
1.846,0
1.847,0
1.848,0
1.849,0
1.85,0
1.851,0
1.852,0
1.853,0
1.854,0
1.855,0
1.856,0
1.857,0
1.858,0
1.859,0
1.86,0
1.861,0
1.862,0
1.863,0
1.864,0
1.865,0
1.866,0
1.867,0
1.868,0
1.869,0
1.87,0
1.871,0
1.872,0
1.873,0
1.874,0
1.875,0
1.876,0
1.877,0
1.878,0
1.879,0
1.88,0
1.881,0
1.882,0
1.883,0
1.884,0
1.885,0
1.886,0
1.887,0
1.888,0
1.889,0
1.89,0
1.891,0
1.892,0
1.893,0
1.894,0
1.895,0
1.896,0
1.897,0
1.898,0
1.899,0
1.9,0
1.901,0
1.902,0
1.903,0
1.904,0
1.905,0
1.906,0
1.907,0
1.908,0
1.909,0
1.91,0
1.911,0
1.912,0
1.913,0
1.914,0
1.915,0
1.916,0
1.917,0
1.918,0
1.919,0
1.92,0
1.921,0
1.922,0
1.923,0
1.924,0
1.925,0
1.926,0
1.927,0
1.928,0
1.929,0
1.93,0
1.931,0
1.932,0
1.933,0
1.934,0
1.935,0
1.936,0
1.937,0
1.938,0
1.939,0
1.94,0
1.941,0
1.942,0
1.943,0
1.944,0
1.945,0
1.946,0
1.947,0
1.948,0
1.949,0
1.95,0
1.951,0
1.952,0
1.953,0
1.954,0
1.955,0
1.956,0
1.957,0
1.958,0
1.959,0
1.96,0
1.961,0
1.962,0
1.963,0
1.964,0
1.965,0
1.966,0
1.967,0
1.968,0
1.969,0
1.97,0
1.971,0
1.972,0
1.973,0
1.974,0
1.975,0
1.976,0
1.977,0
1.978,0
1.979,0
1.98,0
1.981,0
1.982,0
1.983,0
1.984,0
1.985,0
1.986,0
1.987,0
1.988,0
1.989,0
1.99,0
1.991,0
1.992,0
1.993,0
1.994,0
1.995,0
1.996,0
1.997,0
1.998,0
1.999,0
2,0
2,0
2.001,0.00200000000000002
2.002,0.00400000000000042
2.003,0.00600000000000054
2.004,0.00800000000000032
2.005,0.0099999999999999
2.006,0.0120000000000006
2.007,0.0140000000000004
2.008,0.0160000000000001
2.009,0.0179999999999995
2.01,0.0200000000000002
2.011,0.022
2.012,0.0239999999999997
2.013,0.0259999999999995
2.014,0.0280000000000002
2.015,0.03
2.016,0.0319999999999998
2.017,0.0339999999999996
2.018,0.0360000000000003
2.019,0.0380000000000001
2.02,0.0399999999999998
2.021,0.0419999999999996
2.022,0.0440000000000003
2.023,0.0460000000000001
2.024,0.0479999999999998
2.025,0.0499999999999996
2.026,0.0520000000000003
2.027,0.0540000000000001
2.028,0.0559999999999999
2.029,0.0579999999999996
2.03,0.0600000000000003
2.031,0.0620000000000001
2.032,0.0639999999999999
2.033,0.0659999999999998
2.034,0.0680000000000005
2.035,0.0700000000000003
2.036,0.0720000000000001
2.037,0.0739999999999998
2.038,0.0760000000000005
2.039,0.0780000000000003
2.04,0.0800000000000001
2.041,0.0819999999999999
2.042,0.0840000000000005
2.043,0.0860000000000003
2.044,0.0880000000000001
2.045,0.0899999999999999
2.046,0.0920000000000005
2.047,0.0940000000000003
2.048,0.0960000000000001
2.049,0.0979999999999999
2.05,0.0999999999999996
2.051,0.102
2.052,0.104
2.053,0.106
2.054,0.108
2.055,0.11
2.056,0.112
2.057,0.114
2.058,0.116
2.059,0.118
2.06,0.12
2.061,0.122
2.062,0.124
2.063,0.126
2.064,0.128
2.065,0.13
2.066,0.132
2.067,0.134000000000001
2.068,0.136
2.069,0.138
2.07,0.14
2.071,0.142000000000001
2.072,0.144
2.073,0.146
2.074,0.148
2.075,0.150000000000001
2.076,0.152
2.077,0.154
2.078,0.156
2.079,0.158000000000001
2.08,0.16
2.081,0.162
2.082,0.164
2.083,0.166000000000001
2.084,0.168
2.085,0.17
2.086,0.172
2.087,0.174000000000001
2.088,0.176
2.089,0.178
2.09,0.18
2.091,0.182000000000001
2.092,0.184
2.093,0.186
2.094,0.188
2.095,0.190000000000001
2.096,0.192000000000001
2.097,0.194
2.098,0.196
2.099,0.198000000000001
2.1,0.200000000000001
2.101,0.202
2.102,0.204
2.103,0.206000000000001
2.104,0.208000000000001
2.105,0.21
2.106,0.212
2.107,0.214000000000001
2.108,0.216000000000001
2.109,0.218
2.11,0.22
2.111,0.222000000000001
2.112,0.224000000000001
2.113,0.226
2.114,0.228
2.115,0.230000000000001
2.116,0.232000000000001
2.117,0.234
2.118,0.236
2.119,0.238000000000001
2.12,0.240000000000001
2.121,0.242
2.122,0.244
2.123,0.246000000000001
2.124,0.248000000000001
2.125,0.25
2.126,0.252
2.127,0.254000000000001
2.128,0.256000000000001
2.129,0.258
2.13,0.26
2.131,0.262000000000001
2.132,0.264
2.133,0.266
2.134,0.268
2.135,0.270000000000001
2.136,0.272
2.137,0.274
2.138,0.276
2.139,0.278000000000001
2.14,0.28
2.141,0.282
2.142,0.284
2.143,0.286000000000001
2.144,0.288
2.145,0.29
2.146,0.292
2.147,0.294000000000001
2.148,0.296
2.149,0.298
2.15,0.3
2.151,0.302000000000001
2.152,0.304
2.153,0.306
2.154,0.308
2.155,0.310000000000001
2.156,0.312
2.157,0.314
2.158,0.316
2.159,0.318000000000001
2.16,0.320000000000001
2.161,0.322
2.162,0.324
2.163,0.326000000000001
2.164,0.328000000000001
2.165,0.33
2.166,0.332
2.167,0.334000000000001
2.168,0.336000000000001
2.169,0.338
2.17,0.34
2.171,0.342000000000001
2.172,0.344000000000001
2.173,0.346
2.174,0.348
2.175,0.350000000000001
2.176,0.352000000000001
2.177,0.354
2.178,0.356
2.179,0.358
2.18,0.360000000000001
2.181,0.362
2.182,0.364
2.183,0.366
2.184,0.368000000000001
2.185,0.37
2.186,0.372
2.187,0.374
2.188,0.376000000000001
2.189,0.378
2.19,0.38
2.191,0.382
2.192,0.384000000000001
2.193,0.386
2.194,0.388
2.195,0.39
2.196,0.392000000000001
2.197,0.394
2.198,0.396
2.199,0.398
2.2,0.400000000000001
2.201,0.402
2.202,0.404
2.203,0.406
2.204,0.408000000000001
2.205,0.41
2.206,0.412
2.207,0.414
2.208,0.416000000000001
2.209,0.418
2.21,0.42
2.211,0.422
2.212,0.424000000000001
2.213,0.426
2.214,0.428
2.215,0.43
2.216,0.432000000000001
2.217,0.434
2.218,0.436
2.219,0.438
2.22,0.440000000000001
2.221,0.442
2.222,0.444
2.223,0.446
2.224,0.448000000000001
2.225,0.45
2.226,0.452
2.227,0.454
2.228,0.456000000000001
2.229,0.458
2.23,0.46
2.231,0.462
2.232,0.464000000000001
2.233,0.466
2.234,0.468
2.235,0.47
2.236,0.472000000000001
2.237,0.474
2.238,0.476
2.239,0.478
2.24,0.480000000000001
2.241,0.482
2.242,0.484
2.243,0.486
2.244,0.488000000000001
2.245,0.49
2.246,0.492
2.247,0.494
2.248,0.496000000000001
2.249,0.498
2.25,0.5
2.251,0.502
2.252,0.504000000000001
2.253,0.506
2.254,0.508
2.255,0.51
2.256,0.512000000000001
2.257,0.514
2.258,0.516
2.259,0.518
2.26,0.520000000000001
2.261,0.522
2.262,0.524
2.263,0.526
2.264,0.528000000000001
2.265,0.53
2.266,0.532
2.267,0.534
2.268,0.536000000000001
2.269,0.538
2.27,0.54
2.271,0.542
2.272,0.544000000000001
2.273,0.546
2.274,0.548
2.275,0.55
2.276,0.552000000000001
2.277,0.554
2.278,0.556
2.279,0.558
2.28,0.560000000000001
2.281,0.562
2.282,0.564
2.283,0.566
2.284,0.568000000000001
2.285,0.570000000000001
2.286,0.572
2.287,0.574
2.288,0.576000000000001
2.289,0.578000000000001
2.29,0.58
2.291,0.582
2.292,0.584000000000001
2.293,0.586000000000001
2.294,0.588
2.295,0.59
2.296,0.592000000000001
2.297,0.594000000000001
2.298,0.596
2.299,0.598
2.3,0.600000000000001
2.301,0.602000000000001
2.302,0.604
2.303,0.606
2.304,0.608000000000001
2.305,0.610000000000001
2.306,0.612
2.307,0.614
2.308,0.616
2.309,0.618000000000001
2.31,0.62
2.311,0.622
2.312,0.624
2.313,0.626000000000001
2.314,0.628
2.315,0.63
2.316,0.632
2.317,0.634000000000001
2.318,0.636
2.319,0.638
2.32,0.64
2.321,0.642000000000001
2.322,0.644
2.323,0.646
2.324,0.648
2.325,0.650000000000001
2.326,0.652
2.327,0.654
2.328,0.656
2.329,0.658000000000001
2.33,0.66
2.331,0.662
2.332,0.664
2.333,0.666000000000001
2.334,0.668
2.335,0.67
2.336,0.672
2.337,0.674000000000001
2.338,0.676
2.339,0.678
2.34,0.68
2.341,0.682000000000001
2.342,0.684
2.343,0.686
2.344,0.688
2.345,0.690000000000001
2.346,0.692
2.347,0.694
2.348,0.696
2.349,0.698000000000001
2.35,0.7
2.351,0.702
2.352,0.704
2.353,0.706000000000001
2.354,0.708
2.355,0.71
2.356,0.712
2.357,0.714000000000001
2.358,0.716
2.359,0.718
2.36,0.72
2.361,0.722000000000001
2.362,0.724
2.363,0.726
2.364,0.728
2.365,0.730000000000001
2.366,0.732
2.367,0.734
2.368,0.736
2.369,0.738000000000001
2.37,0.74
2.371,0.742
2.372,0.744
2.373,0.746000000000001
2.374,0.748
2.375,0.75
2.376,0.752
2.377,0.754000000000001
2.378,0.756
2.379,0.758
2.38,0.76
2.381,0.762000000000001
2.382,0.764
2.383,0.766
2.384,0.768
2.385,0.770000000000001
2.386,0.772
2.387,0.774
2.388,0.776
2.389,0.778000000000001
2.39,0.78
2.391,0.782
2.392,0.784
2.393,0.786000000000001
2.394,0.788
2.395,0.79
2.396,0.792
2.397,0.794000000000001
2.398,0.796
2.399,0.798
2.4,0.8
2.401,0.802000000000001
2.402,0.804
2.403,0.806
2.404,0.808
2.405,0.810000000000001
2.406,0.812
2.407,0.814
2.408,0.816
2.409,0.818000000000001
2.41,0.820000000000001
2.411,0.822
2.412,0.824
2.413,0.826000000000001
2.414,0.828000000000001
2.415,0.83
2.416,0.832
2.417,0.834000000000001
2.418,0.836000000000001
2.419,0.838
2.42,0.84
2.421,0.842000000000001
2.422,0.844000000000001
2.423,0.846
2.424,0.848
2.425,0.850000000000001
2.426,0.852000000000001
2.427,0.854
2.428,0.856
2.429,0.858000000000001
2.43,0.860000000000001
2.431,0.862
2.432,0.864
2.433,0.866
2.434,0.868000000000001
2.435,0.87
2.436,0.872
2.437,0.874
2.438,0.876000000000001
2.439,0.878
2.44,0.88
2.441,0.882
2.442,0.884000000000001
2.443,0.886
2.444,0.888
2.445,0.89
2.446,0.892000000000001
2.447,0.894
2.448,0.896
2.449,0.898
2.45,0.900000000000001
2.451,0.902
2.452,0.904
2.453,0.906
2.454,0.908000000000001
2.455,0.91
2.456,0.912
2.457,0.914
2.458,0.916000000000001
2.459,0.918
2.46,0.92
2.461,0.922
2.462,0.924000000000001
2.463,0.926
2.464,0.928
2.465,0.93
2.466,0.932000000000001
2.467,0.934
2.468,0.936
2.469,0.938
2.47,0.940000000000001
2.471,0.942
2.472,0.944
2.473,0.946
2.474,0.948000000000001
2.475,0.95
2.476,0.952
2.477,0.954
2.478,0.956000000000001
2.479,0.958
2.48,0.96
2.481,0.962
2.482,0.964000000000001
2.483,0.966
2.484,0.968
2.485,0.97
2.486,0.972000000000001
2.487,0.974
2.488,0.976
2.489,0.978
2.49,0.980000000000001
2.491,0.982
2.492,0.984
2.493,0.986
2.494,0.988000000000001
2.495,0.99
2.496,0.992
2.497,0.994
2.498,0.996000000000001
2.499,0.998
2.5,1
2.5,0
2.501,0
2.502,0
2.503,0
2.504,0
2.505,0
2.506,0
2.507,0
2.508,0
2.509,0
2.51,0
2.511,0
2.512,0
2.513,0
2.514,0
2.515,0
2.516,0
2.517,0
2.518,0
2.519,0
2.52,0
2.521,0
2.522,0
2.523,0
2.524,0
2.525,0
2.526,0
2.527,0
2.528,0
2.529,0
2.53,0
2.531,0
2.532,0
2.533,0
2.534,0
2.535,0
2.536,0
2.537,0
2.538,0
2.539,0
2.54,0
2.541,0
2.542,0
2.543,0
2.544,0
2.545,0
2.546,0
2.547,0
2.548,0
2.549,0
2.55,0
2.551,0
2.552,0
2.553,0
2.554,0
2.555,0
2.556,0
2.557,0
2.558,0
2.559,0
2.56,0
2.561,0
2.562,0
2.563,0
2.564,0
2.565,0
2.566,0
2.567,0
2.568,0
2.569,0
2.57,0
2.571,0
2.572,0
2.573,0
2.574,0
2.575,0
2.576,0
2.577,0
2.578,0
2.579,0
2.58,0
2.581,0
2.582,0
2.583,0
2.584,0
2.585,0
2.586,0
2.587,0
2.588,0
2.589,0
2.59,0
2.591,0
2.592,0
2.593,0
2.594,0
2.595,0
2.596,0
2.597,0
2.598,0
2.599,0
2.6,0
2.601,0
2.602,0
2.603,0
2.604,0
2.605,0
2.606,0
2.607,0
2.608,0
2.609,0
2.61,0
2.611,0
2.612,0
2.613,0
2.614,0
2.615,0
2.616,0
2.617,0
2.618,0
2.619,0
2.62,0
2.621,0
2.622,0
2.623,0
2.624,0
2.625,0
2.626,0
2.627,0
2.628,0
2.629,0
2.63,0
2.631,0
2.632,0
2.633,0
2.634,0
2.635,0
2.636,0
2.637,0
2.638,0
2.639,0
2.64,0
2.641,0
2.642,0
2.643,0
2.644,0
2.645,0
2.646,0
2.647,0
2.648,0
2.649,0
2.65,0
2.651,0
2.652,0
2.653,0
2.654,0
2.655,0
2.656,0
2.657,0
2.658,0
2.659,0
2.66,0
2.661,0
2.662,0
2.663,0
2.664,0
2.665,0
2.666,0
2.667,0
2.668,0
2.669,0
2.67,0
2.671,0
2.672,0
2.673,0
2.674,0
2.675,0
2.676,0
2.677,0
2.678,0
2.679,0
2.68,0
2.681,0
2.682,0
2.683,0
2.684,0
2.685,0
2.686,0
2.687,0
2.688,0
2.689,0
2.69,0
2.691,0
2.692,0
2.693,0
2.694,0
2.695,0
2.696,0
2.697,0
2.698,0
2.699,0
2.7,0
2.701,0
2.702,0
2.703,0
2.704,0
2.705,0
2.706,0
2.707,0
2.708,0
2.709,0
2.71,0
2.711,0
2.712,0
2.713,0
2.714,0
2.715,0
2.716,0
2.717,0
2.718,0
2.719,0
2.72,0
2.721,0
2.722,0
2.723,0
2.724,0
2.725,0
2.726,0
2.727,0
2.728,0
2.729,0
2.73,0
2.731,0
2.732,0
2.733,0
2.734,0
2.735,0
2.736,0
2.737,0
2.738,0
2.739,0
2.74,0
2.741,0
2.742,0
2.743,0
2.744,0
2.745,0
2.746,0
2.747,0
2.748,0
2.749,0
2.75,0
2.751,0
2.752,0
2.753,0
2.754,0
2.755,0
2.756,0
2.757,0
2.758,0
2.759,0
2.76,0
2.761,0
2.762,0
2.763,0
2.764,0
2.765,0
2.766,0
2.767,0
2.768,0
2.769,0
2.77,0
2.771,0
2.772,0
2.773,0
2.774,0
2.775,0
2.776,0
2.777,0
2.778,0
2.779,0
2.78,0
2.781,0
2.782,0
2.783,0
2.784,0
2.785,0
2.786,0
2.787,0
2.788,0
2.789,0
2.79,0
2.791,0
2.792,0
2.793,0
2.794,0
2.795,0
2.796,0
2.797,0
2.798,0
2.799,0
2.8,0
2.801,0
2.802,0
2.803,0
2.804,0
2.805,0
2.806,0
2.807,0
2.808,0
2.809,0
2.81,0
2.811,0
2.812,0
2.813,0
2.814,0
2.815,0
2.816,0
2.817,0
2.818,0
2.819,0
2.82,0
2.821,0
2.822,0
2.823,0
2.824,0
2.825,0
2.826,0
2.827,0
2.828,0
2.829,0
2.83,0
2.831,0
2.832,0
2.833,0
2.834,0
2.835,0
2.836,0
2.837,0
2.838,0
2.839,0
2.84,0
2.841,0
2.842,0
2.843,0
2.844,0
2.845,0
2.846,0
2.847,0
2.848,0
2.849,0
2.85,0
2.851,0
2.852,0
2.853,0
2.854,0
2.855,0
2.856,0
2.857,0
2.858,0
2.859,0
2.86,0
2.861,0
2.862,0
2.863,0
2.864,0
2.865,0
2.866,0
2.867,0
2.868,0
2.869,0
2.87,0
2.871,0
2.872,0
2.873,0
2.874,0
2.875,0
2.876,0
2.877,0
2.878,0
2.879,0
2.88,0
2.881,0
2.882,0
2.883,0
2.884,0
2.885,0
2.886,0
2.887,0
2.888,0
2.889,0
2.89,0
2.891,0
2.892,0
2.893,0
2.894,0
2.895,0
2.896,0
2.897,0
2.898,0
2.899,0
2.9,0
2.901,0
2.902,0
2.903,0
2.904,0
2.905,0
2.906,0
2.907,0
2.908,0
2.909,0
2.91,0
2.911,0
2.912,0
2.913,0
2.914,0
2.915,0
2.916,0
2.917,0
2.918,0
2.919,0
2.92,0
2.921,0
2.922,0
2.923,0
2.924,0
2.925,0
2.926,0
2.927,0
2.928,0
2.929,0
2.93,0
2.931,0
2.932,0
2.933,0
2.934,0
2.935,0
2.936,0
2.937,0
2.938,0
2.939,0
2.94,0
2.941,0
2.942,0
2.943,0
2.944,0
2.945,0
2.946,0
2.947,0
2.948,0
2.949,0
2.95,0
2.951,0
2.952,0
2.953,0
2.954,0
2.955,0
2.956,0
2.957,0
2.958,0
2.959,0
2.96,0
2.961,0
2.962,0
2.963,0
2.964,0
2.965,0
2.966,0
2.967,0
2.968,0
2.969,0
2.97,0
2.971,0
2.972,0
2.973,0
2.974,0
2.975,0
2.976,0
2.977,0
2.978,0
2.979,0
2.98,0
2.981,0
2.982,0
2.983,0
2.984,0
2.985,0
2.986,0
2.987,0
2.988,0
2.989,0
2.99,0
2.991,0
2.992,0
2.993,0
2.994,0
2.995,0
2.996,0
2.997,0
2.998,0
2.999,0
3,0
3,0
3.001,0.00200000000000002
3.002,0.00400000000000042
3.003,0.00600000000000054
3.004,0.00800000000000032
3.005,0.0099999999999999
3.006,0.0120000000000006
3.007,0.0140000000000004
3.008,0.0160000000000001
3.009,0.0179999999999995
3.01,0.0200000000000002
3.011,0.022
3.012,0.0239999999999997
3.013,0.0259999999999995
3.014,0.0280000000000002
3.015,0.03
3.016,0.0319999999999998
3.017,0.0339999999999996
3.018,0.0360000000000003
3.019,0.0380000000000001
3.02,0.0399999999999998
3.021,0.0419999999999996
3.022,0.0440000000000003
3.023,0.0460000000000001
3.024,0.0479999999999998
3.025,0.0499999999999996
3.026,0.0520000000000003
3.027,0.0540000000000001
3.028,0.0559999999999999
3.029,0.0579999999999996
3.03,0.0600000000000003
3.031,0.0620000000000001
3.032,0.0639999999999999
3.033,0.0659999999999998
3.034,0.0680000000000005
3.035,0.0700000000000003
3.036,0.0720000000000001
3.037,0.0739999999999998
3.038,0.0760000000000005
3.039,0.0780000000000003
3.04,0.0800000000000001
3.041,0.0819999999999999
3.042,0.0840000000000005
3.043,0.0860000000000003
3.044,0.0880000000000001
3.045,0.0899999999999999
3.046,0.0920000000000005
3.047,0.0940000000000003
3.048,0.0960000000000001
3.049,0.0979999999999999
3.05,0.100000000000001
3.051,0.102
3.052,0.104
3.053,0.106
3.054,0.108000000000001
3.055,0.11
3.056,0.112
3.057,0.114
3.058,0.116000000000001
3.059,0.118
3.06,0.12
3.061,0.122
3.062,0.124000000000001
3.063,0.126
3.064,0.128
3.065,0.13
3.066,0.132000000000001
3.067,0.134000000000001
3.068,0.136
3.069,0.138
3.07,0.140000000000001
3.071,0.142000000000001
3.072,0.144
3.073,0.146
3.074,0.148
3.075,0.150000000000001
3.076,0.152
3.077,0.154
3.078,0.156
3.079,0.158000000000001
3.08,0.16
3.081,0.162
3.082,0.164
3.083,0.166000000000001
3.084,0.168
3.085,0.17
3.086,0.172
3.087,0.174000000000001
3.088,0.176
3.089,0.178
3.09,0.18
3.091,0.182000000000001
3.092,0.184
3.093,0.186
3.094,0.188
3.095,0.190000000000001
3.096,0.192000000000001
3.097,0.194
3.098,0.196
3.099,0.198000000000001
3.1,0.200000000000001
3.101,0.202
3.102,0.204
3.103,0.206000000000001
3.104,0.208000000000001
3.105,0.21
3.106,0.212
3.107,0.214000000000001
3.108,0.216000000000001
3.109,0.218
3.11,0.22
3.111,0.222000000000001
3.112,0.224000000000001
3.113,0.226
3.114,0.228
3.115,0.230000000000001
3.116,0.232000000000001
3.117,0.234
3.118,0.236
3.119,0.238000000000001
3.12,0.240000000000001
3.121,0.242
3.122,0.244
3.123,0.246000000000001
3.124,0.248000000000001
3.125,0.25
3.126,0.252
3.127,0.254000000000001
3.128,0.256000000000001
3.129,0.258
3.13,0.26
3.131,0.262000000000001
3.132,0.264
3.133,0.266
3.134,0.268
3.135,0.270000000000001
3.136,0.272
3.137,0.274
3.138,0.276
3.139,0.278000000000001
3.14,0.28
3.141,0.282
3.142,0.284
3.143,0.286000000000001
3.144,0.288
3.145,0.29
3.146,0.292
3.147,0.294000000000001
3.148,0.296
3.149,0.298
3.15,0.3
3.151,0.302000000000001
3.152,0.304
3.153,0.306
3.154,0.308
3.155,0.310000000000001
3.156,0.312
3.157,0.314
3.158,0.316
3.159,0.318000000000001
3.16,0.320000000000001
3.161,0.322
3.162,0.324
3.163,0.326000000000001
3.164,0.328000000000001
3.165,0.33
3.166,0.332
3.167,0.334000000000001
3.168,0.336000000000001
3.169,0.338
3.17,0.34
3.171,0.342000000000001
3.172,0.344000000000001
3.173,0.346
3.174,0.348
3.175,0.350000000000001
3.176,0.352000000000001
3.177,0.354
3.178,0.356
3.179,0.358000000000001
3.18,0.360000000000001
3.181,0.362
3.182,0.364
3.183,0.366000000000001
3.184,0.368000000000001
3.185,0.37
3.186,0.372
3.187,0.374000000000001
3.188,0.376000000000001
3.189,0.378
3.19,0.38
3.191,0.382000000000001
3.192,0.384000000000001
3.193,0.386
3.194,0.388
3.195,0.390000000000001
3.196,0.392000000000001
3.197,0.394
3.198,0.396
3.199,0.398000000000001
3.2,0.400000000000001
3.201,0.402
3.202,0.404
3.203,0.406
3.204,0.408000000000001
3.205,0.41
3.206,0.412
3.207,0.414
3.208,0.416000000000001
3.209,0.418
3.21,0.42
3.211,0.422
3.212,0.424000000000001
3.213,0.426
3.214,0.428
3.215,0.43
3.216,0.432000000000001
3.217,0.434
3.218,0.436
3.219,0.438
3.22,0.440000000000001
3.221,0.442
3.222,0.444
3.223,0.446
3.224,0.448000000000001
3.225,0.45
3.226,0.452
3.227,0.454
3.228,0.456000000000001
3.229,0.458
3.23,0.46
3.231,0.462
3.232,0.464000000000001
3.233,0.466
3.234,0.468
3.235,0.47
3.236,0.472000000000001
3.237,0.474
3.238,0.476
3.239,0.478
3.24,0.480000000000001
3.241,0.482
3.242,0.484
3.243,0.486
3.244,0.488000000000001
3.245,0.49
3.246,0.492
3.247,0.494
3.248,0.496000000000001
3.249,0.498
3.25,0.5
3.251,0.502
3.252,0.504000000000001
3.253,0.506
3.254,0.508
3.255,0.51
3.256,0.512000000000001
3.257,0.514
3.258,0.516
3.259,0.518
3.26,0.520000000000001
3.261,0.522
3.262,0.524
3.263,0.526
3.264,0.528000000000001
3.265,0.53
3.266,0.532
3.267,0.534
3.268,0.536000000000001
3.269,0.538
3.27,0.54
3.271,0.542
3.272,0.544000000000001
3.273,0.546
3.274,0.548
3.275,0.55
3.276,0.552000000000001
3.277,0.554
3.278,0.556
3.279,0.558
3.28,0.560000000000001
3.281,0.562
3.282,0.564
3.283,0.566
3.284,0.568000000000001
3.285,0.570000000000001
3.286,0.572
3.287,0.574
3.288,0.576000000000001
3.289,0.578000000000001
3.29,0.58
3.291,0.582
3.292,0.584000000000001
3.293,0.586000000000001
3.294,0.588
3.295,0.59
3.296,0.592000000000001
3.297,0.594000000000001
3.298,0.596
3.299,0.598
3.3,0.600000000000001
3.301,0.602000000000001
3.302,0.604
3.303,0.606
3.304,0.608000000000001
3.305,0.610000000000001
3.306,0.612
3.307,0.614
3.308,0.616000000000001
3.309,0.618000000000001
3.31,0.62
3.311,0.622
3.312,0.624000000000001
3.313,0.626000000000001
3.314,0.628
3.315,0.63
3.316,0.632000000000001
3.317,0.634000000000001
3.318,0.636
3.319,0.638
3.32,0.640000000000001
3.321,0.642000000000001
3.322,0.644
3.323,0.646
3.324,0.648000000000001
3.325,0.650000000000001
3.326,0.652
3.327,0.654
3.328,0.656000000000001
3.329,0.658000000000001
3.33,0.66
3.331,0.662
3.332,0.664
3.333,0.666000000000001
3.334,0.668
3.335,0.67
3.336,0.672
3.337,0.674000000000001
3.338,0.676
3.339,0.678
3.34,0.68
3.341,0.682000000000001
3.342,0.684
3.343,0.686
3.344,0.688
3.345,0.690000000000001
3.346,0.692
3.347,0.694
3.348,0.696
3.349,0.698000000000001
3.35,0.7
3.351,0.702
3.352,0.704
3.353,0.706000000000001
3.354,0.708
3.355,0.71
3.356,0.712
3.357,0.714000000000001
3.358,0.716
3.359,0.718
3.36,0.72
3.361,0.722000000000001
3.362,0.724
3.363,0.726
3.364,0.728
3.365,0.730000000000001
3.366,0.732
3.367,0.734
3.368,0.736
3.369,0.738000000000001
3.37,0.74
3.371,0.742
3.372,0.744
3.373,0.746000000000001
3.374,0.748
3.375,0.75
3.376,0.752
3.377,0.754000000000001
3.378,0.756
3.379,0.758
3.38,0.76
3.381,0.762000000000001
3.382,0.764
3.383,0.766
3.384,0.768
3.385,0.770000000000001
3.386,0.772
3.387,0.774
3.388,0.776
3.389,0.778000000000001
3.39,0.78
3.391,0.782
3.392,0.784
3.393,0.786000000000001
3.394,0.788
3.395,0.79
3.396,0.792
3.397,0.794000000000001
3.398,0.796
3.399,0.798
3.4,0.8
3.401,0.802000000000001
3.402,0.804
3.403,0.806
3.404,0.808
3.405,0.810000000000001
3.406,0.812
3.407,0.814
3.408,0.816
3.409,0.818000000000001
3.41,0.820000000000001
3.411,0.822
3.412,0.824
3.413,0.826000000000001
3.414,0.828000000000001
3.415,0.83
3.416,0.832
3.417,0.834000000000001
3.418,0.836000000000001
3.419,0.838
3.42,0.84
3.421,0.842000000000001
3.422,0.844000000000001
3.423,0.846
3.424,0.848
3.425,0.850000000000001
3.426,0.852000000000001
3.427,0.854
3.428,0.856
3.429,0.858000000000001
3.43,0.860000000000001
3.431,0.862
3.432,0.864
3.433,0.866000000000001
3.434,0.868000000000001
3.435,0.87
3.436,0.872
3.437,0.874000000000001
3.438,0.876000000000001
3.439,0.878
3.44,0.88
3.441,0.882000000000001
3.442,0.884000000000001
3.443,0.886
3.444,0.888
3.445,0.890000000000001
3.446,0.892000000000001
3.447,0.894
3.448,0.896
3.449,0.898000000000001
3.45,0.900000000000001
3.451,0.902
3.452,0.904
3.453,0.906000000000001
3.454,0.908000000000001
3.455,0.91
3.456,0.912
3.457,0.914
3.458,0.916000000000001
3.459,0.918
3.46,0.92
3.461,0.922
3.462,0.924000000000001
3.463,0.926
3.464,0.928
3.465,0.93
3.466,0.932000000000001
3.467,0.934
3.468,0.936
3.469,0.938
3.47,0.940000000000001
3.471,0.942
3.472,0.944
3.473,0.946
3.474,0.948000000000001
3.475,0.95
3.476,0.952
3.477,0.954
3.478,0.956000000000001
3.479,0.958
3.48,0.96
3.481,0.962
3.482,0.964000000000001
3.483,0.966
3.484,0.968
3.485,0.97
3.486,0.972000000000001
3.487,0.974
3.488,0.976
3.489,0.978
3.49,0.980000000000001
3.491,0.982
3.492,0.984
3.493,0.986
3.494,0.988000000000001
3.495,0.99
3.496,0.992
3.497,0.994
3.498,0.996000000000001
3.499,0.998
3.5,1
3.5,0
3.501,0
3.502,0
3.503,0
3.504,0
3.505,0
3.506,0
3.507,0
3.508,0
3.509,0
3.51,0
3.511,0
3.512,0
3.513,0
3.514,0
3.515,0
3.516,0
3.517,0
3.518,0
3.519,0
3.52,0
3.521,0
3.522,0
3.523,0
3.524,0
3.525,0
3.526,0
3.527,0
3.528,0
3.529,0
3.53,0
3.531,0
3.532,0
3.533,0
3.534,0
3.535,0
3.536,0
3.537,0
3.538,0
3.539,0
3.54,0
3.541,0
3.542,0
3.543,0
3.544,0
3.545,0
3.546,0
3.547,0
3.548,0
3.549,0
3.55,0
3.551,0
3.552,0
3.553,0
3.554,0
3.555,0
3.556,0
3.557,0
3.558,0
3.559,0
3.56,0
3.561,0
3.562,0
3.563,0
3.564,0
3.565,0
3.566,0
3.567,0
3.568,0
3.569,0
3.57,0
3.571,0
3.572,0
3.573,0
3.574,0
3.575,0
3.576,0
3.577,0
3.578,0
3.579,0
3.58,0
3.581,0
3.582,0
3.583,0
3.584,0
3.585,0
3.586,0
3.587,0
3.588,0
3.589,0
3.59,0
3.591,0
3.592,0
3.593,0
3.594,0
3.595,0
3.596,0
3.597,0
3.598,0
3.599,0
3.6,0
3.601,0
3.602,0
3.603,0
3.604,0
3.605,0
3.606,0
3.607,0
3.608,0
3.609,0
3.61,0
3.611,0
3.612,0
3.613,0
3.614,0
3.615,0
3.616,0
3.617,0
3.618,0
3.619,0
3.62,0
3.621,0
3.622,0
3.623,0
3.624,0
3.625,0
3.626,0
3.627,0
3.628,0
3.629,0
3.63,0
3.631,0
3.632,0
3.633,0
3.634,0
3.635,0
3.636,0
3.637,0
3.638,0
3.639,0
3.64,0
3.641,0
3.642,0
3.643,0
3.644,0
3.645,0
3.646,0
3.647,0
3.648,0
3.649,0
3.65,0
3.651,0
3.652,0
3.653,0
3.654,0
3.655,0
3.656,0
3.657,0
3.658,0
3.659,0
3.66,0
3.661,0
3.662,0
3.663,0
3.664,0
3.665,0
3.666,0
3.667,0
3.668,0
3.669,0
3.67,0
3.671,0
3.672,0
3.673,0
3.674,0
3.675,0
3.676,0
3.677,0
3.678,0
3.679,0
3.68,0
3.681,0
3.682,0
3.683,0
3.684,0
3.685,0
3.686,0
3.687,0
3.688,0
3.689,0
3.69,0
3.691,0
3.692,0
3.693,0
3.694,0
3.695,0
3.696,0
3.697,0
3.698,0
3.699,0
3.7,0
3.701,0
3.702,0
3.703,0
3.704,0
3.705,0
3.706,0
3.707,0
3.708,0
3.709,0
3.71,0
3.711,0
3.712,0
3.713,0
3.714,0
3.715,0
3.716,0
3.717,0
3.718,0
3.719,0
3.72,0
3.721,0
3.722,0
3.723,0
3.724,0
3.725,0
3.726,0
3.727,0
3.728,0
3.729,0
3.73,0
3.731,0
3.732,0
3.733,0
3.734,0
3.735,0
3.736,0
3.737,0
3.738,0
3.739,0
3.74,0
3.741,0
3.742,0
3.743,0
3.744,0
3.745,0
3.746,0
3.747,0
3.748,0
3.749,0
3.75,0
3.751,0
3.752,0
3.753,0
3.754,0
3.755,0
3.756,0
3.757,0
3.758,0
3.759,0
3.76,0
3.761,0
3.762,0
3.763,0
3.764,0
3.765,0
3.766,0
3.767,0
3.768,0
3.769,0
3.77,0
3.771,0
3.772,0
3.773,0
3.774,0
3.775,0
3.776,0
3.777,0
3.778,0
3.779,0
3.78,0
3.781,0
3.782,0
3.783,0
3.784,0
3.785,0
3.786,0
3.787,0
3.788,0
3.789,0
3.79,0
3.791,0
3.792,0
3.793,0
3.794,0
3.795,0
3.796,0
3.797,0
3.798,0
3.799,0
3.8,0
3.801,0
3.802,0
3.803,0
3.804,0
3.805,0
3.806,0
3.807,0
3.808,0
3.809,0
3.81,0
3.811,0
3.812,0
3.813,0
3.814,0
3.815,0
3.816,0
3.817,0
3.818,0
3.819,0
3.82,0
3.821,0
3.822,0
3.823,0
3.824,0
3.825,0
3.826,0
3.827,0
3.828,0
3.829,0
3.83,0
3.831,0
3.832,0
3.833,0
3.834,0
3.835,0
3.836,0
3.837,0
3.838,0
3.839,0
3.84,0
3.841,0
3.842,0
3.843,0
3.844,0
3.845,0
3.846,0
3.847,0
3.848,0
3.849,0
3.85,0
3.851,0
3.852,0
3.853,0
3.854,0
3.855,0
3.856,0
3.857,0
3.858,0
3.859,0
3.86,0
3.861,0
3.862,0
3.863,0
3.864,0
3.865,0
3.866,0
3.867,0
3.868,0
3.869,0
3.87,0
3.871,0
3.872,0
3.873,0
3.874,0
3.875,0
3.876,0
3.877,0
3.878,0
3.879,0
3.88,0
3.881,0
3.882,0
3.883,0
3.884,0
3.885,0
3.886,0
3.887,0
3.888,0
3.889,0
3.89,0
3.891,0
3.892,0
3.893,0
3.894,0
3.895,0
3.896,0
3.897,0
3.898,0
3.899,0
3.9,0
3.901,0
3.902,0
3.903,0
3.904,0
3.905,0
3.906,0
3.907,0
3.908,0
3.909,0
3.91,0
3.911,0
3.912,0
3.913,0
3.914,0
3.915,0
3.916,0
3.917,0
3.918,0
3.919,0
3.92,0
3.921,0
3.922,0
3.923,0
3.924,0
3.925,0
3.926,0
3.927,0
3.928,0
3.929,0
3.93,0
3.931,0
3.932,0
3.933,0
3.934,0
3.935,0
3.936,0
3.937,0
3.938,0
3.939,0
3.94,0
3.941,0
3.942,0
3.943,0
3.944,0
3.945,0
3.946,0
3.947,0
3.948,0
3.949,0
3.95,0
3.951,0
3.952,0
3.953,0
3.954,0
3.955,0
3.956,0
3.957,0
3.958,0
3.959,0
3.96,0
3.961,0
3.962,0
3.963,0
3.964,0
3.965,0
3.966,0
3.967,0
3.968,0
3.969,0
3.97,0
3.971,0
3.972,0
3.973,0
3.974,0
3.975,0
3.976,0
3.977,0
3.978,0
3.979,0
3.98,0
3.981,0
3.982,0
3.983,0
3.984,0
3.985,0
3.986,0
3.987,0
3.988,0
3.989,0
3.99,0
3.991,0
3.992,0
3.993,0
3.994,0
3.995,0
3.996,0
3.997,0
3.998,0
3.999,0
4,0
4,0
4.001,0.00200000000000091
4.002,0.00399999999999953
4.003,0.00599999999999965
4.004,0.00800000000000032
4.005,0.0099999999999999
4.006,0.0120000000000006
4.007,0.0139999999999995
4.008,0.0160000000000001
4.009,0.0180000000000004
4.01,0.0199999999999993
4.011,0.022
4.012,0.0240000000000006
4.013,0.0259999999999995
4.014,0.0280000000000002
4.015,0.0299999999999991
4.016,0.0319999999999998
4.017,0.0339999999999996
4.018,0.0359999999999985
4.019,0.0379999999999992
4.02,0.0399999999999998
4.021,0.0419999999999987
4.022,0.0439999999999994
4.023,0.0459999999999983
4.024,0.047999999999999
4.025,0.0499999999999996
4.026,0.0519999999999985
4.027,0.0539999999999992
4.028,0.0559999999999999
4.029,0.0579999999999987
4.03,0.0599999999999994
4.031,0.0619999999999983
4.032,0.063999999999999
4.033,0.0659999999999998
4.034,0.0679999999999987
4.035,0.0699999999999994
4.036,0.0720000000000001
4.037,0.073999999999999
4.038,0.0759999999999996
4.039,0.0779999999999985
4.04,0.0799999999999992
4.041,0.0819999999999999
4.042,0.0839999999999987
4.043,0.0859999999999994
4.044,0.0880000000000001
4.045,0.089999999999999
4.046,0.0919999999999996
4.047,0.0939999999999985
4.048,0.0959999999999992
4.049,0.0979999999999999
4.05,0.0999999999999988
4.051,0.101999999999999
4.052,0.104
4.053,0.105999999999999
4.054,0.108
4.055,0.109999999999999
4.056,0.111999999999999
4.057,0.114
4.058,0.115999999999999
4.059,0.117999999999999
4.06,0.12
4.061,0.121999999999999
4.062,0.124
4.063,0.125999999999999
4.064,0.127999999999999
4.065,0.13
4.066,0.131999999999999
4.067,0.134
4.068,0.136
4.069,0.137999999999999
4.07,0.14
4.071,0.141999999999999
4.072,0.144
4.073,0.146
4.074,0.147999999999999
4.075,0.15
4.076,0.152
4.077,0.153999999999999
4.078,0.156
4.079,0.157999999999999
4.08,0.16
4.081,0.162
4.082,0.163999999999999
4.083,0.166
4.084,0.168
4.085,0.169999999999999
4.086,0.172
4.087,0.173999999999999
4.088,0.176
4.089,0.178
4.09,0.179999999999999
4.091,0.182
4.092,0.184
4.093,0.185999999999999
4.094,0.188
4.095,0.189999999999999
4.096,0.192
4.097,0.194
4.098,0.195999999999999
4.099,0.198
4.1,0.199999999999999
4.101,0.201999999999999
4.102,0.204
4.103,0.205999999999999
4.104,0.208
4.105,0.21
4.106,0.211999999999999
4.107,0.214
4.108,0.215999999999999
4.109,0.217999999999999
4.11,0.22
4.111,0.221999999999999
4.112,0.224
4.113,0.226
4.114,0.227999999999999
4.115,0.23
4.116,0.231999999999999
4.117,0.233999999999999
4.118,0.236
4.119,0.237999999999999
4.12,0.24
4.121,0.242
4.122,0.243999999999999
4.123,0.246
4.124,0.247999999999999
4.125,0.249999999999999
4.126,0.252
4.127,0.253999999999999
4.128,0.256
4.129,0.258
4.13,0.259999999999999
4.131,0.262
4.132,0.264
4.133,0.266
4.134,0.268000000000001
4.135,0.27
4.136,0.272
4.137,0.274000000000001
4.138,0.276
4.139,0.278000000000001
4.14,0.28
4.141,0.282
4.142,0.284000000000001
4.143,0.286
4.144,0.288
4.145,0.290000000000001
4.146,0.292
4.147,0.294000000000001
4.148,0.296
4.149,0.298
4.15,0.300000000000001
4.151,0.302
4.152,0.304
4.153,0.306000000000001
4.154,0.308
4.155,0.310000000000001
4.156,0.312
4.157,0.314
4.158,0.316000000000001
4.159,0.318
4.16,0.320000000000001
4.161,0.322000000000001
4.162,0.324
4.163,0.326000000000001
4.164,0.328
4.165,0.33
4.166,0.332000000000001
4.167,0.334
4.168,0.336000000000001
4.169,0.338000000000001
4.17,0.34
4.171,0.342000000000001
4.172,0.344
4.173,0.346
4.174,0.348000000000001
4.175,0.35
4.176,0.352000000000001
4.177,0.354000000000001
4.178,0.356
4.179,0.358000000000001
4.18,0.36
4.181,0.362
4.182,0.364000000000001
4.183,0.366
4.184,0.368000000000001
4.185,0.370000000000001
4.186,0.372
4.187,0.374000000000001
4.188,0.376
4.189,0.378
4.19,0.380000000000001
4.191,0.382
4.192,0.384000000000001
4.193,0.386000000000001
4.194,0.388
4.195,0.390000000000001
4.196,0.392
4.197,0.394
4.198,0.396000000000001
4.199,0.398
4.2,0.400000000000001
4.201,0.402000000000001
4.202,0.404
4.203,0.406000000000001
4.204,0.408
4.205,0.41
4.206,0.412000000000001
4.207,0.414
4.208,0.416000000000001
4.209,0.418000000000001
4.21,0.42
4.211,0.422000000000001
4.212,0.424
4.213,0.426
4.214,0.428000000000001
4.215,0.43
4.216,0.432000000000001
4.217,0.434000000000001
4.218,0.436
4.219,0.438000000000001
4.22,0.44
4.221,0.442
4.222,0.444000000000001
4.223,0.446
4.224,0.448000000000001
4.225,0.45
4.226,0.452
4.227,0.454000000000001
4.228,0.456
4.229,0.458
4.23,0.460000000000001
4.231,0.462
4.232,0.464000000000001
4.233,0.466
4.234,0.468
4.235,0.470000000000001
4.236,0.472
4.237,0.474
4.238,0.476000000000001
4.239,0.478
4.24,0.480000000000001
4.241,0.482
4.242,0.484
4.243,0.486000000000001
4.244,0.488
4.245,0.49
4.246,0.492000000000001
4.247,0.494
4.248,0.496000000000001
4.249,0.498
4.25,0.5
4.251,0.502000000000001
4.252,0.504
4.253,0.506
4.254,0.508000000000001
4.255,0.51
4.256,0.512000000000001
4.257,0.514
4.258,0.516
4.259,0.518000000000001
4.26,0.52
4.261,0.522
4.262,0.524000000000001
4.263,0.526
4.264,0.528000000000001
4.265,0.53
4.266,0.532
4.267,0.534000000000001
4.268,0.536
4.269,0.538
4.27,0.540000000000001
4.271,0.542
4.272,0.544000000000001
4.273,0.546
4.274,0.548
4.275,0.550000000000001
4.276,0.552
4.277,0.554
4.278,0.556000000000001
4.279,0.558
4.28,0.560000000000001
4.281,0.562
4.282,0.564
4.283,0.566000000000001
4.284,0.568
4.285,0.570000000000001
4.286,0.572000000000001
4.287,0.574
4.288,0.576000000000001
4.289,0.578
4.29,0.58
4.291,0.582000000000001
4.292,0.584
4.293,0.586000000000001
4.294,0.588000000000001
4.295,0.59
4.296,0.592000000000001
4.297,0.594
4.298,0.596
4.299,0.598000000000001
4.3,0.6
4.301,0.602000000000001
4.302,0.604000000000001
4.303,0.606
4.304,0.608000000000001
4.305,0.61
4.306,0.612
4.307,0.614000000000001
4.308,0.616
4.309,0.618000000000001
4.31,0.620000000000001
4.311,0.622
4.312,0.624000000000001
4.313,0.626
4.314,0.628
4.315,0.630000000000001
4.316,0.632
4.317,0.634000000000001
4.318,0.636000000000001
4.319,0.638
4.32,0.640000000000001
4.321,0.642
4.322,0.644
4.323,0.646000000000001
4.324,0.648
4.325,0.650000000000001
4.326,0.652000000000001
4.327,0.654
4.328,0.656000000000001
4.329,0.658
4.33,0.66
4.331,0.662000000000001
4.332,0.664
4.333,0.666000000000001
4.334,0.668000000000001
4.335,0.67
4.336,0.672000000000001
4.337,0.674
4.338,0.676
4.339,0.678000000000001
4.34,0.68
4.341,0.682000000000001
4.342,0.684000000000001
4.343,0.686
4.344,0.688000000000001
4.345,0.69
4.346,0.692
4.347,0.694000000000001
4.348,0.696
4.349,0.698000000000001
4.35,0.700000000000001
4.351,0.702
4.352,0.704000000000001
4.353,0.706
4.354,0.708
4.355,0.710000000000001
4.356,0.712
4.357,0.714000000000001
4.358,0.716
4.359,0.718
4.36,0.720000000000001
4.361,0.722
4.362,0.724
4.363,0.726000000000001
4.364,0.728
4.365,0.730000000000001
4.366,0.732
4.367,0.734
4.368,0.736000000000001
4.369,0.738
4.37,0.74
4.371,0.742000000000001
4.372,0.744
4.373,0.746000000000001
4.374,0.748
4.375,0.75
4.376,0.752000000000001
4.377,0.754
4.378,0.756
4.379,0.758000000000001
4.38,0.76
4.381,0.762000000000001
4.382,0.764
4.383,0.766
4.384,0.768000000000001
4.385,0.77
4.386,0.772
4.387,0.774000000000001
4.388,0.776
4.389,0.778000000000001
4.39,0.78
4.391,0.782
4.392,0.784000000000001
4.393,0.786
4.394,0.788
4.395,0.790000000000001
4.396,0.792
4.397,0.794000000000001
4.398,0.796
4.399,0.798
4.4,0.800000000000001
4.401,0.802
4.402,0.804
4.403,0.806000000000001
4.404,0.808
4.405,0.810000000000001
4.406,0.812
4.407,0.814
4.408,0.816000000000001
4.409,0.818
4.41,0.820000000000001
4.411,0.822000000000001
4.412,0.824
4.413,0.826000000000001
4.414,0.828
4.415,0.83
4.416,0.832000000000001
4.417,0.834
4.418,0.836000000000001
4.419,0.838000000000001
4.42,0.84
4.421,0.842000000000001
4.422,0.844
4.423,0.846
4.424,0.848000000000001
4.425,0.85
4.426,0.852000000000001
4.427,0.854000000000001
4.428,0.856
4.429,0.858000000000001
4.43,0.86
4.431,0.862
4.432,0.864000000000001
4.433,0.866
4.434,0.868000000000001
4.435,0.870000000000001
4.436,0.872
4.437,0.874000000000001
4.438,0.876
4.439,0.878
4.44,0.880000000000001
4.441,0.882
4.442,0.884000000000001
4.443,0.886000000000001
4.444,0.888
4.445,0.890000000000001
4.446,0.892
4.447,0.894
4.448,0.896000000000001
4.449,0.898
4.45,0.900000000000001
4.451,0.902000000000001
4.452,0.904
4.453,0.906000000000001
4.454,0.908
4.455,0.91
4.456,0.912000000000001
4.457,0.914
4.458,0.916000000000001
4.459,0.918000000000001
4.46,0.92
4.461,0.922000000000001
4.462,0.924
4.463,0.926
4.464,0.928000000000001
4.465,0.93
4.466,0.932000000000001
4.467,0.934000000000001
4.468,0.936
4.469,0.938000000000001
4.47,0.94
4.471,0.942
4.472,0.944000000000001
4.473,0.946
4.474,0.948000000000001
4.475,0.950000000000001
4.476,0.952
4.477,0.954000000000001
4.478,0.956
4.479,0.958
4.48,0.960000000000001
4.481,0.962
4.482,0.964000000000001
4.483,0.966
4.484,0.968
4.485,0.970000000000001
4.486,0.972
4.487,0.974
4.488,0.976000000000001
4.489,0.978
4.49,0.980000000000001
4.491,0.982
4.492,0.984
4.493,0.986000000000001
4.494,0.988
4.495,0.99
4.496,0.992000000000001
4.497,0.994
4.498,0.996000000000001
4.499,0.998
4.5,1
4.5,0
4.501,0
4.502,0
4.503,0
4.504,0
4.505,0
4.506,0
4.507,0
4.508,0
4.509,0
4.51,0
4.511,0
4.512,0
4.513,0
4.514,0
4.515,0
4.516,0
4.517,0
4.518,0
4.519,0
4.52,0
4.521,0
4.522,0
4.523,0
4.524,0
4.525,0
4.526,0
4.527,0
4.528,0
4.529,0
4.53,0
4.531,0
4.532,0
4.533,0
4.534,0
4.535,0
4.536,0
4.537,0
4.538,0
4.539,0
4.54,0
4.541,0
4.542,0
4.543,0
4.544,0
4.545,0
4.546,0
4.547,0
4.548,0
4.549,0
4.55,0
4.551,0
4.552,0
4.553,0
4.554,0
4.555,0
4.556,0
4.557,0
4.558,0
4.559,0
4.56,0
4.561,0
4.562,0
4.563,0
4.564,0
4.565,0
4.566,0
4.567,0
4.568,0
4.569,0
4.57,0
4.571,0
4.572,0
4.573,0
4.574,0
4.575,0
4.576,0
4.577,0
4.578,0
4.579,0
4.58,0
4.581,0
4.582,0
4.583,0
4.584,0
4.585,0
4.586,0
4.587,0
4.588,0
4.589,0
4.59,0
4.591,0
4.592,0
4.593,0
4.594,0
4.595,0
4.596,0
4.597,0
4.598,0
4.599,0
4.6,0
4.601,0
4.602,0
4.603,0
4.604,0
4.605,0
4.606,0
4.607,0
4.608,0
4.609,0
4.61,0
4.611,0
4.612,0
4.613,0
4.614,0
4.615,0
4.616,0
4.617,0
4.618,0
4.619,0
4.62,0
4.621,0
4.622,0
4.623,0
4.624,0
4.625,0
4.626,0
4.627,0
4.628,0
4.629,0
4.63,0
4.631,0
4.632,0
4.633,0
4.634,0
4.635,0
4.636,0
4.637,0
4.638,0
4.639,0
4.64,0
4.641,0
4.642,0
4.643,0
4.644,0
4.645,0
4.646,0
4.647,0
4.648,0
4.649,0
4.65,0
4.651,0
4.652,0
4.653,0
4.654,0
4.655,0
4.656,0
4.657,0
4.658,0
4.659,0
4.66,0
4.661,0
4.662,0
4.663,0
4.664,0
4.665,0
4.666,0
4.667,0
4.668,0
4.669,0
4.67,0
4.671,0
4.672,0
4.673,0
4.674,0
4.675,0
4.676,0
4.677,0
4.678,0
4.679,0
4.68,0
4.681,0
4.682,0
4.683,0
4.684,0
4.685,0
4.686,0
4.687,0
4.688,0
4.689,0
4.69,0
4.691,0
4.692,0
4.693,0
4.694,0
4.695,0
4.696,0
4.697,0
4.698,0
4.699,0
4.7,0
4.701,0
4.702,0
4.703,0
4.704,0
4.705,0
4.706,0
4.707,0
4.708,0
4.709,0
4.71,0
4.711,0
4.712,0
4.713,0
4.714,0
4.715,0
4.716,0
4.717,0
4.718,0
4.719,0
4.72,0
4.721,0
4.722,0
4.723,0
4.724,0
4.725,0
4.726,0
4.727,0
4.728,0
4.729,0
4.73,0
4.731,0
4.732,0
4.733,0
4.734,0
4.735,0
4.736,0
4.737,0
4.738,0
4.739,0
4.74,0
4.741,0
4.742,0
4.743,0
4.744,0
4.745,0
4.746,0
4.747,0
4.748,0
4.749,0
4.75,0
4.751,0
4.752,0
4.753,0
4.754,0
4.755,0
4.756,0
4.757,0
4.758,0
4.759,0
4.76,0
4.761,0
4.762,0
4.763,0
4.764,0
4.765,0
4.766,0
4.767,0
4.768,0
4.769,0
4.77,0
4.771,0
4.772,0
4.773,0
4.774,0
4.775,0
4.776,0
4.777,0
4.778,0
4.779,0
4.78,0
4.781,0
4.782,0
4.783,0
4.784,0
4.785,0
4.786,0
4.787,0
4.788,0
4.789,0
4.79,0
4.791,0
4.792,0
4.793,0
4.794,0
4.795,0
4.796,0
4.797,0
4.798,0
4.799,0
4.8,0
4.801,0
4.802,0
4.803,0
4.804,0
4.805,0
4.806,0
4.807,0
4.808,0
4.809,0
4.81,0
4.811,0
4.812,0
4.813,0
4.814,0
4.815,0
4.816,0
4.817,0
4.818,0
4.819,0
4.82,0
4.821,0
4.822,0
4.823,0
4.824,0
4.825,0
4.826,0
4.827,0
4.828,0
4.829,0
4.83,0
4.831,0
4.832,0
4.833,0
4.834,0
4.835,0
4.836,0
4.837,0
4.838,0
4.839,0
4.84,0
4.841,0
4.842,0
4.843,0
4.844,0
4.845,0
4.846,0
4.847,0
4.848,0
4.849,0
4.85,0
4.851,0
4.852,0
4.853,0
4.854,0
4.855,0
4.856,0
4.857,0
4.858,0
4.859,0
4.86,0
4.861,0
4.862,0
4.863,0
4.864,0
4.865,0
4.866,0
4.867,0
4.868,0
4.869,0
4.87,0
4.871,0
4.872,0
4.873,0
4.874,0
4.875,0
4.876,0
4.877,0
4.878,0
4.879,0
4.88,0
4.881,0
4.882,0
4.883,0
4.884,0
4.885,0
4.886,0
4.887,0
4.888,0
4.889,0
4.89,0
4.891,0
4.892,0
4.893,0
4.894,0
4.895,0
4.896,0
4.897,0
4.898,0
4.899,0
4.9,0
4.901,0
4.902,0
4.903,0
4.904,0
4.905,0
4.906,0
4.907,0
4.908,0
4.909,0
4.91,0
4.911,0
4.912,0
4.913,0
4.914,0
4.915,0
4.916,0
4.917,0
4.918,0
4.919,0
4.92,0
4.921,0
4.922,0
4.923,0
4.924,0
4.925,0
4.926,0
4.927,0
4.928,0
4.929,0
4.93,0
4.931,0
4.932,0
4.933,0
4.934,0
4.935,0
4.936,0
4.937,0
4.938,0
4.939,0
4.94,0
4.941,0
4.942,0
4.943,0
4.944,0
4.945,0
4.946,0
4.947,0
4.948,0
4.949,0
4.95,0
4.951,0
4.952,0
4.953,0
4.954,0
4.955,0
4.956,0
4.957,0
4.958,0
4.959,0
4.96,0
4.961,0
4.962,0
4.963,0
4.964,0
4.965,0
4.966,0
4.967,0
4.968,0
4.969,0
4.97,0
4.971,0
4.972,0
4.973,0
4.974,0
4.975,0
4.976,0
4.977,0
4.978,0
4.979,0
4.98,0
4.981,0
4.982,0
4.983,0
4.984,0
4.985,0
4.986,0
4.987,0
4.988,0
4.989,0
4.99,0
4.991,0
4.992,0
4.993,0
4.994,0
4.995,0
4.996,0
4.997,0
4.998,0
4.999,0
5,0
5,0
