"time","aD_Converter.z","pulse.T0","pulse.np"
0,0,0,0
1e-05,0,0,0
1e-05,0,0,0
4e-05,0,0,0
8e-05,0,0,0
0.00012,0,0,0
0.00016,0,0,0
0.0002,0,0,0
0.00024,0,0,0
0.00028,0,0,0
0.00032,0,0,0
0.00036,0,0,0
0.0004,0,0,0
0.00044,0,0,0
0.00048,0,0,0
0.00052,0,0,0
0.00056,0,0,0
0.0006,0,0,0
0.00064,0,0,0
0.00068,0,0,0
0.00072,0,0,0
0.00076,0,0,0
0.0008,0,0,0
0.00084,0,0,0
0.00088,0,0,0
0.00092,0,0,0
0.00096,0,0,0
0.001,0,0,0
0.001,0,0.001,0
0.00101,0,0.001,0
0.00101,0,0.001,0
0.00104,0,0.001,0
0.00108,0,0.001,0
0.00112,0,0.001,0
0.00116,0,0.001,0
0.0012,0,0.001,0
0.00124,0,0.001,0
0.00128,0,0.001,0
0.00132,0,0.001,0
0.00136,0,0.001,0
0.0014,0,0.001,0
0.00144,0,0.001,0
0.00148,0,0.001,0
0.00152,0,0.001,0
0.00156,0,0.001,0
0.0016,0,0.001,0
0.00164,0,0.001,0
0.00168,0,0.001,0
0.00172,0,0.001,0
0.00176,0,0.001,0
0.0018,0,0.001,0
0.00184,0,0.001,0
0.00188,0,0.001,0
0.00192,0,0.001,0
0.00196,0,0.001,0
0.002,0,0.001,0
0.002,0,0.002,0
0.00201,0,0.002,0
0.00201,0,0.002,0
0.00204,0,0.002,0
0.00208,0,0.002,0
0.00212,0,0.002,0
0.00216,0,0.002,0
0.0022,0,0.002,0
0.00224,0,0.002,0
0.00228,0,0.002,0
0.00232,0,0.002,0
0.00236,0,0.002,0
0.0024,0,0.002,0
0.00244,0,0.002,0
0.00248,0,0.002,0
0.00252,0,0.002,0
0.00256,0,0.002,0
0.0026,0,0.002,0
0.00264,0,0.002,0
0.00268,0,0.002,0
0.00272,0,0.002,0
0.00276,0,0.002,0
0.0028,0,0.002,0
0.00284,0,0.002,0
0.00288,0,0.002,0
0.00292,0,0.002,0
0.00296,0,0.002,0
0.003,0,0.002,0
0.003,0,0.003,0
0.00301,0,0.003,0
0.00301,0,0.003,0
0.00304,0,0.003,0
0.00308,0,0.003,0
0.00312,0,0.003,0
0.00316,0,0.003,0
0.0032,0,0.003,0
0.00324,0,0.003,0
0.00328,0,0.003,0
0.00332,0,0.003,0
0.00336,0,0.003,0
0.0034,0,0.003,0
0.00344,0,0.003,0
0.00348,0,0.003,0
0.00352,0,0.003,0
0.00356,0,0.003,0
0.0036,0,0.003,0
0.00364,0,0.003,0
0.00368,0,0.003,0
0.00372,0,0.003,0
0.00376,0,0.003,0
0.0038,0,0.003,0
0.00384,0,0.003,0
0.00388,0,0.003,0
0.00392,0,0.003,0
0.00396,0,0.003,0
0.004,0,0.003,0
0.004,0,0.004,0
0.00401,0,0.004,0
0.00401,0,0.004,0
0.00404,0,0.004,0
0.00408,0,0.004,0
0.00412,0,0.004,0
0.00416,0,0.004,0
0.0042,0,0.004,0
0.00424,0,0.004,0
0.00428,0,0.004,0
0.00432,0,0.004,0
0.00436,0,0.004,0
0.0044,0,0.004,0
0.00444,0,0.004,0
0.00448,0,0.004,0
0.00452,0,0.004,0
0.00456,0,0.004,0
0.0046,0,0.004,0
0.00464,0,0.004,0
0.00468,0,0.004,0
0.00472,0,0.004,0
0.00476,0,0.004,0
0.0048,0,0.004,0
0.00484,0,0.004,0
0.00488,0,0.004,0
0.00492,0,0.004,0
0.00496,0,0.004,0
0.005,0,0.004,0
0.005,0,0.005,0
0.00501,0,0.005,0
0.00501,0,0.005,0
0.00504,0,0.005,0
0.00508,0,0.005,0
0.00512,0,0.005,0
0.00516,0,0.005,0
0.0052,0,0.005,0
0.00524,0,0.005,0
0.00528,0,0.005,0
0.00532,0,0.005,0
0.00536,0,0.005,0
0.0054,0,0.005,0
0.00544,0,0.005,0
0.00548,0,0.005,0
0.00552,0,0.005,0
0.00556,0,0.005,0
0.0056,0,0.005,0
0.00564,0,0.005,0
0.00568,0,0.005,0
0.00572,0,0.005,0
0.00576,0,0.005,0
0.0058,0,0.005,0
0.00584,0,0.005,0
0.00588,0,0.005,0
0.00592,0,0.005,0
0.00596,0,0.005,0
0.006,0,0.005,0
0.006,0,0.006,0
0.00601,0,0.006,0
0.00601,0,0.006,0
0.00604,0,0.006,0
0.00608,0,0.006,0
0.00612,0,0.006,0
0.00616,0,0.006,0
0.0062,0,0.006,0
0.00624,0,0.006,0
0.00628,0,0.006,0
0.00632,0,0.006,0
0.00636,0,0.006,0
0.0064,0,0.006,0
0.00644,0,0.006,0
0.00648,0,0.006,0
0.00652,0,0.006,0
0.00656,0,0.006,0
0.0066,0,0.006,0
0.00664,0,0.006,0
0.00668,0,0.006,0
0.00672,0,0.006,0
0.00676,0,0.006,0
0.0068,0,0.006,0
0.00684,0,0.006,0
0.00688,0,0.006,0
0.00692,0,0.006,0
0.00696,0,0.006,0
0.007,0,0.006,0
0.007,0,0.007,0
0.00701,0,0.007,0
0.00701,0,0.007,0
0.00704,0,0.007,0
0.00708,0,0.007,0
0.00712,0,0.007,0
0.00716,0,0.007,0
0.0072,0,0.007,0
0.00724,0,0.007,0
0.00728,0,0.007,0
0.00732,0,0.007,0
0.00736,0,0.007,0
0.0074,0,0.007,0
0.00744,0,0.007,0
0.00748,0,0.007,0
0.00752,0,0.007,0
0.00756,0,0.007,0
0.0076,0,0.007,0
0.00764,0,0.007,0
0.00768,0,0.007,0
0.00772,0,0.007,0
0.00776,0,0.007,0
0.0078,0,0.007,0
0.00784,0,0.007,0
0.00788,0,0.007,0
0.00792,0,0.007,0
0.00796,0,0.007,0
0.008,0,0.007,0
0.008,0,0.008,0
0.00801,0,0.008,0
0.00801,0,0.008,0
0.00804,0,0.008,0
0.00808,0,0.008,0
0.00812,0,0.008,0
0.00816,0,0.008,0
0.0082,0,0.008,0
0.00824,0,0.008,0
0.00828,0,0.008,0
0.00832,0,0.008,0
0.00836,0,0.008,0
0.0084,0,0.008,0
0.00844,0,0.008,0
0.00848,0,0.008,0
0.00852,0,0.008,0
0.00856,0,0.008,0
0.0086,0,0.008,0
0.00864,0,0.008,0
0.00868,0,0.008,0
0.00872,0,0.008,0
0.00876,0,0.008,0
0.0088,0,0.008,0
0.00884,0,0.008,0
0.00888,0,0.008,0
0.00892,0,0.008,0
0.00896,0,0.008,0
0.009,0,0.008,0
0.009,0,0.009,0
0.00901,0,0.009,0
0.00901,0,0.009,0
0.00904,0,0.009,0
0.00908,0,0.009,0
0.00912,0,0.009,0
0.00916,0,0.009,0
0.0092,0,0.009,0
0.00924,0,0.009,0
0.00928,0,0.009,0
0.00932,0,0.009,0
0.00936,0,0.009,0
0.0094,0,0.009,0
0.00944,0,0.009,0
0.00948,0,0.009,0
0.00952,0,0.009,0
0.00956,0,0.009,0
0.0096,0,0.009,0
0.00964,0,0.009,0
0.00968,0,0.009,0
0.00972,0,0.009,0
0.00976,0,0.009,0
0.0098,0,0.009,0
0.00984,0,0.009,0
0.00988,0,0.009,0
0.00992,0,0.009,0
0.00996,0,0.009,0
0.01,0,0.009,0
0.01,0,0.01,0
0.01001,0,0.01,0
0.01001,0,0.01,0
0.01004,0,0.01,0
0.01008,0,0.01,0
0.01012,0,0.01,0
0.01016,0,0.01,0
0.0102,0,0.01,0
0.01024,0,0.01,0
0.01028,0,0.01,0
0.01032,0,0.01,0
0.01036,0,0.01,0
0.0104,0,0.01,0
0.01044,0,0.01,0
0.01048,0,0.01,0
0.01052,0,0.01,0
0.01056,0,0.01,0
0.0106,0,0.01,0
0.01064,0,0.01,0
0.01068,0,0.01,0
0.01072,0,0.01,0
0.01076,0,0.01,0
0.0108,0,0.01,0
0.01084,0,0.01,0
0.01088,0,0.01,0
0.01092,0,0.01,0
0.01096,0,0.01,0
0.011,0,0.01,0
0.011,0,0.011,0
0.01101,0,0.011,0
0.01101,0,0.011,0
0.01104,0,0.011,0
0.01108,0,0.011,0
0.01112,0,0.011,0
0.01116,0,0.011,0
0.0112,0,0.011,0
0.01124,0,0.011,0
0.01128,0,0.011,0
0.01132,0,0.011,0
0.01136,0,0.011,0
0.0114,0,0.011,0
0.01144,0,0.011,0
0.01148,0,0.011,0
0.01152,0,0.011,0
0.01156,0,0.011,0
0.0116,0,0.011,0
0.01164,0,0.011,0
0.01168,0,0.011,0
0.01172,0,0.011,0
0.01176,0,0.011,0
0.0118,0,0.011,0
0.01184,0,0.011,0
0.01188,0,0.011,0
0.01192,0,0.011,0
0.01196,0,0.011,0
0.012,0,0.011,0
0.012,0,0.012,0
0.01201,0,0.012,0
0.01201,0,0.012,0
0.01204,0,0.012,0
0.01208,0,0.012,0
0.01212,0,0.012,0
0.01216,0,0.012,0
0.0122,0,0.012,0
0.01224,0,0.012,0
0.01228,0,0.012,0
0.01232,0,0.012,0
0.01236,0,0.012,0
0.0124,0,0.012,0
0.01244,0,0.012,0
0.01248,0,0.012,0
0.01252,0,0.012,0
0.01256,0,0.012,0
0.0126,0,0.012,0
0.01264,0,0.012,0
0.01268,0,0.012,0
0.01272,0,0.012,0
0.01276,0,0.012,0
0.0128,0,0.012,0
0.01284,0,0.012,0
0.01288,0,0.012,0
0.01292,0,0.012,0
0.01296,0,0.012,0
0.013,0,0.012,0
0.013,0,0.013,0
0.01301,0,0.013,0
0.01301,0,0.013,0
0.01304,0,0.013,0
0.01308,0,0.013,0
0.01312,0,0.013,0
0.01316,0,0.013,0
0.0132,0,0.013,0
0.01324,0,0.013,0
0.01328,0,0.013,0
0.01332,0,0.013,0
0.01336,0,0.013,0
0.0134,0,0.013,0
0.01344,0,0.013,0
0.01348,0,0.013,0
0.01352,0,0.013,0
0.01356,0,0.013,0
0.0136,0,0.013,0
0.01364,0,0.013,0
0.01368,0,0.013,0
0.01372,0,0.013,0
0.01376,0,0.013,0
0.0138,0,0.013,0
0.01384,0,0.013,0
0.01388,0,0.013,0
0.01392,0,0.013,0
0.01396,0,0.013,0
0.014,0,0.013,0
0.014,0,0.014,0
0.01401,0,0.014,0
0.01401,0,0.014,0
0.01404,0,0.014,0
0.01408,0,0.014,0
0.01412,0,0.014,0
0.01416,0,0.014,0
0.0142,0,0.014,0
0.01424,0,0.014,0
0.01428,0,0.014,0
0.01432,0,0.014,0
0.01436,0,0.014,0
0.0144,0,0.014,0
0.01444,0,0.014,0
0.01448,0,0.014,0
0.01452,0,0.014,0
0.01456,0,0.014,0
0.0146,0,0.014,0
0.01464,0,0.014,0
0.01468,0,0.014,0
0.01472,0,0.014,0
0.01476,0,0.014,0
0.0148,0,0.014,0
0.01484,0,0.014,0
0.01488,0,0.014,0
0.01492,0,0.014,0
0.01496,0,0.014,0
0.015,0,0.014,0
0.015,0,0.015,0
0.01501,0,0.015,0
0.01501,0,0.015,0
0.01504,0,0.015,0
0.01508,0,0.015,0
0.01512,0,0.015,0
0.01516,0,0.015,0
0.0152,0,0.015,0
0.01524,0,0.015,0
0.01528,0,0.015,0
0.01532,0,0.015,0
0.01536,0,0.015,0
0.0154,0,0.015,0
0.01544,0,0.015,0
0.01548,0,0.015,0
0.01552,0,0.015,0
0.01556,0,0.015,0
0.0156,0,0.015,0
0.01564,0,0.015,0
0.01568,0,0.015,0
0.01572,0,0.015,0
0.01576,0,0.015,0
0.0158,0,0.015,0
0.01584,0,0.015,0
0.01588,0,0.015,0
0.01592,0,0.015,0
0.01596,0,0.015,0
0.016,0,0.015,0
0.016,0,0.016,0
0.01601,0,0.016,0
0.01601,0,0.016,0
0.01604,0,0.016,0
0.01608,0,0.016,0
0.01612,0,0.016,0
0.01616,0,0.016,0
0.0162,0,0.016,0
0.01624,0,0.016,0
0.01628,0,0.016,0
0.01632,0,0.016,0
0.01636,0,0.016,0
0.0164,0,0.016,0
0.01644,0,0.016,0
0.01648,0,0.016,0
0.01652,0,0.016,0
0.01656,0,0.016,0
0.0166,0,0.016,0
0.01664,0,0.016,0
0.01668,0,0.016,0
0.01672,0,0.016,0
0.01676,0,0.016,0
0.0168,0,0.016,0
0.01684,0,0.016,0
0.01688,0,0.016,0
0.01692,0,0.016,0
0.01696,0,0.016,0
0.017,0,0.016,0
0.017,0,0.017,0
0.01701,0,0.017,0
0.01701,0,0.017,0
0.01704,0,0.017,0
0.01708,0,0.017,0
0.01712,0,0.017,0
0.01716,0,0.017,0
0.0172,0,0.017,0
0.01724,0,0.017,0
0.01728,0,0.017,0
0.01732,0,0.017,0
0.01736,0,0.017,0
0.0174,0,0.017,0
0.01744,0,0.017,0
0.01748,0,0.017,0
0.01752,0,0.017,0
0.01756,0,0.017,0
0.0176,0,0.017,0
0.01764,0,0.017,0
0.01768,0,0.017,0
0.01772,0,0.017,0
0.01776,0,0.017,0
0.0178,0,0.017,0
0.01784,0,0.017,0
0.01788,0,0.017,0
0.01792,0,0.017,0
0.01796,0,0.017,0
0.018,0,0.017,0
0.018,0,0.018,0
0.01801,0,0.018,0
0.01801,0,0.018,0
0.01804,0,0.018,0
0.01808,0,0.018,0
0.01812,0,0.018,0
0.01816,0,0.018,0
0.0182,0,0.018,0
0.01824,0,0.018,0
0.01828,0,0.018,0
0.01832,0,0.018,0
0.01836,0,0.018,0
0.0184,0,0.018,0
0.01844,0,0.018,0
0.01848,0,0.018,0
0.01852,0,0.018,0
0.01856,0,0.018,0
0.0186,0,0.018,0
0.01864,0,0.018,0
0.01868,0,0.018,0
0.01872,0,0.018,0
0.01876,0,0.018,0
0.0188,0,0.018,0
0.01884,0,0.018,0
0.01888,0,0.018,0
0.01892,0,0.018,0
0.01896,0,0.018,0
0.019,0,0.018,0
0.019,0,0.019,0
0.01901,0,0.019,0
0.01901,0,0.019,0
0.01904,0,0.019,0
0.01908,0,0.019,0
0.01912,0,0.019,0
0.01916,0,0.019,0
0.0192,0,0.019,0
0.01924,0,0.019,0
0.01928,0,0.019,0
0.01932,0,0.019,0
0.01936,0,0.019,0
0.0194,0,0.019,0
0.01944,0,0.019,0
0.01948,0,0.019,0
0.01952,0,0.019,0
0.01956,0,0.019,0
0.0196,0,0.019,0
0.01964,0,0.019,0
0.01968,0,0.019,0
0.01972,0,0.019,0
0.01976,0,0.019,0
0.0198,0,0.019,0
0.01984,0,0.019,0
0.01988,0,0.019,0
0.01992,0,0.019,0
0.01996,0,0.019,0
0.02,0,0.019,0
0.02,0,0.02,0
0.02001,0,0.02,0
0.02001,0,0.02,0
0.02004,0,0.02,0
0.02008,0,0.02,0
0.02012,0,0.02,0
0.02016,0,0.02,0
0.0202,0,0.02,0
0.02024,0,0.02,0
0.02028,0,0.02,0
0.02032,0,0.02,0
0.02036,0,0.02,0
0.0204,0,0.02,0
0.02044,0,0.02,0
0.02048,0,0.02,0
0.02052,0,0.02,0
0.02056,0,0.02,0
0.0206,0,0.02,0
0.02064,0,0.02,0
0.02068,0,0.02,0
0.02072,0,0.02,0
0.02076,0,0.02,0
0.0208,0,0.02,0
0.02084,0,0.02,0
0.02088,0,0.02,0
0.02092,0,0.02,0
0.02096,0,0.02,0
0.021,0,0.02,0
0.021,0,0.021,0
0.02101,0,0.021,0
0.02101,0,0.021,0
0.02104,0,0.021,0
0.02108,0,0.021,0
0.02112,0,0.021,0
0.02116,0,0.021,0
0.0212,0,0.021,0
0.02124,0,0.021,0
0.02128,0,0.021,0
0.02132,0,0.021,0
0.02136,0,0.021,0
0.0214,0,0.021,0
0.02144,0,0.021,0
0.02148,0,0.021,0
0.02152,0,0.021,0
0.02156,0,0.021,0
0.0216,0,0.021,0
0.02164,0,0.021,0
0.02168,0,0.021,0
0.02172,0,0.021,0
0.02176,0,0.021,0
0.0218,0,0.021,0
0.02184,0,0.021,0
0.02188,0,0.021,0
0.02192,0,0.021,0
0.02196,0,0.021,0
0.022,0,0.021,0
0.022,0,0.022,0
0.02201,0,0.022,0
0.02201,0,0.022,0
0.02204,0,0.022,0
0.02208,0,0.022,0
0.02212,0,0.022,0
0.02216,0,0.022,0
0.0222,0,0.022,0
0.02224,0,0.022,0
0.02228,0,0.022,0
0.02232,0,0.022,0
0.02236,0,0.022,0
0.0224,0,0.022,0
0.02244,0,0.022,0
0.02248,0,0.022,0
0.02252,0,0.022,0
0.02256,0,0.022,0
0.0226,0,0.022,0
0.02264,0,0.022,0
0.02268,0,0.022,0
0.02272,0,0.022,0
0.02276,0,0.022,0
0.0228,0,0.022,0
0.02284,0,0.022,0
0.02288,0,0.022,0
0.02292,0,0.022,0
0.02296,0,0.022,0
0.023,0,0.022,0
0.023,0,0.023,0
0.02301,0,0.023,0
0.02301,0,0.023,0
0.02304,0,0.023,0
0.02308,0,0.023,0
0.02312,0,0.023,0
0.02316,0,0.023,0
0.0232,0,0.023,0
0.02324,0,0.023,0
0.02328,0,0.023,0
0.02332,0,0.023,0
0.02336,0,0.023,0
0.0234,0,0.023,0
0.02344,0,0.023,0
0.02348,0,0.023,0
0.02352,0,0.023,0
0.02356,0,0.023,0
0.0236,0,0.023,0
0.02364,0,0.023,0
0.02368,0,0.023,0
0.02372,0,0.023,0
0.02376,0,0.023,0
0.0238,0,0.023,0
0.02384,0,0.023,0
0.02388,0,0.023,0
0.02392,0,0.023,0
0.02396,0,0.023,0
0.024,0,0.023,0
0.024,0,0.024,0
0.02401,0,0.024,0
0.02401,0,0.024,0
0.02404,0,0.024,0
0.02408,0,0.024,0
0.02412,0,0.024,0
0.02416,0,0.024,0
0.0242,0,0.024,0
0.02424,0,0.024,0
0.02428,0,0.024,0
0.02432,0,0.024,0
0.02436,0,0.024,0
0.0244,0,0.024,0
0.02444,0,0.024,0
0.02448,0,0.024,0
0.02452,0,0.024,0
0.02456,0,0.024,0
0.0246,0,0.024,0
0.02464,0,0.024,0
0.02468,0,0.024,0
0.02472,0,0.024,0
0.02476,0,0.024,0
0.0248,0,0.024,0
0.02484,0,0.024,0
0.02488,0,0.024,0
0.02492,0,0.024,0
0.02496,0,0.024,0
0.025,0,0.024,0
0.025,0,0.025,0
0.02501,0,0.025,0
0.02501,0,0.025,0
0.02504,0,0.025,0
0.02508,0,0.025,0
0.02512,0,0.025,0
0.02516,0,0.025,0
0.0252,0,0.025,0
0.02524,0,0.025,0
0.02528,0,0.025,0
0.02532,0,0.025,0
0.02536,0,0.025,0
0.0254,0,0.025,0
0.02544,0,0.025,0
0.02548,0,0.025,0
0.02552,0,0.025,0
0.02556,0,0.025,0
0.0256,0,0.025,0
0.02564,0,0.025,0
0.02568,0,0.025,0
0.02572,0,0.025,0
0.02576,0,0.025,0
0.0258,0,0.025,0
0.02584,0,0.025,0
0.02588,0,0.025,0
0.02592,0,0.025,0
0.02596,0,0.025,0
0.026,0,0.025,0
0.026,0,0.026,0
0.02601,0,0.026,0
0.02601,0,0.026,0
0.02604,0,0.026,0
0.02608,0,0.026,0
0.02612,0,0.026,0
0.02616,0,0.026,0
0.0262,0,0.026,0
0.02624,0,0.026,0
0.02628,0,0.026,0
0.02632,0,0.026,0
0.02636,0,0.026,0
0.0264,0,0.026,0
0.02644,0,0.026,0
0.02648,0,0.026,0
0.02652,0,0.026,0
0.02656,0,0.026,0
0.0266,0,0.026,0
0.02664,0,0.026,0
0.02668,0,0.026,0
0.02672,0,0.026,0
0.02676,0,0.026,0
0.0268,0,0.026,0
0.02684,0,0.026,0
0.02688,0,0.026,0
0.02692,0,0.026,0
0.02696,0,0.026,0
0.027,0,0.026,0
0.027,0,0.027,0
0.02701,0,0.027,0
0.02701,0,0.027,0
0.02704,0,0.027,0
0.02708,0,0.027,0
0.02712,0,0.027,0
0.02716,0,0.027,0
0.0272,0,0.027,0
0.02724,0,0.027,0
0.02728,0,0.027,0
0.02732,0,0.027,0
0.02736,0,0.027,0
0.0274,0,0.027,0
0.02744,0,0.027,0
0.02748,0,0.027,0
0.02752,0,0.027,0
0.02756,0,0.027,0
0.0276,0,0.027,0
0.02764,0,0.027,0
0.02768,0,0.027,0
0.02772,0,0.027,0
0.02776,0,0.027,0
0.0278,0,0.027,0
0.02784,0,0.027,0
0.02788,0,0.027,0
0.02792,0,0.027,0
0.02796,0,0.027,0
0.028,0,0.027,0
0.028,0,0.028,0
0.02801,0,0.028,0
0.02801,0,0.028,0
0.02804,0,0.028,0
0.02808,0,0.028,0
0.02812,0,0.028,0
0.02816,0,0.028,0
0.0282,0,0.028,0
0.02824,0,0.028,0
0.02828,0,0.028,0
0.02832,0,0.028,0
0.02836,0,0.028,0
0.0284,0,0.028,0
0.02844,0,0.028,0
0.02848,0,0.028,0
0.02852,0,0.028,0
0.02856,0,0.028,0
0.0286,0,0.028,0
0.02864,0,0.028,0
0.02868,0,0.028,0
0.02872,0,0.028,0
0.02876,0,0.028,0
0.0288,0,0.028,0
0.02884,0,0.028,0
0.02888,0,0.028,0
0.02892,0,0.028,0
0.02896,0,0.028,0
0.029,0,0.028,0
0.029,0,0.029,0
0.02901,0,0.029,0
0.02901,0,0.029,0
0.02904,0,0.029,0
0.02908,0,0.029,0
0.02912,0,0.029,0
0.02916,0,0.029,0
0.0292,0,0.029,0
0.02924,0,0.029,0
0.02928,0,0.029,0
0.02932,0,0.029,0
0.02936,0,0.029,0
0.0294,0,0.029,0
0.02944,0,0.029,0
0.02948,0,0.029,0
0.02952,0,0.029,0
0.02956,0,0.029,0
0.0296,0,0.029,0
0.02964,0,0.029,0
0.02968,0,0.029,0
0.02972,0,0.029,0
0.02976,0,0.029,0
0.0298,0,0.029,0
0.02984,0,0.029,0
0.02988,0,0.029,0
0.02992,0,0.029,0
0.02996,0,0.029,0
0.03,0,0.029,0
0.03,0,0.03,0
0.03001,0,0.03,0
0.03001,0,0.03,0
0.03004,0,0.03,0
0.03008,0,0.03,0
0.03012,0,0.03,0
0.03016,0,0.03,0
0.0302,0,0.03,0
0.03024,0,0.03,0
0.03028,0,0.03,0
0.03032,0,0.03,0
0.03036,0,0.03,0
0.0304,0,0.03,0
0.03044,0,0.03,0
0.03048,0,0.03,0
0.03052,0,0.03,0
0.03056,0,0.03,0
0.0306,0,0.03,0
0.03064,0,0.03,0
0.03068,0,0.03,0
0.03072,0,0.03,0
0.03076,0,0.03,0
0.0308,0,0.03,0
0.03084,0,0.03,0
0.03088,0,0.03,0
0.03092,0,0.03,0
0.03096,0,0.03,0
0.031,0,0.03,0
0.031,0,0.031,0
0.03101,0,0.031,0
0.03101,0,0.031,0
0.03104,0,0.031,0
0.03108,0,0.031,0
0.03112,0,0.031,0
0.03116,0,0.031,0
0.0312,0,0.031,0
0.03124,0,0.031,0
0.03128,0,0.031,0
0.03132,0,0.031,0
0.03136,0,0.031,0
0.0314,0,0.031,0
0.03144,0,0.031,0
0.03148,0,0.031,0
0.03152,0,0.031,0
0.03156,0,0.031,0
0.0316,0,0.031,0
0.03164,0,0.031,0
0.03168,0,0.031,0
0.03172,0,0.031,0
0.03176,0,0.031,0
0.0318,0,0.031,0
0.03184,0,0.031,0
0.03188,0,0.031,0
0.03192,0,0.031,0
0.03196,0,0.031,0
0.032,0,0.031,0
0.032,0,0.032,0
0.03201,0,0.032,0
0.03201,0,0.032,0
0.03204,0,0.032,0
0.03208,0,0.032,0
0.03212,0,0.032,0
0.03216,0,0.032,0
0.0322,0,0.032,0
0.03224,0,0.032,0
0.03228,0,0.032,0
0.03232,0,0.032,0
0.03236,0,0.032,0
0.0324,0,0.032,0
0.03244,0,0.032,0
0.03248,0,0.032,0
0.03252,0,0.032,0
0.03256,0,0.032,0
0.0326,0,0.032,0
0.03264,0,0.032,0
0.03268,0,0.032,0
0.03272,0,0.032,0
0.03276,0,0.032,0
0.0328,0,0.032,0
0.03284,0,0.032,0
0.03288,0,0.032,0
0.03292,0,0.032,0
0.03296,0,0.032,0
0.033,0,0.032,0
0.033,0,0.033,0
0.03301,0,0.033,0
0.03301,0,0.033,0
0.03304,0,0.033,0
0.03308,0,0.033,0
0.03312,0,0.033,0
0.03316,0,0.033,0
0.0332,0,0.033,0
0.03324,0,0.033,0
0.03328,0,0.033,0
0.03332,0,0.033,0
0.03336,0,0.033,0
0.0334,0,0.033,0
0.03344,0,0.033,0
0.03348,0,0.033,0
0.03352,0,0.033,0
0.03356,0,0.033,0
0.0336,0,0.033,0
0.03364,0,0.033,0
0.03368,0,0.033,0
0.03372,0,0.033,0
0.03376,0,0.033,0
0.0338,0,0.033,0
0.03384,0,0.033,0
0.03388,0,0.033,0
0.03392,0,0.033,0
0.03396,0,0.033,0
0.034,0,0.033,0
0.034,0,0.034,0
0.03401,0,0.034,0
0.03401,0,0.034,0
0.03404,0,0.034,0
0.03408,0,0.034,0
0.03412,0,0.034,0
0.03416,0,0.034,0
0.0342,0,0.034,0
0.03424,0,0.034,0
0.03428,0,0.034,0
0.03432,0,0.034,0
0.03436,0,0.034,0
0.0344,0,0.034,0
0.03444,0,0.034,0
0.03448,0,0.034,0
0.03452,0,0.034,0
0.03456,0,0.034,0
0.0346,0,0.034,0
0.03464,0,0.034,0
0.03468,0,0.034,0
0.03472,0,0.034,0
0.03476,0,0.034,0
0.0348,0,0.034,0
0.03484,0,0.034,0
0.03488,0,0.034,0
0.03492,0,0.034,0
0.03496,0,0.034,0
0.035,0,0.034,0
0.035,0,0.035,0
0.03501,0,0.035,0
0.03501,0,0.035,0
0.03504,0,0.035,0
0.03508,0,0.035,0
0.03512,0,0.035,0
0.03516,0,0.035,0
0.0352,0,0.035,0
0.03524,0,0.035,0
0.03528,0,0.035,0
0.03532,0,0.035,0
0.03536,0,0.035,0
0.0354,0,0.035,0
0.03544,0,0.035,0
0.03548,0,0.035,0
0.03552,0,0.035,0
0.03556,0,0.035,0
0.0356,0,0.035,0
0.03564,0,0.035,0
0.03568,0,0.035,0
0.03572,0,0.035,0
0.03576,0,0.035,0
0.0358,0,0.035,0
0.03584,0,0.035,0
0.03588,0,0.035,0
0.03592,0,0.035,0
0.03596,0,0.035,0
0.036,0,0.035,0
0.036,0,0.036,0
0.03601,0,0.036,0
0.03601,0,0.036,0
0.03604,0,0.036,0
0.03608,0,0.036,0
0.03612,0,0.036,0
0.03616,0,0.036,0
0.0362,0,0.036,0
0.03624,0,0.036,0
0.03628,0,0.036,0
0.03632,0,0.036,0
0.03636,0,0.036,0
0.0364,0,0.036,0
0.03644,0,0.036,0
0.03648,0,0.036,0
0.03652,0,0.036,0
0.03656,0,0.036,0
0.0366,0,0.036,0
0.03664,0,0.036,0
0.03668,0,0.036,0
0.03672,0,0.036,0
0.03676,0,0.036,0
0.0368,0,0.036,0
0.03684,0,0.036,0
0.03688,0,0.036,0
0.03692,0,0.036,0
0.03696,0,0.036,0
0.037,0,0.036,0
0.037,0,0.037,0
0.03701,0,0.037,0
0.03701,0,0.037,0
0.03704,0,0.037,0
0.03708,0,0.037,0
0.03712,0,0.037,0
0.03716,0,0.037,0
0.0372,0,0.037,0
0.03724,0,0.037,0
0.03728,0,0.037,0
0.03732,0,0.037,0
0.03736,0,0.037,0
0.0374,0,0.037,0
0.03744,0,0.037,0
0.03748,0,0.037,0
0.03752,0,0.037,0
0.03756,0,0.037,0
0.0376,0,0.037,0
0.03764,0,0.037,0
0.03768,0,0.037,0
0.03772,0,0.037,0
0.03776,0,0.037,0
0.0378,0,0.037,0
0.03784,0,0.037,0
0.03788,0,0.037,0
0.03792,0,0.037,0
0.03796,0,0.037,0
0.038,0,0.037,0
0.038,0,0.038,0
0.03801,0,0.038,0
0.03801,0,0.038,0
0.03804,0,0.038,0
0.03808,0,0.038,0
0.03812,0,0.038,0
0.03816,0,0.038,0
0.0382,0,0.038,0
0.03824,0,0.038,0
0.03828,0,0.038,0
0.03832,0,0.038,0
0.03836,0,0.038,0
0.0384,0,0.038,0
0.03844,0,0.038,0
0.03848,0,0.038,0
0.03852,0,0.038,0
0.03856,0,0.038,0
0.0386,0,0.038,0
0.03864,0,0.038,0
0.03868,0,0.038,0
0.03872,0,0.038,0
0.03876,0,0.038,0
0.0388,0,0.038,0
0.03884,0,0.038,0
0.03888,0,0.038,0
0.03892,0,0.038,0
0.03896,0,0.038,0
0.039,0,0.038,0
0.039,0,0.039,0
0.03901,0,0.039,0
0.03901,0,0.039,0
0.03904,0,0.039,0
0.03908,0,0.039,0
0.03912,0,0.039,0
0.03916,0,0.039,0
0.0392,0,0.039,0
0.03924,0,0.039,0
0.03928,0,0.039,0
0.03932,0,0.039,0
0.03936,0,0.039,0
0.0394,0,0.039,0
0.03944,0,0.039,0
0.03948,0,0.039,0
0.03952,0,0.039,0
0.03956,0,0.039,0
0.0396,0,0.039,0
0.03964,0,0.039,0
0.03968,0,0.039,0
0.03972,0,0.039,0
0.03976,0,0.039,0
0.0398,0,0.039,0
0.03984,0,0.039,0
0.03988,0,0.039,0
0.03992,0,0.039,0
0.03996,0,0.039,0
0.04,0,0.039,0
0.04,0,0.04,0
0.04001,0,0.04,0
0.04001,0,0.04,0
0.04004,0,0.04,0
0.04008,0,0.04,0
0.04012,0,0.04,0
0.04016,0,0.04,0
0.0402,0,0.04,0
0.04024,0,0.04,0
0.04028,0,0.04,0
0.04032,0,0.04,0
0.04036,0,0.04,0
0.0404,0,0.04,0
0.04044,0,0.04,0
0.04048,0,0.04,0
0.04052,0,0.04,0
0.04056,0,0.04,0
0.0406,0,0.04,0
0.04064,0,0.04,0
0.04068,0,0.04,0
0.04072,0,0.04,0
0.04076,0,0.04,0
0.0408,0,0.04,0
0.04084,0,0.04,0
0.04088,0,0.04,0
0.04092,0,0.04,0
0.04096,0,0.04,0
0.041,0,0.04,0
0.041,0,0.041,0
0.04101,0,0.041,0
0.04101,0,0.041,0
0.04104,0,0.041,0
0.04108,0,0.041,0
0.04112,0,0.041,0
0.04116,0,0.041,0
0.0412,0,0.041,0
0.04124,0,0.041,0
0.04128,0,0.041,0
0.04132,0,0.041,0
0.04136,0,0.041,0
0.0414,0,0.041,0
0.04144,0,0.041,0
0.04148,0,0.041,0
0.04152,0,0.041,0
0.04156,0,0.041,0
0.0416,0,0.041,0
0.04164,0,0.041,0
0.04168,0,0.041,0
0.04172,0,0.041,0
0.04176,0,0.041,0
0.0418,0,0.041,0
0.04184,0,0.041,0
0.04188,0,0.041,0
0.04192,0,0.041,0
0.04196,0,0.041,0
0.042,0,0.041,0
0.042,0,0.042,0
0.04201,0,0.042,0
0.04201,0,0.042,0
0.04204,0,0.042,0
0.04208,0,0.042,0
0.04212,0,0.042,0
0.04216,0,0.042,0
0.0422,0,0.042,0
0.04224,0,0.042,0
0.04228,0,0.042,0
0.04232,0,0.042,0
0.04236,0,0.042,0
0.0424,0,0.042,0
0.04244,0,0.042,0
0.04248,0,0.042,0
0.04252,0,0.042,0
0.04256,0,0.042,0
0.0426,0,0.042,0
0.04264,0,0.042,0
0.04268,0,0.042,0
0.04272,0,0.042,0
0.04276,0,0.042,0
0.0428,0,0.042,0
0.04284,0,0.042,0
0.04288,0,0.042,0
0.04292,0,0.042,0
0.04296,0,0.042,0
0.043,0,0.042,0
0.043,0,0.043,0
0.04301,0,0.043,0
0.04301,0,0.043,0
0.04304,0,0.043,0
0.04308,0,0.043,0
0.04312,0,0.043,0
0.04316,0,0.043,0
0.0432,0,0.043,0
0.04324,0,0.043,0
0.04328,0,0.043,0
0.04332,0,0.043,0
0.04336,0,0.043,0
0.0434,0,0.043,0
0.04344,0,0.043,0
0.04348,0,0.043,0
0.04352,0,0.043,0
0.04356,0,0.043,0
0.0436,0,0.043,0
0.04364,0,0.043,0
0.04368,0,0.043,0
0.04372,0,0.043,0
0.04376,0,0.043,0
0.0438,0,0.043,0
0.04384,0,0.043,0
0.04388,0,0.043,0
0.04392,0,0.043,0
0.04396,0,0.043,0
0.044,0,0.043,0
0.044,0,0.044,0
0.04401,0,0.044,0
0.04401,0,0.044,0
0.04404,0,0.044,0
0.04408,0,0.044,0
0.04412,0,0.044,0
0.04416,0,0.044,0
0.0442,0,0.044,0
0.04424,0,0.044,0
0.04428,0,0.044,0
0.04432,0,0.044,0
0.04436,0,0.044,0
0.0444,0,0.044,0
0.04444,0,0.044,0
0.04448,0,0.044,0
0.04452,0,0.044,0
0.04456,0,0.044,0
0.0446,0,0.044,0
0.04464,0,0.044,0
0.04468,0,0.044,0
0.04472,0,0.044,0
0.04476,0,0.044,0
0.0448,0,0.044,0
0.04484,0,0.044,0
0.04488,0,0.044,0
0.04492,0,0.044,0
0.04496,0,0.044,0
0.045,0,0.044,0
0.045,0,0.045,0
0.04501,0,0.045,0
0.04501,0,0.045,0
0.04504,0,0.045,0
0.04508,0,0.045,0
0.04512,0,0.045,0
0.04516,0,0.045,0
0.0452,0,0.045,0
0.04524,0,0.045,0
0.04528,0,0.045,0
0.04532,0,0.045,0
0.04536,0,0.045,0
0.0454,0,0.045,0
0.04544,0,0.045,0
0.04548,0,0.045,0
0.04552,0,0.045,0
0.04556,0,0.045,0
0.0456,0,0.045,0
0.04564,0,0.045,0
0.04568,0,0.045,0
0.04572,0,0.045,0
0.04576,0,0.045,0
0.0458,0,0.045,0
0.04584,0,0.045,0
0.04588,0,0.045,0
0.04592,0,0.045,0
0.04596,0,0.045,0
0.046,0,0.045,0
0.046,0,0.046,0
0.04601,0,0.046,0
0.04601,0,0.046,0
0.04604,0,0.046,0
0.04608,0,0.046,0
0.04612,0,0.046,0
0.04616,0,0.046,0
0.0462,0,0.046,0
0.04624,0,0.046,0
0.04628,0,0.046,0
0.04632,0,0.046,0
0.04636,0,0.046,0
0.0464,0,0.046,0
0.04644,0,0.046,0
0.04648,0,0.046,0
0.04652,0,0.046,0
0.04656,0,0.046,0
0.0466,0,0.046,0
0.04664,0,0.046,0
0.04668,0,0.046,0
0.04672,0,0.046,0
0.04676,0,0.046,0
0.0468,0,0.046,0
0.04684,0,0.046,0
0.04688,0,0.046,0
0.04692,0,0.046,0
0.04696,0,0.046,0
0.047,0,0.046,0
0.047,0,0.047,0
0.04701,0,0.047,0
0.04701,0,0.047,0
0.04704,0,0.047,0
0.04708,0,0.047,0
0.04712,0,0.047,0
0.04716,0,0.047,0
0.0472,0,0.047,0
0.04724,0,0.047,0
0.04728,0,0.047,0
0.04732,0,0.047,0
0.04736,0,0.047,0
0.0474,0,0.047,0
0.04744,0,0.047,0
0.04748,0,0.047,0
0.04752,0,0.047,0
0.04756,0,0.047,0
0.0476,0,0.047,0
0.04764,0,0.047,0
0.04768,0,0.047,0
0.04772,0,0.047,0
0.04776,0,0.047,0
0.0478,0,0.047,0
0.04784,0,0.047,0
0.04788,0,0.047,0
0.04792,0,0.047,0
0.04796,0,0.047,0
0.048,0,0.047,0
0.048,0,0.048,0
0.04801,0,0.048,0
0.04801,0,0.048,0
0.04804,0,0.048,0
0.04808,0,0.048,0
0.04812,0,0.048,0
0.04816,0,0.048,0
0.0482,0,0.048,0
0.04824,0,0.048,0
0.04828,0,0.048,0
0.04832,0,0.048,0
0.04836,0,0.048,0
0.0484,0,0.048,0
0.04844,0,0.048,0
0.04848,0,0.048,0
0.04852,0,0.048,0
0.04856,0,0.048,0
0.0486,0,0.048,0
0.04864,0,0.048,0
0.04868,0,0.048,0
0.04872,0,0.048,0
0.04876,0,0.048,0
0.0488,0,0.048,0
0.04884,0,0.048,0
0.04888,0,0.048,0
0.04892,0,0.048,0
0.04896,0,0.048,0
0.049,0,0.048,0
0.049,0,0.049,0
0.04901,0,0.049,0
0.04901,0,0.049,0
0.04904,0,0.049,0
0.04908,0,0.049,0
0.04912,0,0.049,0
0.04916,0,0.049,0
0.0492,0,0.049,0
0.04924,0,0.049,0
0.04928,0,0.049,0
0.04932,0,0.049,0
0.04936,0,0.049,0
0.0494,0,0.049,0
0.04944,0,0.049,0
0.04948,0,0.049,0
0.04952,0,0.049,0
0.04956,0,0.049,0
0.0496,0,0.049,0
0.04964,0,0.049,0
0.04968,0,0.049,0
0.04972,0,0.049,0
0.04976,0,0.049,0
0.0498,0,0.049,0
0.04984,0,0.049,0
0.04988,0,0.049,0
0.04992,0,0.049,0
0.04996,0,0.049,0
0.05,0,0.049,0
0.05,0,0.05,0
0.05001,0,0.05,0
0.05001,0,0.05,0
0.05004,0,0.05,0
0.05008,0,0.05,0
0.05012,0,0.05,0
0.05016,0,0.05,0
0.0502,0,0.05,0
0.05024,0,0.05,0
0.05028,0,0.05,0
0.05032,0,0.05,0
0.05036,0,0.05,0
0.0504,0,0.05,0
0.05044,0,0.05,0
0.05048,0,0.05,0
0.05052,0,0.05,0
0.05056,0,0.05,0
0.0506,0,0.05,0
0.05064,0,0.05,0
0.05068,0,0.05,0
0.05072,0,0.05,0
0.05076,0,0.05,0
0.0508,0,0.05,0
0.05084,0,0.05,0
0.05088,0,0.05,0
0.05092,0,0.05,0
0.05096,0,0.05,0
0.051,0,0.05,0
0.051,0,0.051,0
0.05101,0,0.051,0
0.05101,0,0.051,0
0.05104,0,0.051,0
0.05108,0,0.051,0
0.05112,0,0.051,0
0.05116,0,0.051,0
0.0512,0,0.051,0
0.05124,0,0.051,0
0.05128,0,0.051,0
0.05132,0,0.051,0
0.05136,0,0.051,0
0.0514,0,0.051,0
0.05144,0,0.051,0
0.05148,0,0.051,0
0.05152,0,0.051,0
0.05156,0,0.051,0
0.0516,0,0.051,0
0.05164,0,0.051,0
0.05168,0,0.051,0
0.05172,0,0.051,0
0.05176,0,0.051,0
0.0518,0,0.051,0
0.05184,0,0.051,0
0.05188,0,0.051,0
0.05192,0,0.051,0
0.05196,0,0.051,0
0.052,0,0.051,0
0.052,0,0.052,0
0.05201,0,0.052,0
0.05201,0,0.052,0
0.05204,0,0.052,0
0.05208,0,0.052,0
0.05212,0,0.052,0
0.05216,0,0.052,0
0.0522,0,0.052,0
0.05224,0,0.052,0
0.05228,0,0.052,0
0.05232,0,0.052,0
0.05236,0,0.052,0
0.0524,0,0.052,0
0.05244,0,0.052,0
0.05248,0,0.052,0
0.05252,0,0.052,0
0.05256,0,0.052,0
0.0526,0,0.052,0
0.05264,0,0.052,0
0.05268,0,0.052,0
0.05272,0,0.052,0
0.05276,0,0.052,0
0.0528,0,0.052,0
0.05284,0,0.052,0
0.05288,0,0.052,0
0.05292,0,0.052,0
0.05296,0,0.052,0
0.053,0,0.052,0
0.053,0,0.053,0
0.05301,0,0.053,0
0.05301,0,0.053,0
0.05304,0,0.053,0
0.05308,0,0.053,0
0.05312,0,0.053,0
0.05316,0,0.053,0
0.0532,0,0.053,0
0.05324,0,0.053,0
0.05328,0,0.053,0
0.05332,0,0.053,0
0.05336,0,0.053,0
0.0534,0,0.053,0
0.05344,0,0.053,0
0.05348,0,0.053,0
0.05352,0,0.053,0
0.05356,0,0.053,0
0.0536,0,0.053,0
0.05364,0,0.053,0
0.05368,0,0.053,0
0.05372,0,0.053,0
0.05376,0,0.053,0
0.0538,0,0.053,0
0.05384,0,0.053,0
0.05388,0,0.053,0
0.05392,0,0.053,0
0.05396,0,0.053,0
0.054,0,0.053,0
0.054,0,0.054,0
0.05401,0,0.054,0
0.05401,0,0.054,0
0.05404,0,0.054,0
0.05408,0,0.054,0
0.05412,0,0.054,0
0.05416,0,0.054,0
0.0542,0,0.054,0
0.05424,0,0.054,0
0.05428,0,0.054,0
0.05432,0,0.054,0
0.05436,0,0.054,0
0.0544,0,0.054,0
0.05444,0,0.054,0
0.05448,0,0.054,0
0.05452,0,0.054,0
0.05456,0,0.054,0
0.0546,0,0.054,0
0.05464,0,0.054,0
0.05468,0,0.054,0
0.05472,0,0.054,0
0.05476,0,0.054,0
0.0548,0,0.054,0
0.05484,0,0.054,0
0.05488,0,0.054,0
0.05492,0,0.054,0
0.05496,0,0.054,0
0.055,0,0.054,0
0.055,0,0.055,0
0.05501,0,0.055,0
0.05501,0,0.055,0
0.05504,0,0.055,0
0.05508,0,0.055,0
0.05512,0,0.055,0
0.05516,0,0.055,0
0.0552,0,0.055,0
0.05524,0,0.055,0
0.05528,0,0.055,0
0.05532,0,0.055,0
0.05536,0,0.055,0
0.0554,0,0.055,0
0.05544,0,0.055,0
0.05548,0,0.055,0
0.05552,0,0.055,0
0.05556,0,0.055,0
0.0556,0,0.055,0
0.05564,0,0.055,0
0.05568,0,0.055,0
0.05572,0,0.055,0
0.05576,0,0.055,0
0.0558,0,0.055,0
0.05584,0,0.055,0
0.05588,0,0.055,0
0.05592,0,0.055,0
0.05596,0,0.055,0
0.056,0,0.055,0
0.056,0,0.056,0
0.05601,0,0.056,0
0.05601,0,0.056,0
0.05604,0,0.056,0
0.05608,0,0.056,0
0.05612,0,0.056,0
0.05616,0,0.056,0
0.0562,0,0.056,0
0.05624,0,0.056,0
0.05628,0,0.056,0
0.05632,0,0.056,0
0.05636,0,0.056,0
0.0564,0,0.056,0
0.05644,0,0.056,0
0.05648,0,0.056,0
0.05652,0,0.056,0
0.05656,0,0.056,0
0.0566,0,0.056,0
0.05664,0,0.056,0
0.05668,0,0.056,0
0.05672,0,0.056,0
0.05676,0,0.056,0
0.0568,0,0.056,0
0.05684,0,0.056,0
0.05688,0,0.056,0
0.05692,0,0.056,0
0.05696,0,0.056,0
0.057,0,0.056,0
0.057,0,0.057,0
0.05701,0,0.057,0
0.05701,0,0.057,0
0.05704,0,0.057,0
0.05708,0,0.057,0
0.05712,0,0.057,0
0.05716,0,0.057,0
0.0572,0,0.057,0
0.05724,0,0.057,0
0.05728,0,0.057,0
0.05732,0,0.057,0
0.05736,0,0.057,0
0.0574,0,0.057,0
0.05744,0,0.057,0
0.05748,0,0.057,0
0.05752,0,0.057,0
0.05756,0,0.057,0
0.0576,0,0.057,0
0.05764,0,0.057,0
0.05768,0,0.057,0
0.05772,0,0.057,0
0.05776,0,0.057,0
0.0578,0,0.057,0
0.05784,0,0.057,0
0.05788,0,0.057,0
0.05792,0,0.057,0
0.05796,0,0.057,0
0.058,0,0.057,0
0.058,0,0.058,0
0.05801,0,0.058,0
0.05801,0,0.058,0
0.05804,0,0.058,0
0.05808,0,0.058,0
0.05812,0,0.058,0
0.05816,0,0.058,0
0.0582,0,0.058,0
0.05824,0,0.058,0
0.05828,0,0.058,0
0.05832,0,0.058,0
0.05836,0,0.058,0
0.0584,0,0.058,0
0.05844,0,0.058,0
0.05848,0,0.058,0
0.05852,0,0.058,0
0.05856,0,0.058,0
0.0586,0,0.058,0
0.05864,0,0.058,0
0.05868,0,0.058,0
0.05872,0,0.058,0
0.05876,0,0.058,0
0.0588,0,0.058,0
0.05884,0,0.058,0
0.05888,0,0.058,0
0.05892,0,0.058,0
0.05896,0,0.058,0
0.059,0,0.058,0
0.059,0,0.059,0
0.05901,0,0.059,0
0.05901,0,0.059,0
0.05904,0,0.059,0
0.05908,0,0.059,0
0.05912,0,0.059,0
0.05916,0,0.059,0
0.0592,0,0.059,0
0.05924,0,0.059,0
0.05928,0,0.059,0
0.05932,0,0.059,0
0.05936,0,0.059,0
0.0594,0,0.059,0
0.05944,0,0.059,0
0.05948,0,0.059,0
0.05952,0,0.059,0
0.05956,0,0.059,0
0.0596,0,0.059,0
0.05964,0,0.059,0
0.05968,0,0.059,0
0.05972,0,0.059,0
0.05976,0,0.059,0
0.0598,0,0.059,0
0.05984,0,0.059,0
0.05988,0,0.059,0
0.05992,0,0.059,0
0.05996,0,0.059,0
0.06,0,0.059,0
0.06,0,0.06,0
0.06001,0,0.06,0
0.06001,0,0.06,0
0.06004,0,0.06,0
0.06008,0,0.06,0
0.06012,0,0.06,0
0.06016,0,0.06,0
0.0602,0,0.06,0
0.06024,0,0.06,0
0.06028,0,0.06,0
0.06032,0,0.06,0
0.06036,0,0.06,0
0.0604,0,0.06,0
0.06044,0,0.06,0
0.06048,0,0.06,0
0.06052,0,0.06,0
0.06056,0,0.06,0
0.0606,0,0.06,0
0.06064,0,0.06,0
0.06068,0,0.06,0
0.06072,0,0.06,0
0.06076,0,0.06,0
0.0608,0,0.06,0
0.06084,0,0.06,0
0.06088,0,0.06,0
0.06092,0,0.06,0
0.06096,0,0.06,0
0.061,0,0.06,0
0.061,0,0.061,0
0.06101,0,0.061,0
0.06101,0,0.061,0
0.06104,0,0.061,0
0.06108,0,0.061,0
0.06112,0,0.061,0
0.06116,0,0.061,0
0.0612,0,0.061,0
0.06124,0,0.061,0
0.06128,0,0.061,0
0.06132,0,0.061,0
0.06136,0,0.061,0
0.0614,0,0.061,0
0.06144,0,0.061,0
0.06148,0,0.061,0
0.06152,0,0.061,0
0.06156,0,0.061,0
0.0616,0,0.061,0
0.06164,0,0.061,0
0.06168,0,0.061,0
0.06172,0,0.061,0
0.06176,0,0.061,0
0.0618,0,0.061,0
0.06184,0,0.061,0
0.06188,0,0.061,0
0.06192,0,0.061,0
0.06196,0,0.061,0
0.062,0,0.061,0
0.062,0,0.062,0
0.06201,0,0.062,0
0.06201,0,0.062,0
0.06204,0,0.062,0
0.06208,0,0.062,0
0.06212,0,0.062,0
0.06216,0,0.062,0
0.0622,0,0.062,0
0.06224,0,0.062,0
0.06228,0,0.062,0
0.06232,0,0.062,0
0.06236,0,0.062,0
0.0624,0,0.062,0
0.06244,0,0.062,0
0.06248,0,0.062,0
0.06252,0,0.062,0
0.06256,0,0.062,0
0.0626,0,0.062,0
0.06264,0,0.062,0
0.06268,0,0.062,0
0.06272,0,0.062,0
0.06276,0,0.062,0
0.0628,0,0.062,0
0.06284,0,0.062,0
0.06288,0,0.062,0
0.06292,0,0.062,0
0.06296,0,0.062,0
0.063,0,0.062,0
0.063,0,0.063,0
0.06301,0,0.063,0
0.06301,0,0.063,0
0.06304,0,0.063,0
0.06308,0,0.063,0
0.06312,0,0.063,0
0.06316,0,0.063,0
0.0632,0,0.063,0
0.06324,0,0.063,0
0.06328,0,0.063,0
0.06332,0,0.063,0
0.06336,0,0.063,0
0.0634,0,0.063,0
0.06344,0,0.063,0
0.06348,0,0.063,0
0.06352,0,0.063,0
0.06356,0,0.063,0
0.0636,0,0.063,0
0.06364,0,0.063,0
0.06368,0,0.063,0
0.06372,0,0.063,0
0.06376,0,0.063,0
0.0638,0,0.063,0
0.06384,0,0.063,0
0.06388,0,0.063,0
0.06392,0,0.063,0
0.06396,0,0.063,0
0.064,0,0.063,0
0.064,0,0.064,0
0.06401,0,0.064,0
0.06401,0,0.064,0
0.06404,0,0.064,0
0.06408,0,0.064,0
0.06412,0,0.064,0
0.06416,0,0.064,0
0.0642,0,0.064,0
0.06424,0,0.064,0
0.06428,0,0.064,0
0.06432,0,0.064,0
0.06436,0,0.064,0
0.0644,0,0.064,0
0.06444,0,0.064,0
0.06448,0,0.064,0
0.06452,0,0.064,0
0.06456,0,0.064,0
0.0646,0,0.064,0
0.06464,0,0.064,0
0.06468,0,0.064,0
0.06472,0,0.064,0
0.06476,0,0.064,0
0.0648,0,0.064,0
0.06484,0,0.064,0
0.06488,0,0.064,0
0.06492,0,0.064,0
0.06496,0,0.064,0
0.065,0,0.064,0
0.065,0,0.065,0
0.06501,0,0.065,0
0.06501,0,0.065,0
0.06504,0,0.065,0
0.06508,0,0.065,0
0.06512,0,0.065,0
0.06516,0,0.065,0
0.0652,0,0.065,0
0.06524,0,0.065,0
0.06528,0,0.065,0
0.06532,0,0.065,0
0.06536,0,0.065,0
0.0654,0,0.065,0
0.06544,0,0.065,0
0.06548,0,0.065,0
0.06552,0,0.065,0
0.06556,0,0.065,0
0.0656,0,0.065,0
0.06564,0,0.065,0
0.06568,0,0.065,0
0.06572,0,0.065,0
0.06576,0,0.065,0
0.0658,0,0.065,0
0.06584,0,0.065,0
0.06588,0,0.065,0
0.06592,0,0.065,0
0.06596,0,0.065,0
0.066,0,0.065,0
0.066,0,0.066,0
0.06601,0,0.066,0
0.06601,0,0.066,0
0.06604,0,0.066,0
0.06608,0,0.066,0
0.06612,0,0.066,0
0.06616,0,0.066,0
0.0662,0,0.066,0
0.06624,0,0.066,0
0.06628,0,0.066,0
0.06632,0,0.066,0
0.06636,0,0.066,0
0.0664,0,0.066,0
0.06644,0,0.066,0
0.06648,0,0.066,0
0.06652,0,0.066,0
0.06656,0,0.066,0
0.0666,0,0.066,0
0.06664,0,0.066,0
0.06668,0,0.066,0
0.06672,0,0.066,0
0.06676,0,0.066,0
0.0668,0,0.066,0
0.06684,0,0.066,0
0.06688,0,0.066,0
0.06692,0,0.066,0
0.06696,0,0.066,0
0.067,0,0.066,0
0.067,0,0.067,0
0.06701,0,0.067,0
0.06701,0,0.067,0
0.06704,0,0.067,0
0.06708,0,0.067,0
0.06712,0,0.067,0
0.06716,0,0.067,0
0.0672,0,0.067,0
0.06724,0,0.067,0
0.06728,0,0.067,0
0.06732,0,0.067,0
0.06736,0,0.067,0
0.0674,0,0.067,0
0.06744,0,0.067,0
0.06748,0,0.067,0
0.06752,0,0.067,0
0.06756,0,0.067,0
0.0676,0,0.067,0
0.06764,0,0.067,0
0.06768,0,0.067,0
0.06772,0,0.067,0
0.06776,0,0.067,0
0.0678,0,0.067,0
0.06784,0,0.067,0
0.06788,0,0.067,0
0.06792,0,0.067,0
0.06796,0,0.067,0
0.068,0,0.067,0
0.068,0,0.068,0
0.06801,0,0.068,0
0.06801,0,0.068,0
0.06804,0,0.068,0
0.06808,0,0.068,0
0.06812,0,0.068,0
0.06816,0,0.068,0
0.0682,0,0.068,0
0.06824,0,0.068,0
0.06828,0,0.068,0
0.06832,0,0.068,0
0.06836,0,0.068,0
0.0684,0,0.068,0
0.06844,0,0.068,0
0.06848,0,0.068,0
0.06852,0,0.068,0
0.06856,0,0.068,0
0.0686,0,0.068,0
0.06864,0,0.068,0
0.06868,0,0.068,0
0.06872,0,0.068,0
0.06876,0,0.068,0
0.0688,0,0.068,0
0.06884,0,0.068,0
0.06888,0,0.068,0
0.06892,0,0.068,0
0.06896,0,0.068,0
0.069,0,0.068,0
0.069,0,0.069,0
0.06901,0,0.069,0
0.06901,0,0.069,0
0.06904,0,0.069,0
0.06908,0,0.069,0
0.06912,0,0.069,0
0.06916,0,0.069,0
0.0692,0,0.069,0
0.06924,0,0.069,0
0.06928,0,0.069,0
0.06932,0,0.069,0
0.06936,0,0.069,0
0.0694,0,0.069,0
0.06944,0,0.069,0
0.06948,0,0.069,0
0.06952,0,0.069,0
0.06956,0,0.069,0
0.0696,0,0.069,0
0.06964,0,0.069,0
0.06968,0,0.069,0
0.06972,0,0.069,0
0.06976,0,0.069,0
0.0698,0,0.069,0
0.06984,0,0.069,0
0.06988,0,0.069,0
0.06992,0,0.069,0
0.06996,0,0.069,0
0.07,0,0.069,0
0.07,0,0.07,0
0.07001,0,0.07,0
0.07001,0,0.07,0
0.07004,0,0.07,0
0.07008,0,0.07,0
0.07012,0,0.07,0
0.07016,0,0.07,0
0.0702,0,0.07,0
0.07024,0,0.07,0
0.07028,0,0.07,0
0.07032,0,0.07,0
0.07036,0,0.07,0
0.0704,0,0.07,0
0.07044,0,0.07,0
0.07048,0,0.07,0
0.07052,0,0.07,0
0.07056,0,0.07,0
0.0706,0,0.07,0
0.07064,0,0.07,0
0.07068,0,0.07,0
0.07072,0,0.07,0
0.07076,0,0.07,0
0.0708,0,0.07,0
0.07084,0,0.07,0
0.07088,0,0.07,0
0.07092,0,0.07,0
0.07096,0,0.07,0
0.071,0,0.07,0
0.071,0,0.071,0
0.07101,0,0.071,0
0.07101,0,0.071,0
0.07104,0,0.071,0
0.07108,0,0.071,0
0.07112,0,0.071,0
0.07116,0,0.071,0
0.0712,0,0.071,0
0.07124,0,0.071,0
0.07128,0,0.071,0
0.07132,0,0.071,0
0.07136,0,0.071,0
0.0714,0,0.071,0
0.07144,0,0.071,0
0.07148,0,0.071,0
0.07152,0,0.071,0
0.07156,0,0.071,0
0.0716,0,0.071,0
0.07164,0,0.071,0
0.07168,0,0.071,0
0.07172,0,0.071,0
0.07176,0,0.071,0
0.0718,0,0.071,0
0.07184,0,0.071,0
0.07188,0,0.071,0
0.07192,0,0.071,0
0.07196,0,0.071,0
0.072,0,0.071,0
0.072,0,0.072,0
0.07201,0,0.072,0
0.07201,0,0.072,0
0.07204,0,0.072,0
0.07208,0,0.072,0
0.07212,0,0.072,0
0.07216,0,0.072,0
0.0722,0,0.072,0
0.07224,0,0.072,0
0.07228,0,0.072,0
0.07232,0,0.072,0
0.07236,0,0.072,0
0.0724,0,0.072,0
0.07244,0,0.072,0
0.07248,0,0.072,0
0.07252,0,0.072,0
0.07256,0,0.072,0
0.0726,0,0.072,0
0.07264,0,0.072,0
0.07268,0,0.072,0
0.07272,0,0.072,0
0.07276,0,0.072,0
0.0728,0,0.072,0
0.07284,0,0.072,0
0.07288,0,0.072,0
0.07292,0,0.072,0
0.07296,0,0.072,0
0.073,0,0.072,0
0.073,0,0.073,0
0.07301,0,0.073,0
0.07301,0,0.073,0
0.07304,0,0.073,0
0.07308,0,0.073,0
0.07312,0,0.073,0
0.07316,0,0.073,0
0.0732,0,0.073,0
0.07324,0,0.073,0
0.07328,0,0.073,0
0.07332,0,0.073,0
0.07336,0,0.073,0
0.0734,0,0.073,0
0.07344,0,0.073,0
0.07348,0,0.073,0
0.07352,0,0.073,0
0.07356,0,0.073,0
0.0736,0,0.073,0
0.07364,0,0.073,0
0.07368,0,0.073,0
0.07372,0,0.073,0
0.07376,0,0.073,0
0.0738,0,0.073,0
0.07384,0,0.073,0
0.07388,0,0.073,0
0.07392,0,0.073,0
0.07396,0,0.073,0
0.074,0,0.073,0
0.074,0,0.074,0
0.07401,0,0.074,0
0.07401,0,0.074,0
0.07404,0,0.074,0
0.07408,0,0.074,0
0.07412,0,0.074,0
0.07416,0,0.074,0
0.0742,0,0.074,0
0.07424,0,0.074,0
0.07428,0,0.074,0
0.07432,0,0.074,0
0.07436,0,0.074,0
0.0744,0,0.074,0
0.07444,0,0.074,0
0.07448,0,0.074,0
0.07452,0,0.074,0
0.07456,0,0.074,0
0.0746,0,0.074,0
0.07464,0,0.074,0
0.07468,0,0.074,0
0.07472,0,0.074,0
0.07476,0,0.074,0
0.0748,0,0.074,0
0.07484,0,0.074,0
0.07488,0,0.074,0
0.07492,0,0.074,0
0.07496,0,0.074,0
0.075,0,0.074,0
0.075,0,0.075,0
0.07501,0,0.075,0
0.07501,0,0.075,0
0.07504,0,0.075,0
0.07508,0,0.075,0
0.07512,0,0.075,0
0.07516,0,0.075,0
0.0752,0,0.075,0
0.07524,0,0.075,0
0.07528,0,0.075,0
0.07532,0,0.075,0
0.07536,0,0.075,0
0.0754,0,0.075,0
0.07544,0,0.075,0
0.07548,0,0.075,0
0.07552,0,0.075,0
0.07556,0,0.075,0
0.0756,0,0.075,0
0.07564,0,0.075,0
0.07568,0,0.075,0
0.07572,0,0.075,0
0.07576,0,0.075,0
0.0758,0,0.075,0
0.07584,0,0.075,0
0.07588,0,0.075,0
0.07592,0,0.075,0
0.07596,0,0.075,0
0.076,0,0.075,0
0.076,0,0.076,0
0.07601,0,0.076,0
0.07601,0,0.076,0
0.07604,0,0.076,0
0.07608,0,0.076,0
0.07612,0,0.076,0
0.07616,0,0.076,0
0.0762,0,0.076,0
0.07624,0,0.076,0
0.07628,0,0.076,0
0.07632,0,0.076,0
0.07636,0,0.076,0
0.0764,0,0.076,0
0.07644,0,0.076,0
0.07648,0,0.076,0
0.07652,0,0.076,0
0.07656,0,0.076,0
0.0766,0,0.076,0
0.07664,0,0.076,0
0.07668,0,0.076,0
0.07672,0,0.076,0
0.07676,0,0.076,0
0.0768,0,0.076,0
0.07684,0,0.076,0
0.07688,0,0.076,0
0.07692,0,0.076,0
0.07696,0,0.076,0
0.077,0,0.076,0
0.077,0,0.077,0
0.07701,0,0.077,0
0.07701,0,0.077,0
0.07704,0,0.077,0
0.07708,0,0.077,0
0.07712,0,0.077,0
0.07716,0,0.077,0
0.0772,0,0.077,0
0.07724,0,0.077,0
0.07728,0,0.077,0
0.07732,0,0.077,0
0.07736,0,0.077,0
0.0774,0,0.077,0
0.07744,0,0.077,0
0.07748,0,0.077,0
0.07752,0,0.077,0
0.07756,0,0.077,0
0.0776,0,0.077,0
0.07764,0,0.077,0
0.07768,0,0.077,0
0.07772,0,0.077,0
0.07776,0,0.077,0
0.0778,0,0.077,0
0.07784,0,0.077,0
0.07788,0,0.077,0
0.07792,0,0.077,0
0.07796,0,0.077,0
0.078,0,0.077,0
0.078,0,0.078,0
0.07801,0,0.078,0
0.07801,0,0.078,0
0.07804,0,0.078,0
0.07808,0,0.078,0
0.07812,0,0.078,0
0.07816,0,0.078,0
0.0782,0,0.078,0
0.07824,0,0.078,0
0.07828,0,0.078,0
0.07832,0,0.078,0
0.07836,0,0.078,0
0.0784,0,0.078,0
0.07844,0,0.078,0
0.07848,0,0.078,0
0.07852,0,0.078,0
0.07856,0,0.078,0
0.0786,0,0.078,0
0.07864,0,0.078,0
0.07868,0,0.078,0
0.07872,0,0.078,0
0.07876,0,0.078,0
0.0788,0,0.078,0
0.07884,0,0.078,0
0.07888,0,0.078,0
0.07892,0,0.078,0
0.07896,0,0.078,0
0.079,0,0.078,0
0.079,0,0.079,0
0.07901,0,0.079,0
0.07901,0,0.079,0
0.07904,0,0.079,0
0.07908,0,0.079,0
0.07912,0,0.079,0
0.07916,0,0.079,0
0.0792,0,0.079,0
0.07924,0,0.079,0
0.07928,0,0.079,0
0.07932,0,0.079,0
0.07936,0,0.079,0
0.0794,0,0.079,0
0.07944,0,0.079,0
0.07948,0,0.079,0
0.07952,0,0.079,0
0.07956,0,0.079,0
0.0796,0,0.079,0
0.07964,0,0.079,0
0.07968,0,0.079,0
0.07972,0,0.079,0
0.07976,0,0.079,0
0.0798,0,0.079,0
0.07984,0,0.079,0
0.07988,0,0.079,0
0.07992,0,0.079,0
0.07996,0,0.079,0
0.08,0,0.079,0
0.08,0,0.08,0
0.08001,0,0.08,0
0.08001,0,0.08,0
0.08004,0,0.08,0
0.08008,0,0.08,0
0.08012,0,0.08,0
0.08016,0,0.08,0
0.0802,0,0.08,0
0.08024,0,0.08,0
0.08028,0,0.08,0
0.08032,0,0.08,0
0.08036,0,0.08,0
0.0804,0,0.08,0
0.08044,0,0.08,0
0.08048,0,0.08,0
0.08052,0,0.08,0
0.08056,0,0.08,0
0.0806,0,0.08,0
0.08064,0,0.08,0
0.08068,0,0.08,0
0.08072,0,0.08,0
0.08076,0,0.08,0
0.0808,0,0.08,0
0.08084,0,0.08,0
0.08088,0,0.08,0
0.08092,0,0.08,0
0.08096,0,0.08,0
0.081,0,0.08,0
0.081,0,0.081,0
0.08101,0,0.081,0
0.08101,0,0.081,0
0.08104,0,0.081,0
0.08108,0,0.081,0
0.08112,0,0.081,0
0.08116,0,0.081,0
0.0812,0,0.081,0
0.08124,0,0.081,0
0.08128,0,0.081,0
0.08132,0,0.081,0
0.08136,0,0.081,0
0.0814,0,0.081,0
0.08144,0,0.081,0
0.08148,0,0.081,0
0.08152,0,0.081,0
0.08156,0,0.081,0
0.0816,0,0.081,0
0.08164,0,0.081,0
0.08168,0,0.081,0
0.08172,0,0.081,0
0.08176,0,0.081,0
0.0818,0,0.081,0
0.08184,0,0.081,0
0.08188,0,0.081,0
0.08192,0,0.081,0
0.08196,0,0.081,0
0.082,0,0.081,0
0.082,0,0.082,0
0.08201,0,0.082,0
0.08201,0,0.082,0
0.08204,0,0.082,0
0.08208,0,0.082,0
0.08212,0,0.082,0
0.08216,0,0.082,0
0.0822,0,0.082,0
0.08224,0,0.082,0
0.08228,0,0.082,0
0.08232,0,0.082,0
0.08236,0,0.082,0
0.0824,0,0.082,0
0.08244,0,0.082,0
0.08248,0,0.082,0
0.08252,0,0.082,0
0.08256,0,0.082,0
0.0826,0,0.082,0
0.08264,0,0.082,0
0.08268,0,0.082,0
0.08272,0,0.082,0
0.08276,0,0.082,0
0.0828,0,0.082,0
0.08284,0,0.082,0
0.08288,0,0.082,0
0.08292,0,0.082,0
0.08296,0,0.082,0
0.083,0,0.082,0
0.083,0,0.083,0
0.08301,0,0.083,0
0.08301,0,0.083,0
0.08304,0,0.083,0
0.08308,0,0.083,0
0.08312,0,0.083,0
0.08316,0,0.083,0
0.0832,0,0.083,0
0.08324,0,0.083,0
0.08328,0,0.083,0
0.08332,0,0.083,0
0.08336,0,0.083,0
0.0834,0,0.083,0
0.08344,0,0.083,0
0.08348,0,0.083,0
0.08352,0,0.083,0
0.08356,0,0.083,0
0.0836,0,0.083,0
0.08364,0,0.083,0
0.08368,0,0.083,0
0.08372,0,0.083,0
0.08376,0,0.083,0
0.0838,0,0.083,0
0.08384,0,0.083,0
0.08388,0,0.083,0
0.08392,0,0.083,0
0.08396,0,0.083,0
0.084,0,0.083,0
0.084,0,0.084,0
0.08401,0,0.084,0
0.08401,0,0.084,0
0.08404,0,0.084,0
0.08408,0,0.084,0
0.08412,0,0.084,0
0.08416,0,0.084,0
0.0842,0,0.084,0
0.08424,0,0.084,0
0.08428,0,0.084,0
0.08432,0,0.084,0
0.08436,0,0.084,0
0.0844,0,0.084,0
0.08444,0,0.084,0
0.08448,0,0.084,0
0.08452,0,0.084,0
0.08456,0,0.084,0
0.0846,0,0.084,0
0.08464,0,0.084,0
0.08468,0,0.084,0
0.08472,0,0.084,0
0.08476,0,0.084,0
0.0848,0,0.084,0
0.08484,0,0.084,0
0.08488,0,0.084,0
0.08492,0,0.084,0
0.08496,0,0.084,0
0.085,0,0.084,0
0.085,0,0.085,0
0.08501,0,0.085,0
0.08501,0,0.085,0
0.08504,0,0.085,0
0.08508,0,0.085,0
0.08512,0,0.085,0
0.08516,0,0.085,0
0.0852,0,0.085,0
0.08524,0,0.085,0
0.08528,0,0.085,0
0.08532,0,0.085,0
0.08536,0,0.085,0
0.0854,0,0.085,0
0.08544,0,0.085,0
0.08548,0,0.085,0
0.08552,0,0.085,0
0.08556,0,0.085,0
0.0856,0,0.085,0
0.08564,0,0.085,0
0.08568,0,0.085,0
0.08572,0,0.085,0
0.08576,0,0.085,0
0.0858,0,0.085,0
0.08584,0,0.085,0
0.08588,0,0.085,0
0.08592,0,0.085,0
0.08596,0,0.085,0
0.086,0,0.085,0
0.086,0,0.086,0
0.08601,0,0.086,0
0.08601,0,0.086,0
0.08604,0,0.086,0
0.08608,0,0.086,0
0.08612,0,0.086,0
0.08616,0,0.086,0
0.0862,0,0.086,0
0.08624,0,0.086,0
0.08628,0,0.086,0
0.08632,0,0.086,0
0.08636,0,0.086,0
0.0864,0,0.086,0
0.08644,0,0.086,0
0.08648,0,0.086,0
0.08652,0,0.086,0
0.08656,0,0.086,0
0.0866,0,0.086,0
0.08664,0,0.086,0
0.08668,0,0.086,0
0.08672,0,0.086,0
0.08676,0,0.086,0
0.0868,0,0.086,0
0.08684,0,0.086,0
0.08688,0,0.086,0
0.08692,0,0.086,0
0.08696,0,0.086,0
0.087,0,0.086,0
0.087,0,0.087,0
0.08701,0,0.087,0
0.08701,0,0.087,0
0.08704,0,0.087,0
0.08708,0,0.087,0
0.08712,0,0.087,0
0.08716,0,0.087,0
0.0872,0,0.087,0
0.08724,0,0.087,0
0.08728,0,0.087,0
0.08732,0,0.087,0
0.08736,0,0.087,0
0.0874,0,0.087,0
0.08744,0,0.087,0
0.08748,0,0.087,0
0.08752,0,0.087,0
0.08756,0,0.087,0
0.0876,0,0.087,0
0.08764,0,0.087,0
0.08768,0,0.087,0
0.08772,0,0.087,0
0.08776,0,0.087,0
0.0878,0,0.087,0
0.08784,0,0.087,0
0.08788,0,0.087,0
0.08792,0,0.087,0
0.08796,0,0.087,0
0.088,0,0.087,0
0.088,0,0.088,0
0.08801,0,0.088,0
0.08801,0,0.088,0
0.08804,0,0.088,0
0.08808,0,0.088,0
0.08812,0,0.088,0
0.08816,0,0.088,0
0.0882,0,0.088,0
0.08824,0,0.088,0
0.08828,0,0.088,0
0.08832,0,0.088,0
0.08836,0,0.088,0
0.0884,0,0.088,0
0.08844,0,0.088,0
0.08848,0,0.088,0
0.08852,0,0.088,0
0.08856,0,0.088,0
0.0886,0,0.088,0
0.08864,0,0.088,0
0.08868,0,0.088,0
0.08872,0,0.088,0
0.08876,0,0.088,0
0.0888,0,0.088,0
0.08884,0,0.088,0
0.08888,0,0.088,0
0.08892,0,0.088,0
0.08896,0,0.088,0
0.089,0,0.088,0
0.089,0,0.089,0
0.08901,0,0.089,0
0.08901,0,0.089,0
0.08904,0,0.089,0
0.08908,0,0.089,0
0.08912,0,0.089,0
0.08916,0,0.089,0
0.0892,0,0.089,0
0.08924,0,0.089,0
0.08928,0,0.089,0
0.08932,0,0.089,0
0.08936,0,0.089,0
0.0894,0,0.089,0
0.08944,0,0.089,0
0.08948,0,0.089,0
0.08952,0,0.089,0
0.08956,0,0.089,0
0.0896,0,0.089,0
0.08964,0,0.089,0
0.08968,0,0.089,0
0.08972,0,0.089,0
0.08976,0,0.089,0
0.0898,0,0.089,0
0.08984,0,0.089,0
0.08988,0,0.089,0
0.08992,0,0.089,0
0.08996,0,0.089,0
0.09,0,0.089,0
0.09,0,0.09,0
0.09001,0,0.09,0
0.09001,0,0.09,0
0.09004,0,0.09,0
0.09008,0,0.09,0
0.09012,0,0.09,0
0.09016,0,0.09,0
0.0902,0,0.09,0
0.09024,0,0.09,0
0.09028,0,0.09,0
0.09032,0,0.09,0
0.09036,0,0.09,0
0.0904,0,0.09,0
0.09044,0,0.09,0
0.09048,0,0.09,0
0.09052,0,0.09,0
0.09056,0,0.09,0
0.0906,0,0.09,0
0.09064,0,0.09,0
0.09068,0,0.09,0
0.09072,0,0.09,0
0.09076,0,0.09,0
0.0908,0,0.09,0
0.09084,0,0.09,0
0.09088,0,0.09,0
0.09092,0,0.09,0
0.09096,0,0.09,0
0.091,0,0.09,0
0.091,0,0.091,0
0.09101,0,0.091,0
0.09101,0,0.091,0
0.09104,0,0.091,0
0.09108,0,0.091,0
0.09112,0,0.091,0
0.09116,0,0.091,0
0.0912,0,0.091,0
0.09124,0,0.091,0
0.09128,0,0.091,0
0.09132,0,0.091,0
0.09136,0,0.091,0
0.0914,0,0.091,0
0.09144,0,0.091,0
0.09148,0,0.091,0
0.09152,0,0.091,0
0.09156,0,0.091,0
0.0916,0,0.091,0
0.09164,0,0.091,0
0.09168,0,0.091,0
0.09172,0,0.091,0
0.09176,0,0.091,0
0.0918,0,0.091,0
0.09184,0,0.091,0
0.09188,0,0.091,0
0.09192,0,0.091,0
0.09196,0,0.091,0
0.092,0,0.091,0
0.092,0,0.092,0
0.09201,0,0.092,0
0.09201,0,0.092,0
0.09204,0,0.092,0
0.09208,0,0.092,0
0.09212,0,0.092,0
0.09216,0,0.092,0
0.0922,0,0.092,0
0.09224,0,0.092,0
0.09228,0,0.092,0
0.09232,0,0.092,0
0.09236,0,0.092,0
0.0924,0,0.092,0
0.09244,0,0.092,0
0.09248,0,0.092,0
0.09252,0,0.092,0
0.09256,0,0.092,0
0.0926,0,0.092,0
0.09264,0,0.092,0
0.09268,0,0.092,0
0.09272,0,0.092,0
0.09276,0,0.092,0
0.0928,0,0.092,0
0.09284,0,0.092,0
0.09288,0,0.092,0
0.09292,0,0.092,0
0.09296,0,0.092,0
0.093,0,0.092,0
0.093,0,0.093,0
0.09301,0,0.093,0
0.09301,0,0.093,0
0.09304,0,0.093,0
0.09308,0,0.093,0
0.09312,0,0.093,0
0.09316,0,0.093,0
0.0932,0,0.093,0
0.09324,0,0.093,0
0.09328,0,0.093,0
0.09332,0,0.093,0
0.09336,0,0.093,0
0.0934,0,0.093,0
0.09344,0,0.093,0
0.09348,0,0.093,0
0.09352,0,0.093,0
0.09356,0,0.093,0
0.0936,0,0.093,0
0.09364,0,0.093,0
0.09368,0,0.093,0
0.09372,0,0.093,0
0.09376,0,0.093,0
0.0938,0,0.093,0
0.09384,0,0.093,0
0.09388,0,0.093,0
0.09392,0,0.093,0
0.09396,0,0.093,0
0.094,0,0.093,0
0.094,0,0.094,0
0.09401,0,0.094,0
0.09401,0,0.094,0
0.09404,0,0.094,0
0.09408,0,0.094,0
0.09412,0,0.094,0
0.09416,0,0.094,0
0.0942,0,0.094,0
0.09424,0,0.094,0
0.09428,0,0.094,0
0.09432,0,0.094,0
0.09436,0,0.094,0
0.0944,0,0.094,0
0.09444,0,0.094,0
0.09448,0,0.094,0
0.09452,0,0.094,0
0.09456,0,0.094,0
0.0946,0,0.094,0
0.09464,0,0.094,0
0.09468,0,0.094,0
0.09472,0,0.094,0
0.09476,0,0.094,0
0.0948,0,0.094,0
0.09484,0,0.094,0
0.09488,0,0.094,0
0.09492,0,0.094,0
0.09496,0,0.094,0
0.095,0,0.094,0
0.095,0,0.095,0
0.09501,0,0.095,0
0.09501,0,0.095,0
0.09504,0,0.095,0
0.09508,0,0.095,0
0.09512,0,0.095,0
0.09516,0,0.095,0
0.0952,0,0.095,0
0.09524,0,0.095,0
0.09528,0,0.095,0
0.09532,0,0.095,0
0.09536,0,0.095,0
0.0954,0,0.095,0
0.09544,0,0.095,0
0.09548,0,0.095,0
0.09552,0,0.095,0
0.09556,0,0.095,0
0.0956,0,0.095,0
0.09564,0,0.095,0
0.09568,0,0.095,0
0.09572,0,0.095,0
0.09576,0,0.095,0
0.0958,0,0.095,0
0.09584,0,0.095,0
0.09588,0,0.095,0
0.09592,0,0.095,0
0.09596,0,0.095,0
0.096,0,0.095,0
0.096,0,0.096,0
0.09601,0,0.096,0
0.09601,0,0.096,0
0.09604,0,0.096,0
0.09608,0,0.096,0
0.09612,0,0.096,0
0.09616,0,0.096,0
0.0962,0,0.096,0
0.09624,0,0.096,0
0.09628,0,0.096,0
0.09632,0,0.096,0
0.09636,0,0.096,0
0.0964,0,0.096,0
0.09644,0,0.096,0
0.09648,0,0.096,0
0.09652,0,0.096,0
0.09656,0,0.096,0
0.0966,0,0.096,0
0.09664,0,0.096,0
0.09668,0,0.096,0
0.09672,0,0.096,0
0.09676,0,0.096,0
0.0968,0,0.096,0
0.09684,0,0.096,0
0.09688,0,0.096,0
0.09692,0,0.096,0
0.09696,0,0.096,0
0.097,0,0.096,0
0.097,0,0.097,0
0.09701,0,0.097,0
0.09701,0,0.097,0
0.09704,0,0.097,0
0.09708,0,0.097,0
0.09712,0,0.097,0
0.09716,0,0.097,0
0.0972,0,0.097,0
0.09724,0,0.097,0
0.09728,0,0.097,0
0.09732,0,0.097,0
0.09736,0,0.097,0
0.0974,0,0.097,0
0.09744,0,0.097,0
0.09748,0,0.097,0
0.09752,0,0.097,0
0.09756,0,0.097,0
0.0976,0,0.097,0
0.09764,0,0.097,0
0.09768,0,0.097,0
0.09772,0,0.097,0
0.09776,0,0.097,0
0.0978,0,0.097,0
0.09784,0,0.097,0
0.09788,0,0.097,0
0.09792,0,0.097,0
0.09796,0,0.097,0
0.098,0,0.097,0
0.098,0,0.098,0
0.09801,0,0.098,0
0.09801,0,0.098,0
0.09804,0,0.098,0
0.09808,0,0.098,0
0.09812,0,0.098,0
0.09816,0,0.098,0
0.0982,0,0.098,0
0.09824,0,0.098,0
0.09828,0,0.098,0
0.09832,0,0.098,0
0.09836,0,0.098,0
0.0984,0,0.098,0
0.09844,0,0.098,0
0.09848,0,0.098,0
0.09852,0,0.098,0
0.09856,0,0.098,0
0.0986,0,0.098,0
0.09864,0,0.098,0
0.09868,0,0.098,0
0.09872,0,0.098,0
0.09876,0,0.098,0
0.0988,0,0.098,0
0.09884,0,0.098,0
0.09888,0,0.098,0
0.09892,0,0.098,0
0.09896,0,0.098,0
0.099,0,0.098,0
0.099,0,0.099,0
0.09901,0,0.099,0
0.09901,0,0.099,0
0.09904,0,0.099,0
0.09908,0,0.099,0
0.09912,0,0.099,0
0.09916,0,0.099,0
0.0992,0,0.099,0
0.09924,0,0.099,0
0.09928,0,0.099,0
0.09932,0,0.099,0
0.09936,0,0.099,0
0.0994,0,0.099,0
0.09944,0,0.099,0
0.09948,0,0.099,0
0.09952,0,0.099,0
0.09956,0,0.099,0
0.0996,0,0.099,0
0.09964,0,0.099,0
0.09968,0,0.099,0
0.09972,0,0.099,0
0.09976,0,0.099,0
0.0998,0,0.099,0
0.09984,0,0.099,0
0.09988,0,0.099,0
0.09992,0,0.099,0
0.09996,0,0.099,0
0.1,0,0.099,0
0.1,0,0.1,0
0.10001,0,0.1,0
0.10001,0,0.1,0
0.10004,0,0.1,0
0.10008,0,0.1,0
0.10012,0,0.1,0
0.10016,0,0.1,0
0.1002,0,0.1,0
0.10024,0,0.1,0
0.10028,0,0.1,0
0.10032,0,0.1,0
0.10036,0,0.1,0
0.1004,0,0.1,0
0.10044,0,0.1,0
0.10048,0,0.1,0
0.10052,0,0.1,0
0.10056,0,0.1,0
0.1006,0,0.1,0
0.10064,0,0.1,0
0.10068,0,0.1,0
0.10072,0,0.1,0
0.10076,0,0.1,0
0.1008,0,0.1,0
0.10084,0,0.1,0
0.10088,0,0.1,0
0.10092,0,0.1,0
0.10096,0,0.1,0
0.101,0,0.1,0
0.101,0,0.101,0
0.10101,0,0.101,0
0.10101,0,0.101,0
0.10104,0,0.101,0
0.10108,0,0.101,0
0.10112,0,0.101,0
0.10116,0,0.101,0
0.1012,0,0.101,0
0.10124,0,0.101,0
0.10128,0,0.101,0
0.10132,0,0.101,0
0.10136,0,0.101,0
0.1014,0,0.101,0
0.10144,0,0.101,0
0.10148,0,0.101,0
0.10152,0,0.101,0
0.10156,0,0.101,0
0.1016,0,0.101,0
0.10164,0,0.101,0
0.10168,0,0.101,0
0.10172,0,0.101,0
0.10176,0,0.101,0
0.1018,0,0.101,0
0.10184,0,0.101,0
0.10188,0,0.101,0
0.10192,0,0.101,0
0.10196,0,0.101,0
0.102,0,0.101,0
0.102,0,0.102,0
0.10201,0,0.102,0
0.10201,0,0.102,0
0.10204,0,0.102,0
0.10208,0,0.102,0
0.10212,0,0.102,0
0.10216,0,0.102,0
0.1022,0,0.102,0
0.10224,0,0.102,0
0.10228,0,0.102,0
0.10232,0,0.102,0
0.10236,0,0.102,0
0.1024,0,0.102,0
0.10244,0,0.102,0
0.10248,0,0.102,0
0.10252,0,0.102,0
0.10256,0,0.102,0
0.1026,0,0.102,0
0.10264,0,0.102,0
0.10268,0,0.102,0
0.10272,0,0.102,0
0.10276,0,0.102,0
0.1028,0,0.102,0
0.10284,0,0.102,0
0.10288,0,0.102,0
0.10292,0,0.102,0
0.10296,0,0.102,0
0.103,0,0.102,0
0.103,0,0.103,0
0.10301,0,0.103,0
0.10301,0,0.103,0
0.10304,0,0.103,0
0.10308,0,0.103,0
0.10312,0,0.103,0
0.10316,0,0.103,0
0.1032,0,0.103,0
0.10324,0,0.103,0
0.10328,0,0.103,0
0.10332,0,0.103,0
0.10336,0,0.103,0
0.1034,0,0.103,0
0.10344,0,0.103,0
0.10348,0,0.103,0
0.10352,0,0.103,0
0.10356,0,0.103,0
0.1036,0,0.103,0
0.10364,0,0.103,0
0.10368,0,0.103,0
0.10372,0,0.103,0
0.10376,0,0.103,0
0.1038,0,0.103,0
0.10384,0,0.103,0
0.10388,0,0.103,0
0.10392,0,0.103,0
0.10396,0,0.103,0
0.104,0,0.103,0
0.104,0,0.104,0
0.10401,0,0.104,0
0.10401,0,0.104,0
0.10404,0,0.104,0
0.10408,0,0.104,0
0.10412,0,0.104,0
0.10416,0,0.104,0
0.1042,0,0.104,0
0.10424,0,0.104,0
0.10428,0,0.104,0
0.10432,0,0.104,0
0.10436,0,0.104,0
0.1044,0,0.104,0
0.10444,0,0.104,0
0.10448,0,0.104,0
0.10452,0,0.104,0
0.10456,0,0.104,0
0.1046,0,0.104,0
0.10464,0,0.104,0
0.10468,0,0.104,0
0.10472,0,0.104,0
0.10476,0,0.104,0
0.1048,0,0.104,0
0.10484,0,0.104,0
0.10488,0,0.104,0
0.10492,0,0.104,0
0.10496,0,0.104,0
0.105,0,0.104,0
0.105,0,0.105,0
0.10501,0,0.105,0
0.10501,0,0.105,0
0.10504,0,0.105,0
0.10508,0,0.105,0
0.10512,0,0.105,0
0.10516,0,0.105,0
0.1052,0,0.105,0
0.10524,0,0.105,0
0.10528,0,0.105,0
0.10532,0,0.105,0
0.10536,0,0.105,0
0.1054,0,0.105,0
0.10544,0,0.105,0
0.10548,0,0.105,0
0.10552,0,0.105,0
0.10556,0,0.105,0
0.1056,0,0.105,0
0.10564,0,0.105,0
0.10568,0,0.105,0
0.10572,0,0.105,0
0.10576,0,0.105,0
0.1058,0,0.105,0
0.10584,0,0.105,0
0.10588,0,0.105,0
0.10592,0,0.105,0
0.10596,0,0.105,0
0.106,0,0.105,0
0.106,0,0.106,0
0.10601,0,0.106,0
0.10601,0,0.106,0
0.10604,0,0.106,0
0.10608,0,0.106,0
0.10612,0,0.106,0
0.10616,0,0.106,0
0.1062,0,0.106,0
0.10624,0,0.106,0
0.10628,0,0.106,0
0.10632,0,0.106,0
0.10636,0,0.106,0
0.1064,0,0.106,0
0.10644,0,0.106,0
0.10648,0,0.106,0
0.10652,0,0.106,0
0.10656,0,0.106,0
0.1066,0,0.106,0
0.10664,0,0.106,0
0.10668,0,0.106,0
0.10672,0,0.106,0
0.10676,0,0.106,0
0.1068,0,0.106,0
0.10684,0,0.106,0
0.10688,0,0.106,0
0.10692,0,0.106,0
0.10696,0,0.106,0
0.107,0,0.106,0
0.107,0,0.107,0
0.10701,0,0.107,0
0.10701,0,0.107,0
0.10704,0,0.107,0
0.10708,0,0.107,0
0.10712,0,0.107,0
0.10716,0,0.107,0
0.1072,0,0.107,0
0.10724,0,0.107,0
0.10728,0,0.107,0
0.10732,0,0.107,0
0.10736,0,0.107,0
0.1074,0,0.107,0
0.10744,0,0.107,0
0.10748,0,0.107,0
0.10752,0,0.107,0
0.10756,0,0.107,0
0.1076,0,0.107,0
0.10764,0,0.107,0
0.10768,0,0.107,0
0.10772,0,0.107,0
0.10776,0,0.107,0
0.1078,0,0.107,0
0.10784,0,0.107,0
0.10788,0,0.107,0
0.10792,0,0.107,0
0.10796,0,0.107,0
0.108,0,0.107,0
0.108,0,0.108,0
0.10801,0,0.108,0
0.10801,0,0.108,0
0.10804,0,0.108,0
0.10808,0,0.108,0
0.10812,0,0.108,0
0.10816,0,0.108,0
0.1082,0,0.108,0
0.10824,0,0.108,0
0.10828,0,0.108,0
0.10832,0,0.108,0
0.10836,0,0.108,0
0.1084,0,0.108,0
0.10844,0,0.108,0
0.10848,0,0.108,0
0.10852,0,0.108,0
0.10856,0,0.108,0
0.1086,0,0.108,0
0.10864,0,0.108,0
0.10868,0,0.108,0
0.10872,0,0.108,0
0.10876,0,0.108,0
0.1088,0,0.108,0
0.10884,0,0.108,0
0.10888,0,0.108,0
0.10892,0,0.108,0
0.10896,0,0.108,0
0.109,0,0.108,0
0.109,0,0.109,0
0.10901,0,0.109,0
0.10901,0,0.109,0
0.10904,0,0.109,0
0.10908,0,0.109,0
0.10912,0,0.109,0
0.10916,0,0.109,0
0.1092,0,0.109,0
0.10924,0,0.109,0
0.10928,0,0.109,0
0.10932,0,0.109,0
0.10936,0,0.109,0
0.1094,0,0.109,0
0.10944,0,0.109,0
0.10948,0,0.109,0
0.10952,0,0.109,0
0.10956,0,0.109,0
0.1096,0,0.109,0
0.10964,0,0.109,0
0.10968,0,0.109,0
0.10972,0,0.109,0
0.10976,0,0.109,0
0.1098,0,0.109,0
0.10984,0,0.109,0
0.10988,0,0.109,0
0.10992,0,0.109,0
0.10996,0,0.109,0
0.11,0,0.109,0
0.11,0,0.11,0
0.11001,0,0.11,0
0.11001,0,0.11,0
0.11004,0,0.11,0
0.11008,0,0.11,0
0.11012,0,0.11,0
0.11016,0,0.11,0
0.1102,0,0.11,0
0.11024,0,0.11,0
0.11028,0,0.11,0
0.11032,0,0.11,0
0.11036,0,0.11,0
0.1104,0,0.11,0
0.11044,0,0.11,0
0.11048,0,0.11,0
0.11052,0,0.11,0
0.11056,0,0.11,0
0.1106,0,0.11,0
0.11064,0,0.11,0
0.11068,0,0.11,0
0.11072,0,0.11,0
0.11076,0,0.11,0
0.1108,0,0.11,0
0.11084,0,0.11,0
0.11088,0,0.11,0
0.11092,0,0.11,0
0.11096,0,0.11,0
0.111,0,0.11,0
0.111,0,0.111,0
0.11101,0,0.111,0
0.11101,0,0.111,0
0.11104,0,0.111,0
0.11108,0,0.111,0
0.11112,0,0.111,0
0.11116,0,0.111,0
0.1112,0,0.111,0
0.11124,0,0.111,0
0.11128,0,0.111,0
0.11132,0,0.111,0
0.11136,0,0.111,0
0.1114,0,0.111,0
0.11144,0,0.111,0
0.11148,0,0.111,0
0.11152,0,0.111,0
0.11156,0,0.111,0
0.1116,0,0.111,0
0.11164,0,0.111,0
0.11168,0,0.111,0
0.11172,0,0.111,0
0.11176,0,0.111,0
0.1118,0,0.111,0
0.11184,0,0.111,0
0.11188,0,0.111,0
0.11192,0,0.111,0
0.11196,0,0.111,0
0.112,0,0.111,0
0.112,0,0.112,0
0.11201,0,0.112,0
0.11201,0,0.112,0
0.11204,0,0.112,0
0.11208,0,0.112,0
0.11212,0,0.112,0
0.11216,0,0.112,0
0.1122,0,0.112,0
0.11224,0,0.112,0
0.11228,0,0.112,0
0.11232,0,0.112,0
0.11236,0,0.112,0
0.1124,0,0.112,0
0.11244,0,0.112,0
0.11248,0,0.112,0
0.11252,0,0.112,0
0.11256,0,0.112,0
0.1126,0,0.112,0
0.11264,0,0.112,0
0.11268,0,0.112,0
0.11272,0,0.112,0
0.11276,0,0.112,0
0.1128,0,0.112,0
0.11284,0,0.112,0
0.11288,0,0.112,0
0.11292,0,0.112,0
0.11296,0,0.112,0
0.113,0,0.112,0
0.113,0,0.113,0
0.11301,0,0.113,0
0.11301,0,0.113,0
0.11304,0,0.113,0
0.11308,0,0.113,0
0.11312,0,0.113,0
0.11316,0,0.113,0
0.1132,0,0.113,0
0.11324,0,0.113,0
0.11328,0,0.113,0
0.11332,0,0.113,0
0.11336,0,0.113,0
0.1134,0,0.113,0
0.11344,0,0.113,0
0.11348,0,0.113,0
0.11352,0,0.113,0
0.11356,0,0.113,0
0.1136,0,0.113,0
0.11364,0,0.113,0
0.11368,0,0.113,0
0.11372,0,0.113,0
0.11376,0,0.113,0
0.1138,0,0.113,0
0.11384,0,0.113,0
0.11388,0,0.113,0
0.11392,0,0.113,0
0.11396,0,0.113,0
0.114,0,0.113,0
0.114,0,0.114,0
0.11401,0,0.114,0
0.11401,0,0.114,0
0.11404,0,0.114,0
0.11408,0,0.114,0
0.11412,0,0.114,0
0.11416,0,0.114,0
0.1142,0,0.114,0
0.11424,0,0.114,0
0.11428,0,0.114,0
0.11432,0,0.114,0
0.11436,0,0.114,0
0.1144,0,0.114,0
0.11444,0,0.114,0
0.11448,0,0.114,0
0.11452,0,0.114,0
0.11456,0,0.114,0
0.1146,0,0.114,0
0.11464,0,0.114,0
0.11468,0,0.114,0
0.11472,0,0.114,0
0.11476,0,0.114,0
0.1148,0,0.114,0
0.11484,0,0.114,0
0.11488,0,0.114,0
0.11492,0,0.114,0
0.11496,0,0.114,0
0.115,0,0.114,0
0.115,0,0.115,0
0.11501,0,0.115,0
0.11501,0,0.115,0
0.11504,0,0.115,0
0.11508,0,0.115,0
0.11512,0,0.115,0
0.11516,0,0.115,0
0.1152,0,0.115,0
0.11524,0,0.115,0
0.11528,0,0.115,0
0.11532,0,0.115,0
0.11536,0,0.115,0
0.1154,0,0.115,0
0.11544,0,0.115,0
0.11548,0,0.115,0
0.11552,0,0.115,0
0.11556,0,0.115,0
0.1156,0,0.115,0
0.11564,0,0.115,0
0.11568,0,0.115,0
0.11572,0,0.115,0
0.11576,0,0.115,0
0.1158,0,0.115,0
0.11584,0,0.115,0
0.11588,0,0.115,0
0.11592,0,0.115,0
0.11596,0,0.115,0
0.116,0,0.115,0
0.116,0,0.116,0
0.11601,0,0.116,0
0.11601,0,0.116,0
0.11604,0,0.116,0
0.11608,0,0.116,0
0.11612,0,0.116,0
0.11616,0,0.116,0
0.1162,0,0.116,0
0.11624,0,0.116,0
0.11628,0,0.116,0
0.11632,0,0.116,0
0.11636,0,0.116,0
0.1164,0,0.116,0
0.11644,0,0.116,0
0.11648,0,0.116,0
0.11652,0,0.116,0
0.11656,0,0.116,0
0.1166,0,0.116,0
0.11664,0,0.116,0
0.11668,0,0.116,0
0.11672,0,0.116,0
0.11676,0,0.116,0
0.1168,0,0.116,0
0.11684,0,0.116,0
0.11688,0,0.116,0
0.11692,0,0.116,0
0.11696,0,0.116,0
0.117,0,0.116,0
0.117,0,0.117,0
0.11701,0,0.117,0
0.11701,0,0.117,0
0.11704,0,0.117,0
0.11708,0,0.117,0
0.11712,0,0.117,0
0.11716,0,0.117,0
0.1172,0,0.117,0
0.11724,0,0.117,0
0.11728,0,0.117,0
0.11732,0,0.117,0
0.11736,0,0.117,0
0.1174,0,0.117,0
0.11744,0,0.117,0
0.11748,0,0.117,0
0.11752,0,0.117,0
0.11756,0,0.117,0
0.1176,0,0.117,0
0.11764,0,0.117,0
0.11768,0,0.117,0
0.11772,0,0.117,0
0.11776,0,0.117,0
0.1178,0,0.117,0
0.11784,0,0.117,0
0.11788,0,0.117,0
0.11792,0,0.117,0
0.11796,0,0.117,0
0.118,0,0.117,0
0.118,0,0.118,0
0.11801,0,0.118,0
0.11801,0,0.118,0
0.11804,0,0.118,0
0.11808,0,0.118,0
0.11812,0,0.118,0
0.11816,0,0.118,0
0.1182,0,0.118,0
0.11824,0,0.118,0
0.11828,0,0.118,0
0.11832,0,0.118,0
0.11836,0,0.118,0
0.1184,0,0.118,0
0.11844,0,0.118,0
0.11848,0,0.118,0
0.11852,0,0.118,0
0.11856,0,0.118,0
0.1186,0,0.118,0
0.11864,0,0.118,0
0.11868,0,0.118,0
0.11872,0,0.118,0
0.11876,0,0.118,0
0.1188,0,0.118,0
0.11884,0,0.118,0
0.11888,0,0.118,0
0.11892,0,0.118,0
0.11896,0,0.118,0
0.119,0,0.118,0
0.119,0,0.119,0
0.11901,0,0.119,0
0.11901,0,0.119,0
0.11904,0,0.119,0
0.11908,0,0.119,0
0.11912,0,0.119,0
0.11916,0,0.119,0
0.1192,0,0.119,0
0.11924,0,0.119,0
0.11928,0,0.119,0
0.11932,0,0.119,0
0.11936,0,0.119,0
0.1194,0,0.119,0
0.11944,0,0.119,0
0.11948,0,0.119,0
0.11952,0,0.119,0
0.11956,0,0.119,0
0.1196,0,0.119,0
0.11964,0,0.119,0
0.11968,0,0.119,0
0.11972,0,0.119,0
0.11976,0,0.119,0
0.1198,0,0.119,0
0.11984,0,0.119,0
0.11988,0,0.119,0
0.11992,0,0.119,0
0.11996,0,0.119,0
0.12,0,0.119,0
0.12,0,0.12,0
0.12001,0,0.12,0
0.12001,0,0.12,0
0.12004,0,0.12,0
0.12008,0,0.12,0
0.12012,0,0.12,0
0.12016,0,0.12,0
0.1202,0,0.12,0
0.12024,0,0.12,0
0.12028,0,0.12,0
0.12032,0,0.12,0
0.12036,0,0.12,0
0.1204,0,0.12,0
0.12044,0,0.12,0
0.12048,0,0.12,0
0.12052,0,0.12,0
0.12056,0,0.12,0
0.1206,0,0.12,0
0.12064,0,0.12,0
0.12068,0,0.12,0
0.12072,0,0.12,0
0.12076,0,0.12,0
0.1208,0,0.12,0
0.12084,0,0.12,0
0.12088,0,0.12,0
0.12092,0,0.12,0
0.12096,0,0.12,0
0.121,0,0.12,0
0.121,0,0.121,0
0.12101,0,0.121,0
0.12101,0,0.121,0
0.12104,0,0.121,0
0.12108,0,0.121,0
0.12112,0,0.121,0
0.12116,0,0.121,0
0.1212,0,0.121,0
0.12124,0,0.121,0
0.12128,0,0.121,0
0.12132,0,0.121,0
0.12136,0,0.121,0
0.1214,0,0.121,0
0.12144,0,0.121,0
0.12148,0,0.121,0
0.12152,0,0.121,0
0.12156,0,0.121,0
0.1216,0,0.121,0
0.12164,0,0.121,0
0.12168,0,0.121,0
0.12172,0,0.121,0
0.12176,0,0.121,0
0.1218,0,0.121,0
0.12184,0,0.121,0
0.12188,0,0.121,0
0.12192,0,0.121,0
0.12196,0,0.121,0
0.122,0,0.121,0
0.122,0,0.122,0
0.12201,0,0.122,0
0.12201,0,0.122,0
0.12204,0,0.122,0
0.12208,0,0.122,0
0.12212,0,0.122,0
0.12216,0,0.122,0
0.1222,0,0.122,0
0.12224,0,0.122,0
0.12228,0,0.122,0
0.12232,0,0.122,0
0.12236,0,0.122,0
0.1224,0,0.122,0
0.12244,0,0.122,0
0.12248,0,0.122,0
0.12252,0,0.122,0
0.12256,0,0.122,0
0.1226,0,0.122,0
0.12264,0,0.122,0
0.12268,0,0.122,0
0.12272,0,0.122,0
0.12276,0,0.122,0
0.1228,0,0.122,0
0.12284,0,0.122,0
0.12288,0,0.122,0
0.12292,0,0.122,0
0.12296,0,0.122,0
0.123,0,0.122,0
0.123,0,0.123,0
0.12301,0,0.123,0
0.12301,0,0.123,0
0.12304,0,0.123,0
0.12308,0,0.123,0
0.12312,0,0.123,0
0.12316,0,0.123,0
0.1232,0,0.123,0
0.12324,0,0.123,0
0.12328,0,0.123,0
0.12332,0,0.123,0
0.12336,0,0.123,0
0.1234,0,0.123,0
0.12344,0,0.123,0
0.12348,0,0.123,0
0.12352,0,0.123,0
0.12356,0,0.123,0
0.1236,0,0.123,0
0.12364,0,0.123,0
0.12368,0,0.123,0
0.12372,0,0.123,0
0.12376,0,0.123,0
0.1238,0,0.123,0
0.12384,0,0.123,0
0.12388,0,0.123,0
0.12392,0,0.123,0
0.12396,0,0.123,0
0.124,0,0.123,0
0.124,0,0.124,0
0.12401,0,0.124,0
0.12401,0,0.124,0
0.12404,0,0.124,0
0.12408,0,0.124,0
0.12412,0,0.124,0
0.12416,0,0.124,0
0.1242,0,0.124,0
0.12424,0,0.124,0
0.12428,0,0.124,0
0.12432,0,0.124,0
0.12436,0,0.124,0
0.1244,0,0.124,0
0.12444,0,0.124,0
0.12448,0,0.124,0
0.12452,0,0.124,0
0.12456,0,0.124,0
0.1246,0,0.124,0
0.12464,0,0.124,0
0.12468,0,0.124,0
0.12472,0,0.124,0
0.12476,0,0.124,0
0.1248,0,0.124,0
0.12484,0,0.124,0
0.12488,0,0.124,0
0.12492,0,0.124,0
0.12496,0,0.124,0
0.125,0,0.124,0
0.125,0,0.125,0
0.12501,0,0.125,0
0.12501,0,0.125,0
0.12504,0,0.125,0
0.12508,0,0.125,0
0.12512,0,0.125,0
0.12516,0,0.125,0
0.1252,0,0.125,0
0.12524,0,0.125,0
0.12528,0,0.125,0
0.12532,0,0.125,0
0.12536,0,0.125,0
0.1254,0,0.125,0
0.12544,0,0.125,0
0.12548,0,0.125,0
0.12552,0,0.125,0
0.12556,0,0.125,0
0.1256,0,0.125,0
0.12564,0,0.125,0
0.12568,0,0.125,0
0.12572,0,0.125,0
0.12576,0,0.125,0
0.1258,0,0.125,0
0.12584,0,0.125,0
0.12588,0,0.125,0
0.12592,0,0.125,0
0.12596,0,0.125,0
0.126,0,0.125,0
0.126,0,0.126,0
0.12601,0,0.126,0
0.12601,0,0.126,0
0.12604,0,0.126,0
0.12608,0,0.126,0
0.12612,0,0.126,0
0.12616,0,0.126,0
0.1262,0,0.126,0
0.12624,0,0.126,0
0.12628,0,0.126,0
0.12632,0,0.126,0
0.12636,0,0.126,0
0.1264,0,0.126,0
0.12644,0,0.126,0
0.12648,0,0.126,0
0.12652,0,0.126,0
0.12656,0,0.126,0
0.1266,0,0.126,0
0.12664,0,0.126,0
0.12668,0,0.126,0
0.12672,0,0.126,0
0.12676,0,0.126,0
0.1268,0,0.126,0
0.12684,0,0.126,0
0.12688,0,0.126,0
0.12692,0,0.126,0
0.12696,0,0.126,0
0.127,0,0.126,0
0.127,0,0.127,0
0.12701,0,0.127,0
0.12701,0,0.127,0
0.12704,0,0.127,0
0.12708,0,0.127,0
0.12712,0,0.127,0
0.12716,0,0.127,0
0.1272,0,0.127,0
0.12724,0,0.127,0
0.12728,0,0.127,0
0.12732,0,0.127,0
0.12736,0,0.127,0
0.1274,0,0.127,0
0.12744,0,0.127,0
0.12748,0,0.127,0
0.12752,0,0.127,0
0.12756,0,0.127,0
0.1276,0,0.127,0
0.12764,0,0.127,0
0.12768,0,0.127,0
0.12772,0,0.127,0
0.12776,0,0.127,0
0.1278,0,0.127,0
0.12784,0,0.127,0
0.12788,0,0.127,0
0.12792,0,0.127,0
0.12796,0,0.127,0
0.128,0,0.127,0
0.128,0,0.128,0
0.12801,0,0.128,0
0.12801,0,0.128,0
0.12804,0,0.128,0
0.12808,0,0.128,0
0.12812,0,0.128,0
0.12816,0,0.128,0
0.1282,0,0.128,0
0.12824,0,0.128,0
0.12828,0,0.128,0
0.12832,0,0.128,0
0.12836,0,0.128,0
0.1284,0,0.128,0
0.12844,0,0.128,0
0.12848,0,0.128,0
0.12852,0,0.128,0
0.12856,0,0.128,0
0.1286,0,0.128,0
0.12864,0,0.128,0
0.12868,0,0.128,0
0.12872,0,0.128,0
0.12876,0,0.128,0
0.1288,0,0.128,0
0.12884,0,0.128,0
0.12888,0,0.128,0
0.12892,0,0.128,0
0.12896,0,0.128,0
0.129,0,0.128,0
0.129,0,0.129,0
0.12901,0,0.129,0
0.12901,0,0.129,0
0.12904,0,0.129,0
0.12908,0,0.129,0
0.12912,0,0.129,0
0.12916,0,0.129,0
0.1292,0,0.129,0
0.12924,0,0.129,0
0.12928,0,0.129,0
0.12932,0,0.129,0
0.12936,0,0.129,0
0.1294,0,0.129,0
0.12944,0,0.129,0
0.12948,0,0.129,0
0.12952,0,0.129,0
0.12956,0,0.129,0
0.1296,0,0.129,0
0.12964,0,0.129,0
0.12968,0,0.129,0
0.12972,0,0.129,0
0.12976,0,0.129,0
0.1298,0,0.129,0
0.12984,0,0.129,0
0.12988,0,0.129,0
0.12992,0,0.129,0
0.12996,0,0.129,0
0.13,0,0.129,0
0.13,0,0.13,0
0.13001,0,0.13,0
0.13001,0,0.13,0
0.13004,0,0.13,0
0.13008,0,0.13,0
0.13012,0,0.13,0
0.13016,0,0.13,0
0.1302,0,0.13,0
0.13024,0,0.13,0
0.13028,0,0.13,0
0.13032,0,0.13,0
0.13036,0,0.13,0
0.1304,0,0.13,0
0.13044,0,0.13,0
0.13048,0,0.13,0
0.13052,0,0.13,0
0.13056,0,0.13,0
0.1306,0,0.13,0
0.13064,0,0.13,0
0.13068,0,0.13,0
0.13072,0,0.13,0
0.13076,0,0.13,0
0.1308,0,0.13,0
0.13084,0,0.13,0
0.13088,0,0.13,0
0.13092,0,0.13,0
0.13096,0,0.13,0
0.131,0,0.13,0
0.131,0,0.131,0
0.13101,0,0.131,0
0.13101,0,0.131,0
0.13104,0,0.131,0
0.13108,0,0.131,0
0.13112,0,0.131,0
0.13116,0,0.131,0
0.1312,0,0.131,0
0.13124,0,0.131,0
0.13128,0,0.131,0
0.13132,0,0.131,0
0.13136,0,0.131,0
0.1314,0,0.131,0
0.13144,0,0.131,0
0.13148,0,0.131,0
0.13152,0,0.131,0
0.13156,0,0.131,0
0.1316,0,0.131,0
0.13164,0,0.131,0
0.13168,0,0.131,0
0.13172,0,0.131,0
0.13176,0,0.131,0
0.1318,0,0.131,0
0.13184,0,0.131,0
0.13188,0,0.131,0
0.13192,0,0.131,0
0.13196,0,0.131,0
0.132,0,0.131,0
0.132,0,0.132,0
0.13201,0,0.132,0
0.13201,0,0.132,0
0.13204,0,0.132,0
0.13208,0,0.132,0
0.13212,0,0.132,0
0.13216,0,0.132,0
0.1322,0,0.132,0
0.13224,0,0.132,0
0.13228,0,0.132,0
0.13232,0,0.132,0
0.13236,0,0.132,0
0.1324,0,0.132,0
0.13244,0,0.132,0
0.13248,0,0.132,0
0.13252,0,0.132,0
0.13256,0,0.132,0
0.1326,0,0.132,0
0.13264,0,0.132,0
0.13268,0,0.132,0
0.13272,0,0.132,0
0.13276,0,0.132,0
0.1328,0,0.132,0
0.13284,0,0.132,0
0.13288,0,0.132,0
0.13292,0,0.132,0
0.13296,0,0.132,0
0.133,0,0.132,0
0.133,0,0.133,0
0.13301,0,0.133,0
0.13301,0,0.133,0
0.13304,0,0.133,0
0.13308,0,0.133,0
0.13312,0,0.133,0
0.13316,0,0.133,0
0.1332,0,0.133,0
0.13324,0,0.133,0
0.13328,0,0.133,0
0.13332,0,0.133,0
0.13336,0,0.133,0
0.1334,0,0.133,0
0.13344,0,0.133,0
0.13348,0,0.133,0
0.13352,0,0.133,0
0.13356,0,0.133,0
0.1336,0,0.133,0
0.13364,0,0.133,0
0.13368,0,0.133,0
0.13372,0,0.133,0
0.13376,0,0.133,0
0.1338,0,0.133,0
0.13384,0,0.133,0
0.13388,0,0.133,0
0.13392,0,0.133,0
0.13396,0,0.133,0
0.134,0,0.133,0
0.134,0,0.134,0
0.13401,0,0.134,0
0.13401,0,0.134,0
0.13404,0,0.134,0
0.13408,0,0.134,0
0.13412,0,0.134,0
0.13416,0,0.134,0
0.1342,0,0.134,0
0.13424,0,0.134,0
0.13428,0,0.134,0
0.13432,0,0.134,0
0.13436,0,0.134,0
0.1344,0,0.134,0
0.13444,0,0.134,0
0.13448,0,0.134,0
0.13452,0,0.134,0
0.13456,0,0.134,0
0.1346,0,0.134,0
0.13464,0,0.134,0
0.13468,0,0.134,0
0.13472,0,0.134,0
0.13476,0,0.134,0
0.1348,0,0.134,0
0.13484,0,0.134,0
0.13488,0,0.134,0
0.13492,0,0.134,0
0.13496,0,0.134,0
0.135,0,0.134,0
0.135,0,0.135,0
0.13501,0,0.135,0
0.13501,0,0.135,0
0.13504,0,0.135,0
0.13508,0,0.135,0
0.13512,0,0.135,0
0.13516,0,0.135,0
0.1352,0,0.135,0
0.13524,0,0.135,0
0.13528,0,0.135,0
0.13532,0,0.135,0
0.13536,0,0.135,0
0.1354,0,0.135,0
0.13544,0,0.135,0
0.13548,0,0.135,0
0.13552,0,0.135,0
0.13556,0,0.135,0
0.1356,0,0.135,0
0.13564,0,0.135,0
0.13568,0,0.135,0
0.13572,0,0.135,0
0.13576,0,0.135,0
0.1358,0,0.135,0
0.13584,0,0.135,0
0.13588,0,0.135,0
0.13592,0,0.135,0
0.13596,0,0.135,0
0.136,0,0.135,0
0.136,0,0.136,0
0.13601,0,0.136,0
0.13601,0,0.136,0
0.13604,0,0.136,0
0.13608,0,0.136,0
0.13612,0,0.136,0
0.13616,0,0.136,0
0.1362,0,0.136,0
0.13624,0,0.136,0
0.13628,0,0.136,0
0.13632,0,0.136,0
0.13636,0,0.136,0
0.1364,0,0.136,0
0.13644,0,0.136,0
0.13648,0,0.136,0
0.13652,0,0.136,0
0.13656,0,0.136,0
0.1366,0,0.136,0
0.13664,0,0.136,0
0.13668,0,0.136,0
0.13672,0,0.136,0
0.13676,0,0.136,0
0.1368,0,0.136,0
0.13684,0,0.136,0
0.13688,0,0.136,0
0.13692,0,0.136,0
0.13696,0,0.136,0
0.137,0,0.136,0
0.137,0,0.137,0
0.13701,0,0.137,0
0.13701,0,0.137,0
0.13704,0,0.137,0
0.13708,0,0.137,0
0.13712,0,0.137,0
0.13716,0,0.137,0
0.1372,0,0.137,0
0.13724,0,0.137,0
0.13728,0,0.137,0
0.13732,0,0.137,0
0.13736,0,0.137,0
0.1374,0,0.137,0
0.13744,0,0.137,0
0.13748,0,0.137,0
0.13752,0,0.137,0
0.13756,0,0.137,0
0.1376,0,0.137,0
0.13764,0,0.137,0
0.13768,0,0.137,0
0.13772,0,0.137,0
0.13776,0,0.137,0
0.1378,0,0.137,0
0.13784,0,0.137,0
0.13788,0,0.137,0
0.13792,0,0.137,0
0.13796,0,0.137,0
0.138,0,0.137,0
0.138,0,0.138,0
0.13801,0,0.138,0
0.13801,0,0.138,0
0.13804,0,0.138,0
0.13808,0,0.138,0
0.13812,0,0.138,0
0.13816,0,0.138,0
0.1382,0,0.138,0
0.13824,0,0.138,0
0.13828,0,0.138,0
0.13832,0,0.138,0
0.13836,0,0.138,0
0.1384,0,0.138,0
0.13844,0,0.138,0
0.13848,0,0.138,0
0.13852,0,0.138,0
0.13856,0,0.138,0
0.1386,0,0.138,0
0.13864,0,0.138,0
0.13868,0,0.138,0
0.13872,0,0.138,0
0.13876,0,0.138,0
0.1388,0,0.138,0
0.13884,0,0.138,0
0.13888,0,0.138,0
0.13892,0,0.138,0
0.13896,0,0.138,0
0.139,0,0.138,0
0.139,0,0.139,0
0.13901,0,0.139,0
0.13901,0,0.139,0
0.13904,0,0.139,0
0.13908,0,0.139,0
0.13912,0,0.139,0
0.13916,0,0.139,0
0.1392,0,0.139,0
0.13924,0,0.139,0
0.13928,0,0.139,0
0.13932,0,0.139,0
0.13936,0,0.139,0
0.1394,0,0.139,0
0.13944,0,0.139,0
0.13948,0,0.139,0
0.13952,0,0.139,0
0.13956,0,0.139,0
0.1396,0,0.139,0
0.13964,0,0.139,0
0.13968,0,0.139,0
0.13972,0,0.139,0
0.13976,0,0.139,0
0.1398,0,0.139,0
0.13984,0,0.139,0
0.13988,0,0.139,0
0.13992,0,0.139,0
0.13996,0,0.139,0
0.14,0,0.139,0
0.14,0,0.14,0
0.14001,0,0.14,0
0.14001,0,0.14,0
0.14004,0,0.14,0
0.14008,0,0.14,0
0.14012,0,0.14,0
0.14016,0,0.14,0
0.1402,0,0.14,0
0.14024,0,0.14,0
0.14028,0,0.14,0
0.14032,0,0.14,0
0.14036,0,0.14,0
0.1404,0,0.14,0
0.14044,0,0.14,0
0.14048,0,0.14,0
0.14052,0,0.14,0
0.14056,0,0.14,0
0.1406,0,0.14,0
0.14064,0,0.14,0
0.14068,0,0.14,0
0.14072,0,0.14,0
0.14076,0,0.14,0
0.1408,0,0.14,0
0.14084,0,0.14,0
0.14088,0,0.14,0
0.14092,0,0.14,0
0.14096,0,0.14,0
0.141,0,0.14,0
0.141,0,0.141,0
0.14101,0,0.141,0
0.14101,0,0.141,0
0.14104,0,0.141,0
0.14108,0,0.141,0
0.14112,0,0.141,0
0.14116,0,0.141,0
0.1412,0,0.141,0
0.14124,0,0.141,0
0.14128,0,0.141,0
0.14132,0,0.141,0
0.14136,0,0.141,0
0.1414,0,0.141,0
0.14144,0,0.141,0
0.14148,0,0.141,0
0.14152,0,0.141,0
0.14156,0,0.141,0
0.1416,0,0.141,0
0.14164,0,0.141,0
0.14168,0,0.141,0
0.14172,0,0.141,0
0.14176,0,0.141,0
0.1418,0,0.141,0
0.14184,0,0.141,0
0.14188,0,0.141,0
0.14192,0,0.141,0
0.14196,0,0.141,0
0.142,0,0.141,0
0.142,0,0.142,0
0.14201,0,0.142,0
0.14201,0,0.142,0
0.14204,0,0.142,0
0.14208,0,0.142,0
0.14212,0,0.142,0
0.14216,0,0.142,0
0.1422,0,0.142,0
0.14224,0,0.142,0
0.14228,0,0.142,0
0.14232,0,0.142,0
0.14236,0,0.142,0
0.1424,0,0.142,0
0.14244,0,0.142,0
0.14248,0,0.142,0
0.14252,0,0.142,0
0.14256,0,0.142,0
0.1426,0,0.142,0
0.14264,0,0.142,0
0.14268,0,0.142,0
0.14272,0,0.142,0
0.14276,0,0.142,0
0.1428,0,0.142,0
0.14284,0,0.142,0
0.14288,0,0.142,0
0.14292,0,0.142,0
0.14296,0,0.142,0
0.143,0,0.142,0
0.143,0,0.143,0
0.14301,0,0.143,0
0.14301,0,0.143,0
0.14304,0,0.143,0
0.14308,0,0.143,0
0.14312,0,0.143,0
0.14316,0,0.143,0
0.1432,0,0.143,0
0.14324,0,0.143,0
0.14328,0,0.143,0
0.14332,0,0.143,0
0.14336,0,0.143,0
0.1434,0,0.143,0
0.14344,0,0.143,0
0.14348,0,0.143,0
0.14352,0,0.143,0
0.14356,0,0.143,0
0.1436,0,0.143,0
0.14364,0,0.143,0
0.14368,0,0.143,0
0.14372,0,0.143,0
0.14376,0,0.143,0
0.1438,0,0.143,0
0.14384,0,0.143,0
0.14388,0,0.143,0
0.14392,0,0.143,0
0.14396,0,0.143,0
0.144,0,0.143,0
0.144,0,0.144,0
0.14401,0,0.144,0
0.14401,0,0.144,0
0.14404,0,0.144,0
0.14408,0,0.144,0
0.14412,0,0.144,0
0.14416,0,0.144,0
0.1442,0,0.144,0
0.14424,0,0.144,0
0.14428,0,0.144,0
0.14432,0,0.144,0
0.14436,0,0.144,0
0.1444,0,0.144,0
0.14444,0,0.144,0
0.14448,0,0.144,0
0.14452,0,0.144,0
0.14456,0,0.144,0
0.1446,0,0.144,0
0.14464,0,0.144,0
0.14468,0,0.144,0
0.14472,0,0.144,0
0.14476,0,0.144,0
0.1448,0,0.144,0
0.14484,0,0.144,0
0.14488,0,0.144,0
0.14492,0,0.144,0
0.14496,0,0.144,0
0.145,0,0.144,0
0.145,0,0.145,0
0.14501,0,0.145,0
0.14501,0,0.145,0
0.14504,0,0.145,0
0.14508,0,0.145,0
0.14512,0,0.145,0
0.14516,0,0.145,0
0.1452,0,0.145,0
0.14524,0,0.145,0
0.14528,0,0.145,0
0.14532,0,0.145,0
0.14536,0,0.145,0
0.1454,0,0.145,0
0.14544,0,0.145,0
0.14548,0,0.145,0
0.14552,0,0.145,0
0.14556,0,0.145,0
0.1456,0,0.145,0
0.14564,0,0.145,0
0.14568,0,0.145,0
0.14572,0,0.145,0
0.14576,0,0.145,0
0.1458,0,0.145,0
0.14584,0,0.145,0
0.14588,0,0.145,0
0.14592,0,0.145,0
0.14596,0,0.145,0
0.146,0,0.145,0
0.146,0,0.146,0
0.14601,0,0.146,0
0.14601,0,0.146,0
0.14604,0,0.146,0
0.14608,0,0.146,0
0.14612,0,0.146,0
0.14616,0,0.146,0
0.1462,0,0.146,0
0.14624,0,0.146,0
0.14628,0,0.146,0
0.14632,0,0.146,0
0.14636,0,0.146,0
0.1464,0,0.146,0
0.14644,0,0.146,0
0.14648,0,0.146,0
0.14652,0,0.146,0
0.14656,0,0.146,0
0.1466,0,0.146,0
0.14664,0,0.146,0
0.14668,0,0.146,0
0.14672,0,0.146,0
0.14676,0,0.146,0
0.1468,0,0.146,0
0.14684,0,0.146,0
0.14688,0,0.146,0
0.14692,0,0.146,0
0.14696,0,0.146,0
0.147,0,0.146,0
0.147,0,0.147,0
0.14701,0,0.147,0
0.14701,0,0.147,0
0.14704,0,0.147,0
0.14708,0,0.147,0
0.14712,0,0.147,0
0.14716,0,0.147,0
0.1472,0,0.147,0
0.14724,0,0.147,0
0.14728,0,0.147,0
0.14732,0,0.147,0
0.14736,0,0.147,0
0.1474,0,0.147,0
0.14744,0,0.147,0
0.14748,0,0.147,0
0.14752,0,0.147,0
0.14756,0,0.147,0
0.1476,0,0.147,0
0.14764,0,0.147,0
0.14768,0,0.147,0
0.14772,0,0.147,0
0.14776,0,0.147,0
0.1478,0,0.147,0
0.14784,0,0.147,0
0.14788,0,0.147,0
0.14792,0,0.147,0
0.14796,0,0.147,0
0.148,0,0.147,0
0.148,0,0.148,0
0.14801,0,0.148,0
0.14801,0,0.148,0
0.14804,0,0.148,0
0.14808,0,0.148,0
0.14812,0,0.148,0
0.14816,0,0.148,0
0.1482,0,0.148,0
0.14824,0,0.148,0
0.14828,0,0.148,0
0.14832,0,0.148,0
0.14836,0,0.148,0
0.1484,0,0.148,0
0.14844,0,0.148,0
0.14848,0,0.148,0
0.14852,0,0.148,0
0.14856,0,0.148,0
0.1486,0,0.148,0
0.14864,0,0.148,0
0.14868,0,0.148,0
0.14872,0,0.148,0
0.14876,0,0.148,0
0.1488,0,0.148,0
0.14884,0,0.148,0
0.14888,0,0.148,0
0.14892,0,0.148,0
0.14896,0,0.148,0
0.149,0,0.148,0
0.149,0,0.149,0
0.14901,0,0.149,0
0.14901,0,0.149,0
0.14904,0,0.149,0
0.14908,0,0.149,0
0.14912,0,0.149,0
0.14916,0,0.149,0
0.1492,0,0.149,0
0.14924,0,0.149,0
0.14928,0,0.149,0
0.14932,0,0.149,0
0.14936,0,0.149,0
0.1494,0,0.149,0
0.14944,0,0.149,0
0.14948,0,0.149,0
0.14952,0,0.149,0
0.14956,0,0.149,0
0.1496,0,0.149,0
0.14964,0,0.149,0
0.14968,0,0.149,0
0.14972,0,0.149,0
0.14976,0,0.149,0
0.1498,0,0.149,0
0.14984,0,0.149,0
0.14988,0,0.149,0
0.14992,0,0.149,0
0.14996,0,0.149,0
0.15,0,0.149,0
0.15,0,0.15,0
0.15001,0,0.15,0
0.15001,0,0.15,0
0.15004,0,0.15,0
0.15008,0,0.15,0
0.15012,0,0.15,0
0.15016,0,0.15,0
0.1502,0,0.15,0
0.15024,0,0.15,0
0.15028,0,0.15,0
0.15032,0,0.15,0
0.15036,0,0.15,0
0.1504,0,0.15,0
0.15044,0,0.15,0
0.15048,0,0.15,0
0.15052,0,0.15,0
0.15056,0,0.15,0
0.1506,0,0.15,0
0.15064,0,0.15,0
0.15068,0,0.15,0
0.15072,0,0.15,0
0.15076,0,0.15,0
0.1508,0,0.15,0
0.15084,0,0.15,0
0.15088,0,0.15,0
0.15092,0,0.15,0
0.15096,0,0.15,0
0.151,0,0.15,0
0.151,0,0.151,0
0.15101,0,0.151,0
0.15101,0,0.151,0
0.15104,0,0.151,0
0.15108,0,0.151,0
0.15112,0,0.151,0
0.15116,0,0.151,0
0.1512,0,0.151,0
0.15124,0,0.151,0
0.15128,0,0.151,0
0.15132,0,0.151,0
0.15136,0,0.151,0
0.1514,0,0.151,0
0.15144,0,0.151,0
0.15148,0,0.151,0
0.15152,0,0.151,0
0.15156,0,0.151,0
0.1516,0,0.151,0
0.15164,0,0.151,0
0.15168,0,0.151,0
0.15172,0,0.151,0
0.15176,0,0.151,0
0.1518,0,0.151,0
0.15184,0,0.151,0
0.15188,0,0.151,0
0.15192,0,0.151,0
0.15196,0,0.151,0
0.152,0,0.151,0
0.152,0,0.152,0
0.15201,0,0.152,0
0.15201,0,0.152,0
0.15204,0,0.152,0
0.15208,0,0.152,0
0.15212,0,0.152,0
0.15216,0,0.152,0
0.1522,0,0.152,0
0.15224,0,0.152,0
0.15228,0,0.152,0
0.15232,0,0.152,0
0.15236,0,0.152,0
0.1524,0,0.152,0
0.15244,0,0.152,0
0.15248,0,0.152,0
0.15252,0,0.152,0
0.15256,0,0.152,0
0.1526,0,0.152,0
0.15264,0,0.152,0
0.15268,0,0.152,0
0.15272,0,0.152,0
0.15276,0,0.152,0
0.1528,0,0.152,0
0.15284,0,0.152,0
0.15288,0,0.152,0
0.15292,0,0.152,0
0.15296,0,0.152,0
0.153,0,0.152,0
0.153,0,0.153,0
0.15301,0,0.153,0
0.15301,0,0.153,0
0.15304,0,0.153,0
0.15308,0,0.153,0
0.15312,0,0.153,0
0.15316,0,0.153,0
0.1532,0,0.153,0
0.15324,0,0.153,0
0.15328,0,0.153,0
0.15332,0,0.153,0
0.15336,0,0.153,0
0.1534,0,0.153,0
0.15344,0,0.153,0
0.15348,0,0.153,0
0.15352,0,0.153,0
0.15356,0,0.153,0
0.1536,0,0.153,0
0.15364,0,0.153,0
0.15368,0,0.153,0
0.15372,0,0.153,0
0.15376,0,0.153,0
0.1538,0,0.153,0
0.15384,0,0.153,0
0.15388,0,0.153,0
0.15392,0,0.153,0
0.15396,0,0.153,0
0.154,0,0.153,0
0.154,0,0.154,0
0.15401,0,0.154,0
0.15401,0,0.154,0
0.15404,0,0.154,0
0.15408,0,0.154,0
0.15412,0,0.154,0
0.15416,0,0.154,0
0.1542,0,0.154,0
0.15424,0,0.154,0
0.15428,0,0.154,0
0.15432,0,0.154,0
0.15436,0,0.154,0
0.1544,0,0.154,0
0.15444,0,0.154,0
0.15448,0,0.154,0
0.15452,0,0.154,0
0.15456,0,0.154,0
0.1546,0,0.154,0
0.15464,0,0.154,0
0.15468,0,0.154,0
0.15472,0,0.154,0
0.15476,0,0.154,0
0.1548,0,0.154,0
0.15484,0,0.154,0
0.15488,0,0.154,0
0.15492,0,0.154,0
0.15496,0,0.154,0
0.155,0,0.154,0
0.155,0,0.155,0
0.15501,0,0.155,0
0.15501,0,0.155,0
0.15504,0,0.155,0
0.15508,0,0.155,0
0.15512,0,0.155,0
0.15516,0,0.155,0
0.1552,0,0.155,0
0.15524,0,0.155,0
0.15528,0,0.155,0
0.15532,0,0.155,0
0.15536,0,0.155,0
0.1554,0,0.155,0
0.15544,0,0.155,0
0.15548,0,0.155,0
0.15552,0,0.155,0
0.15556,0,0.155,0
0.1556,0,0.155,0
0.15564,0,0.155,0
0.15568,0,0.155,0
0.15572,0,0.155,0
0.15576,0,0.155,0
0.1558,0,0.155,0
0.15584,0,0.155,0
0.15588,0,0.155,0
0.15592,0,0.155,0
0.15596,0,0.155,0
0.156,0,0.155,0
0.156,0,0.156,0
0.15601,0,0.156,0
0.15601,0,0.156,0
0.15604,0,0.156,0
0.15608,0,0.156,0
0.15612,0,0.156,0
0.15616,0,0.156,0
0.1562,0,0.156,0
0.15624,0,0.156,0
0.15628,0,0.156,0
0.15632,0,0.156,0
0.15636,0,0.156,0
0.1564,0,0.156,0
0.15644,0,0.156,0
0.15648,0,0.156,0
0.15652,0,0.156,0
0.15656,0,0.156,0
0.1566,0,0.156,0
0.15664,0,0.156,0
0.15668,0,0.156,0
0.15672,0,0.156,0
0.15676,0,0.156,0
0.1568,0,0.156,0
0.15684,0,0.156,0
0.15688,0,0.156,0
0.15692,0,0.156,0
0.15696,0,0.156,0
0.157,0,0.156,0
0.157,0,0.157,0
0.15701,0,0.157,0
0.15701,0,0.157,0
0.15704,0,0.157,0
0.15708,0,0.157,0
0.15712,0,0.157,0
0.15716,0,0.157,0
0.1572,0,0.157,0
0.15724,0,0.157,0
0.15728,0,0.157,0
0.15732,0,0.157,0
0.15736,0,0.157,0
0.1574,0,0.157,0
0.15744,0,0.157,0
0.15748,0,0.157,0
0.15752,0,0.157,0
0.15756,0,0.157,0
0.1576,0,0.157,0
0.15764,0,0.157,0
0.15768,0,0.157,0
0.15772,0,0.157,0
0.15776,0,0.157,0
0.1578,0,0.157,0
0.15784,0,0.157,0
0.15788,0,0.157,0
0.15792,0,0.157,0
0.15796,0,0.157,0
0.158,0,0.157,0
0.158,0,0.158,0
0.15801,0,0.158,0
0.15801,0,0.158,0
0.15804,0,0.158,0
0.15808,0,0.158,0
0.15812,0,0.158,0
0.15816,0,0.158,0
0.1582,0,0.158,0
0.15824,0,0.158,0
0.15828,0,0.158,0
0.15832,0,0.158,0
0.15836,0,0.158,0
0.1584,0,0.158,0
0.15844,0,0.158,0
0.15848,0,0.158,0
0.15852,0,0.158,0
0.15856,0,0.158,0
0.1586,0,0.158,0
0.15864,0,0.158,0
0.15868,0,0.158,0
0.15872,0,0.158,0
0.15876,0,0.158,0
0.1588,0,0.158,0
0.15884,0,0.158,0
0.15888,0,0.158,0
0.15892,0,0.158,0
0.15896,0,0.158,0
0.159,0,0.158,0
0.159,0,0.159,0
0.15901,0,0.159,0
0.15901,0,0.159,0
0.15904,0,0.159,0
0.15908,0,0.159,0
0.15912,0,0.159,0
0.15916,0,0.159,0
0.1592,0,0.159,0
0.15924,0,0.159,0
0.15928,0,0.159,0
0.15932,0,0.159,0
0.15936,0,0.159,0
0.1594,0,0.159,0
0.15944,0,0.159,0
0.15948,0,0.159,0
0.15952,0,0.159,0
0.15956,0,0.159,0
0.1596,0,0.159,0
0.15964,0,0.159,0
0.15968,0,0.159,0
0.15972,0,0.159,0
0.15976,0,0.159,0
0.1598,0,0.159,0
0.15984,0,0.159,0
0.15988,0,0.159,0
0.15992,0,0.159,0
0.15996,0,0.159,0
0.16,0,0.159,0
0.16,0,0.16,0
0.16001,0,0.16,0
0.16001,0,0.16,0
0.16004,0,0.16,0
0.16008,0,0.16,0
0.16012,0,0.16,0
0.16016,0,0.16,0
0.1602,0,0.16,0
0.16024,0,0.16,0
0.16028,0,0.16,0
0.16032,0,0.16,0
0.16036,0,0.16,0
0.1604,0,0.16,0
0.16044,0,0.16,0
0.16048,0,0.16,0
0.16052,0,0.16,0
0.16056,0,0.16,0
0.1606,0,0.16,0
0.16064,0,0.16,0
0.16068,0,0.16,0
0.16072,0,0.16,0
0.16076,0,0.16,0
0.1608,0,0.16,0
0.16084,0,0.16,0
0.16088,0,0.16,0
0.16092,0,0.16,0
0.16096,0,0.16,0
0.161,0,0.16,0
0.161,0,0.161,0
0.16101,0,0.161,0
0.16101,0,0.161,0
0.16104,0,0.161,0
0.16108,0,0.161,0
0.16112,0,0.161,0
0.16116,0,0.161,0
0.1612,0,0.161,0
0.16124,0,0.161,0
0.16128,0,0.161,0
0.16132,0,0.161,0
0.16136,0,0.161,0
0.1614,0,0.161,0
0.16144,0,0.161,0
0.16148,0,0.161,0
0.16152,0,0.161,0
0.16156,0,0.161,0
0.1616,0,0.161,0
0.16164,0,0.161,0
0.16168,0,0.161,0
0.16172,0,0.161,0
0.16176,0,0.161,0
0.1618,0,0.161,0
0.16184,0,0.161,0
0.16188,0,0.161,0
0.16192,0,0.161,0
0.16196,0,0.161,0
0.162,0,0.161,0
0.162,0,0.162,0
0.16201,0,0.162,0
0.16201,0,0.162,0
0.16204,0,0.162,0
0.16208,0,0.162,0
0.16212,0,0.162,0
0.16216,0,0.162,0
0.1622,0,0.162,0
0.16224,0,0.162,0
0.16228,0,0.162,0
0.16232,0,0.162,0
0.16236,0,0.162,0
0.1624,0,0.162,0
0.16244,0,0.162,0
0.16248,0,0.162,0
0.16252,0,0.162,0
0.16256,0,0.162,0
0.1626,0,0.162,0
0.16264,0,0.162,0
0.16268,0,0.162,0
0.16272,0,0.162,0
0.16276,0,0.162,0
0.1628,0,0.162,0
0.16284,0,0.162,0
0.16288,0,0.162,0
0.16292,0,0.162,0
0.16296,0,0.162,0
0.163,0,0.162,0
0.163,0,0.163,0
0.16301,0,0.163,0
0.16301,0,0.163,0
0.16304,0,0.163,0
0.16308,0,0.163,0
0.16312,0,0.163,0
0.16316,0,0.163,0
0.1632,0,0.163,0
0.16324,0,0.163,0
0.16328,0,0.163,0
0.16332,0,0.163,0
0.16336,0,0.163,0
0.1634,0,0.163,0
0.16344,0,0.163,0
0.16348,0,0.163,0
0.16352,0,0.163,0
0.16356,0,0.163,0
0.1636,0,0.163,0
0.16364,0,0.163,0
0.16368,0,0.163,0
0.16372,0,0.163,0
0.16376,0,0.163,0
0.1638,0,0.163,0
0.16384,0,0.163,0
0.16388,0,0.163,0
0.16392,0,0.163,0
0.16396,0,0.163,0
0.164,0,0.163,0
0.164,0,0.164,0
0.16401,0,0.164,0
0.16401,0,0.164,0
0.16404,0,0.164,0
0.16408,0,0.164,0
0.16412,0,0.164,0
0.16416,0,0.164,0
0.1642,0,0.164,0
0.16424,0,0.164,0
0.16428,0,0.164,0
0.16432,0,0.164,0
0.16436,0,0.164,0
0.1644,0,0.164,0
0.16444,0,0.164,0
0.16448,0,0.164,0
0.16452,0,0.164,0
0.16456,0,0.164,0
0.1646,0,0.164,0
0.16464,0,0.164,0
0.16468,0,0.164,0
0.16472,0,0.164,0
0.16476,0,0.164,0
0.1648,0,0.164,0
0.16484,0,0.164,0
0.16488,0,0.164,0
0.16492,0,0.164,0
0.16496,0,0.164,0
0.165,0,0.164,0
0.165,0,0.165,0
0.16501,0,0.165,0
0.16501,0,0.165,0
0.16504,0,0.165,0
0.16508,0,0.165,0
0.16512,0,0.165,0
0.16516,0,0.165,0
0.1652,0,0.165,0
0.16524,0,0.165,0
0.16528,0,0.165,0
0.16532,0,0.165,0
0.16536,0,0.165,0
0.1654,0,0.165,0
0.16544,0,0.165,0
0.16548,0,0.165,0
0.16552,0,0.165,0
0.16556,0,0.165,0
0.1656,0,0.165,0
0.16564,0,0.165,0
0.16568,0,0.165,0
0.16572,0,0.165,0
0.16576,0,0.165,0
0.1658,0,0.165,0
0.16584,0,0.165,0
0.16588,0,0.165,0
0.16592,0,0.165,0
0.16596,0,0.165,0
0.166,0,0.165,0
0.166,0,0.166,0
0.16601,0,0.166,0
0.16601,0,0.166,0
0.16604,0,0.166,0
0.16608,0,0.166,0
0.16612,0,0.166,0
0.16616,0,0.166,0
0.1662,0,0.166,0
0.16624,0,0.166,0
0.16628,0,0.166,0
0.16632,0,0.166,0
0.16636,0,0.166,0
0.1664,0,0.166,0
0.16644,0,0.166,0
0.16648,0,0.166,0
0.16652,0,0.166,0
0.16656,0,0.166,0
0.1666,0,0.166,0
0.16664,0,0.166,0
0.16668,0,0.166,0
0.16672,0,0.166,0
0.16676,0,0.166,0
0.1668,0,0.166,0
0.16684,0,0.166,0
0.16688,0,0.166,0
0.16692,0,0.166,0
0.16696,0,0.166,0
0.167,0,0.166,0
0.167,0,0.167,0
0.16701,0,0.167,0
0.16701,0,0.167,0
0.16704,0,0.167,0
0.16708,0,0.167,0
0.16712,0,0.167,0
0.16716,0,0.167,0
0.1672,0,0.167,0
0.16724,0,0.167,0
0.16728,0,0.167,0
0.16732,0,0.167,0
0.16736,0,0.167,0
0.1674,0,0.167,0
0.16744,0,0.167,0
0.16748,0,0.167,0
0.16752,0,0.167,0
0.16756,0,0.167,0
0.1676,0,0.167,0
0.16764,0,0.167,0
0.16768,0,0.167,0
0.16772,0,0.167,0
0.16776,0,0.167,0
0.1678,0,0.167,0
0.16784,0,0.167,0
0.16788,0,0.167,0
0.16792,0,0.167,0
0.16796,0,0.167,0
0.168,0,0.167,0
0.168,0,0.168,0
0.16801,0,0.168,0
0.16801,0,0.168,0
0.16804,0,0.168,0
0.16808,0,0.168,0
0.16812,0,0.168,0
0.16816,0,0.168,0
0.1682,0,0.168,0
0.16824,0,0.168,0
0.16828,0,0.168,0
0.16832,0,0.168,0
0.16836,0,0.168,0
0.1684,0,0.168,0
0.16844,0,0.168,0
0.16848,0,0.168,0
0.16852,0,0.168,0
0.16856,0,0.168,0
0.1686,0,0.168,0
0.16864,0,0.168,0
0.16868,0,0.168,0
0.16872,0,0.168,0
0.16876,0,0.168,0
0.1688,0,0.168,0
0.16884,0,0.168,0
0.16888,0,0.168,0
0.16892,0,0.168,0
0.16896,0,0.168,0
0.169,0,0.168,0
0.169,0,0.169,0
0.16901,0,0.169,0
0.16901,0,0.169,0
0.16904,0,0.169,0
0.16908,0,0.169,0
0.16912,0,0.169,0
0.16916,0,0.169,0
0.1692,0,0.169,0
0.16924,0,0.169,0
0.16928,0,0.169,0
0.16932,0,0.169,0
0.16936,0,0.169,0
0.1694,0,0.169,0
0.16944,0,0.169,0
0.16948,0,0.169,0
0.16952,0,0.169,0
0.16956,0,0.169,0
0.1696,0,0.169,0
0.16964,0,0.169,0
0.16968,0,0.169,0
0.16972,0,0.169,0
0.16976,0,0.169,0
0.1698,0,0.169,0
0.16984,0,0.169,0
0.16988,0,0.169,0
0.16992,0,0.169,0
0.16996,0,0.169,0
0.17,0,0.169,0
0.17,0,0.17,0
0.17001,0,0.17,0
0.17001,0,0.17,0
0.17004,0,0.17,0
0.17008,0,0.17,0
0.17012,0,0.17,0
0.17016,0,0.17,0
0.1702,0,0.17,0
0.17024,0,0.17,0
0.17028,0,0.17,0
0.17032,0,0.17,0
0.17036,0,0.17,0
0.1704,0,0.17,0
0.17044,0,0.17,0
0.17048,0,0.17,0
0.17052,0,0.17,0
0.17056,0,0.17,0
0.1706,0,0.17,0
0.17064,0,0.17,0
0.17068,0,0.17,0
0.17072,0,0.17,0
0.17076,0,0.17,0
0.1708,0,0.17,0
0.17084,0,0.17,0
0.17088,0,0.17,0
0.17092,0,0.17,0
0.17096,0,0.17,0
0.171,0,0.17,0
0.171,0,0.171,0
0.17101,0,0.171,0
0.17101,0,0.171,0
0.17104,0,0.171,0
0.17108,0,0.171,0
0.17112,0,0.171,0
0.17116,0,0.171,0
0.1712,0,0.171,0
0.17124,0,0.171,0
0.17128,0,0.171,0
0.17132,0,0.171,0
0.17136,0,0.171,0
0.1714,0,0.171,0
0.17144,0,0.171,0
0.17148,0,0.171,0
0.17152,0,0.171,0
0.17156,0,0.171,0
0.1716,0,0.171,0
0.17164,0,0.171,0
0.17168,0,0.171,0
0.17172,0,0.171,0
0.17176,0,0.171,0
0.1718,0,0.171,0
0.17184,0,0.171,0
0.17188,0,0.171,0
0.17192,0,0.171,0
0.17196,0,0.171,0
0.172,0,0.171,0
0.172,0,0.172,0
0.17201,0,0.172,0
0.17201,0,0.172,0
0.17204,0,0.172,0
0.17208,0,0.172,0
0.17212,0,0.172,0
0.17216,0,0.172,0
0.1722,0,0.172,0
0.17224,0,0.172,0
0.17228,0,0.172,0
0.17232,0,0.172,0
0.17236,0,0.172,0
0.1724,0,0.172,0
0.17244,0,0.172,0
0.17248,0,0.172,0
0.17252,0,0.172,0
0.17256,0,0.172,0
0.1726,0,0.172,0
0.17264,0,0.172,0
0.17268,0,0.172,0
0.17272,0,0.172,0
0.17276,0,0.172,0
0.1728,0,0.172,0
0.17284,0,0.172,0
0.17288,0,0.172,0
0.17292,0,0.172,0
0.17296,0,0.172,0
0.173,0,0.172,0
0.173,0,0.173,0
0.17301,0,0.173,0
0.17301,0,0.173,0
0.17304,0,0.173,0
0.17308,0,0.173,0
0.17312,0,0.173,0
0.17316,0,0.173,0
0.1732,0,0.173,0
0.17324,0,0.173,0
0.17328,0,0.173,0
0.17332,0,0.173,0
0.17336,0,0.173,0
0.1734,0,0.173,0
0.17344,0,0.173,0
0.17348,0,0.173,0
0.17352,0,0.173,0
0.17356,0,0.173,0
0.1736,0,0.173,0
0.17364,0,0.173,0
0.17368,0,0.173,0
0.17372,0,0.173,0
0.17376,0,0.173,0
0.1738,0,0.173,0
0.17384,0,0.173,0
0.17388,0,0.173,0
0.17392,0,0.173,0
0.17396,0,0.173,0
0.174,0,0.173,0
0.174,0,0.174,0
0.17401,0,0.174,0
0.17401,0,0.174,0
0.17404,0,0.174,0
0.17408,0,0.174,0
0.17412,0,0.174,0
0.17416,0,0.174,0
0.1742,0,0.174,0
0.17424,0,0.174,0
0.17428,0,0.174,0
0.17432,0,0.174,0
0.17436,0,0.174,0
0.1744,0,0.174,0
0.17444,0,0.174,0
0.17448,0,0.174,0
0.17452,0,0.174,0
0.17456,0,0.174,0
0.1746,0,0.174,0
0.17464,0,0.174,0
0.17468,0,0.174,0
0.17472,0,0.174,0
0.17476,0,0.174,0
0.1748,0,0.174,0
0.17484,0,0.174,0
0.17488,0,0.174,0
0.17492,0,0.174,0
0.17496,0,0.174,0
0.175,0,0.174,0
0.175,0,0.175,0
0.17501,0,0.175,0
0.17501,0,0.175,0
0.17504,0,0.175,0
0.17508,0,0.175,0
0.17512,0,0.175,0
0.17516,0,0.175,0
0.1752,0,0.175,0
0.17524,0,0.175,0
0.17528,0,0.175,0
0.17532,0,0.175,0
0.17536,0,0.175,0
0.1754,0,0.175,0
0.17544,0,0.175,0
0.17548,0,0.175,0
0.17552,0,0.175,0
0.17556,0,0.175,0
0.1756,0,0.175,0
0.17564,0,0.175,0
0.17568,0,0.175,0
0.17572,0,0.175,0
0.17576,0,0.175,0
0.1758,0,0.175,0
0.17584,0,0.175,0
0.17588,0,0.175,0
0.17592,0,0.175,0
0.17596,0,0.175,0
0.176,0,0.175,0
0.176,0,0.176,0
0.17601,0,0.176,0
0.17601,0,0.176,0
0.17604,0,0.176,0
0.17608,0,0.176,0
0.17612,0,0.176,0
0.17616,0,0.176,0
0.1762,0,0.176,0
0.17624,0,0.176,0
0.17628,0,0.176,0
0.17632,0,0.176,0
0.17636,0,0.176,0
0.1764,0,0.176,0
0.17644,0,0.176,0
0.17648,0,0.176,0
0.17652,0,0.176,0
0.17656,0,0.176,0
0.1766,0,0.176,0
0.17664,0,0.176,0
0.17668,0,0.176,0
0.17672,0,0.176,0
0.17676,0,0.176,0
0.1768,0,0.176,0
0.17684,0,0.176,0
0.17688,0,0.176,0
0.17692,0,0.176,0
0.17696,0,0.176,0
0.177,0,0.176,0
0.177,0,0.177,0
0.17701,0,0.177,0
0.17701,0,0.177,0
0.17704,0,0.177,0
0.17708,0,0.177,0
0.17712,0,0.177,0
0.17716,0,0.177,0
0.1772,0,0.177,0
0.17724,0,0.177,0
0.17728,0,0.177,0
0.17732,0,0.177,0
0.17736,0,0.177,0
0.1774,0,0.177,0
0.17744,0,0.177,0
0.17748,0,0.177,0
0.17752,0,0.177,0
0.17756,0,0.177,0
0.1776,0,0.177,0
0.17764,0,0.177,0
0.17768,0,0.177,0
0.17772,0,0.177,0
0.17776,0,0.177,0
0.1778,0,0.177,0
0.17784,0,0.177,0
0.17788,0,0.177,0
0.17792,0,0.177,0
0.17796,0,0.177,0
0.178,0,0.177,0
0.178,0,0.178,0
0.17801,0,0.178,0
0.17801,0,0.178,0
0.17804,0,0.178,0
0.17808,0,0.178,0
0.17812,0,0.178,0
0.17816,0,0.178,0
0.1782,0,0.178,0
0.17824,0,0.178,0
0.17828,0,0.178,0
0.17832,0,0.178,0
0.17836,0,0.178,0
0.1784,0,0.178,0
0.17844,0,0.178,0
0.17848,0,0.178,0
0.17852,0,0.178,0
0.17856,0,0.178,0
0.1786,0,0.178,0
0.17864,0,0.178,0
0.17868,0,0.178,0
0.17872,0,0.178,0
0.17876,0,0.178,0
0.1788,0,0.178,0
0.17884,0,0.178,0
0.17888,0,0.178,0
0.17892,0,0.178,0
0.17896,0,0.178,0
0.179,0,0.178,0
0.179,0,0.179,0
0.17901,0,0.179,0
0.17901,0,0.179,0
0.17904,0,0.179,0
0.17908,0,0.179,0
0.17912,0,0.179,0
0.17916,0,0.179,0
0.1792,0,0.179,0
0.17924,0,0.179,0
0.17928,0,0.179,0
0.17932,0,0.179,0
0.17936,0,0.179,0
0.1794,0,0.179,0
0.17944,0,0.179,0
0.17948,0,0.179,0
0.17952,0,0.179,0
0.17956,0,0.179,0
0.1796,0,0.179,0
0.17964,0,0.179,0
0.17968,0,0.179,0
0.17972,0,0.179,0
0.17976,0,0.179,0
0.1798,0,0.179,0
0.17984,0,0.179,0
0.17988,0,0.179,0
0.17992,0,0.179,0
0.17996,0,0.179,0
0.18,0,0.179,0
0.18,0,0.18,0
0.18001,0,0.18,0
0.18001,0,0.18,0
0.18004,0,0.18,0
0.18008,0,0.18,0
0.18012,0,0.18,0
0.18016,0,0.18,0
0.1802,0,0.18,0
0.18024,0,0.18,0
0.18028,0,0.18,0
0.18032,0,0.18,0
0.18036,0,0.18,0
0.1804,0,0.18,0
0.18044,0,0.18,0
0.18048,0,0.18,0
0.18052,0,0.18,0
0.18056,0,0.18,0
0.1806,0,0.18,0
0.18064,0,0.18,0
0.18068,0,0.18,0
0.18072,0,0.18,0
0.18076,0,0.18,0
0.1808,0,0.18,0
0.18084,0,0.18,0
0.18088,0,0.18,0
0.18092,0,0.18,0
0.18096,0,0.18,0
0.181,0,0.18,0
0.181,0,0.181,0
0.18101,0,0.181,0
0.18101,0,0.181,0
0.18104,0,0.181,0
0.18108,0,0.181,0
0.18112,0,0.181,0
0.18116,0,0.181,0
0.1812,0,0.181,0
0.18124,0,0.181,0
0.18128,0,0.181,0
0.18132,0,0.181,0
0.18136,0,0.181,0
0.1814,0,0.181,0
0.18144,0,0.181,0
0.18148,0,0.181,0
0.18152,0,0.181,0
0.18156,0,0.181,0
0.1816,0,0.181,0
0.18164,0,0.181,0
0.18168,0,0.181,0
0.18172,0,0.181,0
0.18176,0,0.181,0
0.1818,0,0.181,0
0.18184,0,0.181,0
0.18188,0,0.181,0
0.18192,0,0.181,0
0.18196,0,0.181,0
0.182,0,0.181,0
0.182,0,0.182,0
0.18201,0,0.182,0
0.18201,0,0.182,0
0.18204,0,0.182,0
0.18208,0,0.182,0
0.18212,0,0.182,0
0.18216,0,0.182,0
0.1822,0,0.182,0
0.18224,0,0.182,0
0.18228,0,0.182,0
0.18232,0,0.182,0
0.18236,0,0.182,0
0.1824,0,0.182,0
0.18244,0,0.182,0
0.18248,0,0.182,0
0.18252,0,0.182,0
0.18256,0,0.182,0
0.1826,0,0.182,0
0.18264,0,0.182,0
0.18268,0,0.182,0
0.18272,0,0.182,0
0.18276,0,0.182,0
0.1828,0,0.182,0
0.18284,0,0.182,0
0.18288,0,0.182,0
0.18292,0,0.182,0
0.18296,0,0.182,0
0.183,0,0.182,0
0.183,0,0.183,0
0.18301,0,0.183,0
0.18301,0,0.183,0
0.18304,0,0.183,0
0.18308,0,0.183,0
0.18312,0,0.183,0
0.18316,0,0.183,0
0.1832,0,0.183,0
0.18324,0,0.183,0
0.18328,0,0.183,0
0.18332,0,0.183,0
0.18336,0,0.183,0
0.1834,0,0.183,0
0.18344,0,0.183,0
0.18348,0,0.183,0
0.18352,0,0.183,0
0.18356,0,0.183,0
0.1836,0,0.183,0
0.18364,0,0.183,0
0.18368,0,0.183,0
0.18372,0,0.183,0
0.18376,0,0.183,0
0.1838,0,0.183,0
0.18384,0,0.183,0
0.18388,0,0.183,0
0.18392,0,0.183,0
0.18396,0,0.183,0
0.184,0,0.183,0
0.184,0,0.184,0
0.18401,0,0.184,0
0.18401,0,0.184,0
0.18404,0,0.184,0
0.18408,0,0.184,0
0.18412,0,0.184,0
0.18416,0,0.184,0
0.1842,0,0.184,0
0.18424,0,0.184,0
0.18428,0,0.184,0
0.18432,0,0.184,0
0.18436,0,0.184,0
0.1844,0,0.184,0
0.18444,0,0.184,0
0.18448,0,0.184,0
0.18452,0,0.184,0
0.18456,0,0.184,0
0.1846,0,0.184,0
0.18464,0,0.184,0
0.18468,0,0.184,0
0.18472,0,0.184,0
0.18476,0,0.184,0
0.1848,0,0.184,0
0.18484,0,0.184,0
0.18488,0,0.184,0
0.18492,0,0.184,0
0.18496,0,0.184,0
0.185,0,0.184,0
0.185,0,0.185,0
0.18501,0,0.185,0
0.18501,0,0.185,0
0.18504,0,0.185,0
0.18508,0,0.185,0
0.18512,0,0.185,0
0.18516,0,0.185,0
0.1852,0,0.185,0
0.18524,0,0.185,0
0.18528,0,0.185,0
0.18532,0,0.185,0
0.18536,0,0.185,0
0.1854,0,0.185,0
0.18544,0,0.185,0
0.18548,0,0.185,0
0.18552,0,0.185,0
0.18556,0,0.185,0
0.1856,0,0.185,0
0.18564,0,0.185,0
0.18568,0,0.185,0
0.18572,0,0.185,0
0.18576,0,0.185,0
0.1858,0,0.185,0
0.18584,0,0.185,0
0.18588,0,0.185,0
0.18592,0,0.185,0
0.18596,0,0.185,0
0.186,0,0.185,0
0.186,0,0.186,0
0.18601,0,0.186,0
0.18601,0,0.186,0
0.18604,0,0.186,0
0.18608,0,0.186,0
0.18612,0,0.186,0
0.18616,0,0.186,0
0.1862,0,0.186,0
0.18624,0,0.186,0
0.18628,0,0.186,0
0.18632,0,0.186,0
0.18636,0,0.186,0
0.1864,0,0.186,0
0.18644,0,0.186,0
0.18648,0,0.186,0
0.18652,0,0.186,0
0.18656,0,0.186,0
0.1866,0,0.186,0
0.18664,0,0.186,0
0.18668,0,0.186,0
0.18672,0,0.186,0
0.18676,0,0.186,0
0.1868,0,0.186,0
0.18684,0,0.186,0
0.18688,0,0.186,0
0.18692,0,0.186,0
0.18696,0,0.186,0
0.187,0,0.186,0
0.187,0,0.187,0
0.18701,0,0.187,0
0.18701,0,0.187,0
0.18704,0,0.187,0
0.18708,0,0.187,0
0.18712,0,0.187,0
0.18716,0,0.187,0
0.1872,0,0.187,0
0.18724,0,0.187,0
0.18728,0,0.187,0
0.18732,0,0.187,0
0.18736,0,0.187,0
0.1874,0,0.187,0
0.18744,0,0.187,0
0.18748,0,0.187,0
0.18752,0,0.187,0
0.18756,0,0.187,0
0.1876,0,0.187,0
0.18764,0,0.187,0
0.18768,0,0.187,0
0.18772,0,0.187,0
0.18776,0,0.187,0
0.1878,0,0.187,0
0.18784,0,0.187,0
0.18788,0,0.187,0
0.18792,0,0.187,0
0.18796,0,0.187,0
0.188,0,0.187,0
0.188,0,0.188,0
0.18801,0,0.188,0
0.18801,0,0.188,0
0.18804,0,0.188,0
0.18808,0,0.188,0
0.18812,0,0.188,0
0.18816,0,0.188,0
0.1882,0,0.188,0
0.18824,0,0.188,0
0.18828,0,0.188,0
0.18832,0,0.188,0
0.18836,0,0.188,0
0.1884,0,0.188,0
0.18844,0,0.188,0
0.18848,0,0.188,0
0.18852,0,0.188,0
0.18856,0,0.188,0
0.1886,0,0.188,0
0.18864,0,0.188,0
0.18868,0,0.188,0
0.18872,0,0.188,0
0.18876,0,0.188,0
0.1888,0,0.188,0
0.18884,0,0.188,0
0.18888,0,0.188,0
0.18892,0,0.188,0
0.18896,0,0.188,0
0.189,0,0.188,0
0.189,0,0.189,0
0.18901,0,0.189,0
0.18901,0,0.189,0
0.18904,0,0.189,0
0.18908,0,0.189,0
0.18912,0,0.189,0
0.18916,0,0.189,0
0.1892,0,0.189,0
0.18924,0,0.189,0
0.18928,0,0.189,0
0.18932,0,0.189,0
0.18936,0,0.189,0
0.1894,0,0.189,0
0.18944,0,0.189,0
0.18948,0,0.189,0
0.18952,0,0.189,0
0.18956,0,0.189,0
0.1896,0,0.189,0
0.18964,0,0.189,0
0.18968,0,0.189,0
0.18972,0,0.189,0
0.18976,0,0.189,0
0.1898,0,0.189,0
0.18984,0,0.189,0
0.18988,0,0.189,0
0.18992,0,0.189,0
0.18996,0,0.189,0
0.19,0,0.189,0
0.19,0,0.19,0
0.19001,0,0.19,0
0.19001,0,0.19,0
0.19004,0,0.19,0
0.19008,0,0.19,0
0.19012,0,0.19,0
0.19016,0,0.19,0
0.1902,0,0.19,0
0.19024,0,0.19,0
0.19028,0,0.19,0
0.19032,0,0.19,0
0.19036,0,0.19,0
0.1904,0,0.19,0
0.19044,0,0.19,0
0.19048,0,0.19,0
0.19052,0,0.19,0
0.19056,0,0.19,0
0.1906,0,0.19,0
0.19064,0,0.19,0
0.19068,0,0.19,0
0.19072,0,0.19,0
0.19076,0,0.19,0
0.1908,0,0.19,0
0.19084,0,0.19,0
0.19088,0,0.19,0
0.19092,0,0.19,0
0.19096,0,0.19,0
0.191,0,0.19,0
0.191,0,0.191,0
0.19101,0,0.191,0
0.19101,0,0.191,0
0.19104,0,0.191,0
0.19108,0,0.191,0
0.19112,0,0.191,0
0.19116,0,0.191,0
0.1912,0,0.191,0
0.19124,0,0.191,0
0.19128,0,0.191,0
0.19132,0,0.191,0
0.19136,0,0.191,0
0.1914,0,0.191,0
0.19144,0,0.191,0
0.19148,0,0.191,0
0.19152,0,0.191,0
0.19156,0,0.191,0
0.1916,0,0.191,0
0.19164,0,0.191,0
0.19168,0,0.191,0
0.19172,0,0.191,0
0.19176,0,0.191,0
0.1918,0,0.191,0
0.19184,0,0.191,0
0.19188,0,0.191,0
0.19192,0,0.191,0
0.19196,0,0.191,0
0.192,0,0.191,0
0.192,0,0.192,0
0.19201,0,0.192,0
0.19201,0,0.192,0
0.19204,0,0.192,0
0.19208,0,0.192,0
0.19212,0,0.192,0
0.19216,0,0.192,0
0.1922,0,0.192,0
0.19224,0,0.192,0
0.19228,0,0.192,0
0.19232,0,0.192,0
0.19236,0,0.192,0
0.1924,0,0.192,0
0.19244,0,0.192,0
0.19248,0,0.192,0
0.19252,0,0.192,0
0.19256,0,0.192,0
0.1926,0,0.192,0
0.19264,0,0.192,0
0.19268,0,0.192,0
0.19272,0,0.192,0
0.19276,0,0.192,0
0.1928,0,0.192,0
0.19284,0,0.192,0
0.19288,0,0.192,0
0.19292,0,0.192,0
0.19296,0,0.192,0
0.193,0,0.192,0
0.193,0,0.193,0
0.19301,0,0.193,0
0.19301,0,0.193,0
0.19304,0,0.193,0
0.19308,0,0.193,0
0.19312,0,0.193,0
0.19316,0,0.193,0
0.1932,0,0.193,0
0.19324,0,0.193,0
0.19328,0,0.193,0
0.19332,0,0.193,0
0.19336,0,0.193,0
0.1934,0,0.193,0
0.19344,0,0.193,0
0.19348,0,0.193,0
0.19352,0,0.193,0
0.19356,0,0.193,0
0.1936,0,0.193,0
0.19364,0,0.193,0
0.19368,0,0.193,0
0.19372,0,0.193,0
0.19376,0,0.193,0
0.1938,0,0.193,0
0.19384,0,0.193,0
0.19388,0,0.193,0
0.19392,0,0.193,0
0.19396,0,0.193,0
0.194,0,0.193,0
0.194,0,0.194,0
0.19401,0,0.194,0
0.19401,0,0.194,0
0.19404,0,0.194,0
0.19408,0,0.194,0
0.19412,0,0.194,0
0.19416,0,0.194,0
0.1942,0,0.194,0
0.19424,0,0.194,0
0.19428,0,0.194,0
0.19432,0,0.194,0
0.19436,0,0.194,0
0.1944,0,0.194,0
0.19444,0,0.194,0
0.19448,0,0.194,0
0.19452,0,0.194,0
0.19456,0,0.194,0
0.1946,0,0.194,0
0.19464,0,0.194,0
0.19468,0,0.194,0
0.19472,0,0.194,0
0.19476,0,0.194,0
0.1948,0,0.194,0
0.19484,0,0.194,0
0.19488,0,0.194,0
0.19492,0,0.194,0
0.19496,0,0.194,0
0.195,0,0.194,0
0.195,0,0.195,0
0.19501,0,0.195,0
0.19501,0,0.195,0
0.19504,0,0.195,0
0.19508,0,0.195,0
0.19512,0,0.195,0
0.19516,0,0.195,0
0.1952,0,0.195,0
0.19524,0,0.195,0
0.19528,0,0.195,0
0.19532,0,0.195,0
0.19536,0,0.195,0
0.1954,0,0.195,0
0.19544,0,0.195,0
0.19548,0,0.195,0
0.19552,0,0.195,0
0.19556,0,0.195,0
0.1956,0,0.195,0
0.19564,0,0.195,0
0.19568,0,0.195,0
0.19572,0,0.195,0
0.19576,0,0.195,0
0.1958,0,0.195,0
0.19584,0,0.195,0
0.19588,0,0.195,0
0.19592,0,0.195,0
0.19596,0,0.195,0
0.196,0,0.195,0
0.196,0,0.196,0
0.19601,0,0.196,0
0.19601,0,0.196,0
0.19604,0,0.196,0
0.19608,0,0.196,0
0.19612,0,0.196,0
0.19616,0,0.196,0
0.1962,0,0.196,0
0.19624,0,0.196,0
0.19628,0,0.196,0
0.19632,0,0.196,0
0.19636,0,0.196,0
0.1964,0,0.196,0
0.19644,0,0.196,0
0.19648,0,0.196,0
0.19652,0,0.196,0
0.19656,0,0.196,0
0.1966,0,0.196,0
0.19664,0,0.196,0
0.19668,0,0.196,0
0.19672,0,0.196,0
0.19676,0,0.196,0
0.1968,0,0.196,0
0.19684,0,0.196,0
0.19688,0,0.196,0
0.19692,0,0.196,0
0.19696,0,0.196,0
0.197,0,0.196,0
0.197,0,0.197,0
0.19701,0,0.197,0
0.19701,0,0.197,0
0.19704,0,0.197,0
0.19708,0,0.197,0
0.19712,0,0.197,0
0.19716,0,0.197,0
0.1972,0,0.197,0
0.19724,0,0.197,0
0.19728,0,0.197,0
0.19732,0,0.197,0
0.19736,0,0.197,0
0.1974,0,0.197,0
0.19744,0,0.197,0
0.19748,0,0.197,0
0.19752,0,0.197,0
0.19756,0,0.197,0
0.1976,0,0.197,0
0.19764,0,0.197,0
0.19768,0,0.197,0
0.19772,0,0.197,0
0.19776,0,0.197,0
0.1978,0,0.197,0
0.19784,0,0.197,0
0.19788,0,0.197,0
0.19792,0,0.197,0
0.19796,0,0.197,0
0.198,0,0.197,0
0.198,0,0.198,0
0.19801,0,0.198,0
0.19801,0,0.198,0
0.19804,0,0.198,0
0.19808,0,0.198,0
0.19812,0,0.198,0
0.19816,0,0.198,0
0.1982,0,0.198,0
0.19824,0,0.198,0
0.19828,0,0.198,0
0.19832,0,0.198,0
0.19836,0,0.198,0
0.1984,0,0.198,0
0.19844,0,0.198,0
0.19848,0,0.198,0
0.19852,0,0.198,0
0.19856,0,0.198,0
0.1986,0,0.198,0
0.19864,0,0.198,0
0.19868,0,0.198,0
0.19872,0,0.198,0
0.19876,0,0.198,0
0.1988,0,0.198,0
0.19884,0,0.198,0
0.19888,0,0.198,0
0.19892,0,0.198,0
0.19896,0,0.198,0
0.199,0,0.198,0
0.199,0,0.199,0
0.19901,0,0.199,0
0.19901,0,0.199,0
0.19904,0,0.199,0
0.19908,0,0.199,0
0.19912,0,0.199,0
0.19916,0,0.199,0
0.1992,0,0.199,0
0.19924,0,0.199,0
0.19928,0,0.199,0
0.19932,0,0.199,0
0.19936,0,0.199,0
0.1994,0,0.199,0
0.19944,0,0.199,0
0.19948,0,0.199,0
0.19952,0,0.199,0
0.19956,0,0.199,0
0.1996,0,0.199,0
0.19964,0,0.199,0
0.19968,0,0.199,0
0.19972,0,0.199,0
0.19976,0,0.199,0
0.1998,0,0.199,0
0.19984,0,0.199,0
0.19988,0,0.199,0
0.19992,0,0.199,0
0.19996,0,0.199,0
0.2,0,0.199,0
0.2,0,0.2,0
