"time","dLATREG.delay.inertialDelaySensitive[1].x","dLATREG.delay.inertialDelaySensitive[1].y","dLATREG.delay.inertialDelaySensitive[2].x","dLATREG.delay.inertialDelaySensitive[2].y"
0,1,1,1,1
0.005,1,1,1,1
0.01,1,1,1,1
0.015,1,1,1,1
0.02,1,1,1,1
0.025,1,1,1,1
0.03,1,1,1,1
0.035,1,1,1,1
0.04,1,1,1,1
0.045,1,1,1,1
0.05,1,1,1,1
0.055,1,1,1,1
0.06,1,1,1,1
0.065,1,1,1,1
0.07,1,1,1,1
0.075,1,1,1,1
0.08,1,1,1,1
0.085,1,1,1,1
0.09,1,1,1,1
0.095,1,1,1,1
0.1,1,1,1,1
0.105,1,1,1,1
0.11,1,1,1,1
0.115,1,1,1,1
0.12,1,1,1,1
0.125,1,1,1,1
0.13,1,1,1,1
0.135,1,1,1,1
0.14,1,1,1,1
0.145,1,1,1,1
0.15,1,1,1,1
0.155,1,1,1,1
0.16,1,1,1,1
0.165,1,1,1,1
0.17,1,1,1,1
0.175,1,1,1,1
0.18,1,1,1,1
0.185,1,1,1,1
0.19,1,1,1,1
0.195,1,1,1,1
0.2,1,1,1,1
0.205,1,1,1,1
0.21,1,1,1,1
0.215,1,1,1,1
0.22,1,1,1,1
0.225,1,1,1,1
0.23,1,1,1,1
0.235,1,1,1,1
0.24,1,1,1,1
0.245,1,1,1,1
0.25,1,1,1,1
0.255,1,1,1,1
0.26,1,1,1,1
0.265,1,1,1,1
0.27,1,1,1,1
0.275,1,1,1,1
0.28,1,1,1,1
0.285,1,1,1,1
0.29,1,1,1,1
0.295,1,1,1,1
0.3,1,1,1,1
0.305,1,1,1,1
0.31,1,1,1,1
0.315,1,1,1,1
0.32,1,1,1,1
0.325,1,1,1,1
0.33,1,1,1,1
0.335,1,1,1,1
0.34,1,1,1,1
0.345,1,1,1,1
0.35,1,1,1,1
0.355,1,1,1,1
0.36,1,1,1,1
0.365,1,1,1,1
0.37,1,1,1,1
0.375,1,1,1,1
0.38,1,1,1,1
0.385,1,1,1,1
0.39,1,1,1,1
0.395,1,1,1,1
0.4,1,1,1,1
0.405,1,1,1,1
0.41,1,1,1,1
0.415,1,1,1,1
0.42,1,1,1,1
0.425,1,1,1,1
0.43,1,1,1,1
0.435,1,1,1,1
0.44,1,1,1,1
0.445,1,1,1,1
0.45,1,1,1,1
0.455,1,1,1,1
0.46,1,1,1,1
0.465,1,1,1,1
0.47,1,1,1,1
0.475,1,1,1,1
0.48,1,1,1,1
0.485,1,1,1,1
0.49,1,1,1,1
0.495,1,1,1,1
0.5,1,1,1,1
0.505,1,1,1,1
0.51,1,1,1,1
0.515,1,1,1,1
0.52,1,1,1,1
0.525,1,1,1,1
0.53,1,1,1,1
0.535,1,1,1,1
0.54,1,1,1,1
0.545,1,1,1,1
0.55,1,1,1,1
0.555,1,1,1,1
0.56,1,1,1,1
0.565,1,1,1,1
0.57,1,1,1,1
0.575,1,1,1,1
0.58,1,1,1,1
0.585,1,1,1,1
0.59,1,1,1,1
0.595,1,1,1,1
0.6,1,1,1,1
0.605,1,1,1,1
0.61,1,1,1,1
0.615,1,1,1,1
0.62,1,1,1,1
0.625,1,1,1,1
0.63,1,1,1,1
0.635,1,1,1,1
0.64,1,1,1,1
0.645,1,1,1,1
0.65,1,1,1,1
0.655,1,1,1,1
0.66,1,1,1,1
0.665,1,1,1,1
0.67,1,1,1,1
0.675,1,1,1,1
0.68,1,1,1,1
0.685,1,1,1,1
0.69,1,1,1,1
0.695,1,1,1,1
0.7,1,1,1,1
0.705,1,1,1,1
0.71,1,1,1,1
0.715,1,1,1,1
0.72,1,1,1,1
0.725,1,1,1,1
0.73,1,1,1,1
0.735,1,1,1,1
0.74,1,1,1,1
0.745,1,1,1,1
0.75,1,1,1,1
0.755,1,1,1,1
0.76,1,1,1,1
0.765,1,1,1,1
0.77,1,1,1,1
0.775,1,1,1,1
0.78,1,1,1,1
0.785,1,1,1,1
0.79,1,1,1,1
0.795,1,1,1,1
0.8,1,1,1,1
0.805,1,1,1,1
0.81,1,1,1,1
0.815,1,1,1,1
0.82,1,1,1,1
0.825,1,1,1,1
0.83,1,1,1,1
0.835,1,1,1,1
0.84,1,1,1,1
0.845,1,1,1,1
0.85,1,1,1,1
0.855,1,1,1,1
0.86,1,1,1,1
0.865,1,1,1,1
0.87,1,1,1,1
0.875,1,1,1,1
0.88,1,1,1,1
0.885,1,1,1,1
0.89,1,1,1,1
0.895,1,1,1,1
0.9,1,1,1,1
0.905,1,1,1,1
0.91,1,1,1,1
0.915,1,1,1,1
0.92,1,1,1,1
0.925,1,1,1,1
0.93,1,1,1,1
0.935,1,1,1,1
0.94,1,1,1,1
0.945,1,1,1,1
0.95,1,1,1,1
0.955,1,1,1,1
0.96,1,1,1,1
0.965,1,1,1,1
0.97,1,1,1,1
0.975,1,1,1,1
0.98,1,1,1,1
0.985,1,1,1,1
0.99,1,1,1,1
0.995,1,1,1,1
1,1,1,1,1
1,3,1,3,1
1.005,3,1,3,1
1.01,3,1,3,1
1.015,3,1,3,1
1.02,3,1,3,1
1.025,3,1,3,1
1.03,3,1,3,1
1.035,3,1,3,1
1.04,3,1,3,1
1.045,3,1,3,1
1.05,3,1,3,1
1.055,3,1,3,1
1.06,3,1,3,1
1.065,3,1,3,1
1.07,3,1,3,1
1.075,3,1,3,1
1.08,3,1,3,1
1.085,3,1,3,1
1.09,3,1,3,1
1.095,3,1,3,1
1.1,3,1,3,1
1.105,3,1,3,1
1.11,3,1,3,1
1.115,3,1,3,1
1.12,3,1,3,1
1.125,3,1,3,1
1.13,3,1,3,1
1.135,3,1,3,1
1.14,3,1,3,1
1.145,3,1,3,1
1.15,3,1,3,1
1.155,3,1,3,1
1.16,3,1,3,1
1.165,3,1,3,1
1.17,3,1,3,1
1.175,3,1,3,1
1.18,3,1,3,1
1.185,3,1,3,1
1.19,3,1,3,1
1.195,3,1,3,1
1.2,3,1,3,1
1.205,3,1,3,1
1.21,3,1,3,1
1.215,3,1,3,1
1.22,3,1,3,1
1.225,3,1,3,1
1.23,3,1,3,1
1.235,3,1,3,1
1.24,3,1,3,1
1.245,3,1,3,1
1.25,3,1,3,1
1.255,3,1,3,1
1.26,3,1,3,1
1.265,3,1,3,1
1.27,3,1,3,1
1.275,3,1,3,1
1.28,3,1,3,1
1.285,3,1,3,1
1.29,3,1,3,1
1.295,3,1,3,1
1.3,3,1,3,1
1.305,3,1,3,1
1.31,3,1,3,1
1.315,3,1,3,1
1.32,3,1,3,1
1.325,3,1,3,1
1.33,3,1,3,1
1.335,3,1,3,1
1.34,3,1,3,1
1.345,3,1,3,1
1.35,3,1,3,1
1.355,3,1,3,1
1.36,3,1,3,1
1.365,3,1,3,1
1.37,3,1,3,1
1.375,3,1,3,1
1.38,3,1,3,1
1.385,3,1,3,1
1.39,3,1,3,1
1.395,3,1,3,1
1.4,3,1,3,1
1.405,3,1,3,1
1.41,3,1,3,1
1.415,3,1,3,1
1.42,3,1,3,1
1.425,3,1,3,1
1.43,3,1,3,1
1.435,3,1,3,1
1.44,3,1,3,1
1.445,3,1,3,1
1.45,3,1,3,1
1.455,3,1,3,1
1.46,3,1,3,1
1.465,3,1,3,1
1.47,3,1,3,1
1.475,3,1,3,1
1.48,3,1,3,1
1.485,3,1,3,1
1.49,3,1,3,1
1.495,3,1,3,1
1.5,3,1,3,1
1.505,3,1,3,1
1.51,3,1,3,1
1.515,3,1,3,1
1.52,3,1,3,1
1.525,3,1,3,1
1.53,3,1,3,1
1.535,3,1,3,1
1.54,3,1,3,1
1.545,3,1,3,1
1.55,3,1,3,1
1.555,3,1,3,1
1.56,3,1,3,1
1.565,3,1,3,1
1.57,3,1,3,1
1.575,3,1,3,1
1.58,3,1,3,1
1.585,3,1,3,1
1.59,3,1,3,1
1.595,3,1,3,1
1.6,3,1,3,1
1.605,3,1,3,1
1.61,3,1,3,1
1.615,3,1,3,1
1.62,3,1,3,1
1.625,3,1,3,1
1.63,3,1,3,1
1.635,3,1,3,1
1.64,3,1,3,1
1.645,3,1,3,1
1.65,3,1,3,1
1.655,3,1,3,1
1.66,3,1,3,1
1.665,3,1,3,1
1.67,3,1,3,1
1.675,3,1,3,1
1.68,3,1,3,1
1.685,3,1,3,1
1.69,3,1,3,1
1.695,3,1,3,1
1.7,3,1,3,1
1.705,3,1,3,1
1.71,3,1,3,1
1.715,3,1,3,1
1.72,3,1,3,1
1.725,3,1,3,1
1.73,3,1,3,1
1.735,3,1,3,1
1.74,3,1,3,1
1.745,3,1,3,1
1.75,3,1,3,1
1.755,3,1,3,1
1.76,3,1,3,1
1.765,3,1,3,1
1.77,3,1,3,1
1.775,3,1,3,1
1.78,3,1,3,1
1.785,3,1,3,1
1.79,3,1,3,1
1.795,3,1,3,1
1.8,3,1,3,1
1.805,3,1,3,1
1.81,3,1,3,1
1.815,3,1,3,1
1.82,3,1,3,1
1.825,3,1,3,1
1.83,3,1,3,1
1.835,3,1,3,1
1.84,3,1,3,1
1.845,3,1,3,1
1.85,3,1,3,1
1.855,3,1,3,1
1.86,3,1,3,1
1.865,3,1,3,1
1.87,3,1,3,1
1.875,3,1,3,1
1.88,3,1,3,1
1.885,3,1,3,1
1.89,3,1,3,1
1.895,3,1,3,1
1.9,3,1,3,1
1.905,3,1,3,1
1.91,3,1,3,1
1.915,3,1,3,1
1.92,3,1,3,1
1.925,3,1,3,1
1.93,3,1,3,1
1.935,3,1,3,1
1.94,3,1,3,1
1.945,3,1,3,1
1.95,3,1,3,1
1.955,3,1,3,1
1.96,3,1,3,1
1.965,3,1,3,1
1.97,3,1,3,1
1.975,3,1,3,1
1.98,3,1,3,1
1.985,3,1,3,1
1.99,3,1,3,1
1.995,3,1,3,1
2,3,1,3,1
2,3,1,3,1
2.005,3,1,3,1
2.01,3,1,3,1
2.015,3,1,3,1
2.02,3,1,3,1
2.025,3,1,3,1
2.03,3,1,3,1
2.035,3,1,3,1
2.04,3,1,3,1
2.045,3,1,3,1
2.05,3,1,3,1
2.055,3,1,3,1
2.06,3,1,3,1
2.065,3,1,3,1
2.07,3,1,3,1
2.075,3,1,3,1
2.08,3,1,3,1
2.085,3,1,3,1
2.09,3,1,3,1
2.095,3,1,3,1
2.1,3,1,3,1
2.105,3,1,3,1
2.11,3,1,3,1
2.115,3,1,3,1
2.12,3,1,3,1
2.125,3,1,3,1
2.13,3,1,3,1
2.135,3,1,3,1
2.14,3,1,3,1
2.145,3,1,3,1
2.15,3,1,3,1
2.155,3,1,3,1
2.16,3,1,3,1
2.165,3,1,3,1
2.17,3,1,3,1
2.175,3,1,3,1
2.18,3,1,3,1
2.185,3,1,3,1
2.19,3,1,3,1
2.195,3,1,3,1
2.2,3,1,3,1
2.205,3,1,3,1
2.21,3,1,3,1
2.215,3,1,3,1
2.22,3,1,3,1
2.225,3,1,3,1
2.23,3,1,3,1
2.235,3,1,3,1
2.24,3,1,3,1
2.245,3,1,3,1
2.25,3,1,3,1
2.255,3,1,3,1
2.26,3,1,3,1
2.265,3,1,3,1
2.27,3,1,3,1
2.275,3,1,3,1
2.28,3,1,3,1
2.285,3,1,3,1
2.29,3,1,3,1
2.295,3,1,3,1
2.3,3,1,3,1
2.305,3,1,3,1
2.31,3,1,3,1
2.315,3,1,3,1
2.32,3,1,3,1
2.325,3,1,3,1
2.33,3,1,3,1
2.335,3,1,3,1
2.34,3,1,3,1
2.345,3,1,3,1
2.35,3,1,3,1
2.355,3,1,3,1
2.36,3,1,3,1
2.365,3,1,3,1
2.37,3,1,3,1
2.375,3,1,3,1
2.38,3,1,3,1
2.385,3,1,3,1
2.39,3,1,3,1
2.395,3,1,3,1
2.4,3,1,3,1
2.405,3,1,3,1
2.41,3,1,3,1
2.415,3,1,3,1
2.42,3,1,3,1
2.425,3,1,3,1
2.43,3,1,3,1
2.435,3,1,3,1
2.44,3,1,3,1
2.445,3,1,3,1
2.45,3,1,3,1
2.455,3,1,3,1
2.46,3,1,3,1
2.465,3,1,3,1
2.47,3,1,3,1
2.475,3,1,3,1
2.48,3,1,3,1
2.485,3,1,3,1
2.49,3,1,3,1
2.495,3,1,3,1
2.5,3,1,3,1
2.505,3,1,3,1
2.51,3,1,3,1
2.515,3,1,3,1
2.52,3,1,3,1
2.525,3,1,3,1
2.53,3,1,3,1
2.535,3,1,3,1
2.54,3,1,3,1
2.545,3,1,3,1
2.55,3,1,3,1
2.555,3,1,3,1
2.56,3,1,3,1
2.565,3,1,3,1
2.57,3,1,3,1
2.575,3,1,3,1
2.58,3,1,3,1
2.585,3,1,3,1
2.59,3,1,3,1
2.595,3,1,3,1
2.6,3,1,3,1
2.605,3,1,3,1
2.61,3,1,3,1
2.615,3,1,3,1
2.62,3,1,3,1
2.625,3,1,3,1
2.63,3,1,3,1
2.635,3,1,3,1
2.64,3,1,3,1
2.645,3,1,3,1
2.65,3,1,3,1
2.655,3,1,3,1
2.66,3,1,3,1
2.665,3,1,3,1
2.67,3,1,3,1
2.675,3,1,3,1
2.68,3,1,3,1
2.685,3,1,3,1
2.69,3,1,3,1
2.695,3,1,3,1
2.7,3,1,3,1
2.705,3,1,3,1
2.71,3,1,3,1
2.715,3,1,3,1
2.72,3,1,3,1
2.725,3,1,3,1
2.73,3,1,3,1
2.735,3,1,3,1
2.74,3,1,3,1
2.745,3,1,3,1
2.75,3,1,3,1
2.755,3,1,3,1
2.76,3,1,3,1
2.765,3,1,3,1
2.77,3,1,3,1
2.775,3,1,3,1
2.78,3,1,3,1
2.785,3,1,3,1
2.79,3,1,3,1
2.795,3,1,3,1
2.8,3,1,3,1
2.805,3,1,3,1
2.81,3,1,3,1
2.815,3,1,3,1
2.82,3,1,3,1
2.825,3,1,3,1
2.83,3,1,3,1
2.835,3,1,3,1
2.84,3,1,3,1
2.845,3,1,3,1
2.85,3,1,3,1
2.855,3,1,3,1
2.86,3,1,3,1
2.865,3,1,3,1
2.87,3,1,3,1
2.875,3,1,3,1
2.88,3,1,3,1
2.885,3,1,3,1
2.89,3,1,3,1
2.895,3,1,3,1
2.9,3,1,3,1
2.905,3,1,3,1
2.91,3,1,3,1
2.915,3,1,3,1
2.92,3,1,3,1
2.925,3,1,3,1
2.93,3,1,3,1
2.935,3,1,3,1
2.94,3,1,3,1
2.945,3,1,3,1
2.95,3,1,3,1
2.955,3,1,3,1
2.96,3,1,3,1
2.965,3,1,3,1
2.97,3,1,3,1
2.975,3,1,3,1
2.98,3,1,3,1
2.985,3,1,3,1
2.99,3,1,3,1
2.995,3,1,3,1
3,3,1,3,1
3,3,3,3,3
3.005,3,3,3,3
3.01,3,3,3,3
3.015,3,3,3,3
3.02,3,3,3,3
3.025,3,3,3,3
3.03,3,3,3,3
3.035,3,3,3,3
3.04,3,3,3,3
3.045,3,3,3,3
3.05,3,3,3,3
3.055,3,3,3,3
3.06,3,3,3,3
3.065,3,3,3,3
3.07,3,3,3,3
3.075,3,3,3,3
3.08,3,3,3,3
3.085,3,3,3,3
3.09,3,3,3,3
3.095,3,3,3,3
3.1,3,3,3,3
3.105,3,3,3,3
3.11,3,3,3,3
3.115,3,3,3,3
3.12,3,3,3,3
3.125,3,3,3,3
3.13,3,3,3,3
3.135,3,3,3,3
3.14,3,3,3,3
3.145,3,3,3,3
3.15,3,3,3,3
3.155,3,3,3,3
3.16,3,3,3,3
3.165,3,3,3,3
3.17,3,3,3,3
3.175,3,3,3,3
3.18,3,3,3,3
3.185,3,3,3,3
3.19,3,3,3,3
3.195,3,3,3,3
3.2,3,3,3,3
3.205,3,3,3,3
3.21,3,3,3,3
3.215,3,3,3,3
3.22,3,3,3,3
3.225,3,3,3,3
3.23,3,3,3,3
3.235,3,3,3,3
3.24,3,3,3,3
3.245,3,3,3,3
3.25,3,3,3,3
3.255,3,3,3,3
3.26,3,3,3,3
3.265,3,3,3,3
3.27,3,3,3,3
3.275,3,3,3,3
3.28,3,3,3,3
3.285,3,3,3,3
3.29,3,3,3,3
3.295,3,3,3,3
3.3,3,3,3,3
3.305,3,3,3,3
3.31,3,3,3,3
3.315,3,3,3,3
3.32,3,3,3,3
3.325,3,3,3,3
3.33,3,3,3,3
3.335,3,3,3,3
3.34,3,3,3,3
3.345,3,3,3,3
3.35,3,3,3,3
3.355,3,3,3,3
3.36,3,3,3,3
3.365,3,3,3,3
3.37,3,3,3,3
3.375,3,3,3,3
3.38,3,3,3,3
3.385,3,3,3,3
3.39,3,3,3,3
3.395,3,3,3,3
3.4,3,3,3,3
3.405,3,3,3,3
3.41,3,3,3,3
3.415,3,3,3,3
3.42,3,3,3,3
3.425,3,3,3,3
3.43,3,3,3,3
3.435,3,3,3,3
3.44,3,3,3,3
3.445,3,3,3,3
3.45,3,3,3,3
3.455,3,3,3,3
3.46,3,3,3,3
3.465,3,3,3,3
3.47,3,3,3,3
3.475,3,3,3,3
3.48,3,3,3,3
3.485,3,3,3,3
3.49,3,3,3,3
3.495,3,3,3,3
3.5,3,3,3,3
3.505,3,3,3,3
3.51,3,3,3,3
3.515,3,3,3,3
3.52,3,3,3,3
3.525,3,3,3,3
3.53,3,3,3,3
3.535,3,3,3,3
3.54,3,3,3,3
3.545,3,3,3,3
3.55,3,3,3,3
3.555,3,3,3,3
3.56,3,3,3,3
3.565,3,3,3,3
3.57,3,3,3,3
3.575,3,3,3,3
3.58,3,3,3,3
3.585,3,3,3,3
3.59,3,3,3,3
3.595,3,3,3,3
3.6,3,3,3,3
3.605,3,3,3,3
3.61,3,3,3,3
3.615,3,3,3,3
3.62,3,3,3,3
3.625,3,3,3,3
3.63,3,3,3,3
3.635,3,3,3,3
3.64,3,3,3,3
3.645,3,3,3,3
3.65,3,3,3,3
3.655,3,3,3,3
3.66,3,3,3,3
3.665,3,3,3,3
3.67,3,3,3,3
3.675,3,3,3,3
3.68,3,3,3,3
3.685,3,3,3,3
3.69,3,3,3,3
3.695,3,3,3,3
3.7,3,3,3,3
3.705,3,3,3,3
3.71,3,3,3,3
3.715,3,3,3,3
3.72,3,3,3,3
3.725,3,3,3,3
3.73,3,3,3,3
3.735,3,3,3,3
3.74,3,3,3,3
3.745,3,3,3,3
3.75,3,3,3,3
3.755,3,3,3,3
3.76,3,3,3,3
3.765,3,3,3,3
3.77,3,3,3,3
3.775,3,3,3,3
3.78,3,3,3,3
3.785,3,3,3,3
3.79,3,3,3,3
3.795,3,3,3,3
3.8,3,3,3,3
3.805,3,3,3,3
3.81,3,3,3,3
3.815,3,3,3,3
3.82,3,3,3,3
3.825,3,3,3,3
3.83,3,3,3,3
3.835,3,3,3,3
3.84,3,3,3,3
3.845,3,3,3,3
3.85,3,3,3,3
3.855,3,3,3,3
3.86,3,3,3,3
3.865,3,3,3,3
3.87,3,3,3,3
3.875,3,3,3,3
3.88,3,3,3,3
3.885,3,3,3,3
3.89,3,3,3,3
3.895,3,3,3,3
3.9,3,3,3,3
3.905,3,3,3,3
3.91,3,3,3,3
3.915,3,3,3,3
3.92,3,3,3,3
3.925,3,3,3,3
3.93,3,3,3,3
3.935,3,3,3,3
3.94,3,3,3,3
3.945,3,3,3,3
3.95,3,3,3,3
3.955,3,3,3,3
3.96,3,3,3,3
3.965,3,3,3,3
3.97,3,3,3,3
3.975,3,3,3,3
3.98,3,3,3,3
3.985,3,3,3,3
3.99,3,3,3,3
3.995,3,3,3,3
4,3,3,3,3
4.005,3,3,3,3
4.01,3,3,3,3
4.015,3,3,3,3
4.02,3,3,3,3
4.025,3,3,3,3
4.03,3,3,3,3
4.035,3,3,3,3
4.04,3,3,3,3
4.045,3,3,3,3
4.05,3,3,3,3
4.055,3,3,3,3
4.06,3,3,3,3
4.065,3,3,3,3
4.07,3,3,3,3
4.075,3,3,3,3
4.08,3,3,3,3
4.085,3,3,3,3
4.09,3,3,3,3
4.095,3,3,3,3
4.1,3,3,3,3
4.105,3,3,3,3
4.11,3,3,3,3
4.115,3,3,3,3
4.12,3,3,3,3
4.125,3,3,3,3
4.13,3,3,3,3
4.135,3,3,3,3
4.14,3,3,3,3
4.145,3,3,3,3
4.15,3,3,3,3
4.155,3,3,3,3
4.16,3,3,3,3
4.165,3,3,3,3
4.17,3,3,3,3
4.175,3,3,3,3
4.18,3,3,3,3
4.185,3,3,3,3
4.19,3,3,3,3
4.195,3,3,3,3
4.2,3,3,3,3
4.205,3,3,3,3
4.21,3,3,3,3
4.215,3,3,3,3
4.22,3,3,3,3
4.225,3,3,3,3
4.23,3,3,3,3
4.235,3,3,3,3
4.24,3,3,3,3
4.245,3,3,3,3
4.25,3,3,3,3
4.255,3,3,3,3
4.26,3,3,3,3
4.265,3,3,3,3
4.27,3,3,3,3
4.275,3,3,3,3
4.28,3,3,3,3
4.285,3,3,3,3
4.29,3,3,3,3
4.295,3,3,3,3
4.3,3,3,3,3
4.305,3,3,3,3
4.31,3,3,3,3
4.315,3,3,3,3
4.32,3,3,3,3
4.325,3,3,3,3
4.33,3,3,3,3
4.335,3,3,3,3
4.34,3,3,3,3
4.345,3,3,3,3
4.35,3,3,3,3
4.355,3,3,3,3
4.36,3,3,3,3
4.365,3,3,3,3
4.37,3,3,3,3
4.375,3,3,3,3
4.38,3,3,3,3
4.385,3,3,3,3
4.39,3,3,3,3
4.395,3,3,3,3
4.4,3,3,3,3
4.405,3,3,3,3
4.41,3,3,3,3
4.415,3,3,3,3
4.42,3,3,3,3
4.425,3,3,3,3
4.43,3,3,3,3
4.435,3,3,3,3
4.44,3,3,3,3
4.445,3,3,3,3
4.45,3,3,3,3
4.455,3,3,3,3
4.46,3,3,3,3
4.465,3,3,3,3
4.47,3,3,3,3
4.475,3,3,3,3
4.48,3,3,3,3
4.485,3,3,3,3
4.49,3,3,3,3
4.495,3,3,3,3
4.5,3,3,3,3
4.505,3,3,3,3
4.51,3,3,3,3
4.515,3,3,3,3
4.52,3,3,3,3
4.525,3,3,3,3
4.53,3,3,3,3
4.535,3,3,3,3
4.54,3,3,3,3
4.545,3,3,3,3
4.55,3,3,3,3
4.555,3,3,3,3
4.56,3,3,3,3
4.565,3,3,3,3
4.57,3,3,3,3
4.575,3,3,3,3
4.58,3,3,3,3
4.585,3,3,3,3
4.59,3,3,3,3
4.595,3,3,3,3
4.6,3,3,3,3
4.605,3,3,3,3
4.61,3,3,3,3
4.615,3,3,3,3
4.62,3,3,3,3
4.625,3,3,3,3
4.63,3,3,3,3
4.635,3,3,3,3
4.64,3,3,3,3
4.645,3,3,3,3
4.65,3,3,3,3
4.655,3,3,3,3
4.66,3,3,3,3
4.665,3,3,3,3
4.67,3,3,3,3
4.675,3,3,3,3
4.68,3,3,3,3
4.685,3,3,3,3
4.69,3,3,3,3
4.695,3,3,3,3
4.7,3,3,3,3
4.705,3,3,3,3
4.71,3,3,3,3
4.715,3,3,3,3
4.72,3,3,3,3
4.725,3,3,3,3
4.73,3,3,3,3
4.735,3,3,3,3
4.74,3,3,3,3
4.745,3,3,3,3
4.75,3,3,3,3
4.755,3,3,3,3
4.76,3,3,3,3
4.765,3,3,3,3
4.77,3,3,3,3
4.775,3,3,3,3
4.78,3,3,3,3
4.785,3,3,3,3
4.79,3,3,3,3
4.795,3,3,3,3
4.8,3,3,3,3
4.805,3,3,3,3
4.81,3,3,3,3
4.815,3,3,3,3
4.82,3,3,3,3
4.825,3,3,3,3
4.83,3,3,3,3
4.835,3,3,3,3
4.84,3,3,3,3
4.845,3,3,3,3
4.85,3,3,3,3
4.855,3,3,3,3
4.86,3,3,3,3
4.865,3,3,3,3
4.87,3,3,3,3
4.875,3,3,3,3
4.88,3,3,3,3
4.885,3,3,3,3
4.89,3,3,3,3
4.895,3,3,3,3
4.9,3,3,3,3
4.905,3,3,3,3
4.91,3,3,3,3
4.915,3,3,3,3
4.92,3,3,3,3
4.925,3,3,3,3
4.93,3,3,3,3
4.935,3,3,3,3
4.94,3,3,3,3
4.945,3,3,3,3
4.95,3,3,3,3
4.955,3,3,3,3
4.96,3,3,3,3
4.965,3,3,3,3
4.97,3,3,3,3
4.975,3,3,3,3
4.98,3,3,3,3
4.985,3,3,3,3
4.99,3,3,3,3
4.995,3,3,3,3
5,3,3,3,3
5.005,3,3,3,3
5.01,3,3,3,3
5.015,3,3,3,3
5.02,3,3,3,3
5.025,3,3,3,3
5.03,3,3,3,3
5.035,3,3,3,3
5.04,3,3,3,3
5.045,3,3,3,3
5.05,3,3,3,3
5.055,3,3,3,3
5.06,3,3,3,3
5.065,3,3,3,3
5.07,3,3,3,3
5.075,3,3,3,3
5.08,3,3,3,3
5.085,3,3,3,3
5.09,3,3,3,3
5.095,3,3,3,3
5.1,3,3,3,3
5.105,3,3,3,3
5.11,3,3,3,3
5.115,3,3,3,3
5.12,3,3,3,3
5.125,3,3,3,3
5.13,3,3,3,3
5.135,3,3,3,3
5.14,3,3,3,3
5.145,3,3,3,3
5.15,3,3,3,3
5.155,3,3,3,3
5.16,3,3,3,3
5.165,3,3,3,3
5.17,3,3,3,3
5.175,3,3,3,3
5.18,3,3,3,3
5.185,3,3,3,3
5.19,3,3,3,3
5.195,3,3,3,3
5.2,3,3,3,3
5.205,3,3,3,3
5.21,3,3,3,3
5.215,3,3,3,3
5.22,3,3,3,3
5.225,3,3,3,3
5.23,3,3,3,3
5.235,3,3,3,3
5.24,3,3,3,3
5.245,3,3,3,3
5.25,3,3,3,3
5.255,3,3,3,3
5.26,3,3,3,3
5.265,3,3,3,3
5.27,3,3,3,3
5.275,3,3,3,3
5.28,3,3,3,3
5.285,3,3,3,3
5.29,3,3,3,3
5.295,3,3,3,3
5.3,3,3,3,3
5.305,3,3,3,3
5.31,3,3,3,3
5.315,3,3,3,3
5.32,3,3,3,3
5.325,3,3,3,3
5.33,3,3,3,3
5.335,3,3,3,3
5.34,3,3,3,3
5.345,3,3,3,3
5.35,3,3,3,3
5.355,3,3,3,3
5.36,3,3,3,3
5.365,3,3,3,3
5.37,3,3,3,3
5.375,3,3,3,3
5.38,3,3,3,3
5.385,3,3,3,3
5.39,3,3,3,3
5.395,3,3,3,3
5.4,3,3,3,3
5.405,3,3,3,3
5.41,3,3,3,3
5.415,3,3,3,3
5.42,3,3,3,3
5.425,3,3,3,3
5.43,3,3,3,3
5.435,3,3,3,3
5.44,3,3,3,3
5.445,3,3,3,3
5.45,3,3,3,3
5.455,3,3,3,3
5.46,3,3,3,3
5.465,3,3,3,3
5.47,3,3,3,3
5.475,3,3,3,3
5.48,3,3,3,3
5.485,3,3,3,3
5.49,3,3,3,3
5.495,3,3,3,3
5.5,3,3,3,3
5.505,3,3,3,3
5.51,3,3,3,3
5.515,3,3,3,3
5.52,3,3,3,3
5.525,3,3,3,3
5.53,3,3,3,3
5.535,3,3,3,3
5.54,3,3,3,3
5.545,3,3,3,3
5.55,3,3,3,3
5.555,3,3,3,3
5.56,3,3,3,3
5.565,3,3,3,3
5.57,3,3,3,3
5.575,3,3,3,3
5.58,3,3,3,3
5.585,3,3,3,3
5.59,3,3,3,3
5.595,3,3,3,3
5.6,3,3,3,3
5.605,3,3,3,3
5.61,3,3,3,3
5.615,3,3,3,3
5.62,3,3,3,3
5.625,3,3,3,3
5.63,3,3,3,3
5.635,3,3,3,3
5.64,3,3,3,3
5.645,3,3,3,3
5.65,3,3,3,3
5.655,3,3,3,3
5.66,3,3,3,3
5.665,3,3,3,3
5.67,3,3,3,3
5.675,3,3,3,3
5.68,3,3,3,3
5.685,3,3,3,3
5.69,3,3,3,3
5.695,3,3,3,3
5.7,3,3,3,3
5.705,3,3,3,3
5.71,3,3,3,3
5.715,3,3,3,3
5.72,3,3,3,3
5.725,3,3,3,3
5.73,3,3,3,3
5.735,3,3,3,3
5.74,3,3,3,3
5.745,3,3,3,3
5.75,3,3,3,3
5.755,3,3,3,3
5.76,3,3,3,3
5.765,3,3,3,3
5.77,3,3,3,3
5.775,3,3,3,3
5.78,3,3,3,3
5.785,3,3,3,3
5.79,3,3,3,3
5.795,3,3,3,3
5.8,3,3,3,3
5.805,3,3,3,3
5.81,3,3,3,3
5.815,3,3,3,3
5.82,3,3,3,3
5.825,3,3,3,3
5.83,3,3,3,3
5.835,3,3,3,3
5.84,3,3,3,3
5.845,3,3,3,3
5.85,3,3,3,3
5.855,3,3,3,3
5.86,3,3,3,3
5.865,3,3,3,3
5.87,3,3,3,3
5.875,3,3,3,3
5.88,3,3,3,3
5.885,3,3,3,3
5.89,3,3,3,3
5.895,3,3,3,3
5.9,3,3,3,3
5.905,3,3,3,3
5.91,3,3,3,3
5.915,3,3,3,3
5.92,3,3,3,3
5.925,3,3,3,3
5.93,3,3,3,3
5.935,3,3,3,3
5.94,3,3,3,3
5.945,3,3,3,3
5.95,3,3,3,3
5.955,3,3,3,3
5.96,3,3,3,3
5.965,3,3,3,3
5.97,3,3,3,3
5.975,3,3,3,3
5.98,3,3,3,3
5.985,3,3,3,3
5.99,3,3,3,3
5.995,3,3,3,3
6,3,3,3,3
6.005,3,3,3,3
6.01,3,3,3,3
6.015,3,3,3,3
6.02,3,3,3,3
6.025,3,3,3,3
6.03,3,3,3,3
6.035,3,3,3,3
6.04,3,3,3,3
6.045,3,3,3,3
6.05,3,3,3,3
6.055,3,3,3,3
6.06,3,3,3,3
6.065,3,3,3,3
6.07,3,3,3,3
6.075,3,3,3,3
6.08,3,3,3,3
6.085,3,3,3,3
6.09,3,3,3,3
6.095,3,3,3,3
6.1,3,3,3,3
6.105,3,3,3,3
6.11,3,3,3,3
6.115,3,3,3,3
6.12,3,3,3,3
6.125,3,3,3,3
6.13,3,3,3,3
6.135,3,3,3,3
6.14,3,3,3,3
6.145,3,3,3,3
6.15,3,3,3,3
6.155,3,3,3,3
6.16,3,3,3,3
6.165,3,3,3,3
6.17,3,3,3,3
6.175,3,3,3,3
6.18,3,3,3,3
6.185,3,3,3,3
6.19,3,3,3,3
6.195,3,3,3,3
6.2,3,3,3,3
6.205,3,3,3,3
6.21,3,3,3,3
6.215,3,3,3,3
6.22,3,3,3,3
6.225,3,3,3,3
6.23,3,3,3,3
6.235,3,3,3,3
6.24,3,3,3,3
6.245,3,3,3,3
6.25,3,3,3,3
6.255,3,3,3,3
6.26,3,3,3,3
6.265,3,3,3,3
6.27,3,3,3,3
6.275,3,3,3,3
6.28,3,3,3,3
6.285,3,3,3,3
6.29,3,3,3,3
6.295,3,3,3,3
6.3,3,3,3,3
6.305,3,3,3,3
6.31,3,3,3,3
6.315,3,3,3,3
6.32,3,3,3,3
6.325,3,3,3,3
6.33,3,3,3,3
6.335,3,3,3,3
6.34,3,3,3,3
6.345,3,3,3,3
6.35,3,3,3,3
6.355,3,3,3,3
6.36,3,3,3,3
6.365,3,3,3,3
6.37,3,3,3,3
6.375,3,3,3,3
6.38,3,3,3,3
6.385,3,3,3,3
6.39,3,3,3,3
6.395,3,3,3,3
6.4,3,3,3,3
6.405,3,3,3,3
6.41,3,3,3,3
6.415,3,3,3,3
6.42,3,3,3,3
6.425,3,3,3,3
6.43,3,3,3,3
6.435,3,3,3,3
6.44,3,3,3,3
6.445,3,3,3,3
6.45,3,3,3,3
6.455,3,3,3,3
6.46,3,3,3,3
6.465,3,3,3,3
6.47,3,3,3,3
6.475,3,3,3,3
6.48,3,3,3,3
6.485,3,3,3,3
6.49,3,3,3,3
6.495,3,3,3,3
6.5,3,3,3,3
6.505,3,3,3,3
6.51,3,3,3,3
6.515,3,3,3,3
6.52,3,3,3,3
6.525,3,3,3,3
6.53,3,3,3,3
6.535,3,3,3,3
6.54,3,3,3,3
6.545,3,3,3,3
6.55,3,3,3,3
6.555,3,3,3,3
6.56,3,3,3,3
6.565,3,3,3,3
6.57,3,3,3,3
6.575,3,3,3,3
6.58,3,3,3,3
6.585,3,3,3,3
6.59,3,3,3,3
6.595,3,3,3,3
6.6,3,3,3,3
6.605,3,3,3,3
6.61,3,3,3,3
6.615,3,3,3,3
6.62,3,3,3,3
6.625,3,3,3,3
6.63,3,3,3,3
6.635,3,3,3,3
6.64,3,3,3,3
6.645,3,3,3,3
6.65,3,3,3,3
6.655,3,3,3,3
6.66,3,3,3,3
6.665,3,3,3,3
6.67,3,3,3,3
6.675,3,3,3,3
6.68,3,3,3,3
6.685,3,3,3,3
6.69,3,3,3,3
6.695,3,3,3,3
6.7,3,3,3,3
6.705,3,3,3,3
6.71,3,3,3,3
6.715,3,3,3,3
6.72,3,3,3,3
6.725,3,3,3,3
6.73,3,3,3,3
6.735,3,3,3,3
6.74,3,3,3,3
6.745,3,3,3,3
6.75,3,3,3,3
6.755,3,3,3,3
6.76,3,3,3,3
6.765,3,3,3,3
6.77,3,3,3,3
6.775,3,3,3,3
6.78,3,3,3,3
6.785,3,3,3,3
6.79,3,3,3,3
6.795,3,3,3,3
6.8,3,3,3,3
6.805,3,3,3,3
6.81,3,3,3,3
6.815,3,3,3,3
6.82,3,3,3,3
6.825,3,3,3,3
6.83,3,3,3,3
6.835,3,3,3,3
6.84,3,3,3,3
6.845,3,3,3,3
6.85,3,3,3,3
6.855,3,3,3,3
6.86,3,3,3,3
6.865,3,3,3,3
6.87,3,3,3,3
6.875,3,3,3,3
6.88,3,3,3,3
6.885,3,3,3,3
6.89,3,3,3,3
6.895,3,3,3,3
6.9,3,3,3,3
6.905,3,3,3,3
6.91,3,3,3,3
6.915,3,3,3,3
6.92,3,3,3,3
6.925,3,3,3,3
6.93,3,3,3,3
6.935,3,3,3,3
6.94,3,3,3,3
6.945,3,3,3,3
6.95,3,3,3,3
6.955,3,3,3,3
6.96,3,3,3,3
6.965,3,3,3,3
6.97,3,3,3,3
6.975,3,3,3,3
6.98,3,3,3,3
6.985,3,3,3,3
6.99,3,3,3,3
6.995,3,3,3,3
7,3,3,3,3
7.005,3,3,3,3
7.01,3,3,3,3
7.015,3,3,3,3
7.02,3,3,3,3
7.025,3,3,3,3
7.03,3,3,3,3
7.035,3,3,3,3
7.04,3,3,3,3
7.045,3,3,3,3
7.05,3,3,3,3
7.055,3,3,3,3
7.06,3,3,3,3
7.065,3,3,3,3
7.07,3,3,3,3
7.075,3,3,3,3
7.08,3,3,3,3
7.085,3,3,3,3
7.09,3,3,3,3
7.095,3,3,3,3
7.1,3,3,3,3
7.105,3,3,3,3
7.11,3,3,3,3
7.115,3,3,3,3
7.12,3,3,3,3
7.125,3,3,3,3
7.13,3,3,3,3
7.135,3,3,3,3
7.14,3,3,3,3
7.145,3,3,3,3
7.15,3,3,3,3
7.155,3,3,3,3
7.16,3,3,3,3
7.165,3,3,3,3
7.17,3,3,3,3
7.175,3,3,3,3
7.18,3,3,3,3
7.185,3,3,3,3
7.19,3,3,3,3
7.195,3,3,3,3
7.2,3,3,3,3
7.205,3,3,3,3
7.21,3,3,3,3
7.215,3,3,3,3
7.22,3,3,3,3
7.225,3,3,3,3
7.23,3,3,3,3
7.235,3,3,3,3
7.24,3,3,3,3
7.245,3,3,3,3
7.25,3,3,3,3
7.255,3,3,3,3
7.26,3,3,3,3
7.265,3,3,3,3
7.27,3,3,3,3
7.275,3,3,3,3
7.28,3,3,3,3
7.285,3,3,3,3
7.29,3,3,3,3
7.295,3,3,3,3
7.3,3,3,3,3
7.305,3,3,3,3
7.31,3,3,3,3
7.315,3,3,3,3
7.32,3,3,3,3
7.325,3,3,3,3
7.33,3,3,3,3
7.335,3,3,3,3
7.34,3,3,3,3
7.345,3,3,3,3
7.35,3,3,3,3
7.355,3,3,3,3
7.36,3,3,3,3
7.365,3,3,3,3
7.37,3,3,3,3
7.375,3,3,3,3
7.38,3,3,3,3
7.385,3,3,3,3
7.39,3,3,3,3
7.395,3,3,3,3
7.4,3,3,3,3
7.405,3,3,3,3
7.41,3,3,3,3
7.415,3,3,3,3
7.42,3,3,3,3
7.425,3,3,3,3
7.43,3,3,3,3
7.435,3,3,3,3
7.44,3,3,3,3
7.445,3,3,3,3
7.45,3,3,3,3
7.455,3,3,3,3
7.46,3,3,3,3
7.465,3,3,3,3
7.47,3,3,3,3
7.475,3,3,3,3
7.48,3,3,3,3
7.485,3,3,3,3
7.49,3,3,3,3
7.495,3,3,3,3
7.5,3,3,3,3
7.505,3,3,3,3
7.51,3,3,3,3
7.515,3,3,3,3
7.52,3,3,3,3
7.525,3,3,3,3
7.53,3,3,3,3
7.535,3,3,3,3
7.54,3,3,3,3
7.545,3,3,3,3
7.55,3,3,3,3
7.555,3,3,3,3
7.56,3,3,3,3
7.565,3,3,3,3
7.57,3,3,3,3
7.575,3,3,3,3
7.58,3,3,3,3
7.585,3,3,3,3
7.59,3,3,3,3
7.595,3,3,3,3
7.6,3,3,3,3
7.605,3,3,3,3
7.61,3,3,3,3
7.615,3,3,3,3
7.62,3,3,3,3
7.625,3,3,3,3
7.63,3,3,3,3
7.635,3,3,3,3
7.64,3,3,3,3
7.645,3,3,3,3
7.65,3,3,3,3
7.655,3,3,3,3
7.66,3,3,3,3
7.665,3,3,3,3
7.67,3,3,3,3
7.675,3,3,3,3
7.68,3,3,3,3
7.685,3,3,3,3
7.69,3,3,3,3
7.695,3,3,3,3
7.7,3,3,3,3
7.705,3,3,3,3
7.71,3,3,3,3
7.715,3,3,3,3
7.72,3,3,3,3
7.725,3,3,3,3
7.73,3,3,3,3
7.735,3,3,3,3
7.74,3,3,3,3
7.745,3,3,3,3
7.75,3,3,3,3
7.755,3,3,3,3
7.76,3,3,3,3
7.765,3,3,3,3
7.77,3,3,3,3
7.775,3,3,3,3
7.78,3,3,3,3
7.785,3,3,3,3
7.79,3,3,3,3
7.795,3,3,3,3
7.8,3,3,3,3
7.805,3,3,3,3
7.81,3,3,3,3
7.815,3,3,3,3
7.82,3,3,3,3
7.825,3,3,3,3
7.83,3,3,3,3
7.835,3,3,3,3
7.84,3,3,3,3
7.845,3,3,3,3
7.85,3,3,3,3
7.855,3,3,3,3
7.86,3,3,3,3
7.865,3,3,3,3
7.87,3,3,3,3
7.875,3,3,3,3
7.88,3,3,3,3
7.885,3,3,3,3
7.89,3,3,3,3
7.895,3,3,3,3
7.9,3,3,3,3
7.905,3,3,3,3
7.91,3,3,3,3
7.915,3,3,3,3
7.92,3,3,3,3
7.925,3,3,3,3
7.93,3,3,3,3
7.935,3,3,3,3
7.94,3,3,3,3
7.945,3,3,3,3
7.95,3,3,3,3
7.955,3,3,3,3
7.96,3,3,3,3
7.965,3,3,3,3
7.97,3,3,3,3
7.975,3,3,3,3
7.98,3,3,3,3
7.985,3,3,3,3
7.99,3,3,3,3
7.995,3,3,3,3
8,3,3,3,3
8.005,3,3,3,3
8.01,3,3,3,3
8.015,3,3,3,3
8.02,3,3,3,3
8.025,3,3,3,3
8.03,3,3,3,3
8.035,3,3,3,3
8.04,3,3,3,3
8.045,3,3,3,3
8.05,3,3,3,3
8.055,3,3,3,3
8.06,3,3,3,3
8.065,3,3,3,3
8.07,3,3,3,3
8.075,3,3,3,3
8.08,3,3,3,3
8.085,3,3,3,3
8.09,3,3,3,3
8.095,3,3,3,3
8.1,3,3,3,3
8.105,3,3,3,3
8.11,3,3,3,3
8.115,3,3,3,3
8.12,3,3,3,3
8.125,3,3,3,3
8.13,3,3,3,3
8.135,3,3,3,3
8.14,3,3,3,3
8.145,3,3,3,3
8.15,3,3,3,3
8.155,3,3,3,3
8.16,3,3,3,3
8.165,3,3,3,3
8.17,3,3,3,3
8.175,3,3,3,3
8.18,3,3,3,3
8.185,3,3,3,3
8.19,3,3,3,3
8.195,3,3,3,3
8.2,3,3,3,3
8.205,3,3,3,3
8.21,3,3,3,3
8.215,3,3,3,3
8.22,3,3,3,3
8.225,3,3,3,3
8.23,3,3,3,3
8.235,3,3,3,3
8.24,3,3,3,3
8.245,3,3,3,3
8.25,3,3,3,3
8.255,3,3,3,3
8.26,3,3,3,3
8.265,3,3,3,3
8.27,3,3,3,3
8.275,3,3,3,3
8.28,3,3,3,3
8.285,3,3,3,3
8.29,3,3,3,3
8.295,3,3,3,3
8.3,3,3,3,3
8.305,3,3,3,3
8.31,3,3,3,3
8.315,3,3,3,3
8.32,3,3,3,3
8.325,3,3,3,3
8.33,3,3,3,3
8.335,3,3,3,3
8.34,3,3,3,3
8.345,3,3,3,3
8.35,3,3,3,3
8.355,3,3,3,3
8.36,3,3,3,3
8.365,3,3,3,3
8.37,3,3,3,3
8.375,3,3,3,3
8.38,3,3,3,3
8.385,3,3,3,3
8.39,3,3,3,3
8.395,3,3,3,3
8.4,3,3,3,3
8.405,3,3,3,3
8.41,3,3,3,3
8.415,3,3,3,3
8.42,3,3,3,3
8.425,3,3,3,3
8.43,3,3,3,3
8.435,3,3,3,3
8.44,3,3,3,3
8.445,3,3,3,3
8.45,3,3,3,3
8.455,3,3,3,3
8.46,3,3,3,3
8.465,3,3,3,3
8.47,3,3,3,3
8.475,3,3,3,3
8.48,3,3,3,3
8.485,3,3,3,3
8.49,3,3,3,3
8.495,3,3,3,3
8.5,3,3,3,3
8.505,3,3,3,3
8.51,3,3,3,3
8.515,3,3,3,3
8.52,3,3,3,3
8.525,3,3,3,3
8.53,3,3,3,3
8.535,3,3,3,3
8.54,3,3,3,3
8.545,3,3,3,3
8.55,3,3,3,3
8.555,3,3,3,3
8.56,3,3,3,3
8.565,3,3,3,3
8.57,3,3,3,3
8.575,3,3,3,3
8.58,3,3,3,3
8.585,3,3,3,3
8.59,3,3,3,3
8.595,3,3,3,3
8.6,3,3,3,3
8.605,3,3,3,3
8.61,3,3,3,3
8.615,3,3,3,3
8.62,3,3,3,3
8.625,3,3,3,3
8.63,3,3,3,3
8.635,3,3,3,3
8.64,3,3,3,3
8.645,3,3,3,3
8.65,3,3,3,3
8.655,3,3,3,3
8.66,3,3,3,3
8.665,3,3,3,3
8.67,3,3,3,3
8.675,3,3,3,3
8.68,3,3,3,3
8.685,3,3,3,3
8.69,3,3,3,3
8.695,3,3,3,3
8.7,3,3,3,3
8.705,3,3,3,3
8.71,3,3,3,3
8.715,3,3,3,3
8.72,3,3,3,3
8.725,3,3,3,3
8.73,3,3,3,3
8.735,3,3,3,3
8.74,3,3,3,3
8.745,3,3,3,3
8.75,3,3,3,3
8.755,3,3,3,3
8.76,3,3,3,3
8.765,3,3,3,3
8.77,3,3,3,3
8.775,3,3,3,3
8.78,3,3,3,3
8.785,3,3,3,3
8.79,3,3,3,3
8.795,3,3,3,3
8.8,3,3,3,3
8.805,3,3,3,3
8.81,3,3,3,3
8.815,3,3,3,3
8.82,3,3,3,3
8.825,3,3,3,3
8.83,3,3,3,3
8.835,3,3,3,3
8.84,3,3,3,3
8.845,3,3,3,3
8.85,3,3,3,3
8.855,3,3,3,3
8.86,3,3,3,3
8.865,3,3,3,3
8.87,3,3,3,3
8.875,3,3,3,3
8.88,3,3,3,3
8.885,3,3,3,3
8.89,3,3,3,3
8.895,3,3,3,3
8.9,3,3,3,3
8.905,3,3,3,3
8.91,3,3,3,3
8.915,3,3,3,3
8.92,3,3,3,3
8.925,3,3,3,3
8.93,3,3,3,3
8.935,3,3,3,3
8.94,3,3,3,3
8.945,3,3,3,3
8.95,3,3,3,3
8.955,3,3,3,3
8.96,3,3,3,3
8.965,3,3,3,3
8.97,3,3,3,3
8.975,3,3,3,3
8.98,3,3,3,3
8.985,3,3,3,3
8.99,3,3,3,3
8.995,3,3,3,3
9,3,3,3,3
9.005,3,3,3,3
9.01,3,3,3,3
9.015,3,3,3,3
9.02,3,3,3,3
9.025,3,3,3,3
9.03,3,3,3,3
9.035,3,3,3,3
9.04,3,3,3,3
9.045,3,3,3,3
9.05,3,3,3,3
9.055,3,3,3,3
9.06,3,3,3,3
9.065,3,3,3,3
9.07,3,3,3,3
9.075,3,3,3,3
9.08,3,3,3,3
9.085,3,3,3,3
9.09,3,3,3,3
9.095,3,3,3,3
9.1,3,3,3,3
9.105,3,3,3,3
9.11,3,3,3,3
9.115,3,3,3,3
9.12,3,3,3,3
9.125,3,3,3,3
9.13,3,3,3,3
9.135,3,3,3,3
9.14,3,3,3,3
9.145,3,3,3,3
9.15,3,3,3,3
9.155,3,3,3,3
9.16,3,3,3,3
9.165,3,3,3,3
9.17,3,3,3,3
9.175,3,3,3,3
9.18,3,3,3,3
9.185,3,3,3,3
9.19,3,3,3,3
9.195,3,3,3,3
9.2,3,3,3,3
9.205,3,3,3,3
9.21,3,3,3,3
9.215,3,3,3,3
9.22,3,3,3,3
9.225,3,3,3,3
9.23,3,3,3,3
9.235,3,3,3,3
9.24,3,3,3,3
9.245,3,3,3,3
9.25,3,3,3,3
9.255,3,3,3,3
9.26,3,3,3,3
9.265,3,3,3,3
9.27,3,3,3,3
9.275,3,3,3,3
9.28,3,3,3,3
9.285,3,3,3,3
9.29,3,3,3,3
9.295,3,3,3,3
9.3,3,3,3,3
9.305,3,3,3,3
9.31,3,3,3,3
9.315,3,3,3,3
9.32,3,3,3,3
9.325,3,3,3,3
9.33,3,3,3,3
9.335,3,3,3,3
9.34,3,3,3,3
9.345,3,3,3,3
9.35,3,3,3,3
9.355,3,3,3,3
9.36,3,3,3,3
9.365,3,3,3,3
9.37,3,3,3,3
9.375,3,3,3,3
9.38,3,3,3,3
9.385,3,3,3,3
9.39,3,3,3,3
9.395,3,3,3,3
9.4,3,3,3,3
9.405,3,3,3,3
9.41,3,3,3,3
9.415,3,3,3,3
9.42,3,3,3,3
9.425,3,3,3,3
9.43,3,3,3,3
9.435,3,3,3,3
9.44,3,3,3,3
9.445,3,3,3,3
9.45,3,3,3,3
9.455,3,3,3,3
9.46,3,3,3,3
9.465,3,3,3,3
9.47,3,3,3,3
9.475,3,3,3,3
9.48,3,3,3,3
9.485,3,3,3,3
9.49,3,3,3,3
9.495,3,3,3,3
9.5,3,3,3,3
9.505,3,3,3,3
9.51,3,3,3,3
9.515,3,3,3,3
9.52,3,3,3,3
9.525,3,3,3,3
9.53,3,3,3,3
9.535,3,3,3,3
9.54,3,3,3,3
9.545,3,3,3,3
9.55,3,3,3,3
9.555,3,3,3,3
9.56,3,3,3,3
9.565,3,3,3,3
9.57,3,3,3,3
9.575,3,3,3,3
9.58,3,3,3,3
9.585,3,3,3,3
9.59,3,3,3,3
9.595,3,3,3,3
9.6,3,3,3,3
9.605,3,3,3,3
9.61,3,3,3,3
9.615,3,3,3,3
9.62,3,3,3,3
9.625,3,3,3,3
9.63,3,3,3,3
9.635,3,3,3,3
9.64,3,3,3,3
9.645,3,3,3,3
9.65,3,3,3,3
9.655,3,3,3,3
9.66,3,3,3,3
9.665,3,3,3,3
9.67,3,3,3,3
9.675,3,3,3,3
9.68,3,3,3,3
9.685,3,3,3,3
9.69,3,3,3,3
9.695,3,3,3,3
9.7,3,3,3,3
9.705,3,3,3,3
9.71,3,3,3,3
9.715,3,3,3,3
9.72,3,3,3,3
9.725,3,3,3,3
9.73,3,3,3,3
9.735,3,3,3,3
9.74,3,3,3,3
9.745,3,3,3,3
9.75,3,3,3,3
9.755,3,3,3,3
9.76,3,3,3,3
9.765,3,3,3,3
9.77,3,3,3,3
9.775,3,3,3,3
9.78,3,3,3,3
9.785,3,3,3,3
9.79,3,3,3,3
9.795,3,3,3,3
9.8,3,3,3,3
9.805,3,3,3,3
9.81,3,3,3,3
9.815,3,3,3,3
9.82,3,3,3,3
9.825,3,3,3,3
9.83,3,3,3,3
9.835,3,3,3,3
9.84,3,3,3,3
9.845,3,3,3,3
9.85,3,3,3,3
9.855,3,3,3,3
9.86,3,3,3,3
9.865,3,3,3,3
9.87,3,3,3,3
9.875,3,3,3,3
9.88,3,3,3,3
9.885,3,3,3,3
9.89,3,3,3,3
9.895,3,3,3,3
9.9,3,3,3,3
9.905,3,3,3,3
9.91,3,3,3,3
9.915,3,3,3,3
9.92,3,3,3,3
9.925,3,3,3,3
9.93,3,3,3,3
9.935,3,3,3,3
9.94,3,3,3,3
9.945,3,3,3,3
9.95,3,3,3,3
9.955,3,3,3,3
9.96,3,3,3,3
9.965,3,3,3,3
9.97,3,3,3,3
9.975,3,3,3,3
9.98,3,3,3,3
9.985,3,3,3,3
9.99,3,3,3,3
9.995,3,3,3,3
10,3,3,3,3
10,2,3,3,3
10.005,2,3,3,3
10.01,2,3,3,3
10.015,2,3,3,3
10.02,2,3,3,3
10.025,2,3,3,3
10.03,2,3,3,3
10.035,2,3,3,3
10.04,2,3,3,3
10.045,2,3,3,3
10.05,2,3,3,3
10.055,2,3,3,3
10.06,2,3,3,3
10.065,2,3,3,3
10.07,2,3,3,3
10.075,2,3,3,3
10.08,2,3,3,3
10.085,2,3,3,3
10.09,2,3,3,3
10.095,2,3,3,3
10.1,2,3,3,3
10.105,2,3,3,3
10.11,2,3,3,3
10.115,2,3,3,3
10.12,2,3,3,3
10.125,2,3,3,3
10.13,2,3,3,3
10.135,2,3,3,3
10.14,2,3,3,3
10.145,2,3,3,3
10.15,2,3,3,3
10.155,2,3,3,3
10.16,2,3,3,3
10.165,2,3,3,3
10.17,2,3,3,3
10.175,2,3,3,3
10.18,2,3,3,3
10.185,2,3,3,3
10.19,2,3,3,3
10.195,2,3,3,3
10.2,2,3,3,3
10.205,2,3,3,3
10.21,2,3,3,3
10.215,2,3,3,3
10.22,2,3,3,3
10.225,2,3,3,3
10.23,2,3,3,3
10.235,2,3,3,3
10.24,2,3,3,3
10.245,2,3,3,3
10.25,2,3,3,3
10.255,2,3,3,3
10.26,2,3,3,3
10.265,2,3,3,3
10.27,2,3,3,3
10.275,2,3,3,3
10.28,2,3,3,3
10.285,2,3,3,3
10.29,2,3,3,3
10.295,2,3,3,3
10.3,2,3,3,3
10.305,2,3,3,3
10.31,2,3,3,3
10.315,2,3,3,3
10.32,2,3,3,3
10.325,2,3,3,3
10.33,2,3,3,3
10.335,2,3,3,3
10.34,2,3,3,3
10.345,2,3,3,3
10.35,2,3,3,3
10.355,2,3,3,3
10.36,2,3,3,3
10.365,2,3,3,3
10.37,2,3,3,3
10.375,2,3,3,3
10.38,2,3,3,3
10.385,2,3,3,3
10.39,2,3,3,3
10.395,2,3,3,3
10.4,2,3,3,3
10.405,2,3,3,3
10.41,2,3,3,3
10.415,2,3,3,3
10.42,2,3,3,3
10.425,2,3,3,3
10.43,2,3,3,3
10.435,2,3,3,3
10.44,2,3,3,3
10.445,2,3,3,3
10.45,2,3,3,3
10.455,2,3,3,3
10.46,2,3,3,3
10.465,2,3,3,3
10.47,2,3,3,3
10.475,2,3,3,3
10.48,2,3,3,3
10.485,2,3,3,3
10.49,2,3,3,3
10.495,2,3,3,3
10.5,2,3,3,3
10.505,2,3,3,3
10.51,2,3,3,3
10.515,2,3,3,3
10.52,2,3,3,3
10.525,2,3,3,3
10.53,2,3,3,3
10.535,2,3,3,3
10.54,2,3,3,3
10.545,2,3,3,3
10.55,2,3,3,3
10.555,2,3,3,3
10.56,2,3,3,3
10.565,2,3,3,3
10.57,2,3,3,3
10.575,2,3,3,3
10.58,2,3,3,3
10.585,2,3,3,3
10.59,2,3,3,3
10.595,2,3,3,3
10.6,2,3,3,3
10.605,2,3,3,3
10.61,2,3,3,3
10.615,2,3,3,3
10.62,2,3,3,3
10.625,2,3,3,3
10.63,2,3,3,3
10.635,2,3,3,3
10.64,2,3,3,3
10.645,2,3,3,3
10.65,2,3,3,3
10.655,2,3,3,3
10.66,2,3,3,3
10.665,2,3,3,3
10.67,2,3,3,3
10.675,2,3,3,3
10.68,2,3,3,3
10.685,2,3,3,3
10.69,2,3,3,3
10.695,2,3,3,3
10.7,2,3,3,3
10.705,2,3,3,3
10.71,2,3,3,3
10.715,2,3,3,3
10.72,2,3,3,3
10.725,2,3,3,3
10.73,2,3,3,3
10.735,2,3,3,3
10.74,2,3,3,3
10.745,2,3,3,3
10.75,2,3,3,3
10.755,2,3,3,3
10.76,2,3,3,3
10.765,2,3,3,3
10.77,2,3,3,3
10.775,2,3,3,3
10.78,2,3,3,3
10.785,2,3,3,3
10.79,2,3,3,3
10.795,2,3,3,3
10.8,2,3,3,3
10.805,2,3,3,3
10.81,2,3,3,3
10.815,2,3,3,3
10.82,2,3,3,3
10.825,2,3,3,3
10.83,2,3,3,3
10.835,2,3,3,3
10.84,2,3,3,3
10.845,2,3,3,3
10.85,2,3,3,3
10.855,2,3,3,3
10.86,2,3,3,3
10.865,2,3,3,3
10.87,2,3,3,3
10.875,2,3,3,3
10.88,2,3,3,3
10.885,2,3,3,3
10.89,2,3,3,3
10.895,2,3,3,3
10.9,2,3,3,3
10.905,2,3,3,3
10.91,2,3,3,3
10.915,2,3,3,3
10.92,2,3,3,3
10.925,2,3,3,3
10.93,2,3,3,3
10.935,2,3,3,3
10.94,2,3,3,3
10.945,2,3,3,3
10.95,2,3,3,3
10.955,2,3,3,3
10.96,2,3,3,3
10.965,2,3,3,3
10.97,2,3,3,3
10.975,2,3,3,3
10.98,2,3,3,3
10.985,2,3,3,3
10.99,2,3,3,3
10.995,2,3,3,3
11,2,3,3,3
11.005,2,3,3,3
11.01,2,3,3,3
11.015,2,3,3,3
11.02,2,3,3,3
11.025,2,3,3,3
11.03,2,3,3,3
11.035,2,3,3,3
11.04,2,3,3,3
11.045,2,3,3,3
11.05,2,3,3,3
11.055,2,3,3,3
11.06,2,3,3,3
11.065,2,3,3,3
11.07,2,3,3,3
11.075,2,3,3,3
11.08,2,3,3,3
11.085,2,3,3,3
11.09,2,3,3,3
11.095,2,3,3,3
11.1,2,3,3,3
11.105,2,3,3,3
11.11,2,3,3,3
11.115,2,3,3,3
11.12,2,3,3,3
11.125,2,3,3,3
11.13,2,3,3,3
11.135,2,3,3,3
11.14,2,3,3,3
11.145,2,3,3,3
11.15,2,3,3,3
11.155,2,3,3,3
11.16,2,3,3,3
11.165,2,3,3,3
11.17,2,3,3,3
11.175,2,3,3,3
11.18,2,3,3,3
11.185,2,3,3,3
11.19,2,3,3,3
11.195,2,3,3,3
11.2,2,3,3,3
11.205,2,3,3,3
11.21,2,3,3,3
11.215,2,3,3,3
11.22,2,3,3,3
11.225,2,3,3,3
11.23,2,3,3,3
11.235,2,3,3,3
11.24,2,3,3,3
11.245,2,3,3,3
11.25,2,3,3,3
11.255,2,3,3,3
11.26,2,3,3,3
11.265,2,3,3,3
11.27,2,3,3,3
11.275,2,3,3,3
11.28,2,3,3,3
11.285,2,3,3,3
11.29,2,3,3,3
11.295,2,3,3,3
11.3,2,3,3,3
11.305,2,3,3,3
11.31,2,3,3,3
11.315,2,3,3,3
11.32,2,3,3,3
11.325,2,3,3,3
11.33,2,3,3,3
11.335,2,3,3,3
11.34,2,3,3,3
11.345,2,3,3,3
11.35,2,3,3,3
11.355,2,3,3,3
11.36,2,3,3,3
11.365,2,3,3,3
11.37,2,3,3,3
11.375,2,3,3,3
11.38,2,3,3,3
11.385,2,3,3,3
11.39,2,3,3,3
11.395,2,3,3,3
11.4,2,3,3,3
11.405,2,3,3,3
11.41,2,3,3,3
11.415,2,3,3,3
11.42,2,3,3,3
11.425,2,3,3,3
11.43,2,3,3,3
11.435,2,3,3,3
11.44,2,3,3,3
11.445,2,3,3,3
11.45,2,3,3,3
11.455,2,3,3,3
11.46,2,3,3,3
11.465,2,3,3,3
11.47,2,3,3,3
11.475,2,3,3,3
11.48,2,3,3,3
11.485,2,3,3,3
11.49,2,3,3,3
11.495,2,3,3,3
11.5,2,3,3,3
11.505,2,3,3,3
11.51,2,3,3,3
11.515,2,3,3,3
11.52,2,3,3,3
11.525,2,3,3,3
11.53,2,3,3,3
11.535,2,3,3,3
11.54,2,3,3,3
11.545,2,3,3,3
11.55,2,3,3,3
11.555,2,3,3,3
11.56,2,3,3,3
11.565,2,3,3,3
11.57,2,3,3,3
11.575,2,3,3,3
11.58,2,3,3,3
11.585,2,3,3,3
11.59,2,3,3,3
11.595,2,3,3,3
11.6,2,3,3,3
11.605,2,3,3,3
11.61,2,3,3,3
11.615,2,3,3,3
11.62,2,3,3,3
11.625,2,3,3,3
11.63,2,3,3,3
11.635,2,3,3,3
11.64,2,3,3,3
11.645,2,3,3,3
11.65,2,3,3,3
11.655,2,3,3,3
11.66,2,3,3,3
11.665,2,3,3,3
11.67,2,3,3,3
11.675,2,3,3,3
11.68,2,3,3,3
11.685,2,3,3,3
11.69,2,3,3,3
11.695,2,3,3,3
11.7,2,3,3,3
11.705,2,3,3,3
11.71,2,3,3,3
11.715,2,3,3,3
11.72,2,3,3,3
11.725,2,3,3,3
11.73,2,3,3,3
11.735,2,3,3,3
11.74,2,3,3,3
11.745,2,3,3,3
11.75,2,3,3,3
11.755,2,3,3,3
11.76,2,3,3,3
11.765,2,3,3,3
11.77,2,3,3,3
11.775,2,3,3,3
11.78,2,3,3,3
11.785,2,3,3,3
11.79,2,3,3,3
11.795,2,3,3,3
11.8,2,3,3,3
11.805,2,3,3,3
11.81,2,3,3,3
11.815,2,3,3,3
11.82,2,3,3,3
11.825,2,3,3,3
11.83,2,3,3,3
11.835,2,3,3,3
11.84,2,3,3,3
11.845,2,3,3,3
11.85,2,3,3,3
11.855,2,3,3,3
11.86,2,3,3,3
11.865,2,3,3,3
11.87,2,3,3,3
11.875,2,3,3,3
11.88,2,3,3,3
11.885,2,3,3,3
11.89,2,3,3,3
11.895,2,3,3,3
11.9,2,3,3,3
11.905,2,3,3,3
11.91,2,3,3,3
11.915,2,3,3,3
11.92,2,3,3,3
11.925,2,3,3,3
11.93,2,3,3,3
11.935,2,3,3,3
11.94,2,3,3,3
11.945,2,3,3,3
11.95,2,3,3,3
11.955,2,3,3,3
11.96,2,3,3,3
11.965,2,3,3,3
11.97,2,3,3,3
11.975,2,3,3,3
11.98,2,3,3,3
11.985,2,3,3,3
11.99,2,3,3,3
11.995,2,3,3,3
12,2,3,3,3
12.005,2,3,3,3
12.01,2,3,3,3
12.015,2,3,3,3
12.02,2,3,3,3
12.025,2,3,3,3
12.03,2,3,3,3
12.035,2,3,3,3
12.04,2,3,3,3
12.045,2,3,3,3
12.05,2,3,3,3
12.055,2,3,3,3
12.06,2,3,3,3
12.065,2,3,3,3
12.07,2,3,3,3
12.075,2,3,3,3
12.08,2,3,3,3
12.085,2,3,3,3
12.09,2,3,3,3
12.095,2,3,3,3
12.1,2,3,3,3
12.105,2,3,3,3
12.11,2,3,3,3
12.115,2,3,3,3
12.12,2,3,3,3
12.125,2,3,3,3
12.13,2,3,3,3
12.135,2,3,3,3
12.14,2,3,3,3
12.145,2,3,3,3
12.15,2,3,3,3
12.155,2,3,3,3
12.16,2,3,3,3
12.165,2,3,3,3
12.17,2,3,3,3
12.175,2,3,3,3
12.18,2,3,3,3
12.185,2,3,3,3
12.19,2,3,3,3
12.195,2,3,3,3
12.2,2,3,3,3
12.205,2,3,3,3
12.21,2,3,3,3
12.215,2,3,3,3
12.22,2,3,3,3
12.225,2,3,3,3
12.23,2,3,3,3
12.235,2,3,3,3
12.24,2,3,3,3
12.245,2,3,3,3
12.25,2,3,3,3
12.255,2,3,3,3
12.26,2,3,3,3
12.265,2,3,3,3
12.27,2,3,3,3
12.275,2,3,3,3
12.28,2,3,3,3
12.285,2,3,3,3
12.29,2,3,3,3
12.295,2,3,3,3
12.3,2,3,3,3
12.305,2,3,3,3
12.31,2,3,3,3
12.315,2,3,3,3
12.32,2,3,3,3
12.325,2,3,3,3
12.33,2,3,3,3
12.335,2,3,3,3
12.34,2,3,3,3
12.345,2,3,3,3
12.35,2,3,3,3
12.355,2,3,3,3
12.36,2,3,3,3
12.365,2,3,3,3
12.37,2,3,3,3
12.375,2,3,3,3
12.38,2,3,3,3
12.385,2,3,3,3
12.39,2,3,3,3
12.395,2,3,3,3
12.4,2,3,3,3
12.405,2,3,3,3
12.41,2,3,3,3
12.415,2,3,3,3
12.42,2,3,3,3
12.425,2,3,3,3
12.43,2,3,3,3
12.435,2,3,3,3
12.44,2,3,3,3
12.445,2,3,3,3
12.45,2,3,3,3
12.455,2,3,3,3
12.46,2,3,3,3
12.465,2,3,3,3
12.47,2,3,3,3
12.475,2,3,3,3
12.48,2,3,3,3
12.485,2,3,3,3
12.49,2,3,3,3
12.495,2,3,3,3
12.5,2,3,3,3
12.505,2,3,3,3
12.51,2,3,3,3
12.515,2,3,3,3
12.52,2,3,3,3
12.525,2,3,3,3
12.53,2,3,3,3
12.535,2,3,3,3
12.54,2,3,3,3
12.545,2,3,3,3
12.55,2,3,3,3
12.555,2,3,3,3
12.56,2,3,3,3
12.565,2,3,3,3
12.57,2,3,3,3
12.575,2,3,3,3
12.58,2,3,3,3
12.585,2,3,3,3
12.59,2,3,3,3
12.595,2,3,3,3
12.6,2,3,3,3
12.605,2,3,3,3
12.61,2,3,3,3
12.615,2,3,3,3
12.62,2,3,3,3
12.625,2,3,3,3
12.63,2,3,3,3
12.635,2,3,3,3
12.64,2,3,3,3
12.645,2,3,3,3
12.65,2,3,3,3
12.655,2,3,3,3
12.66,2,3,3,3
12.665,2,3,3,3
12.67,2,3,3,3
12.675,2,3,3,3
12.68,2,3,3,3
12.685,2,3,3,3
12.69,2,3,3,3
12.695,2,3,3,3
12.7,2,3,3,3
12.705,2,3,3,3
12.71,2,3,3,3
12.715,2,3,3,3
12.72,2,3,3,3
12.725,2,3,3,3
12.73,2,3,3,3
12.735,2,3,3,3
12.74,2,3,3,3
12.745,2,3,3,3
12.75,2,3,3,3
12.755,2,3,3,3
12.76,2,3,3,3
12.765,2,3,3,3
12.77,2,3,3,3
12.775,2,3,3,3
12.78,2,3,3,3
12.785,2,3,3,3
12.79,2,3,3,3
12.795,2,3,3,3
12.8,2,3,3,3
12.805,2,3,3,3
12.81,2,3,3,3
12.815,2,3,3,3
12.82,2,3,3,3
12.825,2,3,3,3
12.83,2,3,3,3
12.835,2,3,3,3
12.84,2,3,3,3
12.845,2,3,3,3
12.85,2,3,3,3
12.855,2,3,3,3
12.86,2,3,3,3
12.865,2,3,3,3
12.87,2,3,3,3
12.875,2,3,3,3
12.88,2,3,3,3
12.885,2,3,3,3
12.89,2,3,3,3
12.895,2,3,3,3
12.9,2,3,3,3
12.905,2,3,3,3
12.91,2,3,3,3
12.915,2,3,3,3
12.92,2,3,3,3
12.925,2,3,3,3
12.93,2,3,3,3
12.935,2,3,3,3
12.94,2,3,3,3
12.945,2,3,3,3
12.95,2,3,3,3
12.955,2,3,3,3
12.96,2,3,3,3
12.965,2,3,3,3
12.97,2,3,3,3
12.975,2,3,3,3
12.98,2,3,3,3
12.985,2,3,3,3
12.99,2,3,3,3
12.995,2,3,3,3
13,2,3,3,3
13,2,2,3,3
13.005,2,2,3,3
13.01,2,2,3,3
13.015,2,2,3,3
13.02,2,2,3,3
13.025,2,2,3,3
13.03,2,2,3,3
13.035,2,2,3,3
13.04,2,2,3,3
13.045,2,2,3,3
13.05,2,2,3,3
13.055,2,2,3,3
13.06,2,2,3,3
13.065,2,2,3,3
13.07,2,2,3,3
13.075,2,2,3,3
13.08,2,2,3,3
13.085,2,2,3,3
13.09,2,2,3,3
13.095,2,2,3,3
13.1,2,2,3,3
13.105,2,2,3,3
13.11,2,2,3,3
13.115,2,2,3,3
13.12,2,2,3,3
13.125,2,2,3,3
13.13,2,2,3,3
13.135,2,2,3,3
13.14,2,2,3,3
13.145,2,2,3,3
13.15,2,2,3,3
13.155,2,2,3,3
13.16,2,2,3,3
13.165,2,2,3,3
13.17,2,2,3,3
13.175,2,2,3,3
13.18,2,2,3,3
13.185,2,2,3,3
13.19,2,2,3,3
13.195,2,2,3,3
13.2,2,2,3,3
13.205,2,2,3,3
13.21,2,2,3,3
13.215,2,2,3,3
13.22,2,2,3,3
13.225,2,2,3,3
13.23,2,2,3,3
13.235,2,2,3,3
13.24,2,2,3,3
13.245,2,2,3,3
13.25,2,2,3,3
13.255,2,2,3,3
13.26,2,2,3,3
13.265,2,2,3,3
13.27,2,2,3,3
13.275,2,2,3,3
13.28,2,2,3,3
13.285,2,2,3,3
13.29,2,2,3,3
13.295,2,2,3,3
13.3,2,2,3,3
13.305,2,2,3,3
13.31,2,2,3,3
13.315,2,2,3,3
13.32,2,2,3,3
13.325,2,2,3,3
13.33,2,2,3,3
13.335,2,2,3,3
13.34,2,2,3,3
13.345,2,2,3,3
13.35,2,2,3,3
13.355,2,2,3,3
13.36,2,2,3,3
13.365,2,2,3,3
13.37,2,2,3,3
13.375,2,2,3,3
13.38,2,2,3,3
13.385,2,2,3,3
13.39,2,2,3,3
13.395,2,2,3,3
13.4,2,2,3,3
13.405,2,2,3,3
13.41,2,2,3,3
13.415,2,2,3,3
13.42,2,2,3,3
13.425,2,2,3,3
13.43,2,2,3,3
13.435,2,2,3,3
13.44,2,2,3,3
13.445,2,2,3,3
13.45,2,2,3,3
13.455,2,2,3,3
13.46,2,2,3,3
13.465,2,2,3,3
13.47,2,2,3,3
13.475,2,2,3,3
13.48,2,2,3,3
13.485,2,2,3,3
13.49,2,2,3,3
13.495,2,2,3,3
13.5,2,2,3,3
13.505,2,2,3,3
13.51,2,2,3,3
13.515,2,2,3,3
13.52,2,2,3,3
13.525,2,2,3,3
13.53,2,2,3,3
13.535,2,2,3,3
13.54,2,2,3,3
13.545,2,2,3,3
13.55,2,2,3,3
13.555,2,2,3,3
13.56,2,2,3,3
13.565,2,2,3,3
13.57,2,2,3,3
13.575,2,2,3,3
13.58,2,2,3,3
13.585,2,2,3,3
13.59,2,2,3,3
13.595,2,2,3,3
13.6,2,2,3,3
13.605,2,2,3,3
13.61,2,2,3,3
13.615,2,2,3,3
13.62,2,2,3,3
13.625,2,2,3,3
13.63,2,2,3,3
13.635,2,2,3,3
13.64,2,2,3,3
13.645,2,2,3,3
13.65,2,2,3,3
13.655,2,2,3,3
13.66,2,2,3,3
13.665,2,2,3,3
13.67,2,2,3,3
13.675,2,2,3,3
13.68,2,2,3,3
13.685,2,2,3,3
13.69,2,2,3,3
13.695,2,2,3,3
13.7,2,2,3,3
13.705,2,2,3,3
13.71,2,2,3,3
13.715,2,2,3,3
13.72,2,2,3,3
13.725,2,2,3,3
13.73,2,2,3,3
13.735,2,2,3,3
13.74,2,2,3,3
13.745,2,2,3,3
13.75,2,2,3,3
13.755,2,2,3,3
13.76,2,2,3,3
13.765,2,2,3,3
13.77,2,2,3,3
13.775,2,2,3,3
13.78,2,2,3,3
13.785,2,2,3,3
13.79,2,2,3,3
13.795,2,2,3,3
13.8,2,2,3,3
13.805,2,2,3,3
13.81,2,2,3,3
13.815,2,2,3,3
13.82,2,2,3,3
13.825,2,2,3,3
13.83,2,2,3,3
13.835,2,2,3,3
13.84,2,2,3,3
13.845,2,2,3,3
13.85,2,2,3,3
13.855,2,2,3,3
13.86,2,2,3,3
13.865,2,2,3,3
13.87,2,2,3,3
13.875,2,2,3,3
13.88,2,2,3,3
13.885,2,2,3,3
13.89,2,2,3,3
13.895,2,2,3,3
13.9,2,2,3,3
13.905,2,2,3,3
13.91,2,2,3,3
13.915,2,2,3,3
13.92,2,2,3,3
13.925,2,2,3,3
13.93,2,2,3,3
13.935,2,2,3,3
13.94,2,2,3,3
13.945,2,2,3,3
13.95,2,2,3,3
13.955,2,2,3,3
13.96,2,2,3,3
13.965,2,2,3,3
13.97,2,2,3,3
13.975,2,2,3,3
13.98,2,2,3,3
13.985,2,2,3,3
13.99,2,2,3,3
13.995,2,2,3,3
14,2,2,3,3
14.005,2,2,3,3
14.01,2,2,3,3
14.015,2,2,3,3
14.02,2,2,3,3
14.025,2,2,3,3
14.03,2,2,3,3
14.035,2,2,3,3
14.04,2,2,3,3
14.045,2,2,3,3
14.05,2,2,3,3
14.055,2,2,3,3
14.06,2,2,3,3
14.065,2,2,3,3
14.07,2,2,3,3
14.075,2,2,3,3
14.08,2,2,3,3
14.085,2,2,3,3
14.09,2,2,3,3
14.095,2,2,3,3
14.1,2,2,3,3
14.105,2,2,3,3
14.11,2,2,3,3
14.115,2,2,3,3
14.12,2,2,3,3
14.125,2,2,3,3
14.13,2,2,3,3
14.135,2,2,3,3
14.14,2,2,3,3
14.145,2,2,3,3
14.15,2,2,3,3
14.155,2,2,3,3
14.16,2,2,3,3
14.165,2,2,3,3
14.17,2,2,3,3
14.175,2,2,3,3
14.18,2,2,3,3
14.185,2,2,3,3
14.19,2,2,3,3
14.195,2,2,3,3
14.2,2,2,3,3
14.205,2,2,3,3
14.21,2,2,3,3
14.215,2,2,3,3
14.22,2,2,3,3
14.225,2,2,3,3
14.23,2,2,3,3
14.235,2,2,3,3
14.24,2,2,3,3
14.245,2,2,3,3
14.25,2,2,3,3
14.255,2,2,3,3
14.26,2,2,3,3
14.265,2,2,3,3
14.27,2,2,3,3
14.275,2,2,3,3
14.28,2,2,3,3
14.285,2,2,3,3
14.29,2,2,3,3
14.295,2,2,3,3
14.3,2,2,3,3
14.305,2,2,3,3
14.31,2,2,3,3
14.315,2,2,3,3
14.32,2,2,3,3
14.325,2,2,3,3
14.33,2,2,3,3
14.335,2,2,3,3
14.34,2,2,3,3
14.345,2,2,3,3
14.35,2,2,3,3
14.355,2,2,3,3
14.36,2,2,3,3
14.365,2,2,3,3
14.37,2,2,3,3
14.375,2,2,3,3
14.38,2,2,3,3
14.385,2,2,3,3
14.39,2,2,3,3
14.395,2,2,3,3
14.4,2,2,3,3
14.405,2,2,3,3
14.41,2,2,3,3
14.415,2,2,3,3
14.42,2,2,3,3
14.425,2,2,3,3
14.43,2,2,3,3
14.435,2,2,3,3
14.44,2,2,3,3
14.445,2,2,3,3
14.45,2,2,3,3
14.455,2,2,3,3
14.46,2,2,3,3
14.465,2,2,3,3
14.47,2,2,3,3
14.475,2,2,3,3
14.48,2,2,3,3
14.485,2,2,3,3
14.49,2,2,3,3
14.495,2,2,3,3
14.5,2,2,3,3
14.505,2,2,3,3
14.51,2,2,3,3
14.515,2,2,3,3
14.52,2,2,3,3
14.525,2,2,3,3
14.53,2,2,3,3
14.535,2,2,3,3
14.54,2,2,3,3
14.545,2,2,3,3
14.55,2,2,3,3
14.555,2,2,3,3
14.56,2,2,3,3
14.565,2,2,3,3
14.57,2,2,3,3
14.575,2,2,3,3
14.58,2,2,3,3
14.585,2,2,3,3
14.59,2,2,3,3
14.595,2,2,3,3
14.6,2,2,3,3
14.605,2,2,3,3
14.61,2,2,3,3
14.615,2,2,3,3
14.62,2,2,3,3
14.625,2,2,3,3
14.63,2,2,3,3
14.635,2,2,3,3
14.64,2,2,3,3
14.645,2,2,3,3
14.65,2,2,3,3
14.655,2,2,3,3
14.66,2,2,3,3
14.665,2,2,3,3
14.67,2,2,3,3
14.675,2,2,3,3
14.68,2,2,3,3
14.685,2,2,3,3
14.69,2,2,3,3
14.695,2,2,3,3
14.7,2,2,3,3
14.705,2,2,3,3
14.71,2,2,3,3
14.715,2,2,3,3
14.72,2,2,3,3
14.725,2,2,3,3
14.73,2,2,3,3
14.735,2,2,3,3
14.74,2,2,3,3
14.745,2,2,3,3
14.75,2,2,3,3
14.755,2,2,3,3
14.76,2,2,3,3
14.765,2,2,3,3
14.77,2,2,3,3
14.775,2,2,3,3
14.78,2,2,3,3
14.785,2,2,3,3
14.79,2,2,3,3
14.795,2,2,3,3
14.8,2,2,3,3
14.805,2,2,3,3
14.81,2,2,3,3
14.815,2,2,3,3
14.82,2,2,3,3
14.825,2,2,3,3
14.83,2,2,3,3
14.835,2,2,3,3
14.84,2,2,3,3
14.845,2,2,3,3
14.85,2,2,3,3
14.855,2,2,3,3
14.86,2,2,3,3
14.865,2,2,3,3
14.87,2,2,3,3
14.875,2,2,3,3
14.88,2,2,3,3
14.885,2,2,3,3
14.89,2,2,3,3
14.895,2,2,3,3
14.9,2,2,3,3
14.905,2,2,3,3
14.91,2,2,3,3
14.915,2,2,3,3
14.92,2,2,3,3
14.925,2,2,3,3
14.93,2,2,3,3
14.935,2,2,3,3
14.94,2,2,3,3
14.945,2,2,3,3
14.95,2,2,3,3
14.955,2,2,3,3
14.96,2,2,3,3
14.965,2,2,3,3
14.97,2,2,3,3
14.975,2,2,3,3
14.98,2,2,3,3
14.985,2,2,3,3
14.99,2,2,3,3
14.995,2,2,3,3
15,2,2,3,3
15,4,2,3,3
15.005,4,2,3,3
15.01,4,2,3,3
15.015,4,2,3,3
15.02,4,2,3,3
15.025,4,2,3,3
15.03,4,2,3,3
15.035,4,2,3,3
15.04,4,2,3,3
15.045,4,2,3,3
15.05,4,2,3,3
15.055,4,2,3,3
15.06,4,2,3,3
15.065,4,2,3,3
15.07,4,2,3,3
15.075,4,2,3,3
15.08,4,2,3,3
15.085,4,2,3,3
15.09,4,2,3,3
15.095,4,2,3,3
15.1,4,2,3,3
15.105,4,2,3,3
15.11,4,2,3,3
15.115,4,2,3,3
15.12,4,2,3,3
15.125,4,2,3,3
15.13,4,2,3,3
15.135,4,2,3,3
15.14,4,2,3,3
15.145,4,2,3,3
15.15,4,2,3,3
15.155,4,2,3,3
15.16,4,2,3,3
15.165,4,2,3,3
15.17,4,2,3,3
15.175,4,2,3,3
15.18,4,2,3,3
15.185,4,2,3,3
15.19,4,2,3,3
15.195,4,2,3,3
15.2,4,2,3,3
15.205,4,2,3,3
15.21,4,2,3,3
15.215,4,2,3,3
15.22,4,2,3,3
15.225,4,2,3,3
15.23,4,2,3,3
15.235,4,2,3,3
15.24,4,2,3,3
15.245,4,2,3,3
15.25,4,2,3,3
15.255,4,2,3,3
15.26,4,2,3,3
15.265,4,2,3,3
15.27,4,2,3,3
15.275,4,2,3,3
15.28,4,2,3,3
15.285,4,2,3,3
15.29,4,2,3,3
15.295,4,2,3,3
15.3,4,2,3,3
15.305,4,2,3,3
15.31,4,2,3,3
15.315,4,2,3,3
15.32,4,2,3,3
15.325,4,2,3,3
15.33,4,2,3,3
15.335,4,2,3,3
15.34,4,2,3,3
15.345,4,2,3,3
15.35,4,2,3,3
15.355,4,2,3,3
15.36,4,2,3,3
15.365,4,2,3,3
15.37,4,2,3,3
15.375,4,2,3,3
15.38,4,2,3,3
15.385,4,2,3,3
15.39,4,2,3,3
15.395,4,2,3,3
15.4,4,2,3,3
15.405,4,2,3,3
15.41,4,2,3,3
15.415,4,2,3,3
15.42,4,2,3,3
15.425,4,2,3,3
15.43,4,2,3,3
15.435,4,2,3,3
15.44,4,2,3,3
15.445,4,2,3,3
15.45,4,2,3,3
15.455,4,2,3,3
15.46,4,2,3,3
15.465,4,2,3,3
15.47,4,2,3,3
15.475,4,2,3,3
15.48,4,2,3,3
15.485,4,2,3,3
15.49,4,2,3,3
15.495,4,2,3,3
15.5,4,2,3,3
15.505,4,2,3,3
15.51,4,2,3,3
15.515,4,2,3,3
15.52,4,2,3,3
15.525,4,2,3,3
15.53,4,2,3,3
15.535,4,2,3,3
15.54,4,2,3,3
15.545,4,2,3,3
15.55,4,2,3,3
15.555,4,2,3,3
15.56,4,2,3,3
15.565,4,2,3,3
15.57,4,2,3,3
15.575,4,2,3,3
15.58,4,2,3,3
15.585,4,2,3,3
15.59,4,2,3,3
15.595,4,2,3,3
15.6,4,2,3,3
15.605,4,2,3,3
15.61,4,2,3,3
15.615,4,2,3,3
15.62,4,2,3,3
15.625,4,2,3,3
15.63,4,2,3,3
15.635,4,2,3,3
15.64,4,2,3,3
15.645,4,2,3,3
15.65,4,2,3,3
15.655,4,2,3,3
15.66,4,2,3,3
15.665,4,2,3,3
15.67,4,2,3,3
15.675,4,2,3,3
15.68,4,2,3,3
15.685,4,2,3,3
15.69,4,2,3,3
15.695,4,2,3,3
15.7,4,2,3,3
15.705,4,2,3,3
15.71,4,2,3,3
15.715,4,2,3,3
15.72,4,2,3,3
15.725,4,2,3,3
15.73,4,2,3,3
15.735,4,2,3,3
15.74,4,2,3,3
15.745,4,2,3,3
15.75,4,2,3,3
15.755,4,2,3,3
15.76,4,2,3,3
15.765,4,2,3,3
15.77,4,2,3,3
15.775,4,2,3,3
15.78,4,2,3,3
15.785,4,2,3,3
15.79,4,2,3,3
15.795,4,2,3,3
15.8,4,2,3,3
15.805,4,2,3,3
15.81,4,2,3,3
15.815,4,2,3,3
15.82,4,2,3,3
15.825,4,2,3,3
15.83,4,2,3,3
15.835,4,2,3,3
15.84,4,2,3,3
15.845,4,2,3,3
15.85,4,2,3,3
15.855,4,2,3,3
15.86,4,2,3,3
15.865,4,2,3,3
15.87,4,2,3,3
15.875,4,2,3,3
15.88,4,2,3,3
15.885,4,2,3,3
15.89,4,2,3,3
15.895,4,2,3,3
15.9,4,2,3,3
15.905,4,2,3,3
15.91,4,2,3,3
15.915,4,2,3,3
15.92,4,2,3,3
15.925,4,2,3,3
15.93,4,2,3,3
15.935,4,2,3,3
15.94,4,2,3,3
15.945,4,2,3,3
15.95,4,2,3,3
15.955,4,2,3,3
15.96,4,2,3,3
15.965,4,2,3,3
15.97,4,2,3,3
15.975,4,2,3,3
15.98,4,2,3,3
15.985,4,2,3,3
15.99,4,2,3,3
15.995,4,2,3,3
16,4,2,3,3
16,4,2,4,3
16.005,4,2,4,3
16.01,4,2,4,3
16.015,4,2,4,3
16.02,4,2,4,3
16.025,4,2,4,3
16.03,4,2,4,3
16.035,4,2,4,3
16.04,4,2,4,3
16.045,4,2,4,3
16.05,4,2,4,3
16.055,4,2,4,3
16.06,4,2,4,3
16.065,4,2,4,3
16.07,4,2,4,3
16.075,4,2,4,3
16.08,4,2,4,3
16.085,4,2,4,3
16.09,4,2,4,3
16.095,4,2,4,3
16.1,4,2,4,3
16.105,4,2,4,3
16.11,4,2,4,3
16.115,4,2,4,3
16.12,4,2,4,3
16.125,4,2,4,3
16.13,4,2,4,3
16.135,4,2,4,3
16.14,4,2,4,3
16.145,4,2,4,3
16.15,4,2,4,3
16.155,4,2,4,3
16.16,4,2,4,3
16.165,4,2,4,3
16.17,4,2,4,3
16.175,4,2,4,3
16.18,4,2,4,3
16.185,4,2,4,3
16.19,4,2,4,3
16.195,4,2,4,3
16.2,4,2,4,3
16.205,4,2,4,3
16.21,4,2,4,3
16.215,4,2,4,3
16.22,4,2,4,3
16.225,4,2,4,3
16.23,4,2,4,3
16.235,4,2,4,3
16.24,4,2,4,3
16.245,4,2,4,3
16.25,4,2,4,3
16.255,4,2,4,3
16.26,4,2,4,3
16.265,4,2,4,3
16.27,4,2,4,3
16.275,4,2,4,3
16.28,4,2,4,3
16.285,4,2,4,3
16.29,4,2,4,3
16.295,4,2,4,3
16.3,4,2,4,3
16.305,4,2,4,3
16.31,4,2,4,3
16.315,4,2,4,3
16.32,4,2,4,3
16.325,4,2,4,3
16.33,4,2,4,3
16.335,4,2,4,3
16.34,4,2,4,3
16.345,4,2,4,3
16.35,4,2,4,3
16.355,4,2,4,3
16.36,4,2,4,3
16.365,4,2,4,3
16.37,4,2,4,3
16.375,4,2,4,3
16.38,4,2,4,3
16.385,4,2,4,3
16.39,4,2,4,3
16.395,4,2,4,3
16.4,4,2,4,3
16.405,4,2,4,3
16.41,4,2,4,3
16.415,4,2,4,3
16.42,4,2,4,3
16.425,4,2,4,3
16.43,4,2,4,3
16.435,4,2,4,3
16.44,4,2,4,3
16.445,4,2,4,3
16.45,4,2,4,3
16.455,4,2,4,3
16.46,4,2,4,3
16.465,4,2,4,3
16.47,4,2,4,3
16.475,4,2,4,3
16.48,4,2,4,3
16.485,4,2,4,3
16.49,4,2,4,3
16.495,4,2,4,3
16.5,4,2,4,3
16.505,4,2,4,3
16.51,4,2,4,3
16.515,4,2,4,3
16.52,4,2,4,3
16.525,4,2,4,3
16.53,4,2,4,3
16.535,4,2,4,3
16.54,4,2,4,3
16.545,4,2,4,3
16.55,4,2,4,3
16.555,4,2,4,3
16.56,4,2,4,3
16.565,4,2,4,3
16.57,4,2,4,3
16.575,4,2,4,3
16.58,4,2,4,3
16.585,4,2,4,3
16.59,4,2,4,3
16.595,4,2,4,3
16.6,4,2,4,3
16.605,4,2,4,3
16.61,4,2,4,3
16.615,4,2,4,3
16.62,4,2,4,3
16.625,4,2,4,3
16.63,4,2,4,3
16.635,4,2,4,3
16.64,4,2,4,3
16.645,4,2,4,3
16.65,4,2,4,3
16.655,4,2,4,3
16.66,4,2,4,3
16.665,4,2,4,3
16.67,4,2,4,3
16.675,4,2,4,3
16.68,4,2,4,3
16.685,4,2,4,3
16.69,4,2,4,3
16.695,4,2,4,3
16.7,4,2,4,3
16.705,4,2,4,3
16.71,4,2,4,3
16.715,4,2,4,3
16.72,4,2,4,3
16.725,4,2,4,3
16.73,4,2,4,3
16.735,4,2,4,3
16.74,4,2,4,3
16.745,4,2,4,3
16.75,4,2,4,3
16.755,4,2,4,3
16.76,4,2,4,3
16.765,4,2,4,3
16.77,4,2,4,3
16.775,4,2,4,3
16.78,4,2,4,3
16.785,4,2,4,3
16.79,4,2,4,3
16.795,4,2,4,3
16.8,4,2,4,3
16.805,4,2,4,3
16.81,4,2,4,3
16.815,4,2,4,3
16.82,4,2,4,3
16.825,4,2,4,3
16.83,4,2,4,3
16.835,4,2,4,3
16.84,4,2,4,3
16.845,4,2,4,3
16.85,4,2,4,3
16.855,4,2,4,3
16.86,4,2,4,3
16.865,4,2,4,3
16.87,4,2,4,3
16.875,4,2,4,3
16.88,4,2,4,3
16.885,4,2,4,3
16.89,4,2,4,3
16.895,4,2,4,3
16.9,4,2,4,3
16.905,4,2,4,3
16.91,4,2,4,3
16.915,4,2,4,3
16.92,4,2,4,3
16.925,4,2,4,3
16.93,4,2,4,3
16.935,4,2,4,3
16.94,4,2,4,3
16.945,4,2,4,3
16.95,4,2,4,3
16.955,4,2,4,3
16.96,4,2,4,3
16.965,4,2,4,3
16.97,4,2,4,3
16.975,4,2,4,3
16.98,4,2,4,3
16.985,4,2,4,3
16.99,4,2,4,3
16.995,4,2,4,3
17,4,2,4,3
17.005,4,2,4,3
17.01,4,2,4,3
17.015,4,2,4,3
17.02,4,2,4,3
17.025,4,2,4,3
17.03,4,2,4,3
17.035,4,2,4,3
17.04,4,2,4,3
17.045,4,2,4,3
17.05,4,2,4,3
17.055,4,2,4,3
17.06,4,2,4,3
17.065,4,2,4,3
17.07,4,2,4,3
17.075,4,2,4,3
17.08,4,2,4,3
17.085,4,2,4,3
17.09,4,2,4,3
17.095,4,2,4,3
17.1,4,2,4,3
17.105,4,2,4,3
17.11,4,2,4,3
17.115,4,2,4,3
17.12,4,2,4,3
17.125,4,2,4,3
17.13,4,2,4,3
17.135,4,2,4,3
17.14,4,2,4,3
17.145,4,2,4,3
17.15,4,2,4,3
17.155,4,2,4,3
17.16,4,2,4,3
17.165,4,2,4,3
17.17,4,2,4,3
17.175,4,2,4,3
17.18,4,2,4,3
17.185,4,2,4,3
17.19,4,2,4,3
17.195,4,2,4,3
17.2,4,2,4,3
17.205,4,2,4,3
17.21,4,2,4,3
17.215,4,2,4,3
17.22,4,2,4,3
17.225,4,2,4,3
17.23,4,2,4,3
17.235,4,2,4,3
17.24,4,2,4,3
17.245,4,2,4,3
17.25,4,2,4,3
17.255,4,2,4,3
17.26,4,2,4,3
17.265,4,2,4,3
17.27,4,2,4,3
17.275,4,2,4,3
17.28,4,2,4,3
17.285,4,2,4,3
17.29,4,2,4,3
17.295,4,2,4,3
17.3,4,2,4,3
17.305,4,2,4,3
17.31,4,2,4,3
17.315,4,2,4,3
17.32,4,2,4,3
17.325,4,2,4,3
17.33,4,2,4,3
17.335,4,2,4,3
17.34,4,2,4,3
17.345,4,2,4,3
17.35,4,2,4,3
17.355,4,2,4,3
17.36,4,2,4,3
17.365,4,2,4,3
17.37,4,2,4,3
17.375,4,2,4,3
17.38,4,2,4,3
17.385,4,2,4,3
17.39,4,2,4,3
17.395,4,2,4,3
17.4,4,2,4,3
17.405,4,2,4,3
17.41,4,2,4,3
17.415,4,2,4,3
17.42,4,2,4,3
17.425,4,2,4,3
17.43,4,2,4,3
17.435,4,2,4,3
17.44,4,2,4,3
17.445,4,2,4,3
17.45,4,2,4,3
17.455,4,2,4,3
17.46,4,2,4,3
17.465,4,2,4,3
17.47,4,2,4,3
17.475,4,2,4,3
17.48,4,2,4,3
17.485,4,2,4,3
17.49,4,2,4,3
17.495,4,2,4,3
17.5,4,2,4,3
17.505,4,2,4,3
17.51,4,2,4,3
17.515,4,2,4,3
17.52,4,2,4,3
17.525,4,2,4,3
17.53,4,2,4,3
17.535,4,2,4,3
17.54,4,2,4,3
17.545,4,2,4,3
17.55,4,2,4,3
17.555,4,2,4,3
17.56,4,2,4,3
17.565,4,2,4,3
17.57,4,2,4,3
17.575,4,2,4,3
17.58,4,2,4,3
17.585,4,2,4,3
17.59,4,2,4,3
17.595,4,2,4,3
17.6,4,2,4,3
17.605,4,2,4,3
17.61,4,2,4,3
17.615,4,2,4,3
17.62,4,2,4,3
17.625,4,2,4,3
17.63,4,2,4,3
17.635,4,2,4,3
17.64,4,2,4,3
17.645,4,2,4,3
17.65,4,2,4,3
17.655,4,2,4,3
17.66,4,2,4,3
17.665,4,2,4,3
17.67,4,2,4,3
17.675,4,2,4,3
17.68,4,2,4,3
17.685,4,2,4,3
17.69,4,2,4,3
17.695,4,2,4,3
17.7,4,2,4,3
17.705,4,2,4,3
17.71,4,2,4,3
17.715,4,2,4,3
17.72,4,2,4,3
17.725,4,2,4,3
17.73,4,2,4,3
17.735,4,2,4,3
17.74,4,2,4,3
17.745,4,2,4,3
17.75,4,2,4,3
17.755,4,2,4,3
17.76,4,2,4,3
17.765,4,2,4,3
17.77,4,2,4,3
17.775,4,2,4,3
17.78,4,2,4,3
17.785,4,2,4,3
17.79,4,2,4,3
17.795,4,2,4,3
17.8,4,2,4,3
17.805,4,2,4,3
17.81,4,2,4,3
17.815,4,2,4,3
17.82,4,2,4,3
17.825,4,2,4,3
17.83,4,2,4,3
17.835,4,2,4,3
17.84,4,2,4,3
17.845,4,2,4,3
17.85,4,2,4,3
17.855,4,2,4,3
17.86,4,2,4,3
17.865,4,2,4,3
17.87,4,2,4,3
17.875,4,2,4,3
17.88,4,2,4,3
17.885,4,2,4,3
17.89,4,2,4,3
17.895,4,2,4,3
17.9,4,2,4,3
17.905,4,2,4,3
17.91,4,2,4,3
17.915,4,2,4,3
17.92,4,2,4,3
17.925,4,2,4,3
17.93,4,2,4,3
17.935,4,2,4,3
17.94,4,2,4,3
17.945,4,2,4,3
17.95,4,2,4,3
17.955,4,2,4,3
17.96,4,2,4,3
17.965,4,2,4,3
17.97,4,2,4,3
17.975,4,2,4,3
17.98,4,2,4,3
17.985,4,2,4,3
17.99,4,2,4,3
17.995,4,2,4,3
18,4,2,4,3
18,4,4,4,3
18.005,4,4,4,3
18.01,4,4,4,3
18.015,4,4,4,3
18.02,4,4,4,3
18.025,4,4,4,3
18.03,4,4,4,3
18.035,4,4,4,3
18.04,4,4,4,3
18.045,4,4,4,3
18.05,4,4,4,3
18.055,4,4,4,3
18.06,4,4,4,3
18.065,4,4,4,3
18.07,4,4,4,3
18.075,4,4,4,3
18.08,4,4,4,3
18.085,4,4,4,3
18.09,4,4,4,3
18.095,4,4,4,3
18.1,4,4,4,3
18.105,4,4,4,3
18.11,4,4,4,3
18.115,4,4,4,3
18.12,4,4,4,3
18.125,4,4,4,3
18.13,4,4,4,3
18.135,4,4,4,3
18.14,4,4,4,3
18.145,4,4,4,3
18.15,4,4,4,3
18.155,4,4,4,3
18.16,4,4,4,3
18.165,4,4,4,3
18.17,4,4,4,3
18.175,4,4,4,3
18.18,4,4,4,3
18.185,4,4,4,3
18.19,4,4,4,3
18.195,4,4,4,3
18.2,4,4,4,3
18.205,4,4,4,3
18.21,4,4,4,3
18.215,4,4,4,3
18.22,4,4,4,3
18.225,4,4,4,3
18.23,4,4,4,3
18.235,4,4,4,3
18.24,4,4,4,3
18.245,4,4,4,3
18.25,4,4,4,3
18.255,4,4,4,3
18.26,4,4,4,3
18.265,4,4,4,3
18.27,4,4,4,3
18.275,4,4,4,3
18.28,4,4,4,3
18.285,4,4,4,3
18.29,4,4,4,3
18.295,4,4,4,3
18.3,4,4,4,3
18.305,4,4,4,3
18.31,4,4,4,3
18.315,4,4,4,3
18.32,4,4,4,3
18.325,4,4,4,3
18.33,4,4,4,3
18.335,4,4,4,3
18.34,4,4,4,3
18.345,4,4,4,3
18.35,4,4,4,3
18.355,4,4,4,3
18.36,4,4,4,3
18.365,4,4,4,3
18.37,4,4,4,3
18.375,4,4,4,3
18.38,4,4,4,3
18.385,4,4,4,3
18.39,4,4,4,3
18.395,4,4,4,3
18.4,4,4,4,3
18.405,4,4,4,3
18.41,4,4,4,3
18.415,4,4,4,3
18.42,4,4,4,3
18.425,4,4,4,3
18.43,4,4,4,3
18.435,4,4,4,3
18.44,4,4,4,3
18.445,4,4,4,3
18.45,4,4,4,3
18.455,4,4,4,3
18.46,4,4,4,3
18.465,4,4,4,3
18.47,4,4,4,3
18.475,4,4,4,3
18.48,4,4,4,3
18.485,4,4,4,3
18.49,4,4,4,3
18.495,4,4,4,3
18.5,4,4,4,3
18.505,4,4,4,3
18.51,4,4,4,3
18.515,4,4,4,3
18.52,4,4,4,3
18.525,4,4,4,3
18.53,4,4,4,3
18.535,4,4,4,3
18.54,4,4,4,3
18.545,4,4,4,3
18.55,4,4,4,3
18.555,4,4,4,3
18.56,4,4,4,3
18.565,4,4,4,3
18.57,4,4,4,3
18.575,4,4,4,3
18.58,4,4,4,3
18.585,4,4,4,3
18.59,4,4,4,3
18.595,4,4,4,3
18.6,4,4,4,3
18.605,4,4,4,3
18.61,4,4,4,3
18.615,4,4,4,3
18.62,4,4,4,3
18.625,4,4,4,3
18.63,4,4,4,3
18.635,4,4,4,3
18.64,4,4,4,3
18.645,4,4,4,3
18.65,4,4,4,3
18.655,4,4,4,3
18.66,4,4,4,3
18.665,4,4,4,3
18.67,4,4,4,3
18.675,4,4,4,3
18.68,4,4,4,3
18.685,4,4,4,3
18.69,4,4,4,3
18.695,4,4,4,3
18.7,4,4,4,3
18.705,4,4,4,3
18.71,4,4,4,3
18.715,4,4,4,3
18.72,4,4,4,3
18.725,4,4,4,3
18.73,4,4,4,3
18.735,4,4,4,3
18.74,4,4,4,3
18.745,4,4,4,3
18.75,4,4,4,3
18.755,4,4,4,3
18.76,4,4,4,3
18.765,4,4,4,3
18.77,4,4,4,3
18.775,4,4,4,3
18.78,4,4,4,3
18.785,4,4,4,3
18.79,4,4,4,3
18.795,4,4,4,3
18.8,4,4,4,3
18.805,4,4,4,3
18.81,4,4,4,3
18.815,4,4,4,3
18.82,4,4,4,3
18.825,4,4,4,3
18.83,4,4,4,3
18.835,4,4,4,3
18.84,4,4,4,3
18.845,4,4,4,3
18.85,4,4,4,3
18.855,4,4,4,3
18.86,4,4,4,3
18.865,4,4,4,3
18.87,4,4,4,3
18.875,4,4,4,3
18.88,4,4,4,3
18.885,4,4,4,3
18.89,4,4,4,3
18.895,4,4,4,3
18.9,4,4,4,3
18.905,4,4,4,3
18.91,4,4,4,3
18.915,4,4,4,3
18.92,4,4,4,3
18.925,4,4,4,3
18.93,4,4,4,3
18.935,4,4,4,3
18.94,4,4,4,3
18.945,4,4,4,3
18.95,4,4,4,3
18.955,4,4,4,3
18.96,4,4,4,3
18.965,4,4,4,3
18.97,4,4,4,3
18.975,4,4,4,3
18.98,4,4,4,3
18.985,4,4,4,3
18.99,4,4,4,3
18.995,4,4,4,3
19,4,4,4,3
19,4,4,4,4
19.005,4,4,4,4
19.01,4,4,4,4
19.015,4,4,4,4
19.02,4,4,4,4
19.025,4,4,4,4
19.03,4,4,4,4
19.035,4,4,4,4
19.04,4,4,4,4
19.045,4,4,4,4
19.05,4,4,4,4
19.055,4,4,4,4
19.06,4,4,4,4
19.065,4,4,4,4
19.07,4,4,4,4
19.075,4,4,4,4
19.08,4,4,4,4
19.085,4,4,4,4
19.09,4,4,4,4
19.095,4,4,4,4
19.1,4,4,4,4
19.105,4,4,4,4
19.11,4,4,4,4
19.115,4,4,4,4
19.12,4,4,4,4
19.125,4,4,4,4
19.13,4,4,4,4
19.135,4,4,4,4
19.14,4,4,4,4
19.145,4,4,4,4
19.15,4,4,4,4
19.155,4,4,4,4
19.16,4,4,4,4
19.165,4,4,4,4
19.17,4,4,4,4
19.175,4,4,4,4
19.18,4,4,4,4
19.185,4,4,4,4
19.19,4,4,4,4
19.195,4,4,4,4
19.2,4,4,4,4
19.205,4,4,4,4
19.21,4,4,4,4
19.215,4,4,4,4
19.22,4,4,4,4
19.225,4,4,4,4
19.23,4,4,4,4
19.235,4,4,4,4
19.24,4,4,4,4
19.245,4,4,4,4
19.25,4,4,4,4
19.255,4,4,4,4
19.26,4,4,4,4
19.265,4,4,4,4
19.27,4,4,4,4
19.275,4,4,4,4
19.28,4,4,4,4
19.285,4,4,4,4
19.29,4,4,4,4
19.295,4,4,4,4
19.3,4,4,4,4
19.305,4,4,4,4
19.31,4,4,4,4
19.315,4,4,4,4
19.32,4,4,4,4
19.325,4,4,4,4
19.33,4,4,4,4
19.335,4,4,4,4
19.34,4,4,4,4
19.345,4,4,4,4
19.35,4,4,4,4
19.355,4,4,4,4
19.36,4,4,4,4
19.365,4,4,4,4
19.37,4,4,4,4
19.375,4,4,4,4
19.38,4,4,4,4
19.385,4,4,4,4
19.39,4,4,4,4
19.395,4,4,4,4
19.4,4,4,4,4
19.405,4,4,4,4
19.41,4,4,4,4
19.415,4,4,4,4
19.42,4,4,4,4
19.425,4,4,4,4
19.43,4,4,4,4
19.435,4,4,4,4
19.44,4,4,4,4
19.445,4,4,4,4
19.45,4,4,4,4
19.455,4,4,4,4
19.46,4,4,4,4
19.465,4,4,4,4
19.47,4,4,4,4
19.475,4,4,4,4
19.48,4,4,4,4
19.485,4,4,4,4
19.49,4,4,4,4
19.495,4,4,4,4
19.5,4,4,4,4
19.505,4,4,4,4
19.51,4,4,4,4
19.515,4,4,4,4
19.52,4,4,4,4
19.525,4,4,4,4
19.53,4,4,4,4
19.535,4,4,4,4
19.54,4,4,4,4
19.545,4,4,4,4
19.55,4,4,4,4
19.555,4,4,4,4
19.56,4,4,4,4
19.565,4,4,4,4
19.57,4,4,4,4
19.575,4,4,4,4
19.58,4,4,4,4
19.585,4,4,4,4
19.59,4,4,4,4
19.595,4,4,4,4
19.6,4,4,4,4
19.605,4,4,4,4
19.61,4,4,4,4
19.615,4,4,4,4
19.62,4,4,4,4
19.625,4,4,4,4
19.63,4,4,4,4
19.635,4,4,4,4
19.64,4,4,4,4
19.645,4,4,4,4
19.65,4,4,4,4
19.655,4,4,4,4
19.66,4,4,4,4
19.665,4,4,4,4
19.67,4,4,4,4
19.675,4,4,4,4
19.68,4,4,4,4
19.685,4,4,4,4
19.69,4,4,4,4
19.695,4,4,4,4
19.7,4,4,4,4
19.705,4,4,4,4
19.71,4,4,4,4
19.715,4,4,4,4
19.72,4,4,4,4
19.725,4,4,4,4
19.73,4,4,4,4
19.735,4,4,4,4
19.74,4,4,4,4
19.745,4,4,4,4
19.75,4,4,4,4
19.755,4,4,4,4
19.76,4,4,4,4
19.765,4,4,4,4
19.77,4,4,4,4
19.775,4,4,4,4
19.78,4,4,4,4
19.785,4,4,4,4
19.79,4,4,4,4
19.795,4,4,4,4
19.8,4,4,4,4
19.805,4,4,4,4
19.81,4,4,4,4
19.815,4,4,4,4
19.82,4,4,4,4
19.825,4,4,4,4
19.83,4,4,4,4
19.835,4,4,4,4
19.84,4,4,4,4
19.845,4,4,4,4
19.85,4,4,4,4
19.855,4,4,4,4
19.86,4,4,4,4
19.865,4,4,4,4
19.87,4,4,4,4
19.875,4,4,4,4
19.88,4,4,4,4
19.885,4,4,4,4
19.89,4,4,4,4
19.895,4,4,4,4
19.9,4,4,4,4
19.905,4,4,4,4
19.91,4,4,4,4
19.915,4,4,4,4
19.92,4,4,4,4
19.925,4,4,4,4
19.93,4,4,4,4
19.935,4,4,4,4
19.94,4,4,4,4
19.945,4,4,4,4
19.95,4,4,4,4
19.955,4,4,4,4
19.96,4,4,4,4
19.965,4,4,4,4
19.97,4,4,4,4
19.975,4,4,4,4
19.98,4,4,4,4
19.985,4,4,4,4
19.99,4,4,4,4
19.995,4,4,4,4
20,4,4,4,4
20,3,4,3,4
20.005,3,4,3,4
20.01,3,4,3,4
20.015,3,4,3,4
20.02,3,4,3,4
20.025,3,4,3,4
20.03,3,4,3,4
20.035,3,4,3,4
20.04,3,4,3,4
20.045,3,4,3,4
20.05,3,4,3,4
20.055,3,4,3,4
20.06,3,4,3,4
20.065,3,4,3,4
20.07,3,4,3,4
20.075,3,4,3,4
20.08,3,4,3,4
20.085,3,4,3,4
20.09,3,4,3,4
20.095,3,4,3,4
20.1,3,4,3,4
20.105,3,4,3,4
20.11,3,4,3,4
20.115,3,4,3,4
20.12,3,4,3,4
20.125,3,4,3,4
20.13,3,4,3,4
20.135,3,4,3,4
20.14,3,4,3,4
20.145,3,4,3,4
20.15,3,4,3,4
20.155,3,4,3,4
20.16,3,4,3,4
20.165,3,4,3,4
20.17,3,4,3,4
20.175,3,4,3,4
20.18,3,4,3,4
20.185,3,4,3,4
20.19,3,4,3,4
20.195,3,4,3,4
20.2,3,4,3,4
20.205,3,4,3,4
20.21,3,4,3,4
20.215,3,4,3,4
20.22,3,4,3,4
20.225,3,4,3,4
20.23,3,4,3,4
20.235,3,4,3,4
20.24,3,4,3,4
20.245,3,4,3,4
20.25,3,4,3,4
20.255,3,4,3,4
20.26,3,4,3,4
20.265,3,4,3,4
20.27,3,4,3,4
20.275,3,4,3,4
20.28,3,4,3,4
20.285,3,4,3,4
20.29,3,4,3,4
20.295,3,4,3,4
20.3,3,4,3,4
20.305,3,4,3,4
20.31,3,4,3,4
20.315,3,4,3,4
20.32,3,4,3,4
20.325,3,4,3,4
20.33,3,4,3,4
20.335,3,4,3,4
20.34,3,4,3,4
20.345,3,4,3,4
20.35,3,4,3,4
20.355,3,4,3,4
20.36,3,4,3,4
20.365,3,4,3,4
20.37,3,4,3,4
20.375,3,4,3,4
20.38,3,4,3,4
20.385,3,4,3,4
20.39,3,4,3,4
20.395,3,4,3,4
20.4,3,4,3,4
20.405,3,4,3,4
20.41,3,4,3,4
20.415,3,4,3,4
20.42,3,4,3,4
20.425,3,4,3,4
20.43,3,4,3,4
20.435,3,4,3,4
20.44,3,4,3,4
20.445,3,4,3,4
20.45,3,4,3,4
20.455,3,4,3,4
20.46,3,4,3,4
20.465,3,4,3,4
20.47,3,4,3,4
20.475,3,4,3,4
20.48,3,4,3,4
20.485,3,4,3,4
20.49,3,4,3,4
20.495,3,4,3,4
20.5,3,4,3,4
20.505,3,4,3,4
20.51,3,4,3,4
20.515,3,4,3,4
20.52,3,4,3,4
20.525,3,4,3,4
20.53,3,4,3,4
20.535,3,4,3,4
20.54,3,4,3,4
20.545,3,4,3,4
20.55,3,4,3,4
20.555,3,4,3,4
20.56,3,4,3,4
20.565,3,4,3,4
20.57,3,4,3,4
20.575,3,4,3,4
20.58,3,4,3,4
20.585,3,4,3,4
20.59,3,4,3,4
20.595,3,4,3,4
20.6,3,4,3,4
20.605,3,4,3,4
20.61,3,4,3,4
20.615,3,4,3,4
20.62,3,4,3,4
20.625,3,4,3,4
20.63,3,4,3,4
20.635,3,4,3,4
20.64,3,4,3,4
20.645,3,4,3,4
20.65,3,4,3,4
20.655,3,4,3,4
20.66,3,4,3,4
20.665,3,4,3,4
20.67,3,4,3,4
20.675,3,4,3,4
20.68,3,4,3,4
20.685,3,4,3,4
20.69,3,4,3,4
20.695,3,4,3,4
20.7,3,4,3,4
20.705,3,4,3,4
20.71,3,4,3,4
20.715,3,4,3,4
20.72,3,4,3,4
20.725,3,4,3,4
20.73,3,4,3,4
20.735,3,4,3,4
20.74,3,4,3,4
20.745,3,4,3,4
20.75,3,4,3,4
20.755,3,4,3,4
20.76,3,4,3,4
20.765,3,4,3,4
20.77,3,4,3,4
20.775,3,4,3,4
20.78,3,4,3,4
20.785,3,4,3,4
20.79,3,4,3,4
20.795,3,4,3,4
20.8,3,4,3,4
20.805,3,4,3,4
20.81,3,4,3,4
20.815,3,4,3,4
20.82,3,4,3,4
20.825,3,4,3,4
20.83,3,4,3,4
20.835,3,4,3,4
20.84,3,4,3,4
20.845,3,4,3,4
20.85,3,4,3,4
20.855,3,4,3,4
20.86,3,4,3,4
20.865,3,4,3,4
20.87,3,4,3,4
20.875,3,4,3,4
20.88,3,4,3,4
20.885,3,4,3,4
20.89,3,4,3,4
20.895,3,4,3,4
20.9,3,4,3,4
20.905,3,4,3,4
20.91,3,4,3,4
20.915,3,4,3,4
20.92,3,4,3,4
20.925,3,4,3,4
20.93,3,4,3,4
20.935,3,4,3,4
20.94,3,4,3,4
20.945,3,4,3,4
20.95,3,4,3,4
20.955,3,4,3,4
20.96,3,4,3,4
20.965,3,4,3,4
20.97,3,4,3,4
20.975,3,4,3,4
20.98,3,4,3,4
20.985,3,4,3,4
20.99,3,4,3,4
20.995,3,4,3,4
21,3,4,3,4
21,3,4,3,4
21.005,3,4,3,4
21.01,3,4,3,4
21.015,3,4,3,4
21.02,3,4,3,4
21.025,3,4,3,4
21.03,3,4,3,4
21.035,3,4,3,4
21.04,3,4,3,4
21.045,3,4,3,4
21.05,3,4,3,4
21.055,3,4,3,4
21.06,3,4,3,4
21.065,3,4,3,4
21.07,3,4,3,4
21.075,3,4,3,4
21.08,3,4,3,4
21.085,3,4,3,4
21.09,3,4,3,4
21.095,3,4,3,4
21.1,3,4,3,4
21.105,3,4,3,4
21.11,3,4,3,4
21.115,3,4,3,4
21.12,3,4,3,4
21.125,3,4,3,4
21.13,3,4,3,4
21.135,3,4,3,4
21.14,3,4,3,4
21.145,3,4,3,4
21.15,3,4,3,4
21.155,3,4,3,4
21.16,3,4,3,4
21.165,3,4,3,4
21.17,3,4,3,4
21.175,3,4,3,4
21.18,3,4,3,4
21.185,3,4,3,4
21.19,3,4,3,4
21.195,3,4,3,4
21.2,3,4,3,4
21.205,3,4,3,4
21.21,3,4,3,4
21.215,3,4,3,4
21.22,3,4,3,4
21.225,3,4,3,4
21.23,3,4,3,4
21.235,3,4,3,4
21.24,3,4,3,4
21.245,3,4,3,4
21.25,3,4,3,4
21.255,3,4,3,4
21.26,3,4,3,4
21.265,3,4,3,4
21.27,3,4,3,4
21.275,3,4,3,4
21.28,3,4,3,4
21.285,3,4,3,4
21.29,3,4,3,4
21.295,3,4,3,4
21.3,3,4,3,4
21.305,3,4,3,4
21.31,3,4,3,4
21.315,3,4,3,4
21.32,3,4,3,4
21.325,3,4,3,4
21.33,3,4,3,4
21.335,3,4,3,4
21.34,3,4,3,4
21.345,3,4,3,4
21.35,3,4,3,4
21.355,3,4,3,4
21.36,3,4,3,4
21.365,3,4,3,4
21.37,3,4,3,4
21.375,3,4,3,4
21.38,3,4,3,4
21.385,3,4,3,4
21.39,3,4,3,4
21.395,3,4,3,4
21.4,3,4,3,4
21.405,3,4,3,4
21.41,3,4,3,4
21.415,3,4,3,4
21.42,3,4,3,4
21.425,3,4,3,4
21.43,3,4,3,4
21.435,3,4,3,4
21.44,3,4,3,4
21.445,3,4,3,4
21.45,3,4,3,4
21.455,3,4,3,4
21.46,3,4,3,4
21.465,3,4,3,4
21.47,3,4,3,4
21.475,3,4,3,4
21.48,3,4,3,4
21.485,3,4,3,4
21.49,3,4,3,4
21.495,3,4,3,4
21.5,3,4,3,4
21.505,3,4,3,4
21.51,3,4,3,4
21.515,3,4,3,4
21.52,3,4,3,4
21.525,3,4,3,4
21.53,3,4,3,4
21.535,3,4,3,4
21.54,3,4,3,4
21.545,3,4,3,4
21.55,3,4,3,4
21.555,3,4,3,4
21.56,3,4,3,4
21.565,3,4,3,4
21.57,3,4,3,4
21.575,3,4,3,4
21.58,3,4,3,4
21.585,3,4,3,4
21.59,3,4,3,4
21.595,3,4,3,4
21.6,3,4,3,4
21.605,3,4,3,4
21.61,3,4,3,4
21.615,3,4,3,4
21.62,3,4,3,4
21.625,3,4,3,4
21.63,3,4,3,4
21.635,3,4,3,4
21.64,3,4,3,4
21.645,3,4,3,4
21.65,3,4,3,4
21.655,3,4,3,4
21.66,3,4,3,4
21.665,3,4,3,4
21.67,3,4,3,4
21.675,3,4,3,4
21.68,3,4,3,4
21.685,3,4,3,4
21.69,3,4,3,4
21.695,3,4,3,4
21.7,3,4,3,4
21.705,3,4,3,4
21.71,3,4,3,4
21.715,3,4,3,4
21.72,3,4,3,4
21.725,3,4,3,4
21.73,3,4,3,4
21.735,3,4,3,4
21.74,3,4,3,4
21.745,3,4,3,4
21.75,3,4,3,4
21.755,3,4,3,4
21.76,3,4,3,4
21.765,3,4,3,4
21.77,3,4,3,4
21.775,3,4,3,4
21.78,3,4,3,4
21.785,3,4,3,4
21.79,3,4,3,4
21.795,3,4,3,4
21.8,3,4,3,4
21.805,3,4,3,4
21.81,3,4,3,4
21.815,3,4,3,4
21.82,3,4,3,4
21.825,3,4,3,4
21.83,3,4,3,4
21.835,3,4,3,4
21.84,3,4,3,4
21.845,3,4,3,4
21.85,3,4,3,4
21.855,3,4,3,4
21.86,3,4,3,4
21.865,3,4,3,4
21.87,3,4,3,4
21.875,3,4,3,4
21.88,3,4,3,4
21.885,3,4,3,4
21.89,3,4,3,4
21.895,3,4,3,4
21.9,3,4,3,4
21.905,3,4,3,4
21.91,3,4,3,4
21.915,3,4,3,4
21.92,3,4,3,4
21.925,3,4,3,4
21.93,3,4,3,4
21.935,3,4,3,4
21.94,3,4,3,4
21.945,3,4,3,4
21.95,3,4,3,4
21.955,3,4,3,4
21.96,3,4,3,4
21.965,3,4,3,4
21.97,3,4,3,4
21.975,3,4,3,4
21.98,3,4,3,4
21.985,3,4,3,4
21.99,3,4,3,4
21.995,3,4,3,4
22,3,4,3,4
22,3,3,3,3
22.005,3,3,3,3
22.01,3,3,3,3
22.015,3,3,3,3
22.02,3,3,3,3
22.025,3,3,3,3
22.03,3,3,3,3
22.035,3,3,3,3
22.04,3,3,3,3
22.045,3,3,3,3
22.05,3,3,3,3
22.055,3,3,3,3
22.06,3,3,3,3
22.065,3,3,3,3
22.07,3,3,3,3
22.075,3,3,3,3
22.08,3,3,3,3
22.085,3,3,3,3
22.09,3,3,3,3
22.095,3,3,3,3
22.1,3,3,3,3
22.105,3,3,3,3
22.11,3,3,3,3
22.115,3,3,3,3
22.12,3,3,3,3
22.125,3,3,3,3
22.13,3,3,3,3
22.135,3,3,3,3
22.14,3,3,3,3
22.145,3,3,3,3
22.15,3,3,3,3
22.155,3,3,3,3
22.16,3,3,3,3
22.165,3,3,3,3
22.17,3,3,3,3
22.175,3,3,3,3
22.18,3,3,3,3
22.185,3,3,3,3
22.19,3,3,3,3
22.195,3,3,3,3
22.2,3,3,3,3
22.205,3,3,3,3
22.21,3,3,3,3
22.215,3,3,3,3
22.22,3,3,3,3
22.225,3,3,3,3
22.23,3,3,3,3
22.235,3,3,3,3
22.24,3,3,3,3
22.245,3,3,3,3
22.25,3,3,3,3
22.255,3,3,3,3
22.26,3,3,3,3
22.265,3,3,3,3
22.27,3,3,3,3
22.275,3,3,3,3
22.28,3,3,3,3
22.285,3,3,3,3
22.29,3,3,3,3
22.295,3,3,3,3
22.3,3,3,3,3
22.305,3,3,3,3
22.31,3,3,3,3
22.315,3,3,3,3
22.32,3,3,3,3
22.325,3,3,3,3
22.33,3,3,3,3
22.335,3,3,3,3
22.34,3,3,3,3
22.345,3,3,3,3
22.35,3,3,3,3
22.355,3,3,3,3
22.36,3,3,3,3
22.365,3,3,3,3
22.37,3,3,3,3
22.375,3,3,3,3
22.38,3,3,3,3
22.385,3,3,3,3
22.39,3,3,3,3
22.395,3,3,3,3
22.4,3,3,3,3
22.405,3,3,3,3
22.41,3,3,3,3
22.415,3,3,3,3
22.42,3,3,3,3
22.425,3,3,3,3
22.43,3,3,3,3
22.435,3,3,3,3
22.44,3,3,3,3
22.445,3,3,3,3
22.45,3,3,3,3
22.455,3,3,3,3
22.46,3,3,3,3
22.465,3,3,3,3
22.47,3,3,3,3
22.475,3,3,3,3
22.48,3,3,3,3
22.485,3,3,3,3
22.49,3,3,3,3
22.495,3,3,3,3
22.5,3,3,3,3
22.505,3,3,3,3
22.51,3,3,3,3
22.515,3,3,3,3
22.52,3,3,3,3
22.525,3,3,3,3
22.53,3,3,3,3
22.535,3,3,3,3
22.54,3,3,3,3
22.545,3,3,3,3
22.55,3,3,3,3
22.555,3,3,3,3
22.56,3,3,3,3
22.565,3,3,3,3
22.57,3,3,3,3
22.575,3,3,3,3
22.58,3,3,3,3
22.585,3,3,3,3
22.59,3,3,3,3
22.595,3,3,3,3
22.6,3,3,3,3
22.605,3,3,3,3
22.61,3,3,3,3
22.615,3,3,3,3
22.62,3,3,3,3
22.625,3,3,3,3
22.63,3,3,3,3
22.635,3,3,3,3
22.64,3,3,3,3
22.645,3,3,3,3
22.65,3,3,3,3
22.655,3,3,3,3
22.66,3,3,3,3
22.665,3,3,3,3
22.67,3,3,3,3
22.675,3,3,3,3
22.68,3,3,3,3
22.685,3,3,3,3
22.69,3,3,3,3
22.695,3,3,3,3
22.7,3,3,3,3
22.705,3,3,3,3
22.71,3,3,3,3
22.715,3,3,3,3
22.72,3,3,3,3
22.725,3,3,3,3
22.73,3,3,3,3
22.735,3,3,3,3
22.74,3,3,3,3
22.745,3,3,3,3
22.75,3,3,3,3
22.755,3,3,3,3
22.76,3,3,3,3
22.765,3,3,3,3
22.77,3,3,3,3
22.775,3,3,3,3
22.78,3,3,3,3
22.785,3,3,3,3
22.79,3,3,3,3
22.795,3,3,3,3
22.8,3,3,3,3
22.805,3,3,3,3
22.81,3,3,3,3
22.815,3,3,3,3
22.82,3,3,3,3
22.825,3,3,3,3
22.83,3,3,3,3
22.835,3,3,3,3
22.84,3,3,3,3
22.845,3,3,3,3
22.85,3,3,3,3
22.855,3,3,3,3
22.86,3,3,3,3
22.865,3,3,3,3
22.87,3,3,3,3
22.875,3,3,3,3
22.88,3,3,3,3
22.885,3,3,3,3
22.89,3,3,3,3
22.895,3,3,3,3
22.9,3,3,3,3
22.905,3,3,3,3
22.91,3,3,3,3
22.915,3,3,3,3
22.92,3,3,3,3
22.925,3,3,3,3
22.93,3,3,3,3
22.935,3,3,3,3
22.94,3,3,3,3
22.945,3,3,3,3
22.95,3,3,3,3
22.955,3,3,3,3
22.96,3,3,3,3
22.965,3,3,3,3
22.97,3,3,3,3
22.975,3,3,3,3
22.98,3,3,3,3
22.985,3,3,3,3
22.99,3,3,3,3
22.995,3,3,3,3
23,3,3,3,3
23.005,3,3,3,3
23.01,3,3,3,3
23.015,3,3,3,3
23.02,3,3,3,3
23.025,3,3,3,3
23.03,3,3,3,3
23.035,3,3,3,3
23.04,3,3,3,3
23.045,3,3,3,3
23.05,3,3,3,3
23.055,3,3,3,3
23.06,3,3,3,3
23.065,3,3,3,3
23.07,3,3,3,3
23.075,3,3,3,3
23.08,3,3,3,3
23.085,3,3,3,3
23.09,3,3,3,3
23.095,3,3,3,3
23.1,3,3,3,3
23.105,3,3,3,3
23.11,3,3,3,3
23.115,3,3,3,3
23.12,3,3,3,3
23.125,3,3,3,3
23.13,3,3,3,3
23.135,3,3,3,3
23.14,3,3,3,3
23.145,3,3,3,3
23.15,3,3,3,3
23.155,3,3,3,3
23.16,3,3,3,3
23.165,3,3,3,3
23.17,3,3,3,3
23.175,3,3,3,3
23.18,3,3,3,3
23.185,3,3,3,3
23.19,3,3,3,3
23.195,3,3,3,3
23.2,3,3,3,3
23.205,3,3,3,3
23.21,3,3,3,3
23.215,3,3,3,3
23.22,3,3,3,3
23.225,3,3,3,3
23.23,3,3,3,3
23.235,3,3,3,3
23.24,3,3,3,3
23.245,3,3,3,3
23.25,3,3,3,3
23.255,3,3,3,3
23.26,3,3,3,3
23.265,3,3,3,3
23.27,3,3,3,3
23.275,3,3,3,3
23.28,3,3,3,3
23.285,3,3,3,3
23.29,3,3,3,3
23.295,3,3,3,3
23.3,3,3,3,3
23.305,3,3,3,3
23.31,3,3,3,3
23.315,3,3,3,3
23.32,3,3,3,3
23.325,3,3,3,3
23.33,3,3,3,3
23.335,3,3,3,3
23.34,3,3,3,3
23.345,3,3,3,3
23.35,3,3,3,3
23.355,3,3,3,3
23.36,3,3,3,3
23.365,3,3,3,3
23.37,3,3,3,3
23.375,3,3,3,3
23.38,3,3,3,3
23.385,3,3,3,3
23.39,3,3,3,3
23.395,3,3,3,3
23.4,3,3,3,3
23.405,3,3,3,3
23.41,3,3,3,3
23.415,3,3,3,3
23.42,3,3,3,3
23.425,3,3,3,3
23.43,3,3,3,3
23.435,3,3,3,3
23.44,3,3,3,3
23.445,3,3,3,3
23.45,3,3,3,3
23.455,3,3,3,3
23.46,3,3,3,3
23.465,3,3,3,3
23.47,3,3,3,3
23.475,3,3,3,3
23.48,3,3,3,3
23.485,3,3,3,3
23.49,3,3,3,3
23.495,3,3,3,3
23.5,3,3,3,3
23.505,3,3,3,3
23.51,3,3,3,3
23.515,3,3,3,3
23.52,3,3,3,3
23.525,3,3,3,3
23.53,3,3,3,3
23.535,3,3,3,3
23.54,3,3,3,3
23.545,3,3,3,3
23.55,3,3,3,3
23.555,3,3,3,3
23.56,3,3,3,3
23.565,3,3,3,3
23.57,3,3,3,3
23.575,3,3,3,3
23.58,3,3,3,3
23.585,3,3,3,3
23.59,3,3,3,3
23.595,3,3,3,3
23.6,3,3,3,3
23.605,3,3,3,3
23.61,3,3,3,3
23.615,3,3,3,3
23.62,3,3,3,3
23.625,3,3,3,3
23.63,3,3,3,3
23.635,3,3,3,3
23.64,3,3,3,3
23.645,3,3,3,3
23.65,3,3,3,3
23.655,3,3,3,3
23.66,3,3,3,3
23.665,3,3,3,3
23.67,3,3,3,3
23.675,3,3,3,3
23.68,3,3,3,3
23.685,3,3,3,3
23.69,3,3,3,3
23.695,3,3,3,3
23.7,3,3,3,3
23.705,3,3,3,3
23.71,3,3,3,3
23.715,3,3,3,3
23.72,3,3,3,3
23.725,3,3,3,3
23.73,3,3,3,3
23.735,3,3,3,3
23.74,3,3,3,3
23.745,3,3,3,3
23.75,3,3,3,3
23.755,3,3,3,3
23.76,3,3,3,3
23.765,3,3,3,3
23.77,3,3,3,3
23.775,3,3,3,3
23.78,3,3,3,3
23.785,3,3,3,3
23.79,3,3,3,3
23.795,3,3,3,3
23.8,3,3,3,3
23.805,3,3,3,3
23.81,3,3,3,3
23.815,3,3,3,3
23.82,3,3,3,3
23.825,3,3,3,3
23.83,3,3,3,3
23.835,3,3,3,3
23.84,3,3,3,3
23.845,3,3,3,3
23.85,3,3,3,3
23.855,3,3,3,3
23.86,3,3,3,3
23.865,3,3,3,3
23.87,3,3,3,3
23.875,3,3,3,3
23.88,3,3,3,3
23.885,3,3,3,3
23.89,3,3,3,3
23.895,3,3,3,3
23.9,3,3,3,3
23.905,3,3,3,3
23.91,3,3,3,3
23.915,3,3,3,3
23.92,3,3,3,3
23.925,3,3,3,3
23.93,3,3,3,3
23.935,3,3,3,3
23.94,3,3,3,3
23.945,3,3,3,3
23.95,3,3,3,3
23.955,3,3,3,3
23.96,3,3,3,3
23.965,3,3,3,3
23.97,3,3,3,3
23.975,3,3,3,3
23.98,3,3,3,3
23.985,3,3,3,3
23.99,3,3,3,3
23.995,3,3,3,3
24,3,3,3,3
24.005,3,3,3,3
24.01,3,3,3,3
24.015,3,3,3,3
24.02,3,3,3,3
24.025,3,3,3,3
24.03,3,3,3,3
24.035,3,3,3,3
24.04,3,3,3,3
24.045,3,3,3,3
24.05,3,3,3,3
24.055,3,3,3,3
24.06,3,3,3,3
24.065,3,3,3,3
24.07,3,3,3,3
24.075,3,3,3,3
24.08,3,3,3,3
24.085,3,3,3,3
24.09,3,3,3,3
24.095,3,3,3,3
24.1,3,3,3,3
24.105,3,3,3,3
24.11,3,3,3,3
24.115,3,3,3,3
24.12,3,3,3,3
24.125,3,3,3,3
24.13,3,3,3,3
24.135,3,3,3,3
24.14,3,3,3,3
24.145,3,3,3,3
24.15,3,3,3,3
24.155,3,3,3,3
24.16,3,3,3,3
24.165,3,3,3,3
24.17,3,3,3,3
24.175,3,3,3,3
24.18,3,3,3,3
24.185,3,3,3,3
24.19,3,3,3,3
24.195,3,3,3,3
24.2,3,3,3,3
24.205,3,3,3,3
24.21,3,3,3,3
24.215,3,3,3,3
24.22,3,3,3,3
24.225,3,3,3,3
24.23,3,3,3,3
24.235,3,3,3,3
24.24,3,3,3,3
24.245,3,3,3,3
24.25,3,3,3,3
24.255,3,3,3,3
24.26,3,3,3,3
24.265,3,3,3,3
24.27,3,3,3,3
24.275,3,3,3,3
24.28,3,3,3,3
24.285,3,3,3,3
24.29,3,3,3,3
24.295,3,3,3,3
24.3,3,3,3,3
24.305,3,3,3,3
24.31,3,3,3,3
24.315,3,3,3,3
24.32,3,3,3,3
24.325,3,3,3,3
24.33,3,3,3,3
24.335,3,3,3,3
24.34,3,3,3,3
24.345,3,3,3,3
24.35,3,3,3,3
24.355,3,3,3,3
24.36,3,3,3,3
24.365,3,3,3,3
24.37,3,3,3,3
24.375,3,3,3,3
24.38,3,3,3,3
24.385,3,3,3,3
24.39,3,3,3,3
24.395,3,3,3,3
24.4,3,3,3,3
24.405,3,3,3,3
24.41,3,3,3,3
24.415,3,3,3,3
24.42,3,3,3,3
24.425,3,3,3,3
24.43,3,3,3,3
24.435,3,3,3,3
24.44,3,3,3,3
24.445,3,3,3,3
24.45,3,3,3,3
24.455,3,3,3,3
24.46,3,3,3,3
24.465,3,3,3,3
24.47,3,3,3,3
24.475,3,3,3,3
24.48,3,3,3,3
24.485,3,3,3,3
24.49,3,3,3,3
24.495,3,3,3,3
24.5,3,3,3,3
24.505,3,3,3,3
24.51,3,3,3,3
24.515,3,3,3,3
24.52,3,3,3,3
24.525,3,3,3,3
24.53,3,3,3,3
24.535,3,3,3,3
24.54,3,3,3,3
24.545,3,3,3,3
24.55,3,3,3,3
24.555,3,3,3,3
24.56,3,3,3,3
24.565,3,3,3,3
24.57,3,3,3,3
24.575,3,3,3,3
24.58,3,3,3,3
24.585,3,3,3,3
24.59,3,3,3,3
24.595,3,3,3,3
24.6,3,3,3,3
24.605,3,3,3,3
24.61,3,3,3,3
24.615,3,3,3,3
24.62,3,3,3,3
24.625,3,3,3,3
24.63,3,3,3,3
24.635,3,3,3,3
24.64,3,3,3,3
24.645,3,3,3,3
24.65,3,3,3,3
24.655,3,3,3,3
24.66,3,3,3,3
24.665,3,3,3,3
24.67,3,3,3,3
24.675,3,3,3,3
24.68,3,3,3,3
24.685,3,3,3,3
24.69,3,3,3,3
24.695,3,3,3,3
24.7,3,3,3,3
24.705,3,3,3,3
24.71,3,3,3,3
24.715,3,3,3,3
24.72,3,3,3,3
24.725,3,3,3,3
24.73,3,3,3,3
24.735,3,3,3,3
24.74,3,3,3,3
24.745,3,3,3,3
24.75,3,3,3,3
24.755,3,3,3,3
24.76,3,3,3,3
24.765,3,3,3,3
24.77,3,3,3,3
24.775,3,3,3,3
24.78,3,3,3,3
24.785,3,3,3,3
24.79,3,3,3,3
24.795,3,3,3,3
24.8,3,3,3,3
24.805,3,3,3,3
24.81,3,3,3,3
24.815,3,3,3,3
24.82,3,3,3,3
24.825,3,3,3,3
24.83,3,3,3,3
24.835,3,3,3,3
24.84,3,3,3,3
24.845,3,3,3,3
24.85,3,3,3,3
24.855,3,3,3,3
24.86,3,3,3,3
24.865,3,3,3,3
24.87,3,3,3,3
24.875,3,3,3,3
24.88,3,3,3,3
24.885,3,3,3,3
24.89,3,3,3,3
24.895,3,3,3,3
24.9,3,3,3,3
24.905,3,3,3,3
24.91,3,3,3,3
24.915,3,3,3,3
24.92,3,3,3,3
24.925,3,3,3,3
24.93,3,3,3,3
24.935,3,3,3,3
24.94,3,3,3,3
24.945,3,3,3,3
24.95,3,3,3,3
24.955,3,3,3,3
24.96,3,3,3,3
24.965,3,3,3,3
24.97,3,3,3,3
24.975,3,3,3,3
24.98,3,3,3,3
24.985,3,3,3,3
24.99,3,3,3,3
24.995,3,3,3,3
25,3,3,3,3
25,3,3,3,3
