"time","heatCapacitor.T","pipe.T"
0,293.15,293.15
0.0005,293.199875496795,293.150124253922
0.001,293.249503971072,293.150494045758
0.0015,293.298889215282,293.151103698177
0.002,293.348031498013,293.151952809249
0.0025,293.3969396279,293.153028228313
0.003,293.445611985592,293.154332372996
0.0035,293.49404795407,293.155866164485
0.004,293.542247533332,293.15762960278
0.0045,293.590223208056,293.159604094874
0.005,293.637971132644,293.161795367888
0.0055,293.685488960468,293.164206916575
0.006,293.732776691527,293.166838740935
0.0065,293.779848918797,293.169669160121
0.007,293.826704213829,293.172700296389
0.0075,293.873337924056,293.175939062075
0.008,293.919750049478,293.179385457179
0.0085,293.965952821693,293.183021371926
0.009,294.011948403404,293.186843604274
0.0095,294.057730812917,293.19086101056
0.01,294.103300050232,293.195073590786
0.0105,294.148662315426,293.199472217309
0.011,294.193823556422,293.204048133707
0.0115,294.238781595044,293.208804546651
0.012,294.283538206231,293.213738843109
0.0125,294.328095164919,293.218848410051
0.013,294.372454246048,293.224130634446
0.0135,294.416617224554,293.229582903263
0.014,294.460585875375,293.235202603472
0.0145,294.504362700694,293.240986117782
0.015,294.547950836354,293.246928953872
0.0155,294.591350975261,293.253029992902
0.016,294.634565015716,293.259286451487
0.0165,294.677594856021,293.265695546241
0.017,294.720442394479,293.272254493778
0.0175,294.763109529391,293.278960510713
0.018,294.805598159058,293.285810813659
0.0185,294.847909687416,293.292803409225
0.019,294.890042622212,293.299940932091
0.0195,294.932001278802,293.307216736446
0.02,294.973787398143,293.314628290341
0.0205,295.015402721194,293.322173061823
0.021,295.05684898891,293.329848518942
0.0215,295.09812794225,293.337652129747
0.022,295.139241322172,293.345581362287
0.0225,295.180190869631,293.35363368461
0.023,295.220973225062,293.361814598572
0.0235,295.261593112043,293.37011687431
0.024,295.302052316114,293.378537909654
0.0245,295.342352373701,293.387075494809
0.025,295.382494821232,293.395727419976
0.0255,295.422481195134,293.404491475358
0.026,295.462313031835,293.41336545116
0.0265,295.501991867761,293.422347137584
0.027,295.541515938124,293.431439525986
0.0275,295.580887639928,293.44063905071
0.028,295.620109243686,293.449942345384
0.0285,295.659182114227,293.459347470572
0.029,295.698107616379,293.468852486835
0.0295,295.73688711497,293.478455454736
0.03,295.775521974828,293.488154434836
0.0305,295.814013560781,293.497947487697
0.031,295.852362015911,293.507834609611
0.0315,295.890568199222,293.517814662559
0.032,295.928634053558,293.527884791305
0.0325,295.966560742586,293.538043375124
0.033,296.004349415957,293.548288815505
0.0335,296.042001209303,293.558619536148
0.034,296.079517244236,293.569033982966
0.0345,296.116898628348,293.579530624082
0.035,296.154146455214,293.590107949831
0.0355,296.191261804388,293.60076447276
0.036,296.228245741407,293.611498727628
0.0365,296.265099317788,293.622309271405
0.037,296.301823571029,293.633194683272
0.0375,296.338419524609,293.644153564623
0.038,296.374888187987,293.655184539063
0.0385,296.411230556605,293.666286252409
0.039,296.447447477376,293.677457575674
0.0395,296.483539304502,293.688698124464
0.04,296.519507512367,293.700005825
0.0405,296.555353013182,293.711379452927
0.041,296.591076703782,293.72281780814
0.0415,296.626679465639,293.734319714782
0.042,296.662162164852,293.745884021248
0.0425,296.69752565215,293.757509600181
0.043,296.732770762894,293.769195348474
0.0435,296.767898317076,293.780940187269
0.044,296.802909119317,293.792743061959
0.0445,296.837803958869,293.804602942185
0.045,296.872583609615,293.816518821839
0.0455,296.907248830067,293.828489719063
0.046,296.941800363371,293.840514676246
0.0465,296.976238937299,293.852592760029
0.047,297.010565264257,293.864723061302
0.0475,297.044783657362,293.876898982266
0.048,297.078893073304,293.889122387547
0.0485,297.112893444865,293.901393599638
0.049,297.14678553583,293.91371162813
0.0495,297.180570099158,293.92607549968
0.05,297.214247876987,293.93848425801
0.0505,297.247819600631,293.950936963908
0.051,297.281285990582,293.963432695231
0.0515,297.314647756511,293.9759705469
0.052,297.347905597263,293.988549630903
0.0525,297.381060200864,294.001169076293
0.053,297.414112244514,294.013828029191
0.0535,297.447062394592,294.026525652783
0.054,297.479911306654,294.039261127322
0.0545,297.512659625433,294.052033650127
0.055,297.54530798484,294.064842435584
0.0555,297.577857891925,294.077685284492
0.056,297.610310697962,294.090560249312
0.0565,297.642665910732,294.103468365673
0.057,297.674924170607,294.116408835704
0.0575,297.707086109015,294.129380875557
0.058,297.739152348442,294.142383715413
0.0585,297.771123502426,294.155416599478
0.059,297.803000175563,294.168478785983
0.0595,297.834782963506,294.181569547186
0.06,297.86647245296,294.194688169371
0.0605,297.89806922169,294.207833952848
0.061,297.929573838515,294.221006211952
0.0615,297.960986863309,294.234204275044
0.062,297.992308847004,294.247427484512
0.0625,298.023540331585,294.26067519677
0.063,298.054681850094,294.273946782257
0.0635,298.08573397036,294.287241554548
0.064,298.116699076337,294.300555882537
0.0645,298.147576192987,294.313891580056
0.065,298.178365858983,294.327248006523
0.0655,298.20906860564,294.340624532811
0.066,298.239684956913,294.354020541245
0.0665,298.270215429401,294.367435425606
0.067,298.300660532345,294.380868591127
0.0675,298.331020767628,294.394319454498
0.068,298.361296629774,294.40778744386
0.0685,298.391488605953,294.421271998813
0.069,298.421597175973,294.434772570405
0.0695,298.451622812285,294.448288621144
0.07,298.481565979985,294.461819624987
0.0705,298.511427136809,294.47536506735
0.071,298.541206733134,294.4889244451
0.0715,298.570905211983,294.502497266559
0.072,298.600523930473,294.516081562764
0.0725,298.630063176505,294.529677091793
0.073,298.659522940595,294.543284091746
0.0735,298.68890366888,294.556902064181
0.074,298.718205801355,294.570530520141
0.0745,298.747429771876,294.584168980154
0.075,298.776576008161,294.597816974234
0.0755,298.805644931787,294.611474041882
0.076,298.83463695819,294.625139732085
0.0765,298.863552496669,294.638813603317
0.077,298.892391950382,294.652495223535
0.0775,298.921155716347,294.666184170185
0.078,298.949844185444,294.679880030199
0.0785,298.978457742412,294.693582399993
0.079,299.006996765851,294.707290885469
0.0795,299.035461628221,294.721005102019
0.08,299.063852930495,294.734724297883
0.0805,299.09217162721,294.748447153436
0.081,299.120417506167,294.762174221384
0.0815,299.148590947712,294.775905102985
0.082,299.176692328197,294.789639405537
0.0825,299.204722020047,294.80337674228
0.083,299.232680391815,294.817116732291
0.0835,299.260567808248,294.830859000394
0.084,299.288384630346,294.844603177055
0.0845,299.316131215424,294.858348898287
0.085,299.343807917176,294.872095805552
0.0855,299.371415085729,294.885843545658
0.086,299.398953067714,294.899591770667
0.0865,299.426422206318,294.913340137792
0.087,299.453822841353,294.927088309299
0.0875,299.481155309313,294.940835952412
0.088,299.508419943435,294.95458273921
0.0885,299.5356171298,294.968328261667
0.089,299.562747162811,294.982072250512
0.0895,299.589810361176,294.995814399577
0.09,299.616807047921,295.009554396057
0.0905,299.643737543269,295.023291931294
0.091,299.670602164697,295.037026700677
0.0915,299.697401227011,295.050758403533
0.092,299.724135042402,295.064486743029
0.0925,299.750803920518,295.078211426057
0.093,299.777408168526,295.091932163142
0.0935,299.80394809118,295.105648668329
0.094,299.830423990882,295.119360659079
0.0945,299.856836167752,295.133067856168
0.095,299.88318491969,295.146769983583
0.0955,299.909470542444,295.160466768412
0.096,299.935693329672,295.174157940745
0.0965,299.961853573011,295.187843233567
0.097,299.98795156214,295.201522382653
0.0975,300.013987584845,295.215195126466
0.098,300.039961927087,295.228861206051
0.0985,300.065874873064,295.242520364928
0.099,300.091726705278,295.256172348993
0.0995,300.117517704601,295.26981690641
0.1,300.143248150338,295.283453787506
0.1005,300.168918320296,295.297082744668
0.101,300.194528490845,295.310703532238
0.1015,300.220078936987,295.32431590641
0.102,300.245569932419,295.337919625121
0.1025,300.271001749599,295.351514447953
0.103,300.296374659812,295.365100136023
0.1035,300.321688933235,295.378676451881
0.104,300.346944839,295.392243159407
0.1045,300.372142442664,295.4058003471
0.105,300.397280315787,295.419350487891
0.1055,300.422360294428,295.432890843465
0.106,300.447382616901,295.446421225549
0.1065,300.472347519527,295.459941448709
0.107,300.497255236679,295.473451330289
0.1075,300.522106000814,295.486950690349
0.108,300.546900042514,295.500439351601
0.1085,300.571637590529,295.513917139352
0.109,300.596318871808,295.527383881434
0.1095,300.620944111546,295.540839408149
0.11,300.645513533216,295.554283552203
0.1105,300.670027358611,295.567716148646
0.111,300.694485807883,295.581137034808
0.1115,300.718889099581,295.594546050239
0.112,300.743237450689,295.607943036644
0.1125,300.767531076667,295.621327837824
0.113,300.791770191487,295.634700299613
0.1135,300.815955007672,295.648060269814
0.114,300.84008573634,295.661407598141
0.1145,300.864162587234,295.674742136151
0.115,300.888185768768,295.688063737187
0.1155,300.912155488063,295.701372256315
0.116,300.936071950986,295.71466755026
0.1165,300.959935362187,295.727949477344
0.117,300.98374592514,295.741217897427
0.1175,301.007503842184,295.754472671841
0.118,301.031209314555,295.76771366333
0.1185,301.054862542432,295.78094073599
0.119,301.07846372497,295.7941537552
0.1195,301.102013060343,295.807352587568
0.12,301.12551074578,295.820537100864
0.1205,301.148956977606,295.83370716396
0.121,301.172351745149,295.846862991742
0.1215,301.195694986974,295.860004883648
0.122,301.218987269657,295.873132087672
0.1225,301.242228780068,295.886244486884
0.123,301.265419704123,295.899341965545
0.1235,301.28856022682,295.912424409058
0.124,301.311650532276,295.925491703907
0.1245,301.334690803759,295.938543737605
0.125,301.357681223723,295.951580398638
0.1255,301.380621973843,295.96460157641
0.126,301.40351323505,295.977607161188
0.1265,301.426355187564,295.990597044047
0.127,301.44914801093,296.003571116813
0.1275,301.471891884055,296.016529272011
0.128,301.494586985237,296.029471402808
0.1285,301.517233492203,296.042397402957
0.129,301.539831582144,296.055307166745
0.1295,301.562381431749,296.068200588932
0.13,301.584883217239,296.081077564705
0.1305,301.607337114403,296.093937989612
0.131,301.629743298629,296.106781759516
0.1315,301.652101944946,296.119608770534
0.132,301.674413228049,296.132418918987
0.1325,301.696677322341,296.145212101338
0.133,301.718894401966,296.157988214143
0.1335,301.74106464084,296.170747153993
0.134,301.763188212692,296.183488817461
0.1345,301.785265291093,296.196213101042
0.135,301.807296049491,296.208919901104
0.1355,301.829280661251,296.221609113829
0.136,301.851216964401,296.234284386052
0.1365,301.873106686439,296.246943117079
0.137,301.894950371545,296.259584606522
0.1375,301.916748165568,296.272208793464
0.138,301.938500213438,296.284815618139
0.1385,301.960206659184,296.297405021908
0.139,301.981867645956,296.309976947225
0.1395,302.003483316038,296.322531337607
0.14,302.025053810873,296.335068137611
0.1405,302.046579271076,296.347587292797
0.141,302.068059836455,296.360088749704
0.1415,302.08949564603,296.372572455818
0.142,302.110886838052,296.385038359544
0.1425,302.132233550017,296.397486410176
0.143,302.15353591869,296.409916557868
0.1435,302.174794080122,296.422328753604
0.144,302.196008169667,296.43472294917
0.1445,302.217178322002,296.447099097124
0.145,302.238304671144,296.459457150765
0.1455,302.25938735047,296.471797064108
0.146,302.280426492737,296.484118791849
0.1465,302.301422230095,296.496422289341
0.147,302.322374694113,296.508707512561
0.1475,302.343284015791,296.520974418083
0.148,302.364150325583,296.533222963046
0.1485,302.384973753412,296.545453105128
0.149,302.405754428692,296.557664802515
0.1495,302.426492480344,296.56985801387
0.15,302.447188036816,296.582032698307
0.1505,302.467840897306,296.594189343492
0.151,302.488450830757,296.606328485383
0.1515,302.509018513152,296.618449202668
0.152,302.529544061781,296.630551471143
0.1525,302.550027593205,296.642635267462
0.153,302.570469223274,296.654700569117
0.1535,302.590869067135,296.666747354417
0.154,302.611227239249,296.678775602469
0.1545,302.631543853403,296.690785293152
0.155,302.651819022722,296.702776407106
0.1555,302.672052859681,296.714748925701
0.156,302.692245476122,296.726702831025
0.1565,302.712396983265,296.738638105857
0.157,302.732507491719,296.750554733652
0.1575,302.752577111499,296.762452698516
0.158,302.772605952035,296.774331985187
0.1585,302.792594122189,296.786192579017
0.159,302.812541730265,296.798034465946
0.1595,302.832448884024,296.809857632488
0.16,302.852315690696,296.821662065703
0.1605,302.872142256994,296.833447753184
0.161,302.891928689125,296.845214683031
0.1615,302.911675092806,296.856962843833
0.162,302.931381573275,296.868692224647
0.1625,302.951048235305,296.880402814977
0.163,302.970675183217,296.892094604755
0.1635,302.990262520892,296.903767584317
0.164,303.009810351786,296.915421744385
0.1645,303.029318778941,296.927057076049
0.165,303.048787905,296.938673570741
0.1655,303.068217713872,296.950271415143
0.166,303.087608389016,296.961850466955
0.1665,303.106960048056,296.973410691991
0.167,303.12627279076,296.984952085175
0.1675,303.145546716509,296.996474641756
0.168,303.164781924307,297.007978357292
0.1685,303.1839785128,297.01946322763
0.169,303.203136580282,297.030929248886
0.1695,303.222256224709,297.042376417429
0.17,303.241337543714,297.053804729855
0.1705,303.260380634615,297.065214182977
0.171,303.27938559443,297.076604773797
0.1715,303.298352519888,297.087976499494
0.172,303.317281507444,297.0993293574
0.1725,303.336172653285,297.110663344982
0.173,303.35502605335,297.121978459825
0.1735,303.373841803336,297.13327469961
0.174,303.392619998713,297.144552062096
0.1745,303.411360734739,297.155810545102
0.175,303.430064106464,297.167050146484
0.1755,303.448730208752,297.178270864122
0.176,303.467359136286,297.189472695894
0.1765,303.485950983584,297.200655639661
0.177,303.50450584501,297.211819693248
0.1775,303.523023814787,297.222964854423
0.178,303.541504987007,297.234091120878
0.1785,303.559949455646,297.245198490211
0.179,303.578357314575,297.256286959906
0.1795,303.596728657573,297.267356527313
0.18,303.615063645423,297.278407101144
0.1805,303.633362409909,297.289438633897
0.181,303.651624923855,297.300451285567
0.1815,303.669851275411,297.311445061525
0.182,303.688041552258,297.322419967599
0.1825,303.706195841615,297.333376010079
0.183,303.724314230235,297.344313195708
0.1835,303.742396804405,297.355231531689
0.184,303.760443649947,297.366131025682
0.1845,303.778454852217,297.377011685806
0.185,303.796430496107,297.387873520635
0.1855,303.814370666043,297.398716539204
0.186,303.832275445985,297.409540751002
0.1865,303.850144919428,297.420346165979
0.187,303.867979169403,297.431132794541
0.1875,303.885778278475,297.441900647552
0.188,303.903542328742,297.452649736333
0.1885,303.921271401838,297.463380072664
0.189,303.938965578932,297.474091668782
0.1895,303.956624940728,297.484784537382
0.19,303.974249567464,297.495458691615
0.1905,303.991839538911,297.506114145091
0.191,304.009394934378,297.516750911879
0.1915,304.026915832707,297.527369006504
0.192,304.044402312274,297.537968443949
0.1925,304.06185445099,297.548549239654
0.193,304.079272326302,297.559111409517
0.1935,304.096656015191,297.569654969896
0.194,304.114005594171,297.580179937603
0.1945,304.131321139294,297.590686329909
0.195,304.148602726142,297.601174164545
0.1955,304.165850429837,297.611643459696
0.196,304.183064325032,297.622094234008
0.1965,304.200244485915,297.632526506581
0.197,304.217390986211,297.642940296976
0.1975,304.234503899177,297.653335625211
0.198,304.251583297607,297.663712511759
0.1985,304.268629253826,297.674070977555
0.199,304.285641839699,297.684411043989
0.1995,304.302621126621,297.694732732907
0.2,304.319567402433,297.705035824414
0.2005,304.336480578889,297.715320518493
0.201,304.353360694007,297.725586874076
0.2015,304.370207818489,297.73583491354
0.202,304.387022022594,297.746064659695
0.2025,304.403803376136,297.756276135783
0.203,304.420551948486,297.766469365483
0.2035,304.437267808572,297.776644372903
0.204,304.453951024875,297.78680118259
0.2045,304.470601665436,297.79693981952
0.205,304.487219797851,297.807060309104
0.2055,304.50380548927,297.817162677188
0.206,304.520358806404,297.827246950051
0.2065,304.536879815515,297.837313154405
0.207,304.553368582424,297.847361317394
0.2075,304.569825172508,297.8573914666
0.208,304.586249650701,297.867403630034
0.2085,304.602642081491,297.877397836143
0.209,304.619002528924,297.887374113808
0.2095,304.635331056603,297.897332492343
0.21,304.651627727684,297.907273001494
0.2105,304.667892604882,297.917195671443
0.211,304.684125750467,297.927100532804
0.2115,304.700327226267,297.936987616626
0.212,304.716497093664,297.94685695439
0.2125,304.732635413596,297.956708578012
0.213,304.748742246561,297.966542519841
0.2135,304.764817652609,297.976358812659
0.214,304.780861691348,297.986157489682
0.2145,304.796874421942,297.995938584561
0.215,304.812855903111,298.005702131379
0.2155,304.828806193133,298.015448164652
0.216,304.844725349839,298.025176719332
0.2165,304.860613430619,298.034887830802
0.217,304.876470492417,298.044581534881
0.2175,304.892296591736,298.05425786782
0.218,304.908091784634,298.063916866303
0.2185,304.923856126723,298.07355856745
0.219,304.939589673174,298.083183008812
0.2195,304.955293285077,298.09278903107
0.22,304.970967847415,298.1023754392
0.2205,304.986612002489,298.111944367935
0.221,305.002225813074,298.12149584264
0.2215,305.017809341655,298.131029888874
0.222,305.033362650439,298.140546532393
0.2225,305.048885801344,298.150045799148
0.223,305.064378856009,298.159527715289
0.2235,305.079841875785,298.168992307158
0.224,305.095274921742,298.178439601296
0.2245,305.110678054666,298.187869624439
0.225,305.126051335058,298.197282403519
0.2255,305.141394823136,298.206677965665
0.226,305.156708578834,298.2160563382
0.2265,305.171992661801,298.225417548645
0.227,305.187247131406,298.234761624716
0.2275,305.202472046729,298.244088594326
0.228,305.217667466571,298.253398485584
0.2285,305.232833449445,298.262691326793
0.229,305.247970053584,298.271967146455
0.2295,305.263077336935,298.281225973265
0.23,305.278155357161,298.290467836118
0.2305,305.293204171643,298.299692764102
0.231,305.308223837477,298.3089007865
0.2315,305.323214411475,298.318091932796
0.232,305.338175950165,298.327266232665
0.2325,305.353108509792,298.33642371598
0.233,305.368012146318,298.345564412811
0.2335,305.38288691542,298.354688353422
0.234,305.39773287249,298.363795568275
0.2345,305.412550072639,298.372886088028
0.235,305.427338570692,298.381959943532
0.2355,305.442098421192,298.391017165839
0.236,305.456829678397,298.400057786193
0.2365,305.47153239628,298.409081836036
0.237,305.486206628533,298.418089347004
0.2375,305.500852428563,298.427080350933
0.238,305.515469849493,298.436054879851
0.2385,305.530058944162,298.445012965985
0.239,305.544619765126,298.453954641755
0.2395,305.559153544905,298.462878299229
0.24,305.573659498513,298.471785134618
0.2405,305.588137469426,298.480675470371
0.241,305.60258751446,298.489549332193
0.2415,305.617009690235,298.498406745866
0.242,305.631404053174,298.507247737242
0.2425,305.645770659506,298.516072332251
0.243,305.660109565261,298.524880556896
0.2435,305.674420826276,298.533672437254
0.244,305.688704498189,298.542447999476
0.2445,305.702960636444,298.551207269788
0.245,305.717189296286,298.559950274491
0.2455,305.731390532766,298.568677039958
0.246,305.745564400739,298.57738759264
0.2465,305.759710954862,298.586081959058
0.247,305.773830249597,298.59476016581
0.2475,305.787922339211,298.603422239569
0.248,305.801987277772,298.61206820708
0.2485,305.816025119154,298.620698095163
0.249,305.830035917034,298.629311930713
0.2495,305.844019724892,298.637909740699
0.25,305.857976596014,298.646491552164
0.2505,305.871906583487,298.655057392227
0.251,305.885809740205,298.663607288078
0.2515,305.899686118862,298.672141266985
0.252,305.913535771959,298.680659356287
0.2525,305.9273587518,298.6891615834
0.253,305.941155110492,298.697647975812
0.2535,305.954924899946,298.706118561088
0.254,305.968668171877,298.714573366865
0.2545,305.982384977804,298.723012420855
0.255,305.99607536905,298.731435750844
0.2555,306.009739396741,298.739843384693
0.256,306.023377111808,298.748235350338
0.2565,306.036988564984,298.756611675787
0.257,306.050573806807,298.764972389125
0.2575,306.064132887618,298.773317518509
0.258,306.077665857565,298.781647092171
0.2585,306.091172766594,298.789961138419
0.259,306.104653877711,298.798259432513
0.2595,306.118109499914,298.806541694965
0.26,306.131539272184,298.814808441405
0.2605,306.144943246206,298.823059697446
0.261,306.158321473508,298.831295488725
0.2615,306.171674005466,298.839515840907
0.262,306.185000893299,298.84772077968
0.2625,306.19830218807,298.855910330759
0.263,306.211577940691,298.864084519883
0.2635,306.224828201915,298.872243372818
0.264,306.238053022343,298.880386915352
0.2645,306.251252452418,298.888515173303
0.265,306.26442654243,298.89662817251
0.2655,306.277575342515,298.904725938842
0.266,306.290698902652,298.912808498188
0.2665,306.303797272666,298.920875876467
0.267,306.316870502227,298.92892809962
0.2675,306.32991864085,298.936965193616
0.268,306.342941737895,298.944987184447
0.2685,306.355939842566,298.952994098133
0.269,306.368913003915,298.960985960717
0.2695,306.381861270836,298.968962798267
0.27,306.394784692069,298.97692463688
0.2705,306.407683316199,298.984871502675
0.271,306.420557191658,298.992803421796
0.2715,306.433406366719,299.000720420415
0.272,306.446230889504,299.008622524728
0.2725,306.459030807978,299.016509760955
0.273,306.471806169951,299.024382155345
0.2735,306.484557023079,299.032239734168
0.274,306.497283414863,299.040082523722
0.2745,306.509985392647,299.04791055033
0.275,306.522663003622,299.05572384034
0.2755,306.535316294825,299.063522420126
0.276,306.547945313136,299.071306316086
0.2765,306.56055010528,299.079075554645
0.277,306.573130717829,299.086830162252
0.2775,306.585687197197,299.094570165382
0.278,306.598219589647,299.102295590535
0.2785,306.610727941284,299.110006464237
0.279,306.623212568703,299.117702580904
0.2795,306.635673334408,299.125384124325
0.28,306.648110228452,299.133051168778
0.2805,306.660523297592,299.140703739803
0.281,306.672912588449,299.148341862944
0.2815,306.68527814751,299.155965563754
0.282,306.697620021129,299.163574867796
0.2825,306.709938255523,299.171169800637
0.283,306.722232896776,299.178750387853
0.2835,306.73450399084,299.18631665503
0.284,306.746751583529,299.193868627757
0.2845,306.758975720524,299.201406331634
0.285,306.771176447373,299.208929792269
0.2855,306.783353809488,299.216439035276
0.286,306.795507852147,299.223934086278
0.2865,306.807638620493,299.231414970903
0.287,306.819746159538,299.238881714791
0.2875,306.831830514155,299.246334343585
0.288,306.843891729085,299.25377288294
0.2885,306.855929848935,299.261197358515
0.289,306.867944918178,299.26860779598
0.2895,306.87993698115,299.276004221009
0.29,306.891906082056,299.283386659288
0.2905,306.903852264965,299.290755136506
0.291,306.915775573811,299.298109678363
0.2915,306.927676052395,299.305450310567
0.292,306.939553744383,299.31277705883
0.2925,306.951408693307,299.320089948875
0.293,306.963240942564,299.327389006432
0.2935,306.975050535418,299.334674257238
0.294,306.986837514997,299.341945727038
0.2945,306.998601924295,299.349203441585
0.295,307.010343806174,299.35644742664
0.2955,307.022063203358,299.363677707969
0.296,307.033760158439,299.370894311349
0.2965,307.045434713874,299.378097262564
0.297,307.057086911986,299.385286587404
0.2975,307.068716794964,299.392462311668
0.298,307.080324404861,299.399624461162
0.2985,307.091909924225,299.40677294503
0.299,307.1034735962,299.41390762204
0.2995,307.115015164338,299.421028765334
0.3,307.126534671931,299.428136399278
0.3005,307.138032162167,299.435230548218
0.301,307.149507678127,299.442311236486
0.3015,307.160961262788,299.449378488395
0.302,307.172392959021,299.456432328245
0.3025,307.183802809593,299.463472780316
0.303,307.195190857164,299.470499868875
0.3035,307.206557144289,299.477513618169
0.304,307.21790171342,299.484514052431
0.3045,307.229224606901,299.491501195877
0.305,307.240525866972,299.498475072706
0.3055,307.251805535767,299.505435707102
0.306,307.263063655316,299.51238312323
0.3065,307.274300267542,299.519317345241
0.307,307.285515414265,299.526238397269
0.3075,307.296709137197,299.53314630343
0.308,307.307881477948,299.540041087826
0.3085,307.319032478019,299.54692277454
0.309,307.330162178809,299.553791387641
0.3095,307.34127062161,299.560646951179
0.31,307.352357847609,299.56748948919
0.3105,307.363423897888,299.574319025692
0.311,307.374468813423,299.581135584687
0.3115,307.385492635086,299.587939190161
0.312,307.396495403644,299.594729866083
0.3125,307.407477159756,299.601507636405
0.313,307.418437943978,299.608272525064
0.3135,307.429377796761,299.615024555979
0.314,307.440296758449,299.621763753054
0.3145,307.451194869283,299.628490140176
0.315,307.462072169397,299.635203741215
0.3155,307.47292869882,299.641904580024
0.316,307.483764497476,299.648592680443
0.3165,307.494579605184,299.65526806629
0.317,307.505374061657,299.661930761372
0.3175,307.516147906503,299.668580789476
0.318,307.526901179226,299.675218174375
0.3185,307.537633919222,299.681842939822
0.319,307.548346165785,299.688455109558
0.3195,307.559037958101,299.695054707304
0.32,307.569709335253,299.701641756767
0.3205,307.580360336216,299.708216281636
0.321,307.590990999863,299.714778305583
0.3215,307.601601364959,299.721327852266
0.322,307.612191470165,299.727864945324
0.3225,307.622761354036,299.734389608382
0.323,307.633311055023,299.740901865046
0.3235,307.643840611472,299.747401738908
0.324,307.65435006162,299.753889253541
0.3245,307.664839443604,299.760364432503
0.325,307.675308795452,299.766827299336
0.3255,307.685758155089,299.773277877565
0.326,307.696187560332,299.779716190698
0.3265,307.706597048896,299.786142262228
0.327,307.716986658388,299.792556115629
0.3275,307.727356426312,299.798957774362
0.328,307.737706390064,299.805347261869
0.3285,307.748036586938,299.811724601576
0.329,307.758347054121,299.818089816892
0.3295,307.768637828694,299.824442931212
0.33,307.778908947634,299.830783967913
0.3305,307.789160447811,299.837112950354
0.331,307.799392365994,299.843429901879
0.3315,307.809604738841,299.849734845818
0.332,307.819797602909,299.856027805479
0.3325,307.829970994648,299.862308804159
0.333,307.840124950402,299.868577865134
0.3335,307.850259506412,299.874835011668
0.334,307.860374698813,299.881080267006
0.3345,307.870470563632,299.887313654375
0.335,307.880547136794,299.89353519699
0.3355,307.890604454119,299.899744918045
0.336,307.900642551318,299.90594284072
0.3365,307.910661464001,299.912128988178
0.337,307.92066122767,299.918303383567
0.3375,307.930641877723,299.924466050015
0.338,307.940603593369,299.930616905839
0.3385,307.950546638989,299.936755807236
0.339,307.960470704646,299.94288302853
0.3395,307.970375826044,299.948998592253
0.34,307.980262038793,299.955102520917
0.3405,307.990129378401,299.961194837012
0.341,307.999977880281,299.967275563006
0.3415,308.009807579751,299.973344721342
0.342,308.019618512029,299.979402334443
0.3425,308.029410712236,299.985448424709
0.343,308.039184215396,299.99148301452
0.3435,308.048939056437,299.997506126229
0.344,308.058675270188,300.00351778217
0.3445,308.068392891382,300.009518004655
0.345,308.078091954654,300.015506815972
0.3455,308.087772494542,300.021484238387
0.346,308.097434545488,300.027450294146
0.3465,308.107078141834,300.033405005468
0.347,308.116703317828,300.039348394555
0.3475,308.126310107618,300.045280483583
0.348,308.135898545256,300.051201294707
0.3485,308.145468664698,300.05711085006
0.349,308.1550204998,300.063009171752
0.3495,308.164554084323,300.068896281871
0.35,308.174069451929,300.074772202483
0.3505,308.183566636185,300.080636955632
0.351,308.193045670559,300.086490563338
0.3515,308.202506588422,300.092333047601
0.352,308.211949423049,300.098164430396
0.3525,308.221374207617,300.103984733679
0.353,308.230780975204,300.109793979381
0.3535,308.240169758793,300.115592189412
0.354,308.24954059127,300.121379385658
0.3545,308.258893505423,300.127155589986
0.355,308.268228533941,300.132920824239
0.3555,308.277545709419,300.138675110235
0.356,308.286845064353,300.144418469774
0.3565,308.296126631141,300.150150924632
0.357,308.305390442086,300.155872496562
0.3575,308.314636529392,300.161583207295
0.358,308.323864925166,300.16728307854
0.3585,308.333075661419,300.172972131985
0.359,308.342268770063,300.178650389293
0.3595,308.351444282913,300.184317872106
0.36,308.360602231689,300.189974602044
0.3605,308.36974264801,300.195620600706
0.361,308.378865563402,300.201255889665
0.3615,308.387971009291,300.206880490475
0.362,308.397059017006,300.212494424666
0.3625,308.406129617779,300.218097713747
0.363,308.415182842746,300.223690379203
0.3635,308.424218722944,300.229272442499
0.364,308.433237289313,300.234843925076
0.3645,308.442238572697,300.240404848353
0.365,308.451222603843,300.245955233726
0.3655,308.460189413397,300.25149510257
0.366,308.469139031913,300.257024476238
0.3665,308.478071489845,300.262543376059
0.367,308.48698681755,300.268051823341
0.3675,308.495885045287,300.273549839369
0.368,308.504766203219,300.279037445406
0.3685,308.513630321411,300.284514662693
0.369,308.522477429833,300.289981512448
0.3695,308.531307558354,300.295438015868
0.37,308.540120736749,300.300884194126
0.3705,308.548916994693,300.306320068374
0.371,308.557696361767,300.311745659741
0.3715,308.566458867452,300.317160989334
0.372,308.575204541132,300.322566078237
0.3725,308.583933412096,300.327960947513
0.373,308.592645509534,300.333345618202
0.3735,308.601341213615,300.338719892738
0.374,308.610021987634,300.344082899101
0.3745,308.618686185374,300.349435701214
0.375,308.627333838191,300.354778318438
0.3755,308.635964977365,300.360110770096
0.376,308.644579634106,300.365433075475
0.3765,308.653177839552,300.370745253823
0.377,308.661759624766,300.37604732435
0.3775,308.67032502074,300.381339306229
0.378,308.678874058391,300.386621218597
0.3785,308.687406768566,300.391893080552
0.379,308.695923182038,300.397154911154
0.3795,308.704423329505,300.402406729426
0.38,308.712907241597,300.407648554354
0.3805,308.721374948867,300.412880404886
0.381,308.729826481797,300.418102299934
0.3815,308.738261870796,300.423314258368
0.382,308.746681146201,300.428516299026
0.3825,308.755084338275,300.433708440705
0.383,308.763471477208,300.438890702165
0.3835,308.771842593119,300.44406310213
0.384,308.780197716052,300.449225659285
0.3845,308.78853687598,300.454378392278
0.385,308.796860102804,300.459521319718
0.3855,308.805167426348,300.46465446018
0.386,308.813458876369,300.469777832198
0.3865,308.821734482546,300.474891454269
0.387,308.829994274489,300.479995344855
0.3875,308.838238281733,300.485089522378
0.388,308.846466533741,300.490174005222
0.3885,308.854679059903,300.495248811736
0.389,308.862875889538,300.50031396023
0.3895,308.871057051889,300.505369468976
0.39,308.879222576128,300.51041535621
0.3905,308.887372491355,300.515451640128
0.391,308.895506826596,300.520478338891
0.3915,308.903625610805,300.525495470621
0.392,308.911728872862,300.530503053404
0.3925,308.919816641575,300.535501105287
0.393,308.92788894568,300.540489644279
0.3935,308.935945813839,300.545468688353
0.394,308.943987274642,300.550438255443
0.3945,308.952013356606,300.555398363448
0.395,308.960024088175,300.560349030226
0.3955,308.96801949772,300.565290273601
0.396,308.975999613541,300.570222111356
0.3965,308.983964463862,300.57514456124
0.397,308.991914076838,300.58005764096
0.3975,308.999848480548,300.584961368191
0.398,309.007767703,300.589855760566
0.3985,309.015671772129,300.594740835683
0.399,309.023560715797,300.5996166111
0.3995,309.031434561793,300.60448310434
0.4,309.039293337833,300.609340332888
0.4005,309.047137071561,300.61418831419
0.401,309.054965790549,300.619027065656
0.4015,309.062779522294,300.623856604658
0.402,309.070578294222,300.628676948531
0.4025,309.078362133685,300.63348811457
0.403,309.086131067963,300.638290120035
0.4035,309.093885124264,300.643082982149
0.404,309.101624329721,300.647866718095
0.4045,309.109348711396,300.65264134502
0.405,309.117058296278,300.657406880033
0.4055,309.124753111283,300.662163340207
0.406,309.132433183254,300.666910742575
0.4065,309.140098538962,300.671649104133
0.407,309.147749205103,300.676378441842
0.4075,309.155385208304,300.681098772622
0.408,309.163006575116,300.685810113357
0.4085,309.170613332019,300.690512480895
0.409,309.178205566204,300.695205890335
0.4095,309.185784419674,300.699890327104
0.41,309.19334880534,300.704565839216
0.4105,309.20089875081,300.709232443328
0.411,309.208434283636,300.713890156058
0.4115,309.215955431307,300.718538993988
0.412,309.223462221253,300.723178973659
0.4125,309.230954680846,300.727810111577
0.413,309.238432837396,300.732432424209
0.4135,309.245896718152,300.737045927984
0.414,309.253346350307,300.741650639294
0.4145,309.260781760992,300.74624657449
0.415,309.268202977276,300.75083374989
0.4155,309.275610026172,300.75541218177
0.416,309.28300293463,300.75998188637
0.4165,309.290381729543,300.764542879893
0.417,309.297746437742,300.769095178501
0.4175,309.305097085998,300.773638798321
0.418,309.312433701023,300.77817375544
0.4185,309.31975630947,300.78270006591
0.419,309.327064937931,300.787217745743
0.4195,309.334359612937,300.791726810912
0.42,309.341640360962,300.796227277355
0.4205,309.348907208417,300.80071916097
0.421,309.356160181655,300.805202477617
0.4215,309.363399306969,300.809677243121
0.422,309.370624610593,300.814143473265
0.4225,309.377836118698,300.818601183796
0.423,309.385033857398,300.823050390425
0.4235,309.392217852746,300.827491108822
0.424,309.399388130736,300.831923354621
0.4245,309.406544717302,300.836347143417
0.425,309.413687638316,300.840762490768
0.4255,309.420816919593,300.845169412193
0.426,309.427932586887,300.849567923175
0.4265,309.435034665891,300.853958039158
0.427,309.44212318224,300.858339775546
0.4275,309.449198161508,300.86271314771
0.428,309.45625962921,300.867078170978
0.4285,309.4633076108,300.871434860644
0.429,309.470342131673,300.875783231962
0.4295,309.477363217163,300.880123300148
0.43,309.484370892546,300.884455080382
0.4305,309.491365183036,300.888778587803
0.431,309.498346113789,300.893093837516
0.4315,309.505313709901,300.897400844585
0.432,309.512267996406,300.901699624037
0.4325,309.51920899828,300.905990190861
0.433,309.526136740439,300.91027256001
0.4335,309.533051247739,300.914546746396
0.434,309.539952544975,300.918812764895
0.4345,309.546840656885,300.923070630344
0.435,309.553715608143,300.927320357545
0.4355,309.560577423367,300.931561961258
0.436,309.567426127113,300.935795456207
0.4365,309.574261743877,300.940020857079
0.437,309.581084298096,300.944238178522
0.4375,309.587893814148,300.948447435147
0.438,309.594690316349,300.952648641525
0.4385,309.601473828956,300.956841812192
0.439,309.608244376167,300.961026961644
0.4395,309.615001982118,300.96520410434
0.44,309.621746670889,300.969373254701
0.4405,309.628478466495,300.973534427109
0.441,309.635197392895,300.977687635911
0.4415,309.641903473987,300.981832895413
0.442,309.648596733608,300.985970219885
0.4425,309.655277195538,300.990099623558
0.443,309.661944883493,300.994221120626
0.4435,309.668599821134,300.998334725244
0.444,309.675242032058,301.00244045153
0.4445,309.681871539803,301.006538313564
0.445,309.688488948685,301.010628876327
0.4455,309.695093774934,301.014711672741
0.446,309.701686001056,301.018786678022
0.4465,309.708265651089,301.0228539068
0.447,309.714832749019,301.026913373671
0.4475,309.721387318776,301.030965093202
0.448,309.727929384239,301.035009079927
0.4485,309.734458969234,301.039045348349
0.449,309.740976097533,301.04307391294
0.4495,309.747480792855,301.047094788141
0.45,309.753973078865,301.051107988359
0.4505,309.760452979178,301.055113527972
0.451,309.766920517354,301.059111421326
0.4515,309.773375716898,301.063101682734
0.452,309.779818601264,301.067084326481
0.4525,309.786249193854,301.071059366816
0.453,309.792667518015,301.075026817961
0.4535,309.79907359704,301.078986694103
0.454,309.805467454172,301.082939009399
0.4545,309.811849112599,301.086883777975
0.455,309.818218595455,301.090821013924
0.4555,309.824575925823,301.09475073131
0.456,309.830921126731,301.098672944163
0.4565,309.837254221156,301.102587666482
0.457,309.84357523202,301.106494912237
0.4575,309.849884182192,301.110394695363
0.458,309.85618109449,301.114287029766
0.4585,309.862465991676,301.118171929319
0.459,309.86873889646,301.122049407865
0.4595,309.874999831501,301.125919479215
0.46,309.881248819402,301.129782157147
0.4605,309.887485882713,301.133637455409
0.461,309.893711043934,301.137485387718
0.4615,309.899924325508,301.141325967759
0.462,309.906125749827,301.145159209186
0.4625,309.912315339231,301.148985125619
0.463,309.918493116003,301.15280373065
0.4635,309.924659102378,301.156615037837
0.464,309.930813320533,301.160419060708
0.4645,309.936955792595,301.16421581276
0.465,309.943086540638,301.168005307456
0.4655,309.949205586681,301.17178755823
0.466,309.95531295269,301.175562578484
0.4665,309.961408660581,301.179330381588
0.467,309.967492732213,301.183090980879
0.4675,309.973565189393,301.186844389667
0.468,309.979626053877,301.190590621226
0.4685,309.985675347366,301.194329688801
0.469,309.991713091508,301.198061605604
0.4695,309.997739307898,301.201786384817
0.47,310.003754018079,301.205504039591
0.4705,310.009757243538,301.209214583042
0.471,310.015749005712,301.212918028259
0.4715,310.021729325984,301.216614388296
0.472,310.027698225683,301.220303676179
0.4725,310.033655726087,301.223985904898
0.473,310.039601848417,301.227661087417
0.4735,310.045536613845,301.231329236663
0.474,310.051460043488,301.234990365535
0.4745,310.05737215841,301.2386444869
0.475,310.063272979622,301.242291613594
0.4755,310.069162528082,301.245931758419
0.476,310.075040824694,301.249564934148
0.4765,310.080907890311,301.253191153522
0.477,310.086763745731,301.256810429251
0.4775,310.0926084117,301.260422774011
0.478,310.09844190891,301.26402820045
0.4785,310.104264258,301.267626721183
0.479,310.110075479557,301.271218348792
0.4795,310.115875594113,301.27480309583
0.48,310.121664622149,301.278380974817
0.4805,310.127442988724,301.281952386352
0.481,310.133210426092,301.285517066538
0.4815,310.138966864259,301.289074941175
0.482,310.144712324083,301.292626023223
0.4825,310.150446826377,301.296170325618
0.483,310.156170391902,301.299707861269
0.4835,310.161883041374,301.303238643059
0.484,310.167584795462,301.306762683844
0.4845,310.173275674785,301.310279996454
0.485,310.178955699916,301.313790593693
0.4855,310.18462489138,301.317294488339
0.486,310.190283269654,301.320791693143
0.4865,310.195930855167,301.32428222083
0.487,310.201567668301,301.327766084099
0.4875,310.207193729391,301.331243295623
0.488,310.212809058722,301.334713868047
0.4885,310.218413676534,301.338177813993
0.489,310.224007603017,301.341635146052
0.4895,310.229590858316,301.345085876794
0.49,310.235163462525,301.348530018759
0.4905,310.240725435693,301.351967584462
0.491,310.246276797819,301.355398586392
0.4915,310.251817568858,301.35882303701
0.492,310.257347768713,301.362240948755
0.4925,310.262867417243,301.365652334034
0.493,310.268376534256,301.369057205232
0.4935,310.273875139515,301.372455574706
0.494,310.279363252734,301.375847454787
0.4945,310.284840893579,301.37923285778
0.495,310.29030808167,301.382611795963
0.4955,310.295764836577,301.385984281589
0.496,310.301211177825,301.389350326884
0.4965,310.306647124889,301.392709944046
0.497,310.312072697197,301.396063145251
0.4975,310.31748791413,301.399409942645
0.498,310.322892795022,301.402750348348
0.4985,310.328287359155,301.406084374456
0.499,310.33367162577,301.409412033036
0.4995,310.339045614054,301.412733336132
0.5,310.344409343151,301.416048295758
0.5005,310.349762832155,301.419356923905
0.501,310.355106100112,301.422659232535
0.5015,310.360439166022,301.425955233586
0.502,310.365762048837,301.429244938968
0.5025,310.371074767458,301.432528360566
0.503,310.376377340744,301.435805510238
0.5035,310.381669787502,301.439076399817
0.504,310.386952126493,301.442341041106
0.5045,310.39222437643,301.445599445888
0.505,310.397486555978,301.448851625913
0.5055,310.402738683755,301.452097592909
0.506,310.407980778331,301.455337358578
0.5065,310.413212858228,301.458570934592
0.507,310.418434941921,301.461798332601
0.5075,310.423647047837,301.465019564225
0.508,310.428849194355,301.468234641061
0.5085,310.434041399807,301.471443574678
0.509,310.439223682476,301.474646376619
0.5095,310.444396060598,301.4778430584
0.51,310.449558552363,301.481033631512
0.5105,310.454711175912,301.484218107419
0.511,310.459853949336,301.48739649756
0.5115,310.464986890682,301.490568813345
0.512,310.470110017948,301.49373506616
0.5125,310.475223349084,301.496895267365
0.513,310.480326901992,301.500049428292
0.5135,310.485420694527,301.503197560247
0.514,310.490504744497,301.506339674511
0.5145,310.49557906966,301.509475782339
0.515,310.500643687728,301.512605894957
0.5155,310.505698616365,301.515730023567
0.516,310.510744277807,301.518848330344
0.5165,310.515780489061,301.521960751587
0.517,310.520807094288,301.525067233726
0.5175,310.525824111655,301.528167788116
0.518,310.530831559288,301.531262426087
0.5185,310.535829455271,301.534351158948
0.519,310.540817817647,301.537433997982
0.5195,310.545796664418,301.540510954448
0.52,310.550766013544,301.543582039583
0.5205,310.555725882945,301.546647264598
0.521,310.560676290498,301.549706640682
0.5215,310.565617254039,301.552760178998
0.522,310.570548791364,301.555807890687
0.5225,310.575470920227,301.558849786865
0.523,310.58038365834,301.561885878625
0.5235,310.585287023374,301.564916177036
0.524,310.59018103296,301.567940693141
0.5245,310.595065704685,301.570959437962
0.525,310.599941056098,301.573972422495
0.5255,310.604807104704,301.576979657715
0.526,310.609663867968,301.579981154569
0.5265,310.614511363313,301.582976923983
0.527,310.619349608122,301.585966976858
0.5275,310.624178619734,301.588951324072
0.528,310.628998415451,301.591929976479
0.5285,310.633809012529,301.594902944908
0.529,310.638610428185,301.597870240165
0.5295,310.643402679596,301.600831873031
0.53,310.648185783895,301.603787854265
0.5305,310.652959758176,301.606738194601
0.531,310.657724619489,301.609682904749
0.5315,310.662480384845,301.612621995395
0.532,310.667227071214,301.615555477203
0.5325,310.671964695522,301.618483360809
0.533,310.676693274656,301.62140565683
0.5335,310.681412825462,301.624322375855
0.534,310.686123364743,301.627233528452
0.5345,310.690824909261,301.630139125164
0.535,310.695517475737,301.633039176509
0.5355,310.700201080852,301.635933692984
0.536,310.704875741245,301.638822685058
0.5365,310.709541473511,301.64170616318
0.537,310.714198294207,301.644584137774
0.5375,310.718846219847,301.647456619238
0.538,310.723485266906,301.650323617949
0.5385,310.728115451814,301.653185144258
0.539,310.732736790963,301.656041208493
0.5395,310.737349300702,301.658891820959
0.54,310.741952997339,301.661736991936
0.5405,310.74654789714,301.664576731679
0.541,310.751134016332,301.667411050422
0.5415,310.755711371097,301.670239958373
0.542,310.76027997758,301.673063465716
0.5425,310.764839851881,301.675881582612
0.543,310.769391010061,301.678694319198
0.5435,310.773933468139,301.681501685587
0.544,310.778467242092,301.684303691868
0.5445,310.782992347856,301.687100348106
0.545,310.787508801327,301.689891664343
0.5455,310.792016618357,301.692677650595
0.546,310.79651581476,301.695458316857
0.5465,310.801006406307,301.698233673098
0.547,310.805488408727,301.701003729263
0.5475,310.809961837708,301.703768495274
0.548,310.814426708898,301.70652798103
0.5485,310.818883037902,301.709282196404
0.549,310.823330840286,301.712031151247
0.5495,310.827770131571,301.714774855384
0.55,310.832200927241,301.717513318619
0.5505,310.836623242735,301.720246550729
0.551,310.841037093453,301.72297456147
0.5515,310.845442733562,301.725697430986
0.552,310.8498401354,301.728415156312
0.5525,310.854229143471,301.731127696777
0.553,310.85860977374,301.733835062256
0.5535,310.862982042141,301.736537262604
0.554,310.86734596458,301.739234307652
0.5545,310.871701556931,301.741926207215
0.555,310.876048835041,301.744612971084
0.5555,310.880387814726,301.747294609033
0.556,310.884718511773,301.749971130812
0.5565,310.88904094194,301.752642546154
0.557,310.893355120956,301.75530886477
0.5575,310.89766106452,301.75797009635
0.558,310.901958788303,301.760626250565
0.5585,310.906248307946,301.763277337065
0.559,310.910529639063,301.765923365481
0.5595,310.914802797237,301.768564345423
0.56,310.919067798022,301.771200286479
0.5605,310.923324656947,301.773831198221
0.561,310.927573389509,301.776457090197
0.5615,310.931814011177,301.779077971938
0.562,310.936046537392,301.781693852951
0.5625,310.940270983568,301.784304742726
0.563,310.94448736509,301.786910650733
0.5635,310.948695697312,301.789511586421
0.564,310.952895995565,301.792107559218
0.5645,310.957088275148,301.794698578535
0.565,310.961272551335,301.797284653761
0.5655,310.965448839368,301.799865794264
0.566,310.969617154466,301.802442009395
0.5665,310.973777511818,301.805013308483
0.567,310.977929926586,301.807579700837
0.5675,310.982074413903,301.810141195748
0.568,310.986210988876,301.812697802487
0.5685,310.990339666585,301.815249530302
0.569,310.994460462082,301.817796388426
0.5695,310.998573390391,301.820338386068
0.57,311.002678466511,301.82287553242
0.5705,311.006775705412,301.825407836654
0.571,311.010865122038,301.827935307921
0.5715,311.014946731306,301.830457955354
0.572,311.019020548106,301.832975788065
0.5725,311.023086587301,301.835488815147
0.573,311.027144863728,301.837997045674
0.5735,311.031195392199,301.8405004887
0.574,311.035238187495,301.842999153259
0.5745,311.039273264375,301.845493048365
0.575,311.043300637569,301.847982183015
0.5755,311.047320321783,301.850466566184
0.576,311.051332331695,301.852946206829
0.5765,311.055336681958,301.855421113887
0.577,311.059333387198,301.857891296276
0.5775,311.063322462016,301.860356762895
0.578,311.067303920986,301.862817522622
0.5785,311.071277778659,301.865273584317
0.579,311.075244049557,301.86772495682
0.5795,311.079202748178,301.870171648954
0.58,311.083153888994,301.87261366952
0.5805,311.087097486452,301.875051027301
0.581,311.091033554974,301.87748373106
0.5815,311.094962108956,301.879911789542
0.582,311.098883162769,301.882335211473
0.5825,311.102796730759,301.884754005558
0.583,311.106702827247,301.887168180485
0.5835,311.110601466528,301.889577744922
0.584,311.114492662874,301.891982707517
0.5845,311.118376430531,301.894383076901
0.585,311.12225278372,301.896778861684
0.5855,311.126121736639,301.89917007046
0.586,311.129983303459,301.9015567118
0.5865,311.133837498329,301.903938794259
0.587,311.137684314899,301.90631636795
0.5875,311.141523761394,301.908689453324
0.588,311.145355875527,301.911058010866
0.5885,311.14918067127,301.913422049217
0.589,311.152998162569,301.915781576998
0.5895,311.156808363347,301.918136602817
0.59,311.160611287498,301.920487135264
0.5905,311.164406948892,301.922833182913
0.591,311.168195361377,301.925174754324
0.5915,311.171976538773,301.927511858037
0.592,311.175750494875,301.92984450258
0.5925,311.179517243455,301.932172696463
0.593,311.183276798258,301.934496448179
0.5935,311.187029173007,301.936815766208
0.594,311.190774381397,301.939130659012
0.5945,311.194512437103,301.941441135037
0.595,311.198243353771,301.943747202715
0.5955,311.201967145025,301.946048870461
0.596,311.205683824464,301.948346146674
0.5965,311.209393405663,301.950639039739
0.597,311.213095902173,301.952927558023
0.5975,311.21679132752,301.955211709879
0.598,311.220479695208,301.957491503646
0.5985,311.224161018713,301.959766947643
0.599,311.227835311492,301.962038050178
0.5995,311.231502586974,301.964304819541
0.6,311.235162858567,301.966567264009
0.6005,311.238816139655,301.96882539184
0.601,311.242462443597,301.97107921128
0.6015,311.246101783728,301.97332873056
0.602,311.249734173363,301.975573957892
0.6025,311.253359625789,301.977814901477
0.603,311.256978154273,301.980051569498
0.6035,311.260589772059,301.982283970125
0.604,311.264194492364,301.984512111513
0.6045,311.267792328385,301.986736001799
0.605,311.271383293297,301.988955649108
0.6055,311.274967400249,301.99117106155
0.606,311.278544662368,301.993382247219
0.6065,311.282115092759,301.995589214194
0.607,311.285678704504,301.99779197054
0.6075,311.289235510662,301.999990524307
0.608,311.292785524269,302.002184883531
0.6085,311.296328758339,302.004375056232
0.609,311.299865225864,302.006561050416
0.6095,311.303394939813,302.008742874074
0.61,311.306917913132,302.010920535185
0.6105,311.310434158746,302.013094041709
0.611,311.313943689556,302.015263401595
0.6115,311.317446518444,302.017428622776
0.612,311.320942658267,302.019589713172
0.6125,311.32443212186,302.021746680688
0.613,311.327914922039,302.023899533213
0.6135,311.331391071595,302.026048278625
0.614,311.334860583299,302.028192924785
0.6145,311.338323469899,302.030333479542
0.615,311.341779744124,302.032469950728
0.6155,311.345229418677,302.034602346165
0.616,311.348672506244,302.036730673657
0.6165,311.352109019487,302.038854940996
0.617,311.355538971048,302.040975155959
0.6175,311.358962373546,302.043091326311
0.618,311.362379239581,302.045203459802
0.6185,311.36578958173,302.047311564167
0.619,311.369193412549,302.049415647129
0.6195,311.372590744575,302.051515716396
0.62,311.375981590322,302.053611779663
0.6205,311.379365962285,302.055703844611
0.621,311.382743872935,302.057791918908
0.6215,311.386115334726,302.059876010207
0.622,311.38948036009,302.061956126149
0.6225,311.392838961437,302.06403227436
0.623,311.396191151159,302.066104462454
0.6235,311.399536941626,302.068172698031
0.624,311.402876345187,302.070236988677
0.6245,311.406209374173,302.072297341966
0.625,311.409536040892,302.074353765457
0.6255,311.412856357635,302.076406266697
0.626,311.416170336671,302.07845485322
0.6265,311.419477990248,302.080499532544
0.627,311.422779330596,302.082540312179
0.6275,311.426074369925,302.084577199617
0.628,311.429363120424,302.086610202339
0.6285,311.432645594264,302.088639327814
0.629,311.435921803595,302.090664583496
0.6295,311.439191760547,302.092685976827
0.63,311.442455477232,302.094703515237
0.6305,311.445712965742,302.09671720614
0.631,311.44896423815,302.098727056942
0.6315,311.452209306508,302.100733075033
0.632,311.455448182851,302.10273526779
0.6325,311.458680879193,302.104733642578
0.633,311.461907407531,302.106728206751
0.6335,311.465127779841,302.108718967648
0.634,311.468342008081,302.110705932597
0.6345,311.471550104191,302.112689108912
0.635,311.47475208009,302.114668503897
0.6355,311.477947947681,302.11664412484
0.636,311.481137718846,302.118615979019
0.6365,311.484321405448,302.120584073701
0.637,311.487499019336,302.122548416137
0.6375,311.490670572335,302.124509013568
0.638,311.493836076254,302.126465873222
0.6385,311.496995542886,302.128419002316
0.639,311.500148984001,302.130368408054
0.6395,311.503296411355,302.132314097627
0.64,311.506437836684,302.134256078216
0.6405,311.509573271707,302.136194356988
0.641,311.512702728123,302.1381289411
0.6415,311.515826217615,302.140059837694
0.642,311.518943751849,302.141987053903
0.6425,311.52205534247,302.143910596847
0.643,311.52516100111,302.145830473634
0.6435,311.528260739378,302.147746691361
0.644,311.531354568871,302.149659257112
0.6445,311.534442501164,302.151568177961
0.645,311.537524547817,302.153473460969
0.6455,311.540600720373,302.155375113185
0.646,311.543671030357,302.157273141649
0.6465,311.546735489276,302.159167553386
0.647,311.549794108621,302.161058355411
0.6475,311.552846899866,302.162945554729
0.648,311.555893874468,302.164829158331
0.6485,311.558935043868,302.166709173199
0.649,311.561970419487,302.168585606302
0.6495,311.565000012734,302.170458464599
0.65,311.568023834997,302.172327755035
0.6505,311.57104189765,302.174193484549
0.651,311.574054212049,302.176055660063
0.6515,311.577060789536,302.177914288491
0.652,311.580061641434,302.179769376737
0.6525,311.58305677905,302.181620931691
0.653,311.586046213677,302.183468960233
0.6535,311.589029956589,302.185313469234
0.654,311.592008019046,302.187154465552
0.6545,311.594980412291,302.188991956034
0.655,311.597947147551,302.190825947517
0.6555,311.600908236038,302.192656446827
0.656,311.603863688948,302.19448346078
0.6565,311.606813517459,302.19630699618
0.657,311.609757732737,302.198127059821
0.6575,311.612696345931,302.199943658486
0.658,311.61562924559,302.20175673431
0.6585,311.61855611386,302.20356612059
0.659,311.621477392725,302.205372051279
0.6595,311.62439309287,302.207174532907
0.66,311.627303224963,302.208973571991
0.6605,311.630207799651,302.210769175035
0.661,311.633106827562,302.212561348533
0.6615,311.636000319306,302.214350098962
0.662,311.638888285471,302.21613543279
0.6625,311.641770736627,302.21791735647
0.663,311.644647683325,302.219695876445
0.6635,311.647519136095,302.221470999143
0.664,311.65038510545,302.22324273098
0.6645,311.653245601882,302.22501107836
0.665,311.656100635866,302.226776047675
0.6655,311.658950217856,302.228537645304
0.666,311.661794358286,302.230295877614
0.6665,311.664633067575,302.232050750958
0.667,311.667466356118,302.23380227168
0.6675,311.670294234296,302.235550446108
0.668,311.673116712468,302.237295280559
0.6685,311.675933800974,302.23903678134
0.669,311.678745510138,302.240774954743
0.6695,311.681551850263,302.242509807048
0.67,311.684352831634,302.244241344525
0.6705,311.687148464517,302.245969573429
0.671,311.68993875916,302.247694500005
0.6715,311.692723725793,302.249416130486
0.672,311.695503374626,302.251134471091
0.6725,311.698277715852,302.252849528029
0.673,311.701046759646,302.254561307496
0.6735,311.703810516162,302.256269815676
0.674,311.706568995539,302.257975058743
0.6745,311.709322207896,302.259677042855
0.675,311.712070163335,302.261375774163
0.6755,311.714812871938,302.263071258802
0.676,311.717550343771,302.264763502898
0.6765,311.720282588881,302.266452512564
0.677,311.723009617296,302.268138293901
0.6775,311.725731439029,302.269820852999
0.678,311.728448064073,302.271500195937
0.6785,311.731159502403,302.273176328781
0.679,311.733865763977,302.274849257585
0.6795,311.736566858735,302.276518988393
0.68,311.739262796601,302.278185527237
0.6805,311.741953587478,302.279848880136
0.681,311.744639241254,302.281509053099
0.6815,311.747319767798,302.283166052124
0.682,311.749995176965,302.284819883196
0.6825,311.752665478587,302.286470552289
0.683,311.755330682483,302.288118065366
0.6835,311.757990798453,302.289762428379
0.684,311.76064583628,302.291403647268
0.6845,311.76329580573,302.293041727962
0.685,311.765940716552,302.294676676379
0.6855,311.768580578477,302.296308498424
0.686,311.771215401219,302.297937199993
0.6865,311.773845194476,302.299562786971
0.687,311.776469967929,302.301185265229
0.6875,311.779089731241,302.30280464063
0.688,311.781704494058,302.304420919025
0.6885,311.784314266012,302.306034106252
0.689,311.786919056714,302.307644208141
0.6895,311.789518875761,302.309251230509
0.69,311.792113732733,302.310855179163
0.6905,311.794703637192,302.312456059897
0.691,311.797288598687,302.314053878498
0.6915,311.799868626746,302.315648640738
0.692,311.802443730883,302.317240352382
0.6925,311.805013920595,302.31882901918
0.693,311.807579205363,302.320414646874
0.6935,311.810139594651,302.321997241195
0.694,311.812695097907,302.323576807863
0.6945,311.815245724565,302.325153352587
0.695,311.817791484038,302.326726881065
0.6955,311.820332385726,302.328297398985
0.696,311.822868439014,302.329864912025
0.6965,311.825399653269,302.331429425851
0.697,311.827926037842,302.332990946118
0.6975,311.830447602069,302.334549478474
0.698,311.832964355269,302.336105028551
0.6985,311.835476306746,302.337657601977
0.699,311.837983465789,302.339207204363
0.6995,311.84048584167,302.340753841314
0.7,311.842983443646,302.342297518424
0.7005,311.845476280956,302.343838241275
0.701,311.847964362828,302.34537601544
0.7015,311.850447698471,302.346910846481
0.702,311.852926297079,302.348442739951
0.7025,311.855400167831,302.349971701391
0.703,311.857869319892,302.351497736333
0.7035,311.860333762408,302.353020850298
0.704,311.862793504514,302.354541048798
0.7045,311.865248555326,302.356058337335
0.705,311.867698923948,302.357572721398
0.7055,311.870144619467,302.359084206469
0.706,311.872585650955,302.36059279802
0.7065,311.875022027469,302.362098501512
0.707,311.877453758052,302.363601322394
0.7075,311.879880851731,302.36510126611
0.708,311.882303317518,302.366598338089
0.7085,311.884721164411,302.368092543754
0.709,311.887134401393,302.369583888515
0.7095,311.889543037432,302.371072377775
0.71,311.891947081481,302.372558016925
0.7105,311.894346542479,302.374040811348
0.711,311.89674142935,302.375520766416
0.7115,311.899131751003,302.376997887491
0.712,311.901517516334,302.378472179928
0.7125,311.903898734223,302.379943649068
0.713,311.906275413536,302.381412300247
0.7135,311.908647563126,302.382878138788
0.714,311.911015191829,302.384341170006
0.7145,311.913378308469,302.385801399206
0.715,311.915736921855,302.387258831683
0.7155,311.918091040782,302.388713472725
0.716,311.920440674031,302.390165327607
0.7165,311.922785830368,302.391614401597
0.717,311.925126518546,302.393060699953
0.7175,311.927462747305,302.394504227924
0.718,311.929794525368,302.395944990749
0.7185,311.932121861448,302.397382993657
0.719,311.93444476424,302.398818241871
0.7195,311.936763242429,302.4002507406
0.72,311.939077304685,302.401680495048
0.7205,311.941386959663,302.403107510408
0.721,311.943692216005,302.404531791864
0.7215,311.945993082342,302.405953344591
0.722,311.948289567287,302.407372173754
0.7225,311.950581679444,302.408788284511
0.723,311.9528694274,302.410201682009
0.7235,311.95515281973,302.411612371387
0.724,311.957431864998,302.413020357775
0.7245,311.95970657175,302.414425646293
0.725,311.961976948522,302.415828242054
0.7255,311.964243003838,302.417228150161
0.726,311.966504746204,302.418625375708
0.7265,311.968762184118,302.420019923781
0.727,311.971015326063,302.421411799456
0.7275,311.973264180507,302.422801007802
0.728,311.97550875591,302.424187553877
0.7285,311.977749060714,302.425571442731
0.729,311.979985103351,302.426952679408
0.7295,311.982216465667,302.428331416536
0.73,311.984443560594,302.429707519172
0.7305,311.986666404677,302.431080989511
0.731,311.988885006071,302.43245183264
0.7315,311.991099372916,302.433820053634
0.732,311.993309513339,302.435185657565
0.7325,311.995515435452,302.436548649495
0.733,311.99771714735,302.437909034477
0.7335,311.999914657117,302.439266817559
0.734,312.002107972821,302.440622003779
0.7345,312.004297102515,302.44197459817
0.735,312.006482054239,302.443324605754
0.7355,312.008662836019,302.444672031549
0.736,312.010839455864,302.446016880563
0.7365,312.013011921771,302.447359157798
0.737,312.015180241723,302.448698868247
0.7375,312.017344423688,302.450036016897
0.738,312.01950447562,302.451370608726
0.7385,312.02166040546,302.452702648708
0.739,312.023812221133,302.454032141806
0.7395,312.025959930552,302.455359092976
0.74,312.028103541615,302.456683507171
0.7405,312.030243062206,302.45800538933
0.741,312.032378500195,302.459324744391
0.7415,312.03450986344,302.460641577282
0.742,312.036637159783,302.461955892923
0.7425,312.038760397054,302.463267696229
0.743,312.040879583067,302.464576992108
0.7435,312.042994725625,302.465883785457
0.744,312.045105832516,302.467188081172
0.7445,312.047212911515,302.468489884138
0.745,312.049315970382,302.469789199233
0.7455,312.051415016866,302.471086031331
0.746,312.0535100587,302.472380385296
0.7465,312.055601103606,302.473672265987
0.747,312.057688159291,302.474961678257
0.7475,312.059771233449,302.476248626949
0.748,312.061850333761,302.477533116901
0.7485,312.063925467895,302.478815152946
0.749,312.065996643504,302.480094739909
0.7495,312.068063868231,302.481371882607
0.75,312.070127149703,302.482646585852
0.7505,312.072186495536,302.483918854449
0.751,312.074241913332,302.485188693196
0.7515,312.07629341068,302.486456106886
0.752,312.078340995155,302.487721100304
0.7525,312.080384674321,302.48898367823
0.753,312.082424455729,302.490243845435
0.7535,312.084460346916,302.491501606685
0.754,312.086492355406,302.492756966742
0.7545,312.088520488712,302.494009930358
0.755,312.090544754334,302.495260502281
0.7555,312.092565159757,302.496508687252
0.756,312.094581712455,302.497754490006
0.7565,312.09659441989,302.498997915271
0.757,312.098603289512,302.50023896777
0.7575,312.100608328756,302.50147765222
0.758,312.102609545046,302.50271397333
0.7585,312.104606945794,302.503947935805
0.759,312.106600538399,302.505179544343
0.7595,312.108590330247,302.506408803637
0.76,312.110576328713,302.507635718372
0.7605,312.112558541161,302.50886029323
0.761,312.114536974938,302.510082532884
0.7615,312.116511637384,302.511302442004
0.762,312.118482535824,302.512520025252
0.7625,312.120449677572,302.513735287284
0.763,312.122413069929,302.514948232753
0.7635,312.124372720185,302.516158866304
0.764,312.126328635617,302.517367192577
0.7645,312.128280823492,302.518573216205
0.765,312.130229291063,302.519776941818
0.7655,312.132174045572,302.520978374039
0.766,312.134115094248,302.522177517484
0.7665,312.136052444312,302.523374376765
0.767,312.137986102969,302.52456895649
0.7675,312.139916077413,302.525761261258
0.768,312.14184237483,302.526951295665
0.7685,312.14376500239,302.528139064301
0.769,312.145683967253,302.529324571752
0.7695,312.147599276569,302.530507822595
0.77,312.149510937474,302.531688821406
0.7705,312.151418957094,302.532867572753
0.771,312.153323342543,302.534044081199
0.7715,312.155224100926,302.535218351303
0.772,312.157121239332,302.536390387618
0.7725,312.159014764844,302.537560194691
0.773,312.160904684529,302.538727777066
0.7735,312.162791005446,302.539893139281
0.774,312.164673734643,302.541056285868
0.7745,312.166552879153,302.542217221355
0.775,312.168428446003,302.543375950264
0.7755,312.170300442206,302.544532477114
0.776,312.172168874765,302.545686806417
0.7765,312.174033750671,302.546838942682
0.777,312.175895076906,302.547988890411
0.7775,312.177752860438,302.549136654103
0.778,312.179607108228,302.550282238251
0.7785,312.181457827224,302.551425647344
0.779,312.183305024363,302.552566885866
0.7795,312.185148706573,302.553705958297
0.78,312.186988880769,302.554842869112
0.7805,312.188825553857,302.555977622779
0.781,312.190658732733,302.557110223766
0.7815,312.192488424281,302.558240676532
0.782,312.194314635374,302.559368985534
0.7825,312.196137372878,302.560495155225
0.783,312.197956643644,302.561619190051
0.7835,312.199772454516,302.562741094456
0.784,312.201584812325,302.563860872879
0.7845,312.203393723896,302.564978529752
0.785,312.205199196038,302.566094069508
0.7855,312.207001235555,302.56720749657
0.786,312.208799849237,302.568318815361
0.7865,312.210595043866,302.569428030298
0.787,312.212386826214,302.570535145793
0.7875,312.214175203041,302.571640166256
0.788,312.2159601811,302.572743096091
0.7885,312.217741767131,302.573843939698
0.789,312.219519967866,302.574942701475
0.7895,312.221294790026,302.576039385812
0.79,312.223066240324,302.5771339971
0.7905,312.224834325461,302.578226539722
0.791,312.22659905213,302.579317018059
0.7915,312.228360427012,302.580405436488
0.792,312.230118456781,302.58149179938
0.7925,312.231873148099,302.582576111106
0.793,312.233624507621,302.583658376029
0.7935,312.23537254199,302.584738598512
0.794,312.237117257841,302.585816782912
0.7945,312.238858661799,302.586892933583
0.795,312.240596760479,302.587967054874
0.7955,312.242331560488,302.589039151133
0.796,312.244063068423,302.590109226703
0.7965,312.24579129087,302.591177285921
0.797,312.247516234409,302.592243333125
0.7975,312.249237905608,302.593307372647
0.798,312.250956311027,302.594369408815
0.7985,312.252671457218,302.595429445954
0.799,312.254383350721,302.596487488387
0.7995,312.256091998069,302.597543540432
0.8,312.257797405786,302.598597606403
0.8005,312.259499097379,302.59964899333
0.801,312.261197378088,302.600698136781
0.8015,312.262892419006,302.601745278681
0.802,312.264584226326,302.602790422903
0.8025,312.266272806227,302.603833573314
0.803,312.26795816488,302.604874733777
0.8035,312.269640308442,302.605913908145
0.804,312.27131924306,302.606951100266
0.8045,312.27299497487,302.607986313981
0.805,312.274667509997,302.609019553125
0.8055,312.276336854553,302.610050821525
0.806,312.278003014642,302.611080123002
0.8065,312.279665996354,302.612107461372
0.807,312.281325805771,302.613132840441
0.8075,312.282982448962,302.614156264012
0.808,312.284635931986,302.615177735879
0.8085,312.28628626089,302.616197259831
0.809,312.287933441711,302.617214839651
0.8095,312.289577480476,302.618230479113
0.81,312.2912183832,302.619244181986
0.8105,312.292856155886,302.620255952034
0.811,312.29449080453,302.621265793012
0.8115,312.296122335113,302.622273708671
0.812,312.29775075361,302.623279702754
0.8125,312.299376065981,302.624283778998
0.813,312.300998278177,302.625285941135
0.8135,312.30261739614,302.626286192888
0.814,312.3042334258,302.627284537976
0.8145,312.305846373075,302.628280980111
0.815,312.307456243876,302.629275522998
0.8155,312.309063044102,302.630268170338
0.816,312.310666779639,302.631258925824
0.8165,312.312267456367,302.632247793142
0.817,312.313865080153,302.633234775975
0.8175,312.315459656855,302.634219877996
0.818,312.317051192318,302.635203102874
0.8185,312.318639692381,302.636184454272
0.819,312.32022516287,302.637163935847
0.8195,312.321807609601,302.638141551249
0.82,312.323387038381,302.639117304122
0.8205,312.324963455005,302.640091198105
0.821,312.326536865259,302.64106323683
0.8215,312.328107274921,302.642033423923
0.822,312.329674689755,302.643001763005
0.8225,312.331239115517,302.643968257691
0.823,312.332800557954,302.644932911588
0.8235,312.334359022802,302.6458957283
0.824,312.335914515788,302.646856711423
0.8245,312.337467042626,302.647815864548
0.825,312.339016609024,302.64877319126
0.8255,312.340563220679,302.649728695137
0.826,312.342106883277,302.650682379755
0.8265,312.343647602497,302.651634248679
0.827,312.345185384004,302.652584305472
0.8275,312.346720233458,302.653532553689
0.828,312.348252156506,302.654478996882
0.8285,312.349781158788,302.655423638594
0.829,312.351307245931,302.656366482364
0.8295,312.352830423556,302.657307531726
0.83,312.354350697273,302.658246790207
0.8305,312.355868072682,302.659184261329
0.831,312.357382555374,302.660119948608
0.8315,312.35889415093,302.661053855555
0.832,312.360402864925,302.661985985675
0.8325,312.361908702918,302.662916342467
0.833,312.363411670466,302.663844929426
0.8335,312.364911773112,302.664771750039
0.834,312.366409016391,302.66569680779
0.8345,312.367903405828,302.666620106156
0.835,312.369394946942,302.66754164861
0.8355,312.370883645238,302.668461438617
0.836,312.372369506216,302.669379479639
0.8365,312.373852535364,302.670295775132
0.837,312.375332738164,302.671210328545
0.8375,312.376810120085,302.672123143325
0.838,312.378284686591,302.673034222909
0.8385,312.379756443135,302.673943570734
0.839,312.38122539516,302.674851190228
0.8395,312.382691548103,302.675757084814
0.84,312.384154907389,302.676661257911
0.8405,312.385615478437,302.677563712932
0.841,312.387073266655,302.678464453285
0.8415,312.388528277444,302.679363482372
0.842,312.389980516194,302.680260803592
0.8425,312.391429988288,302.681156420337
0.843,312.392876699101,302.682050335994
0.8435,312.394320653998,302.682942553945
0.844,312.395761858335,302.683833077567
0.8445,312.39720031746,302.684721910232
0.845,312.398636036714,302.685609055306
0.8455,312.400069021427,302.686494516152
0.846,312.401499276921,302.687378296126
0.8465,312.402926808511,302.68826039858
0.847,312.404351621503,302.689140826861
0.8475,312.405773721193,302.69001958431
0.848,312.407193112871,302.690896674265
0.8485,312.408609801818,302.691772100056
0.849,312.410023793305,302.692645865012
0.8495,312.411435092597,302.693517972453
0.85,312.412843704949,302.694388425698
0.8505,312.414249635609,302.695257228058
0.851,312.415652889817,302.696124382841
0.8515,312.417053472804,302.69698989335
0.852,312.418451389793,302.697853762882
0.8525,312.419846645999,302.69871599473
0.853,312.421239246629,302.699576592184
0.8535,312.422629196883,302.700435558525
0.854,312.424016501952,302.701292897034
0.8545,312.425401167018,302.702148610984
0.855,312.426783197257,302.703002703645
0.8555,312.428162597836,302.703855178282
0.856,312.429539373916,302.704706038154
0.8565,312.430913530646,302.705555286517
0.857,312.432285073173,302.706402926623
0.8575,312.433654006631,302.707248961717
0.858,312.435020336149,302.708093395042
0.8585,312.436384066849,302.708936229833
0.859,312.437745203842,302.709777469325
0.8595,312.439103752235,302.710617116746
0.86,312.440459717125,302.711455175318
0.8605,312.441813103604,302.712291648262
0.861,312.443163916752,302.713126538791
0.8615,312.444512161647,302.713959850118
0.862,312.445857843355,302.714791585446
0.8625,312.447200966938,302.715621747979
0.863,312.448541537448,302.716450340912
0.8635,312.449879559931,302.71727736744
0.864,312.451215039424,302.718102830749
0.8645,312.452547980961,302.718926734026
0.865,312.453878389562,302.719749080449
0.8655,312.455206270247,302.720569873194
0.866,312.456531628023,302.721389115433
0.8665,312.457854467893,302.722206810333
0.867,312.459174794851,302.723022961056
0.8675,312.460492613886,302.723837570761
0.868,312.461807929979,302.724650642603
0.8685,312.463120748102,302.725462179733
0.869,312.464431073224,302.726272185296
0.8695,312.465738910303,302.727080662435
0.87,312.467044264292,302.727887614287
0.8705,312.468347140137,302.728693043987
0.871,312.469647542777,302.729496954665
0.8715,312.470945259429,302.730299106527
0.872,312.4722402897,302.731099496763
0.8725,312.473532848723,302.731898363039
0.873,312.474822941221,302.732695708259
0.8735,312.476110571909,302.733491535321
0.874,312.477395745495,302.734285847118
0.8745,312.478678466677,302.735078646536
0.875,312.479958740147,302.735869936458
0.8755,312.481236570587,302.73665971976
0.876,312.482511962671,302.737447999311
0.8765,312.483784921067,302.738234777977
0.877,312.485055450432,302.739020058616
0.8775,312.486323555418,302.739803844084
0.878,312.487589240666,302.740586137227
0.8785,312.488852510812,302.741366940889
0.879,312.490113370481,302.742146257907
0.8795,312.491371824293,302.742924091112
0.88,312.492627876858,302.743700443332
0.8805,312.493881532779,302.744475317387
0.881,312.495132796652,302.745248716092
0.8815,312.496381673064,302.746020642257
0.882,312.497628166593,302.746791098688
0.8825,312.498872281813,302.747560088183
0.883,312.500114023287,302.748327613537
0.8835,312.501353395571,302.749093677537
0.884,312.502590403215,302.749858282968
0.8845,312.503825050759,302.750621432606
0.885,312.505057342736,302.751383129225
0.8855,312.506287283673,302.752143375591
0.886,312.507514878087,302.752902174467
0.8865,312.50874013049,302.753659528609
0.887,312.509963045385,302.754415440769
0.8875,312.511183627268,302.755169913693
0.888,312.512401880627,302.755922950121
0.8885,312.513617809942,302.75667455279
0.889,312.514831419687,302.757424724429
0.8895,312.516042714329,302.758173467765
0.89,312.517251698326,302.758920785516
0.8905,312.51845837613,302.759666680399
0.891,312.519662752184,302.760411155123
0.8915,312.520864830926,302.761154212392
0.892,312.522064616785,302.761895854906
0.8925,312.523262114184,302.762636085359
0.893,312.524457327537,302.763374906442
0.8935,312.525650261254,302.764112320837
0.894,312.526840919734,302.764848331223
0.8945,312.528029307372,302.765582940276
0.895,312.529215428554,302.766316150664
0.8955,312.530399287661,302.767047965051
0.896,312.531580889064,302.767778386096
0.8965,312.532760237129,302.768507416453
0.897,312.533937336216,302.769235058771
0.8975,312.535112190676,302.769961315693
0.898,312.536284804853,302.77068618986
0.8985,312.537455183086,302.771409683904
0.899,312.538623329706,302.772131800456
0.8995,312.539789249036,302.772852542139
0.9,312.540952945395,302.773571911573
0.9005,312.542114423093,302.774289911372
0.901,312.543273686433,302.775006544145
0.9015,312.544430739713,302.775721812498
0.902,312.545585587224,302.77643571903
0.9025,312.546738233249,302.777148266336
0.903,312.547888682064,302.777859457006
0.9035,312.549036937941,302.778569293625
0.904,312.550183005144,302.779277778775
0.9045,312.551326887929,302.77998491503
0.905,312.552468590548,302.780690704963
0.9055,312.553608117245,302.781395151138
0.906,312.554745472256,302.782098256118
0.9065,312.555880659815,302.782800022459
0.907,312.557013684145,302.783500452713
0.9075,312.558144549464,302.784199549428
0.908,312.559273259986,302.784897315147
0.9085,312.560399819915,302.785593752406
0.909,312.56152423345,302.78628886374
0.9095,312.562646504786,302.786982651676
0.91,312.563766638108,302.78767511874
0.9105,312.564884637598,302.788366267451
0.911,312.566000507428,302.789056100323
0.9115,312.567114251768,302.789744619866
0.912,312.56822587478,302.790431828586
0.9125,312.569335380618,302.791117728984
0.913,312.570442773433,302.791802323557
0.9135,312.571548057368,302.792485614797
0.914,312.57265123656,302.79316760519
0.9145,312.573752315142,302.79384829722
0.915,312.574851297238,302.794527693366
0.9155,312.575948186968,302.795205796101
0.916,312.577042988446,302.795882607894
0.9165,312.578135705778,302.796558131212
0.917,312.579226343067,302.797232368513
0.9175,312.580314904408,302.797905322255
0.918,312.581401393891,302.798576994888
0.9185,312.582485815601,302.799247388861
0.919,312.583568173615,302.799916506617
0.9195,312.584648472006,302.800584350593
0.92,312.585726714841,302.801250923224
0.9205,312.586802906181,302.801916226941
0.921,312.587877050081,302.802580264167
0.9215,312.588949150591,302.803243037325
0.922,312.590019211754,302.803904548832
0.9225,312.591087237611,302.804564801099
0.923,312.592153232192,302.805223796536
0.9235,312.593217199526,302.805881537546
0.924,312.594279143634,302.806538026529
0.9245,312.595339068533,302.807193265881
0.925,312.596396978233,302.807847257994
0.9255,312.597452876739,302.808500005253
0.926,312.598506768053,302.809151510042
0.9265,312.599558656167,302.80980177474
0.927,312.600608545071,302.810450801721
0.9275,312.60165643875,302.811098593356
0.928,312.602702341181,302.811745152011
0.9285,312.603746256338,302.812390480048
0.929,312.604788188188,302.813034579826
0.9295,312.605828140694,302.813677453697
0.93,312.606866117814,302.814319104013
0.9305,312.607902123501,302.814959533118
0.931,312.6089361617,302.815598743355
0.9315,312.609968236355,302.816236737061
0.932,312.610998351401,302.816873516569
0.9325,312.612026510772,302.81750908421
0.933,312.613052718393,302.818143442309
0.9335,312.614076978186,302.818776593187
0.934,312.615099294069,302.819408539162
0.9345,312.616119669953,302.820039282548
0.935,312.617138109744,302.820668825655
0.9355,312.618154617345,302.821297170788
0.936,312.619169196653,302.821924320249
0.9365,312.62018185156,302.822550276336
0.937,312.621192585953,302.823175041344
0.9375,312.622201403715,302.823798617562
0.938,312.623208308723,302.824421007276
0.9385,312.624213304851,302.82504221277
0.939,312.625216395966,302.825662236321
0.9395,312.626217585933,302.826281080204
0.94,312.62721687861,302.826898746692
0.9405,312.628214277852,302.827515238049
0.941,312.629209787507,302.828130556541
0.9415,312.630203411421,302.828744704426
0.942,312.631195153435,302.829357683961
0.9425,312.632184904298,302.829969474773
0.943,312.633172462744,302.83058003808
0.9435,312.634158138198,302.831189437264
0.944,312.635141934296,302.831797674527
0.9445,312.63612385467,302.832404752072
0.945,312.637103902946,302.833010672092
0.9455,312.638082082743,302.833615436781
0.946,312.639058397676,302.834219048327
0.9465,312.640032851353,302.834821508913
0.947,312.641005447375,302.835422820721
0.9475,312.64197618934,302.836022985925
0.948,312.642945080837,302.836622006699
0.9485,312.643912125453,302.837219885211
0.949,312.644877326766,302.837816623625
0.9495,312.64584068835,302.838412224104
0.95,312.646802213772,302.839006688803
0.9505,312.647761906596,302.839600019875
0.951,312.648719770377,302.840192219471
0.9515,312.649675808667,302.840783289735
0.952,312.650630025011,302.841373232809
0.9525,312.65158242295,302.84196205083
0.953,312.652533006016,302.842549745934
0.9535,312.65348177774,302.843136320251
0.954,312.654428741643,302.843721775907
0.9545,312.655373901245,302.844306115024
0.955,312.656317260058,302.844889339724
0.9555,312.657258821588,302.845471452119
0.956,312.658198589337,302.846052454323
0.9565,312.6591365668,302.846632348444
0.957,312.660072757469,302.847211136586
0.9575,312.66100716483,302.847788820849
0.958,312.661939792361,302.848365403332
0.9585,312.662870643539,302.848940886126
0.959,312.663799721831,302.849515271324
0.9595,312.664727030703,302.850088561009
0.96,312.665652573613,302.850660757266
0.9605,312.666576354016,302.851231862173
0.961,312.667498375359,302.851801877806
0.9615,312.668418641086,302.852370806237
0.962,312.669337154635,302.852938649534
0.9625,312.670253919438,302.853505409762
0.963,312.671168938926,302.854071088983
0.9635,312.672082216518,302.854635689254
0.964,312.672993755635,302.85519921263
0.9645,312.673903559687,302.855761661162
0.965,312.674811632084,302.856323036896
0.9655,312.675717976227,302.856883341878
0.966,312.676622595515,302.857442578148
0.9665,312.67752549334,302.858000747742
0.967,312.678426673089,302.858557852695
0.9675,312.679326138147,302.859113895037
0.968,312.680223891889,302.859668876795
0.9685,312.681119937691,302.860222799991
0.969,312.68201427892,302.860775666648
0.9695,312.682906918939,302.86132747878
0.97,312.683797861106,302.861878238402
0.9705,312.684687108777,302.862427947524
0.971,312.685574665299,302.862976608152
0.9715,312.686460534018,302.863524222291
0.972,312.687344718272,302.86407079194
0.9725,312.688227221396,302.864616319097
0.973,312.689108046721,302.865160805754
0.9735,312.689987197572,302.865704253904
0.974,312.690864677269,302.866246665532
0.9745,312.69174048913,302.866788042622
0.975,312.692614636466,302.867328387156
0.9755,312.693487122584,302.867867701112
0.976,312.694357950786,302.868405986462
0.9765,312.69522712437,302.86894324518
0.977,312.69609464663,302.869479479232
0.9775,312.696960520855,302.870014690583
0.978,312.697824750329,302.870548881196
0.9785,312.698687338333,302.871082053029
0.979,312.699548288142,302.871614208037
0.9795,312.700407603027,302.872145348174
0.98,312.701265286255,302.872675475387
0.9805,312.702121341088,302.873204591624
0.981,312.702975770786,302.873732698828
0.9815,312.703828578601,302.874259798938
0.982,312.704679767783,302.874785893893
0.9825,312.705529341578,302.875310985625
0.983,312.706377303226,302.875835076067
0.9835,312.707223655965,302.876358167146
0.984,312.708068403026,302.876880260786
0.9845,312.708911547639,302.877401358912
0.985,312.709753093027,302.877921463441
0.9855,312.710593042411,302.87844057629
0.986,312.711431399006,302.878958699371
0.9865,312.712268166025,302.879475834596
0.987,312.713103346675,302.879991983872
0.9875,312.71393694416,302.880507149104
0.988,312.71476896168,302.881021332192
0.9885,312.71559940243,302.881534535037
0.989,312.716428269602,302.882046759533
0.9895,312.717255566383,302.882558007573
0.99,312.718081295959,302.883068281049
0.9905,312.718905461507,302.883577581848
0.991,312.719728066205,302.884085911854
0.9915,312.720549113224,302.884593272949
0.992,312.721368605733,302.885099667012
0.9925,312.722186546896,302.885605095919
0.993,312.723002939872,302.886109561544
0.9935,312.723817787821,302.886613065757
0.994,312.724631093893,302.887115610428
0.9945,312.725442861238,302.88761719742
0.995,312.726253093002,302.888117828597
0.9955,312.727061792326,302.888617505818
0.996,312.727868962349,302.889116230942
0.9965,312.728674606205,302.889614005821
0.997,312.729478727025,302.890110832309
0.9975,312.730281327935,302.890606712254
0.998,312.731082412059,302.891101647504
0.9985,312.731881982518,302.891595639901
0.999,312.732680042427,302.892088691289
0.9995,312.733476594899,302.892580803504
1,312.734271643044,302.893071978385
1,312.734271643044,302.893071978385
