"time","multiSwitch.u[1]","multiSwitch.u[2]"
0,1,1
0.002,1,1
0.004,1,1
0.006,1,1
0.008,1,1
0.01,1,1
0.012,1,1
0.014,1,1
0.016,1,1
0.018,1,1
0.02,1,1
0.022,1,1
0.024,1,1
0.026,1,1
0.028,1,1
0.03,1,1
0.032,1,1
0.034,1,1
0.036,1,1
0.038,1,1
0.04,1,1
0.042,1,1
0.044,1,1
0.046,1,1
0.048,1,1
0.05,1,1
0.052,1,1
0.054,1,1
0.056,1,1
0.058,1,1
0.06,1,1
0.062,1,1
0.064,1,1
0.066,1,1
0.068,1,1
0.07,1,1
0.072,1,1
0.074,1,1
0.076,1,1
0.078,1,1
0.08,1,1
0.082,1,1
0.084,1,1
0.086,1,1
0.088,1,1
0.09,1,1
0.092,1,1
0.094,1,1
0.096,1,1
0.098,1,1
0.1,1,1
0.102,1,1
0.104,1,1
0.106,1,1
0.108,1,1
0.11,1,1
0.112,1,1
0.114,1,1
0.116,1,1
0.118,1,1
0.12,1,1
0.122,1,1
0.124,1,1
0.126,1,1
0.128,1,1
0.13,1,1
0.132,1,1
0.134,1,1
0.136,1,1
0.138,1,1
0.14,1,1
0.142,1,1
0.144,1,1
0.146,1,1
0.148,1,1
0.15,1,1
0.152,1,1
0.154,1,1
0.156,1,1
0.158,1,1
0.16,1,1
0.162,1,1
0.164,1,1
0.166,1,1
0.168,1,1
0.17,1,1
0.172,1,1
0.174,1,1
0.176,1,1
0.178,1,1
0.18,1,1
0.182,1,1
0.184,1,1
0.186,1,1
0.188,1,1
0.19,1,1
0.192,1,1
0.194,1,1
0.196,1,1
0.198,1,1
0.2,1,1
0.202,1,1
0.204,1,1
0.206,1,1
0.208,1,1
0.21,1,1
0.212,1,1
0.214,1,1
0.216,1,1
0.218,1,1
0.22,1,1
0.222,1,1
0.224,1,1
0.226,1,1
0.228,1,1
0.23,1,1
0.232,1,1
0.234,1,1
0.236,1,1
0.238,1,1
0.24,1,1
0.242,1,1
0.244,1,1
0.246,1,1
0.248,1,1
0.25,1,1
0.252,1,1
0.254,1,1
0.256,1,1
0.258,1,1
0.26,1,1
0.262,1,1
0.264,1,1
0.266,1,1
0.268,1,1
0.27,1,1
0.272,1,1
0.274,1,1
0.276,1,1
0.278,1,1
0.28,1,1
0.282,1,1
0.284,1,1
0.286,1,1
0.288,1,1
0.29,1,1
0.292,1,1
0.294,1,1
0.296,1,1
0.298,1,1
0.3,1,1
0.302,1,1
0.304,1,1
0.306,1,1
0.308,1,1
0.31,1,1
0.312,1,1
0.314,1,1
0.316,1,1
0.318,1,1
0.32,1,1
0.322,1,1
0.324,1,1
0.326,1,1
0.328,1,1
0.33,1,1
0.332,1,1
0.334,1,1
0.336,1,1
0.338,1,1
0.34,1,1
0.342,1,1
0.344,1,1
0.346,1,1
0.348,1,1
0.35,1,1
0.352,1,1
0.354,1,1
0.356,1,1
0.358,1,1
0.36,1,1
0.362,1,1
0.364,1,1
0.366,1,1
0.368,1,1
0.37,1,1
0.372,1,1
0.374,1,1
0.376,1,1
0.378,1,1
0.38,1,1
0.382,1,1
0.384,1,1
0.386,1,1
0.388,1,1
0.39,1,1
0.392,1,1
0.394,1,1
0.396,1,1
0.398,1,1
0.4,1,1
0.402,1,1
0.404,1,1
0.406,1,1
0.408,1,1
0.41,1,1
0.412,1,1
0.414,1,1
0.416,1,1
0.418,1,1
0.42,1,1
0.422,1,1
0.424,1,1
0.426,1,1
0.428,1,1
0.43,1,1
0.432,1,1
0.434,1,1
0.436,1,1
0.438,1,1
0.44,1,1
0.442,1,1
0.444,1,1
0.446,1,1
0.448,1,1
0.45,1,1
0.452,1,1
0.454,1,1
0.456,1,1
0.458,1,1
0.46,1,1
0.462,1,1
0.464,1,1
0.466,1,1
0.468,1,1
0.47,1,1
0.472,1,1
0.474,1,1
0.476,1,1
0.478,1,1
0.48,1,1
0.482,1,1
0.484,1,1
0.486,1,1
0.488,1,1
0.49,1,1
0.492,1,1
0.494,1,1
0.496,1,1
0.498,1,1
0.5,1,1
0.5,0,1
0.502,0,1
0.504,0,1
0.506,0,1
0.508,0,1
0.51,0,1
0.512,0,1
0.514,0,1
0.516,0,1
0.518,0,1
0.52,0,1
0.522,0,1
0.524,0,1
0.526,0,1
0.528,0,1
0.53,0,1
0.532,0,1
0.534,0,1
0.536,0,1
0.538,0,1
0.54,0,1
0.542,0,1
0.544,0,1
0.546,0,1
0.548,0,1
0.55,0,1
0.552,0,1
0.554,0,1
0.556,0,1
0.558,0,1
0.56,0,1
0.562,0,1
0.564,0,1
0.566,0,1
0.568,0,1
0.57,0,1
0.572,0,1
0.574,0,1
0.576,0,1
0.578,0,1
0.58,0,1
0.582,0,1
0.584,0,1
0.586,0,1
0.588,0,1
0.59,0,1
0.592,0,1
0.594,0,1
0.596,0,1
0.598,0,1
0.6,0,1
0.602,0,1
0.604,0,1
0.606,0,1
0.608,0,1
0.61,0,1
0.612,0,1
0.614,0,1
0.616,0,1
0.618,0,1
0.62,0,1
0.622,0,1
0.624,0,1
0.626,0,1
0.628,0,1
0.63,0,1
0.632,0,1
0.634,0,1
0.636,0,1
0.638,0,1
0.64,0,1
0.642,0,1
0.644,0,1
0.646,0,1
0.648,0,1
0.65,0,1
0.652,0,1
0.654,0,1
0.656,0,1
0.658,0,1
0.66,0,1
0.662,0,1
0.664,0,1
0.666,0,1
0.668,0,1
0.67,0,1
0.672,0,1
0.674,0,1
0.676,0,1
0.678,0,1
0.68,0,1
0.682,0,1
0.684,0,1
0.686,0,1
0.688,0,1
0.69,0,1
0.692,0,1
0.694,0,1
0.696,0,1
0.698,0,1
0.7,0,1
0.702,0,1
0.704,0,1
0.706,0,1
0.708,0,1
0.71,0,1
0.712,0,1
0.714,0,1
0.716,0,1
0.718,0,1
0.72,0,1
0.722,0,1
0.724,0,1
0.726,0,1
0.728,0,1
0.73,0,1
0.732,0,1
0.734,0,1
0.736,0,1
0.738,0,1
0.74,0,1
0.742,0,1
0.744,0,1
0.746,0,1
0.748,0,1
0.75,0,1
0.752,0,1
0.754,0,1
0.756,0,1
0.758,0,1
0.76,0,1
0.762,0,1
0.764,0,1
0.766,0,1
0.768,0,1
0.77,0,1
0.772,0,1
0.774,0,1
0.776,0,1
0.778,0,1
0.78,0,1
0.782,0,1
0.784,0,1
0.786,0,1
0.788,0,1
0.79,0,1
0.792,0,1
0.794,0,1
0.796,0,1
0.798,0,1
0.8,0,1
0.802,0,1
0.804,0,1
0.806,0,1
0.808,0,1
0.81,0,1
0.812,0,1
0.814,0,1
0.816,0,1
0.818,0,1
0.82,0,1
0.822,0,1
0.824,0,1
0.826,0,1
0.828,0,1
0.83,0,1
0.832,0,1
0.834,0,1
0.836,0,1
0.838,0,1
0.84,0,1
0.842,0,1
0.844,0,1
0.846,0,1
0.848,0,1
0.85,0,1
0.852,0,1
0.854,0,1
0.856,0,1
0.858,0,1
0.86,0,1
0.862,0,1
0.864,0,1
0.866,0,1
0.868,0,1
0.87,0,1
0.872,0,1
0.874,0,1
0.876,0,1
0.878,0,1
0.88,0,1
0.882,0,1
0.884,0,1
0.886,0,1
0.888,0,1
0.89,0,1
0.892,0,1
0.894,0,1
0.896,0,1
0.898,0,1
0.9,0,1
0.902,0,1
0.904,0,1
0.906,0,1
0.908,0,1
0.91,0,1
0.912,0,1
0.914,0,1
0.916,0,1
0.918,0,1
0.92,0,1
0.922,0,1
0.924,0,1
0.926,0,1
0.928,0,1
0.93,0,1
0.932,0,1
0.934,0,1
0.936,0,1
0.938,0,1
0.94,0,1
0.942,0,1
0.944,0,1
0.946,0,1
0.948,0,1
0.95,0,1
0.952,0,1
0.954,0,1
0.956,0,1
0.958,0,1
0.96,0,1
0.962,0,1
0.964,0,1
0.966,0,1
0.968,0,1
0.97,0,1
0.972,0,1
0.974,0,1
0.976,0,1
0.978,0,1
0.98,0,1
0.982,0,1
0.984,0,1
0.986,0,1
0.988,0,1
0.99,0,1
0.992,0,1
0.994,0,1
0.996,0,1
0.998,0,1
1,0,1
1,1,1
1.002,1,1
1.004,1,1
1.006,1,1
1.008,1,1
1.01,1,1
1.012,1,1
1.014,1,1
1.016,1,1
1.018,1,1
1.02,1,1
1.022,1,1
1.024,1,1
1.026,1,1
1.028,1,1
1.03,1,1
1.032,1,1
1.034,1,1
1.036,1,1
1.038,1,1
1.04,1,1
1.042,1,1
1.044,1,1
1.046,1,1
1.048,1,1
1.05,1,1
1.052,1,1
1.054,1,1
1.056,1,1
1.058,1,1
1.06,1,1
1.062,1,1
1.064,1,1
1.066,1,1
1.068,1,1
1.07,1,1
1.072,1,1
1.074,1,1
1.076,1,1
1.078,1,1
1.08,1,1
1.082,1,1
1.084,1,1
1.086,1,1
1.088,1,1
1.09,1,1
1.092,1,1
1.094,1,1
1.096,1,1
1.098,1,1
1.1,1,1
1.102,1,1
1.104,1,1
1.106,1,1
1.108,1,1
1.11,1,1
1.112,1,1
1.114,1,1
1.116,1,1
1.118,1,1
1.12,1,1
1.122,1,1
1.124,1,1
1.126,1,1
1.128,1,1
1.13,1,1
1.132,1,1
1.134,1,1
1.136,1,1
1.138,1,1
1.14,1,1
1.142,1,1
1.144,1,1
1.146,1,1
1.148,1,1
1.15,1,1
1.152,1,1
1.154,1,1
1.156,1,1
1.158,1,1
1.16,1,1
1.162,1,1
1.164,1,1
1.166,1,1
1.168,1,1
1.17,1,1
1.172,1,1
1.174,1,1
1.176,1,1
1.178,1,1
1.18,1,1
1.182,1,1
1.184,1,1
1.186,1,1
1.188,1,1
1.19,1,1
1.192,1,1
1.194,1,1
1.196,1,1
1.198,1,1
1.2,1,1
1.202,1,1
1.204,1,1
1.206,1,1
1.208,1,1
1.21,1,1
1.212,1,1
1.214,1,1
1.216,1,1
1.218,1,1
1.22,1,1
1.222,1,1
1.224,1,1
1.226,1,1
1.228,1,1
1.23,1,1
1.232,1,1
1.234,1,1
1.236,1,1
1.238,1,1
1.24,1,1
1.242,1,1
1.244,1,1
1.246,1,1
1.248,1,1
1.25,1,1
1.252,1,1
1.254,1,1
1.256,1,1
1.258,1,1
1.26,1,1
1.262,1,1
1.264,1,1
1.266,1,1
1.268,1,1
1.27,1,1
1.272,1,1
1.274,1,1
1.276,1,1
1.278,1,1
1.28,1,1
1.282,1,1
1.284,1,1
1.286,1,1
1.288,1,1
1.29,1,1
1.292,1,1
1.294,1,1
1.296,1,1
1.298,1,1
1.3,1,1
1.302,1,1
1.304,1,1
1.306,1,1
1.308,1,1
1.31,1,1
1.312,1,1
1.314,1,1
1.316,1,1
1.318,1,1
1.32,1,1
1.322,1,1
1.324,1,1
1.326,1,1
1.328,1,1
1.33,1,1
1.332,1,1
1.334,1,1
1.336,1,1
1.338,1,1
1.34,1,1
1.342,1,1
1.344,1,1
1.346,1,1
1.348,1,1
1.35,1,1
1.352,1,1
1.354,1,1
1.356,1,1
1.358,1,1
1.36,1,1
1.362,1,1
1.364,1,1
1.366,1,1
1.368,1,1
1.37,1,1
1.372,1,1
1.374,1,1
1.376,1,1
1.378,1,1
1.38,1,1
1.382,1,1
1.384,1,1
1.386,1,1
1.388,1,1
1.39,1,1
1.392,1,1
1.394,1,1
1.396,1,1
1.398,1,1
1.4,1,1
1.402,1,1
1.404,1,1
1.406,1,1
1.408,1,1
1.41,1,1
1.412,1,1
1.414,1,1
1.416,1,1
1.418,1,1
1.42,1,1
1.422,1,1
1.424,1,1
1.426,1,1
1.428,1,1
1.43,1,1
1.432,1,1
1.434,1,1
1.436,1,1
1.438,1,1
1.44,1,1
1.442,1,1
1.444,1,1
1.446,1,1
1.448,1,1
1.45,1,1
1.452,1,1
1.454,1,1
1.456,1,1
1.458,1,1
1.46,1,1
1.462,1,1
1.464,1,1
1.466,1,1
1.468,1,1
1.47,1,1
1.472,1,1
1.474,1,1
1.476,1,1
1.478,1,1
1.48,1,1
1.482,1,1
1.484,1,1
1.486,1,1
1.488,1,1
1.49,1,1
1.492,1,1
1.494,1,1
1.496,1,1
1.498,1,1
1.5,1,1
1.5,0,1
1.502,0,1
1.504,0,1
1.506,0,1
1.508,0,1
1.51,0,1
1.512,0,1
1.514,0,1
1.516,0,1
1.518,0,1
1.52,0,1
1.522,0,1
1.524,0,1
1.526,0,1
1.528,0,1
1.53,0,1
1.532,0,1
1.534,0,1
1.536,0,1
1.538,0,1
1.54,0,1
1.542,0,1
1.544,0,1
1.546,0,1
1.548,0,1
1.55,0,1
1.552,0,1
1.554,0,1
1.556,0,1
1.558,0,1
1.56,0,1
1.562,0,1
1.564,0,1
1.566,0,1
1.568,0,1
1.57,0,1
1.572,0,1
1.574,0,1
1.576,0,1
1.578,0,1
1.58,0,1
1.582,0,1
1.584,0,1
1.586,0,1
1.588,0,1
1.59,0,1
1.592,0,1
1.594,0,1
1.596,0,1
1.598,0,1
1.6,0,1
1.6,0,0
1.602,0,0
1.604,0,0
1.606,0,0
1.608,0,0
1.61,0,0
1.612,0,0
1.614,0,0
1.616,0,0
1.618,0,0
1.62,0,0
1.622,0,0
1.624,0,0
1.626,0,0
1.628,0,0
1.63,0,0
1.632,0,0
1.634,0,0
1.636,0,0
1.638,0,0
1.64,0,0
1.642,0,0
1.644,0,0
1.646,0,0
1.648,0,0
1.65,0,0
1.652,0,0
1.654,0,0
1.656,0,0
1.658,0,0
1.66,0,0
1.662,0,0
1.664,0,0
1.666,0,0
1.668,0,0
1.67,0,0
1.672,0,0
1.674,0,0
1.676,0,0
1.678,0,0
1.68,0,0
1.682,0,0
1.684,0,0
1.686,0,0
1.688,0,0
1.69,0,0
1.692,0,0
1.694,0,0
1.696,0,0
1.698,0,0
1.7,0,0
1.702,0,0
1.704,0,0
1.706,0,0
1.708,0,0
1.71,0,0
1.712,0,0
1.714,0,0
1.716,0,0
1.718,0,0
1.72,0,0
1.722,0,0
1.724,0,0
1.726,0,0
1.728,0,0
1.73,0,0
1.732,0,0
1.734,0,0
1.736,0,0
1.738,0,0
1.74,0,0
1.742,0,0
1.744,0,0
1.746,0,0
1.748,0,0
1.75,0,0
1.752,0,0
1.754,0,0
1.756,0,0
1.758,0,0
1.76,0,0
1.762,0,0
1.764,0,0
1.766,0,0
1.768,0,0
1.77,0,0
1.772,0,0
1.774,0,0
1.776,0,0
1.778,0,0
1.78,0,0
1.782,0,0
1.784,0,0
1.786,0,0
1.788,0,0
1.79,0,0
1.792,0,0
1.794,0,0
1.796,0,0
1.798,0,0
1.8,0,0
1.802,0,0
1.804,0,0
1.806,0,0
1.808,0,0
1.81,0,0
1.812,0,0
1.814,0,0
1.816,0,0
1.818,0,0
1.82,0,0
1.822,0,0
1.824,0,0
1.826,0,0
1.828,0,0
1.83,0,0
1.832,0,0
1.834,0,0
1.836,0,0
1.838,0,0
1.84,0,0
1.842,0,0
1.844,0,0
1.846,0,0
1.848,0,0
1.85,0,0
1.852,0,0
1.854,0,0
1.856,0,0
1.858,0,0
1.86,0,0
1.862,0,0
1.864,0,0
1.866,0,0
1.868,0,0
1.87,0,0
1.872,0,0
1.874,0,0
1.876,0,0
1.878,0,0
1.88,0,0
1.882,0,0
1.884,0,0
1.886,0,0
1.888,0,0
1.89,0,0
1.892,0,0
1.894,0,0
1.896,0,0
1.898,0,0
1.9,0,0
1.902,0,0
1.904,0,0
1.906,0,0
1.908,0,0
1.91,0,0
1.912,0,0
1.914,0,0
1.916,0,0
1.918,0,0
1.92,0,0
1.922,0,0
1.924,0,0
1.926,0,0
1.928,0,0
1.93,0,0
1.932,0,0
1.934,0,0
1.936,0,0
1.938,0,0
1.94,0,0
1.942,0,0
1.944,0,0
1.946,0,0
1.948,0,0
1.95,0,0
1.952,0,0
1.954,0,0
1.956,0,0
1.958,0,0
1.96,0,0
1.962,0,0
1.964,0,0
1.966,0,0
1.968,0,0
1.97,0,0
1.972,0,0
1.974,0,0
1.976,0,0
1.978,0,0
1.98,0,0
1.982,0,0
1.984,0,0
1.986,0,0
1.988,0,0
1.99,0,0
1.992,0,0
1.994,0,0
1.996,0,0
1.998,0,0
2,0,0
2,1,1
2.002,1,1
2.004,1,1
2.006,1,1
2.008,1,1
2.01,1,1
2.012,1,1
2.014,1,1
2.016,1,1
2.018,1,1
2.02,1,1
2.022,1,1
2.024,1,1
2.026,1,1
2.028,1,1
2.03,1,1
2.032,1,1
2.034,1,1
2.036,1,1
2.038,1,1
2.04,1,1
2.042,1,1
2.044,1,1
2.046,1,1
2.048,1,1
2.05,1,1
2.052,1,1
2.054,1,1
2.056,1,1
2.058,1,1
2.06,1,1
2.062,1,1
2.064,1,1
2.066,1,1
2.068,1,1
2.07,1,1
2.072,1,1
2.074,1,1
2.076,1,1
2.078,1,1
2.08,1,1
2.082,1,1
2.084,1,1
2.086,1,1
2.088,1,1
2.09,1,1
2.092,1,1
2.094,1,1
2.096,1,1
2.098,1,1
2.1,1,1
2.102,1,1
2.104,1,1
2.106,1,1
2.108,1,1
2.11,1,1
2.112,1,1
2.114,1,1
2.116,1,1
2.118,1,1
2.12,1,1
2.122,1,1
2.124,1,1
2.126,1,1
2.128,1,1
2.13,1,1
2.132,1,1
2.134,1,1
2.136,1,1
2.138,1,1
2.14,1,1
2.142,1,1
2.144,1,1
2.146,1,1
2.148,1,1
2.15,1,1
2.152,1,1
2.154,1,1
2.156,1,1
2.158,1,1
2.16,1,1
2.162,1,1
2.164,1,1
2.166,1,1
2.168,1,1
2.17,1,1
2.172,1,1
2.174,1,1
2.176,1,1
2.178,1,1
2.18,1,1
2.182,1,1
2.184,1,1
2.186,1,1
2.188,1,1
2.19,1,1
2.192,1,1
2.194,1,1
2.196,1,1
2.198,1,1
2.2,1,1
2.202,1,1
2.204,1,1
2.206,1,1
2.208,1,1
2.21,1,1
2.212,1,1
2.214,1,1
2.216,1,1
2.218,1,1
2.22,1,1
2.222,1,1
2.224,1,1
2.226,1,1
2.228,1,1
2.23,1,1
2.232,1,1
2.234,1,1
2.236,1,1
2.238,1,1
2.24,1,1
2.242,1,1
2.244,1,1
2.246,1,1
2.248,1,1
2.25,1,1
2.252,1,1
2.254,1,1
2.256,1,1
2.258,1,1
2.26,1,1
2.262,1,1
2.264,1,1
2.266,1,1
2.268,1,1
2.27,1,1
2.272,1,1
2.274,1,1
2.276,1,1
2.278,1,1
2.28,1,1
2.282,1,1
2.284,1,1
2.286,1,1
2.288,1,1
2.29,1,1
2.292,1,1
2.294,1,1
2.296,1,1
2.298,1,1
2.3,1,1
2.302,1,1
2.304,1,1
2.306,1,1
2.308,1,1
2.31,1,1
2.312,1,1
2.314,1,1
2.316,1,1
2.318,1,1
2.32,1,1
2.322,1,1
2.324,1,1
2.326,1,1
2.328,1,1
2.33,1,1
2.332,1,1
2.334,1,1
2.336,1,1
2.338,1,1
2.34,1,1
2.342,1,1
2.344,1,1
2.346,1,1
2.348,1,1
2.35,1,1
2.352,1,1
2.354,1,1
2.356,1,1
2.358,1,1
2.36,1,1
2.362,1,1
2.364,1,1
2.366,1,1
2.368,1,1
2.37,1,1
2.372,1,1
2.374,1,1
2.376,1,1
2.378,1,1
2.38,1,1
2.382,1,1
2.384,1,1
2.386,1,1
2.388,1,1
2.39,1,1
2.392,1,1
2.394,1,1
2.396,1,1
2.398,1,1
2.4,1,1
2.402,1,1
2.404,1,1
2.406,1,1
2.408,1,1
2.41,1,1
2.412,1,1
2.414,1,1
2.416,1,1
2.418,1,1
2.42,1,1
2.422,1,1
2.424,1,1
2.426,1,1
2.428,1,1
2.43,1,1
2.432,1,1
2.434,1,1
2.436,1,1
2.438,1,1
2.44,1,1
2.442,1,1
2.444,1,1
2.446,1,1
2.448,1,1
2.45,1,1
2.452,1,1
2.454,1,1
2.456,1,1
2.458,1,1
2.46,1,1
2.462,1,1
2.464,1,1
2.466,1,1
2.468,1,1
2.47,1,1
2.472,1,1
2.474,1,1
2.476,1,1
2.478,1,1
2.48,1,1
2.482,1,1
2.484,1,1
2.486,1,1
2.488,1,1
2.49,1,1
2.492,1,1
2.494,1,1
2.496,1,1
2.498,1,1
2.5,1,1
2.5,0,1
2.502,0,1
2.504,0,1
2.506,0,1
2.508,0,1
2.51,0,1
2.512,0,1
2.514,0,1
2.516,0,1
2.518,0,1
2.52,0,1
2.522,0,1
2.524,0,1
2.526,0,1
2.528,0,1
2.53,0,1
2.532,0,1
2.534,0,1
2.536,0,1
2.538,0,1
2.54,0,1
2.542,0,1
2.544,0,1
2.546,0,1
2.548,0,1
2.55,0,1
2.552,0,1
2.554,0,1
2.556,0,1
2.558,0,1
2.56,0,1
2.562,0,1
2.564,0,1
2.566,0,1
2.568,0,1
2.57,0,1
2.572,0,1
2.574,0,1
2.576,0,1
2.578,0,1
2.58,0,1
2.582,0,1
2.584,0,1
2.586,0,1
2.588,0,1
2.59,0,1
2.592,0,1
2.594,0,1
2.596,0,1
2.598,0,1
2.6,0,1
2.602,0,1
2.604,0,1
2.606,0,1
2.608,0,1
2.61,0,1
2.612,0,1
2.614,0,1
2.616,0,1
2.618,0,1
2.62,0,1
2.622,0,1
2.624,0,1
2.626,0,1
2.628,0,1
2.63,0,1
2.632,0,1
2.634,0,1
2.636,0,1
2.638,0,1
2.64,0,1
2.642,0,1
2.644,0,1
2.646,0,1
2.648,0,1
2.65,0,1
2.652,0,1
2.654,0,1
2.656,0,1
2.658,0,1
2.66,0,1
2.662,0,1
2.664,0,1
2.666,0,1
2.668,0,1
2.67,0,1
2.672,0,1
2.674,0,1
2.676,0,1
2.678,0,1
2.68,0,1
2.682,0,1
2.684,0,1
2.686,0,1
2.688,0,1
2.69,0,1
2.692,0,1
2.694,0,1
2.696,0,1
2.698,0,1
2.7,0,1
2.702,0,1
2.704,0,1
2.706,0,1
2.708,0,1
2.71,0,1
2.712,0,1
2.714,0,1
2.716,0,1
2.718,0,1
2.72,0,1
2.722,0,1
2.724,0,1
2.726,0,1
2.728,0,1
2.73,0,1
2.732,0,1
2.734,0,1
2.736,0,1
2.738,0,1
2.74,0,1
2.742,0,1
2.744,0,1
2.746,0,1
2.748,0,1
2.75,0,1
2.752,0,1
2.754,0,1
2.756,0,1
2.758,0,1
2.76,0,1
2.762,0,1
2.764,0,1
2.766,0,1
2.768,0,1
2.77,0,1
2.772,0,1
2.774,0,1
2.776,0,1
2.778,0,1
2.78,0,1
2.782,0,1
2.784,0,1
2.786,0,1
2.788,0,1
2.79,0,1
2.792,0,1
2.794,0,1
2.796,0,1
2.798,0,1
2.8,0,1
2.802,0,1
2.804,0,1
2.806,0,1
2.808,0,1
2.81,0,1
2.812,0,1
2.814,0,1
2.816,0,1
2.818,0,1
2.82,0,1
2.822,0,1
2.824,0,1
2.826,0,1
2.828,0,1
2.83,0,1
2.832,0,1
2.834,0,1
2.836,0,1
2.838,0,1
2.84,0,1
2.842,0,1
2.844,0,1
2.846,0,1
2.848,0,1
2.85,0,1
2.852,0,1
2.854,0,1
2.856,0,1
2.858,0,1
2.86,0,1
2.862,0,1
2.864,0,1
2.866,0,1
2.868,0,1
2.87,0,1
2.872,0,1
2.874,0,1
2.876,0,1
2.878,0,1
2.88,0,1
2.882,0,1
2.884,0,1
2.886,0,1
2.888,0,1
2.89,0,1
2.892,0,1
2.894,0,1
2.896,0,1
2.898,0,1
2.9,0,1
2.902,0,1
2.904,0,1
2.906,0,1
2.908,0,1
2.91,0,1
2.912,0,1
2.914,0,1
2.916,0,1
2.918,0,1
2.92,0,1
2.922,0,1
2.924,0,1
2.926,0,1
2.928,0,1
2.93,0,1
2.932,0,1
2.934,0,1
2.936,0,1
2.938,0,1
2.94,0,1
2.942,0,1
2.944,0,1
2.946,0,1
2.948,0,1
2.95,0,1
2.952,0,1
2.954,0,1
2.956,0,1
2.958,0,1
2.96,0,1
2.962,0,1
2.964,0,1
2.966,0,1
2.968,0,1
2.97,0,1
2.972,0,1
2.974,0,1
2.976,0,1
2.978,0,1
2.98,0,1
2.982,0,1
2.984,0,1
2.986,0,1
2.988,0,1
2.99,0,1
2.992,0,1
2.994,0,1
2.996,0,1
2.998,0,1
3,0,1
3,1,1
3.002,1,1
3.004,1,1
3.006,1,1
3.008,1,1
3.01,1,1
3.012,1,1
3.014,1,1
3.016,1,1
3.018,1,1
3.02,1,1
3.022,1,1
3.024,1,1
3.026,1,1
3.028,1,1
3.03,1,1
3.032,1,1
3.034,1,1
3.036,1,1
3.038,1,1
3.04,1,1
3.042,1,1
3.044,1,1
3.046,1,1
3.048,1,1
3.05,1,1
3.052,1,1
3.054,1,1
3.056,1,1
3.058,1,1
3.06,1,1
3.062,1,1
3.064,1,1
3.066,1,1
3.068,1,1
3.07,1,1
3.072,1,1
3.074,1,1
3.076,1,1
3.078,1,1
3.08,1,1
3.082,1,1
3.084,1,1
3.086,1,1
3.088,1,1
3.09,1,1
3.092,1,1
3.094,1,1
3.096,1,1
3.098,1,1
3.1,1,1
3.102,1,1
3.104,1,1
3.106,1,1
3.108,1,1
3.11,1,1
3.112,1,1
3.114,1,1
3.116,1,1
3.118,1,1
3.12,1,1
3.122,1,1
3.124,1,1
3.126,1,1
3.128,1,1
3.13,1,1
3.132,1,1
3.134,1,1
3.136,1,1
3.138,1,1
3.14,1,1
3.142,1,1
3.144,1,1
3.146,1,1
3.148,1,1
3.15,1,1
3.152,1,1
3.154,1,1
3.156,1,1
3.158,1,1
3.16,1,1
3.162,1,1
3.164,1,1
3.166,1,1
3.168,1,1
3.17,1,1
3.172,1,1
3.174,1,1
3.176,1,1
3.178,1,1
3.18,1,1
3.182,1,1
3.184,1,1
3.186,1,1
3.188,1,1
3.19,1,1
3.192,1,1
3.194,1,1
3.196,1,1
3.198,1,1
3.2,1,1
3.202,1,1
3.204,1,1
3.206,1,1
3.208,1,1
3.21,1,1
3.212,1,1
3.214,1,1
3.216,1,1
3.218,1,1
3.22,1,1
3.222,1,1
3.224,1,1
3.226,1,1
3.228,1,1
3.23,1,1
3.232,1,1
3.234,1,1
3.236,1,1
3.238,1,1
3.24,1,1
3.242,1,1
3.244,1,1
3.246,1,1
3.248,1,1
3.25,1,1
3.252,1,1
3.254,1,1
3.256,1,1
3.258,1,1
3.26,1,1
3.262,1,1
3.264,1,1
3.266,1,1
3.268,1,1
3.27,1,1
3.272,1,1
3.274,1,1
3.276,1,1
3.278,1,1
3.28,1,1
3.282,1,1
3.284,1,1
3.286,1,1
3.288,1,1
3.29,1,1
3.292,1,1
3.294,1,1
3.296,1,1
3.298,1,1
3.3,1,1
3.302,1,1
3.304,1,1
3.306,1,1
3.308,1,1
3.31,1,1
3.312,1,1
3.314,1,1
3.316,1,1
3.318,1,1
3.32,1,1
3.322,1,1
3.324,1,1
3.326,1,1
3.328,1,1
3.33,1,1
3.332,1,1
3.334,1,1
3.336,1,1
3.338,1,1
3.34,1,1
3.342,1,1
3.344,1,1
3.346,1,1
3.348,1,1
3.35,1,1
3.352,1,1
3.354,1,1
3.356,1,1
3.358,1,1
3.36,1,1
3.362,1,1
3.364,1,1
3.366,1,1
3.368,1,1
3.37,1,1
3.372,1,1
3.374,1,1
3.376,1,1
3.378,1,1
3.38,1,1
3.382,1,1
3.384,1,1
3.386,1,1
3.388,1,1
3.39,1,1
3.392,1,1
3.394,1,1
3.396,1,1
3.398,1,1
3.4,1,1
3.402,1,1
3.404,1,1
3.406,1,1
3.408,1,1
3.41,1,1
3.412,1,1
3.414,1,1
3.416,1,1
3.418,1,1
3.42,1,1
3.422,1,1
3.424,1,1
3.426,1,1
3.428,1,1
3.43,1,1
3.432,1,1
3.434,1,1
3.436,1,1
3.438,1,1
3.44,1,1
3.442,1,1
3.444,1,1
3.446,1,1
3.448,1,1
3.45,1,1
3.452,1,1
3.454,1,1
3.456,1,1
3.458,1,1
3.46,1,1
3.462,1,1
3.464,1,1
3.466,1,1
3.468,1,1
3.47,1,1
3.472,1,1
3.474,1,1
3.476,1,1
3.478,1,1
3.48,1,1
3.482,1,1
3.484,1,1
3.486,1,1
3.488,1,1
3.49,1,1
3.492,1,1
3.494,1,1
3.496,1,1
3.498,1,1
3.5,1,1
3.5,0,1
3.502,0,1
3.504,0,1
3.506,0,1
3.508,0,1
3.51,0,1
3.512,0,1
3.514,0,1
3.516,0,1
3.518,0,1
3.52,0,1
3.522,0,1
3.524,0,1
3.526,0,1
3.528,0,1
3.53,0,1
3.532,0,1
3.534,0,1
3.536,0,1
3.538,0,1
3.54,0,1
3.542,0,1
3.544,0,1
3.546,0,1
3.548,0,1
3.55,0,1
3.552,0,1
3.554,0,1
3.556,0,1
3.558,0,1
3.56,0,1
3.562,0,1
3.564,0,1
3.566,0,1
3.568,0,1
3.57,0,1
3.572,0,1
3.574,0,1
3.576,0,1
3.578,0,1
3.58,0,1
3.582,0,1
3.584,0,1
3.586,0,1
3.588,0,1
3.59,0,1
3.592,0,1
3.594,0,1
3.596,0,1
3.598,0,1
3.6,0,1
3.6,0,0
3.602,0,0
3.604,0,0
3.606,0,0
3.608,0,0
3.61,0,0
3.612,0,0
3.614,0,0
3.616,0,0
3.618,0,0
3.62,0,0
3.622,0,0
3.624,0,0
3.626,0,0
3.628,0,0
3.63,0,0
3.632,0,0
3.634,0,0
3.636,0,0
3.638,0,0
3.64,0,0
3.642,0,0
3.644,0,0
3.646,0,0
3.648,0,0
3.65,0,0
3.652,0,0
3.654,0,0
3.656,0,0
3.658,0,0
3.66,0,0
3.662,0,0
3.664,0,0
3.666,0,0
3.668,0,0
3.67,0,0
3.672,0,0
3.674,0,0
3.676,0,0
3.678,0,0
3.68,0,0
3.682,0,0
3.684,0,0
3.686,0,0
3.688,0,0
3.69,0,0
3.692,0,0
3.694,0,0
3.696,0,0
3.698,0,0
3.7,0,0
3.702,0,0
3.704,0,0
3.706,0,0
3.708,0,0
3.71,0,0
3.712,0,0
3.714,0,0
3.716,0,0
3.718,0,0
3.72,0,0
3.722,0,0
3.724,0,0
3.726,0,0
3.728,0,0
3.73,0,0
3.732,0,0
3.734,0,0
3.736,0,0
3.738,0,0
3.74,0,0
3.742,0,0
3.744,0,0
3.746,0,0
3.748,0,0
3.75,0,0
3.752,0,0
3.754,0,0
3.756,0,0
3.758,0,0
3.76,0,0
3.762,0,0
3.764,0,0
3.766,0,0
3.768,0,0
3.77,0,0
3.772,0,0
3.774,0,0
3.776,0,0
3.778,0,0
3.78,0,0
3.782,0,0
3.784,0,0
3.786,0,0
3.788,0,0
3.79,0,0
3.792,0,0
3.794,0,0
3.796,0,0
3.798,0,0
3.8,0,0
3.802,0,0
3.804,0,0
3.806,0,0
3.808,0,0
3.81,0,0
3.812,0,0
3.814,0,0
3.816,0,0
3.818,0,0
3.82,0,0
3.822,0,0
3.824,0,0
3.826,0,0
3.828,0,0
3.83,0,0
3.832,0,0
3.834,0,0
3.836,0,0
3.838,0,0
3.84,0,0
3.842,0,0
3.844,0,0
3.846,0,0
3.848,0,0
3.85,0,0
3.852,0,0
3.854,0,0
3.856,0,0
3.858,0,0
3.86,0,0
3.862,0,0
3.864,0,0
3.866,0,0
3.868,0,0
3.87,0,0
3.872,0,0
3.874,0,0
3.876,0,0
3.878,0,0
3.88,0,0
3.882,0,0
3.884,0,0
3.886,0,0
3.888,0,0
3.89,0,0
3.892,0,0
3.894,0,0
3.896,0,0
3.898,0,0
3.9,0,0
3.902,0,0
3.904,0,0
3.906,0,0
3.908,0,0
3.91,0,0
3.912,0,0
3.914,0,0
3.916,0,0
3.918,0,0
3.92,0,0
3.922,0,0
3.924,0,0
3.926,0,0
3.928,0,0
3.93,0,0
3.932,0,0
3.934,0,0
3.936,0,0
3.938,0,0
3.94,0,0
3.942,0,0
3.944,0,0
3.946,0,0
3.948,0,0
3.95,0,0
3.952,0,0
3.954,0,0
3.956,0,0
3.958,0,0
3.96,0,0
3.962,0,0
3.964,0,0
3.966,0,0
3.968,0,0
3.97,0,0
3.972,0,0
3.974,0,0
3.976,0,0
3.978,0,0
3.98,0,0
3.982,0,0
3.984,0,0
3.986,0,0
3.988,0,0
3.99,0,0
3.992,0,0
3.994,0,0
3.996,0,0
3.998,0,0
4,0,0
4,1,1
4.002,1,1
4.004,1,1
4.006,1,1
4.008,1,1
4.01,1,1
4.012,1,1
4.014,1,1
4.016,1,1
4.018,1,1
4.02,1,1
4.022,1,1
4.024,1,1
4.026,1,1
4.028,1,1
4.03,1,1
4.032,1,1
4.034,1,1
4.036,1,1
4.038,1,1
4.04,1,1
4.042,1,1
4.044,1,1
4.046,1,1
4.048,1,1
4.05,1,1
4.052,1,1
4.054,1,1
4.056,1,1
4.058,1,1
4.06,1,1
4.062,1,1
4.064,1,1
4.066,1,1
4.068,1,1
4.07,1,1
4.072,1,1
4.074,1,1
4.076,1,1
4.078,1,1
4.08,1,1
4.082,1,1
4.084,1,1
4.086,1,1
4.088,1,1
4.09,1,1
4.092,1,1
4.094,1,1
4.096,1,1
4.098,1,1
4.1,1,1
4.102,1,1
4.104,1,1
4.106,1,1
4.108,1,1
4.11,1,1
4.112,1,1
4.114,1,1
4.116,1,1
4.118,1,1
4.12,1,1
4.122,1,1
4.124,1,1
4.126,1,1
4.128,1,1
4.13,1,1
4.132,1,1
4.134,1,1
4.136,1,1
4.138,1,1
4.14,1,1
4.142,1,1
4.144,1,1
4.146,1,1
4.148,1,1
4.15,1,1
4.152,1,1
4.154,1,1
4.156,1,1
4.158,1,1
4.16,1,1
4.162,1,1
4.164,1,1
4.166,1,1
4.168,1,1
4.17,1,1
4.172,1,1
4.174,1,1
4.176,1,1
4.178,1,1
4.18,1,1
4.182,1,1
4.184,1,1
4.186,1,1
4.188,1,1
4.19,1,1
4.192,1,1
4.194,1,1
4.196,1,1
4.198,1,1
4.2,1,1
4.202,1,1
4.204,1,1
4.206,1,1
4.208,1,1
4.21,1,1
4.212,1,1
4.214,1,1
4.216,1,1
4.218,1,1
4.22,1,1
4.222,1,1
4.224,1,1
4.226,1,1
4.228,1,1
4.23,1,1
4.232,1,1
4.234,1,1
4.236,1,1
4.238,1,1
4.24,1,1
4.242,1,1
4.244,1,1
4.246,1,1
4.248,1,1
4.25,1,1
4.252,1,1
4.254,1,1
4.256,1,1
4.258,1,1
4.26,1,1
4.262,1,1
4.264,1,1
4.266,1,1
4.268,1,1
4.27,1,1
4.272,1,1
4.274,1,1
4.276,1,1
4.278,1,1
4.28,1,1
4.282,1,1
4.284,1,1
4.286,1,1
4.288,1,1
4.29,1,1
4.292,1,1
4.294,1,1
4.296,1,1
4.298,1,1
4.3,1,1
4.302,1,1
4.304,1,1
4.306,1,1
4.308,1,1
4.31,1,1
4.312,1,1
4.314,1,1
4.316,1,1
4.318,1,1
4.32,1,1
4.322,1,1
4.324,1,1
4.326,1,1
4.328,1,1
4.33,1,1
4.332,1,1
4.334,1,1
4.336,1,1
4.338,1,1
4.34,1,1
4.342,1,1
4.344,1,1
4.346,1,1
4.348,1,1
4.35,1,1
4.352,1,1
4.354,1,1
4.356,1,1
4.358,1,1
4.36,1,1
4.362,1,1
4.364,1,1
4.366,1,1
4.368,1,1
4.37,1,1
4.372,1,1
4.374,1,1
4.376,1,1
4.378,1,1
4.38,1,1
4.382,1,1
4.384,1,1
4.386,1,1
4.388,1,1
4.39,1,1
4.392,1,1
4.394,1,1
4.396,1,1
4.398,1,1
4.4,1,1
4.402,1,1
4.404,1,1
4.406,1,1
4.408,1,1
4.41,1,1
4.412,1,1
4.414,1,1
4.416,1,1
4.418,1,1
4.42,1,1
4.422,1,1
4.424,1,1
4.426,1,1
4.428,1,1
4.43,1,1
4.432,1,1
4.434,1,1
4.436,1,1
4.438,1,1
4.44,1,1
4.442,1,1
4.444,1,1
4.446,1,1
4.448,1,1
4.45,1,1
4.452,1,1
4.454,1,1
4.456,1,1
4.458,1,1
4.46,1,1
4.462,1,1
4.464,1,1
4.466,1,1
4.468,1,1
4.47,1,1
4.472,1,1
4.474,1,1
4.476,1,1
4.478,1,1
4.48,1,1
4.482,1,1
4.484,1,1
4.486,1,1
4.488,1,1
4.49,1,1
4.492,1,1
4.494,1,1
4.496,1,1
4.498,1,1
4.5,1,1
4.5,0,1
4.502,0,1
4.504,0,1
4.506,0,1
4.508,0,1
4.51,0,1
4.512,0,1
4.514,0,1
4.516,0,1
4.518,0,1
4.52,0,1
4.522,0,1
4.524,0,1
4.526,0,1
4.528,0,1
4.53,0,1
4.532,0,1
4.534,0,1
4.536,0,1
4.538,0,1
4.54,0,1
4.542,0,1
4.544,0,1
4.546,0,1
4.548,0,1
4.55,0,1
4.552,0,1
4.554,0,1
4.556,0,1
4.558,0,1
4.56,0,1
4.562,0,1
4.564,0,1
4.566,0,1
4.568,0,1
4.57,0,1
4.572,0,1
4.574,0,1
4.576,0,1
4.578,0,1
4.58,0,1
4.582,0,1
4.584,0,1
4.586,0,1
4.588,0,1
4.59,0,1
4.592,0,1
4.594,0,1
4.596,0,1
4.598,0,1
4.6,0,1
4.602,0,1
4.604,0,1
4.606,0,1
4.608,0,1
4.61,0,1
4.612,0,1
4.614,0,1
4.616,0,1
4.618,0,1
4.62,0,1
4.622,0,1
4.624,0,1
4.626,0,1
4.628,0,1
4.63,0,1
4.632,0,1
4.634,0,1
4.636,0,1
4.638,0,1
4.64,0,1
4.642,0,1
4.644,0,1
4.646,0,1
4.648,0,1
4.65,0,1
4.652,0,1
4.654,0,1
4.656,0,1
4.658,0,1
4.66,0,1
4.662,0,1
4.664,0,1
4.666,0,1
4.668,0,1
4.67,0,1
4.672,0,1
4.674,0,1
4.676,0,1
4.678,0,1
4.68,0,1
4.682,0,1
4.684,0,1
4.686,0,1
4.688,0,1
4.69,0,1
4.692,0,1
4.694,0,1
4.696,0,1
4.698,0,1
4.7,0,1
4.702,0,1
4.704,0,1
4.706,0,1
4.708,0,1
4.71,0,1
4.712,0,1
4.714,0,1
4.716,0,1
4.718,0,1
4.72,0,1
4.722,0,1
4.724,0,1
4.726,0,1
4.728,0,1
4.73,0,1
4.732,0,1
4.734,0,1
4.736,0,1
4.738,0,1
4.74,0,1
4.742,0,1
4.744,0,1
4.746,0,1
4.748,0,1
4.75,0,1
4.752,0,1
4.754,0,1
4.756,0,1
4.758,0,1
4.76,0,1
4.762,0,1
4.764,0,1
4.766,0,1
4.768,0,1
4.77,0,1
4.772,0,1
4.774,0,1
4.776,0,1
4.778,0,1
4.78,0,1
4.782,0,1
4.784,0,1
4.786,0,1
4.788,0,1
4.79,0,1
4.792,0,1
4.794,0,1
4.796,0,1
4.798,0,1
4.8,0,1
4.802,0,1
4.804,0,1
4.806,0,1
4.808,0,1
4.81,0,1
4.812,0,1
4.814,0,1
4.816,0,1
4.818,0,1
4.82,0,1
4.822,0,1
4.824,0,1
4.826,0,1
4.828,0,1
4.83,0,1
4.832,0,1
4.834,0,1
4.836,0,1
4.838,0,1
4.84,0,1
4.842,0,1
4.844,0,1
4.846,0,1
4.848,0,1
4.85,0,1
4.852,0,1
4.854,0,1
4.856,0,1
4.858,0,1
4.86,0,1
4.862,0,1
4.864,0,1
4.866,0,1
4.868,0,1
4.87,0,1
4.872,0,1
4.874,0,1
4.876,0,1
4.878,0,1
4.88,0,1
4.882,0,1
4.884,0,1
4.886,0,1
4.888,0,1
4.89,0,1
4.892,0,1
4.894,0,1
4.896,0,1
4.898,0,1
4.9,0,1
4.902,0,1
4.904,0,1
4.906,0,1
4.908,0,1
4.91,0,1
4.912,0,1
4.914,0,1
4.916,0,1
4.918,0,1
4.92,0,1
4.922,0,1
4.924,0,1
4.926,0,1
4.928,0,1
4.93,0,1
4.932,0,1
4.934,0,1
4.936,0,1
4.938,0,1
4.94,0,1
4.942,0,1
4.944,0,1
4.946,0,1
4.948,0,1
4.95,0,1
4.952,0,1
4.954,0,1
4.956,0,1
4.958,0,1
4.96,0,1
4.962,0,1
4.964,0,1
4.966,0,1
4.968,0,1
4.97,0,1
4.972,0,1
4.974,0,1
4.976,0,1
4.978,0,1
4.98,0,1
4.982,0,1
4.984,0,1
4.986,0,1
4.988,0,1
4.99,0,1
4.992,0,1
4.994,0,1
4.996,0,1
4.998,0,1
5,0,1
5,1,1
5.002,1,1
5.004,1,1
5.006,1,1
5.008,1,1
5.01,1,1
5.012,1,1
5.014,1,1
5.016,1,1
5.018,1,1
5.02,1,1
5.022,1,1
5.024,1,1
5.026,1,1
5.028,1,1
5.03,1,1
5.032,1,1
5.034,1,1
5.036,1,1
5.038,1,1
5.04,1,1
5.042,1,1
5.044,1,1
5.046,1,1
5.048,1,1
5.05,1,1
5.052,1,1
5.054,1,1
5.056,1,1
5.058,1,1
5.06,1,1
5.062,1,1
5.064,1,1
5.066,1,1
5.068,1,1
5.07,1,1
5.072,1,1
5.074,1,1
5.076,1,1
5.078,1,1
5.08,1,1
5.082,1,1
5.084,1,1
5.086,1,1
5.088,1,1
5.09,1,1
5.092,1,1
5.094,1,1
5.096,1,1
5.098,1,1
5.1,1,1
5.102,1,1
5.104,1,1
5.106,1,1
5.108,1,1
5.11,1,1
5.112,1,1
5.114,1,1
5.116,1,1
5.118,1,1
5.12,1,1
5.122,1,1
5.124,1,1
5.126,1,1
5.128,1,1
5.13,1,1
5.132,1,1
5.134,1,1
5.136,1,1
5.138,1,1
5.14,1,1
5.142,1,1
5.144,1,1
5.146,1,1
5.148,1,1
5.15,1,1
5.152,1,1
5.154,1,1
5.156,1,1
5.158,1,1
5.16,1,1
5.162,1,1
5.164,1,1
5.166,1,1
5.168,1,1
5.17,1,1
5.172,1,1
5.174,1,1
5.176,1,1
5.178,1,1
5.18,1,1
5.182,1,1
5.184,1,1
5.186,1,1
5.188,1,1
5.19,1,1
5.192,1,1
5.194,1,1
5.196,1,1
5.198,1,1
5.2,1,1
5.202,1,1
5.204,1,1
5.206,1,1
5.208,1,1
5.21,1,1
5.212,1,1
5.214,1,1
5.216,1,1
5.218,1,1
5.22,1,1
5.222,1,1
5.224,1,1
5.226,1,1
5.228,1,1
5.23,1,1
5.232,1,1
5.234,1,1
5.236,1,1
5.238,1,1
5.24,1,1
5.242,1,1
5.244,1,1
5.246,1,1
5.248,1,1
5.25,1,1
5.252,1,1
5.254,1,1
5.256,1,1
5.258,1,1
5.26,1,1
5.262,1,1
5.264,1,1
5.266,1,1
5.268,1,1
5.27,1,1
5.272,1,1
5.274,1,1
5.276,1,1
5.278,1,1
5.28,1,1
5.282,1,1
5.284,1,1
5.286,1,1
5.288,1,1
5.29,1,1
5.292,1,1
5.294,1,1
5.296,1,1
5.298,1,1
5.3,1,1
5.302,1,1
5.304,1,1
5.306,1,1
5.308,1,1
5.31,1,1
5.312,1,1
5.314,1,1
5.316,1,1
5.318,1,1
5.32,1,1
5.322,1,1
5.324,1,1
5.326,1,1
5.328,1,1
5.33,1,1
5.332,1,1
5.334,1,1
5.336,1,1
5.338,1,1
5.34,1,1
5.342,1,1
5.344,1,1
5.346,1,1
5.348,1,1
5.35,1,1
5.352,1,1
5.354,1,1
5.356,1,1
5.358,1,1
5.36,1,1
5.362,1,1
5.364,1,1
5.366,1,1
5.368,1,1
5.37,1,1
5.372,1,1
5.374,1,1
5.376,1,1
5.378,1,1
5.38,1,1
5.382,1,1
5.384,1,1
5.386,1,1
5.388,1,1
5.39,1,1
5.392,1,1
5.394,1,1
5.396,1,1
5.398,1,1
5.4,1,1
5.402,1,1
5.404,1,1
5.406,1,1
5.408,1,1
5.41,1,1
5.412,1,1
5.414,1,1
5.416,1,1
5.418,1,1
5.42,1,1
5.422,1,1
5.424,1,1
5.426,1,1
5.428,1,1
5.43,1,1
5.432,1,1
5.434,1,1
5.436,1,1
5.438,1,1
5.44,1,1
5.442,1,1
5.444,1,1
5.446,1,1
5.448,1,1
5.45,1,1
5.452,1,1
5.454,1,1
5.456,1,1
5.458,1,1
5.46,1,1
5.462,1,1
5.464,1,1
5.466,1,1
5.468,1,1
5.47,1,1
5.472,1,1
5.474,1,1
5.476,1,1
5.478,1,1
5.48,1,1
5.482,1,1
5.484,1,1
5.486,1,1
5.488,1,1
5.49,1,1
5.492,1,1
5.494,1,1
5.496,1,1
5.498,1,1
5.5,1,1
5.5,0,1
5.502,0,1
5.504,0,1
5.506,0,1
5.508,0,1
5.51,0,1
5.512,0,1
5.514,0,1
5.516,0,1
5.518,0,1
5.52,0,1
5.522,0,1
5.524,0,1
5.526,0,1
5.528,0,1
5.53,0,1
5.532,0,1
5.534,0,1
5.536,0,1
5.538,0,1
5.54,0,1
5.542,0,1
5.544,0,1
5.546,0,1
5.548,0,1
5.55,0,1
5.552,0,1
5.554,0,1
5.556,0,1
5.558,0,1
5.56,0,1
5.562,0,1
5.564,0,1
5.566,0,1
5.568,0,1
5.57,0,1
5.572,0,1
5.574,0,1
5.576,0,1
5.578,0,1
5.58,0,1
5.582,0,1
5.584,0,1
5.586,0,1
5.588,0,1
5.59,0,1
5.592,0,1
5.594,0,1
5.596,0,1
5.598,0,1
5.6,0,1
5.6,0,0
5.602,0,0
5.604,0,0
5.606,0,0
5.608,0,0
5.61,0,0
5.612,0,0
5.614,0,0
5.616,0,0
5.618,0,0
5.62,0,0
5.622,0,0
5.624,0,0
5.626,0,0
5.628,0,0
5.63,0,0
5.632,0,0
5.634,0,0
5.636,0,0
5.638,0,0
5.64,0,0
5.642,0,0
5.644,0,0
5.646,0,0
5.648,0,0
5.65,0,0
5.652,0,0
5.654,0,0
5.656,0,0
5.658,0,0
5.66,0,0
5.662,0,0
5.664,0,0
5.666,0,0
5.668,0,0
5.67,0,0
5.672,0,0
5.674,0,0
5.676,0,0
5.678,0,0
5.68,0,0
5.682,0,0
5.684,0,0
5.686,0,0
5.688,0,0
5.69,0,0
5.692,0,0
5.694,0,0
5.696,0,0
5.698,0,0
5.7,0,0
5.702,0,0
5.704,0,0
5.706,0,0
5.708,0,0
5.71,0,0
5.712,0,0
5.714,0,0
5.716,0,0
5.718,0,0
5.72,0,0
5.722,0,0
5.724,0,0
5.726,0,0
5.728,0,0
5.73,0,0
5.732,0,0
5.734,0,0
5.736,0,0
5.738,0,0
5.74,0,0
5.742,0,0
5.744,0,0
5.746,0,0
5.748,0,0
5.75,0,0
5.752,0,0
5.754,0,0
5.756,0,0
5.758,0,0
5.76,0,0
5.762,0,0
5.764,0,0
5.766,0,0
5.768,0,0
5.77,0,0
5.772,0,0
5.774,0,0
5.776,0,0
5.778,0,0
5.78,0,0
5.782,0,0
5.784,0,0
5.786,0,0
5.788,0,0
5.79,0,0
5.792,0,0
5.794,0,0
5.796,0,0
5.798,0,0
5.8,0,0
5.802,0,0
5.804,0,0
5.806,0,0
5.808,0,0
5.81,0,0
5.812,0,0
5.814,0,0
5.816,0,0
5.818,0,0
5.82,0,0
5.822,0,0
5.824,0,0
5.826,0,0
5.828,0,0
5.83,0,0
5.832,0,0
5.834,0,0
5.836,0,0
5.838,0,0
5.84,0,0
5.842,0,0
5.844,0,0
5.846,0,0
5.848,0,0
5.85,0,0
5.852,0,0
5.854,0,0
5.856,0,0
5.858,0,0
5.86,0,0
5.862,0,0
5.864,0,0
5.866,0,0
5.868,0,0
5.87,0,0
5.872,0,0
5.874,0,0
5.876,0,0
5.878,0,0
5.88,0,0
5.882,0,0
5.884,0,0
5.886,0,0
5.888,0,0
5.89,0,0
5.892,0,0
5.894,0,0
5.896,0,0
5.898,0,0
5.9,0,0
5.902,0,0
5.904,0,0
5.906,0,0
5.908,0,0
5.91,0,0
5.912,0,0
5.914,0,0
5.916,0,0
5.918,0,0
5.92,0,0
5.922,0,0
5.924,0,0
5.926,0,0
5.928,0,0
5.93,0,0
5.932,0,0
5.934,0,0
5.936,0,0
5.938,0,0
5.94,0,0
5.942,0,0
5.944,0,0
5.946,0,0
5.948,0,0
5.95,0,0
5.952,0,0
5.954,0,0
5.956,0,0
5.958,0,0
5.96,0,0
5.962,0,0
5.964,0,0
5.966,0,0
5.968,0,0
5.97,0,0
5.972,0,0
5.974,0,0
5.976,0,0
5.978,0,0
5.98,0,0
5.982,0,0
5.984,0,0
5.986,0,0
5.988,0,0
5.99,0,0
5.992,0,0
5.994,0,0
5.996,0,0
5.998,0,0
6,0,0
6,1,1
6.002,1,1
6.004,1,1
6.006,1,1
6.008,1,1
6.01,1,1
6.012,1,1
6.014,1,1
6.016,1,1
6.018,1,1
6.02,1,1
6.022,1,1
6.024,1,1
6.026,1,1
6.028,1,1
6.03,1,1
6.032,1,1
6.034,1,1
6.036,1,1
6.038,1,1
6.04,1,1
6.042,1,1
6.044,1,1
6.046,1,1
6.048,1,1
6.05,1,1
6.052,1,1
6.054,1,1
6.056,1,1
6.058,1,1
6.06,1,1
6.062,1,1
6.064,1,1
6.066,1,1
6.068,1,1
6.07,1,1
6.072,1,1
6.074,1,1
6.076,1,1
6.078,1,1
6.08,1,1
6.082,1,1
6.084,1,1
6.086,1,1
6.088,1,1
6.09,1,1
6.092,1,1
6.094,1,1
6.096,1,1
6.098,1,1
6.1,1,1
6.102,1,1
6.104,1,1
6.106,1,1
6.108,1,1
6.11,1,1
6.112,1,1
6.114,1,1
6.116,1,1
6.118,1,1
6.12,1,1
6.122,1,1
6.124,1,1
6.126,1,1
6.128,1,1
6.13,1,1
6.132,1,1
6.134,1,1
6.136,1,1
6.138,1,1
6.14,1,1
6.142,1,1
6.144,1,1
6.146,1,1
6.148,1,1
6.15,1,1
6.152,1,1
6.154,1,1
6.156,1,1
6.158,1,1
6.16,1,1
6.162,1,1
6.164,1,1
6.166,1,1
6.168,1,1
6.17,1,1
6.172,1,1
6.174,1,1
6.176,1,1
6.178,1,1
6.18,1,1
6.182,1,1
6.184,1,1
6.186,1,1
6.188,1,1
6.19,1,1
6.192,1,1
6.194,1,1
6.196,1,1
6.198,1,1
6.2,1,1
6.202,1,1
6.204,1,1
6.206,1,1
6.208,1,1
6.21,1,1
6.212,1,1
6.214,1,1
6.216,1,1
6.218,1,1
6.22,1,1
6.222,1,1
6.224,1,1
6.226,1,1
6.228,1,1
6.23,1,1
6.232,1,1
6.234,1,1
6.236,1,1
6.238,1,1
6.24,1,1
6.242,1,1
6.244,1,1
6.246,1,1
6.248,1,1
6.25,1,1
6.252,1,1
6.254,1,1
6.256,1,1
6.258,1,1
6.26,1,1
6.262,1,1
6.264,1,1
6.266,1,1
6.268,1,1
6.27,1,1
6.272,1,1
6.274,1,1
6.276,1,1
6.278,1,1
6.28,1,1
6.282,1,1
6.284,1,1
6.286,1,1
6.288,1,1
6.29,1,1
6.292,1,1
6.294,1,1
6.296,1,1
6.298,1,1
6.3,1,1
6.302,1,1
6.304,1,1
6.306,1,1
6.308,1,1
6.31,1,1
6.312,1,1
6.314,1,1
6.316,1,1
6.318,1,1
6.32,1,1
6.322,1,1
6.324,1,1
6.326,1,1
6.328,1,1
6.33,1,1
6.332,1,1
6.334,1,1
6.336,1,1
6.338,1,1
6.34,1,1
6.342,1,1
6.344,1,1
6.346,1,1
6.348,1,1
6.35,1,1
6.352,1,1
6.354,1,1
6.356,1,1
6.358,1,1
6.36,1,1
6.362,1,1
6.364,1,1
6.366,1,1
6.368,1,1
6.37,1,1
6.372,1,1
6.374,1,1
6.376,1,1
6.378,1,1
6.38,1,1
6.382,1,1
6.384,1,1
6.386,1,1
6.388,1,1
6.39,1,1
6.392,1,1
6.394,1,1
6.396,1,1
6.398,1,1
6.4,1,1
6.402,1,1
6.404,1,1
6.406,1,1
6.408,1,1
6.41,1,1
6.412,1,1
6.414,1,1
6.416,1,1
6.418,1,1
6.42,1,1
6.422,1,1
6.424,1,1
6.426,1,1
6.428,1,1
6.43,1,1
6.432,1,1
6.434,1,1
6.436,1,1
6.438,1,1
6.44,1,1
6.442,1,1
6.444,1,1
6.446,1,1
6.448,1,1
6.45,1,1
6.452,1,1
6.454,1,1
6.456,1,1
6.458,1,1
6.46,1,1
6.462,1,1
6.464,1,1
6.466,1,1
6.468,1,1
6.47,1,1
6.472,1,1
6.474,1,1
6.476,1,1
6.478,1,1
6.48,1,1
6.482,1,1
6.484,1,1
6.486,1,1
6.488,1,1
6.49,1,1
6.492,1,1
6.494,1,1
6.496,1,1
6.498,1,1
6.5,1,1
6.5,0,1
6.502,0,1
6.504,0,1
6.506,0,1
6.508,0,1
6.51,0,1
6.512,0,1
6.514,0,1
6.516,0,1
6.518,0,1
6.52,0,1
6.522,0,1
6.524,0,1
6.526,0,1
6.528,0,1
6.53,0,1
6.532,0,1
6.534,0,1
6.536,0,1
6.538,0,1
6.54,0,1
6.542,0,1
6.544,0,1
6.546,0,1
6.548,0,1
6.55,0,1
6.552,0,1
6.554,0,1
6.556,0,1
6.558,0,1
6.56,0,1
6.562,0,1
6.564,0,1
6.566,0,1
6.568,0,1
6.57,0,1
6.572,0,1
6.574,0,1
6.576,0,1
6.578,0,1
6.58,0,1
6.582,0,1
6.584,0,1
6.586,0,1
6.588,0,1
6.59,0,1
6.592,0,1
6.594,0,1
6.596,0,1
6.598,0,1
6.6,0,1
6.602,0,1
6.604,0,1
6.606,0,1
6.608,0,1
6.61,0,1
6.612,0,1
6.614,0,1
6.616,0,1
6.618,0,1
6.62,0,1
6.622,0,1
6.624,0,1
6.626,0,1
6.628,0,1
6.63,0,1
6.632,0,1
6.634,0,1
6.636,0,1
6.638,0,1
6.64,0,1
6.642,0,1
6.644,0,1
6.646,0,1
6.648,0,1
6.65,0,1
6.652,0,1
6.654,0,1
6.656,0,1
6.658,0,1
6.66,0,1
6.662,0,1
6.664,0,1
6.666,0,1
6.668,0,1
6.67,0,1
6.672,0,1
6.674,0,1
6.676,0,1
6.678,0,1
6.68,0,1
6.682,0,1
6.684,0,1
6.686,0,1
6.688,0,1
6.69,0,1
6.692,0,1
6.694,0,1
6.696,0,1
6.698,0,1
6.7,0,1
6.702,0,1
6.704,0,1
6.706,0,1
6.708,0,1
6.71,0,1
6.712,0,1
6.714,0,1
6.716,0,1
6.718,0,1
6.72,0,1
6.722,0,1
6.724,0,1
6.726,0,1
6.728,0,1
6.73,0,1
6.732,0,1
6.734,0,1
6.736,0,1
6.738,0,1
6.74,0,1
6.742,0,1
6.744,0,1
6.746,0,1
6.748,0,1
6.75,0,1
6.752,0,1
6.754,0,1
6.756,0,1
6.758,0,1
6.76,0,1
6.762,0,1
6.764,0,1
6.766,0,1
6.768,0,1
6.77,0,1
6.772,0,1
6.774,0,1
6.776,0,1
6.778,0,1
6.78,0,1
6.782,0,1
6.784,0,1
6.786,0,1
6.788,0,1
6.79,0,1
6.792,0,1
6.794,0,1
6.796,0,1
6.798,0,1
6.8,0,1
6.802,0,1
6.804,0,1
6.806,0,1
6.808,0,1
6.81,0,1
6.812,0,1
6.814,0,1
6.816,0,1
6.818,0,1
6.82,0,1
6.822,0,1
6.824,0,1
6.826,0,1
6.828,0,1
6.83,0,1
6.832,0,1
6.834,0,1
6.836,0,1
6.838,0,1
6.84,0,1
6.842,0,1
6.844,0,1
6.846,0,1
6.848,0,1
6.85,0,1
6.852,0,1
6.854,0,1
6.856,0,1
6.858,0,1
6.86,0,1
6.862,0,1
6.864,0,1
6.866,0,1
6.868,0,1
6.87,0,1
6.872,0,1
6.874,0,1
6.876,0,1
6.878,0,1
6.88,0,1
6.882,0,1
6.884,0,1
6.886,0,1
6.888,0,1
6.89,0,1
6.892,0,1
6.894,0,1
6.896,0,1
6.898,0,1
6.9,0,1
6.902,0,1
6.904,0,1
6.906,0,1
6.908,0,1
6.91,0,1
6.912,0,1
6.914,0,1
6.916,0,1
6.918,0,1
6.92,0,1
6.922,0,1
6.924,0,1
6.926,0,1
6.928,0,1
6.93,0,1
6.932,0,1
6.934,0,1
6.936,0,1
6.938,0,1
6.94,0,1
6.942,0,1
6.944,0,1
6.946,0,1
6.948,0,1
6.95,0,1
6.952,0,1
6.954,0,1
6.956,0,1
6.958,0,1
6.96,0,1
6.962,0,1
6.964,0,1
6.966,0,1
6.968,0,1
6.97,0,1
6.972,0,1
6.974,0,1
6.976,0,1
6.978,0,1
6.98,0,1
6.982,0,1
6.984,0,1
6.986,0,1
6.988,0,1
6.99,0,1
6.992,0,1
6.994,0,1
6.996,0,1
6.998,0,1
7,0,1
7,1,1
7.002,1,1
7.004,1,1
7.006,1,1
7.008,1,1
7.01,1,1
7.012,1,1
7.014,1,1
7.016,1,1
7.018,1,1
7.02,1,1
7.022,1,1
7.024,1,1
7.026,1,1
7.028,1,1
7.03,1,1
7.032,1,1
7.034,1,1
7.036,1,1
7.038,1,1
7.04,1,1
7.042,1,1
7.044,1,1
7.046,1,1
7.048,1,1
7.05,1,1
7.052,1,1
7.054,1,1
7.056,1,1
7.058,1,1
7.06,1,1
7.062,1,1
7.064,1,1
7.066,1,1
7.068,1,1
7.07,1,1
7.072,1,1
7.074,1,1
7.076,1,1
7.078,1,1
7.08,1,1
7.082,1,1
7.084,1,1
7.086,1,1
7.088,1,1
7.09,1,1
7.092,1,1
7.094,1,1
7.096,1,1
7.098,1,1
7.1,1,1
7.102,1,1
7.104,1,1
7.106,1,1
7.108,1,1
7.11,1,1
7.112,1,1
7.114,1,1
7.116,1,1
7.118,1,1
7.12,1,1
7.122,1,1
7.124,1,1
7.126,1,1
7.128,1,1
7.13,1,1
7.132,1,1
7.134,1,1
7.136,1,1
7.138,1,1
7.14,1,1
7.142,1,1
7.144,1,1
7.146,1,1
7.148,1,1
7.15,1,1
7.152,1,1
7.154,1,1
7.156,1,1
7.158,1,1
7.16,1,1
7.162,1,1
7.164,1,1
7.166,1,1
7.168,1,1
7.17,1,1
7.172,1,1
7.174,1,1
7.176,1,1
7.178,1,1
7.18,1,1
7.182,1,1
7.184,1,1
7.186,1,1
7.188,1,1
7.19,1,1
7.192,1,1
7.194,1,1
7.196,1,1
7.198,1,1
7.2,1,1
7.202,1,1
7.204,1,1
7.206,1,1
7.208,1,1
7.21,1,1
7.212,1,1
7.214,1,1
7.216,1,1
7.218,1,1
7.22,1,1
7.222,1,1
7.224,1,1
7.226,1,1
7.228,1,1
7.23,1,1
7.232,1,1
7.234,1,1
7.236,1,1
7.238,1,1
7.24,1,1
7.242,1,1
7.244,1,1
7.246,1,1
7.248,1,1
7.25,1,1
7.252,1,1
7.254,1,1
7.256,1,1
7.258,1,1
7.26,1,1
7.262,1,1
7.264,1,1
7.266,1,1
7.268,1,1
7.27,1,1
7.272,1,1
7.274,1,1
7.276,1,1
7.278,1,1
7.28,1,1
7.282,1,1
7.284,1,1
7.286,1,1
7.288,1,1
7.29,1,1
7.292,1,1
7.294,1,1
7.296,1,1
7.298,1,1
7.3,1,1
7.302,1,1
7.304,1,1
7.306,1,1
7.308,1,1
7.31,1,1
7.312,1,1
7.314,1,1
7.316,1,1
7.318,1,1
7.32,1,1
7.322,1,1
7.324,1,1
7.326,1,1
7.328,1,1
7.33,1,1
7.332,1,1
7.334,1,1
7.336,1,1
7.338,1,1
7.34,1,1
7.342,1,1
7.344,1,1
7.346,1,1
7.348,1,1
7.35,1,1
7.352,1,1
7.354,1,1
7.356,1,1
7.358,1,1
7.36,1,1
7.362,1,1
7.364,1,1
7.366,1,1
7.368,1,1
7.37,1,1
7.372,1,1
7.374,1,1
7.376,1,1
7.378,1,1
7.38,1,1
7.382,1,1
7.384,1,1
7.386,1,1
7.388,1,1
7.39,1,1
7.392,1,1
7.394,1,1
7.396,1,1
7.398,1,1
7.4,1,1
7.402,1,1
7.404,1,1
7.406,1,1
7.408,1,1
7.41,1,1
7.412,1,1
7.414,1,1
7.416,1,1
7.418,1,1
7.42,1,1
7.422,1,1
7.424,1,1
7.426,1,1
7.428,1,1
7.43,1,1
7.432,1,1
7.434,1,1
7.436,1,1
7.438,1,1
7.44,1,1
7.442,1,1
7.444,1,1
7.446,1,1
7.448,1,1
7.45,1,1
7.452,1,1
7.454,1,1
7.456,1,1
7.458,1,1
7.46,1,1
7.462,1,1
7.464,1,1
7.466,1,1
7.468,1,1
7.47,1,1
7.472,1,1
7.474,1,1
7.476,1,1
7.478,1,1
7.48,1,1
7.482,1,1
7.484,1,1
7.486,1,1
7.488,1,1
7.49,1,1
7.492,1,1
7.494,1,1
7.496,1,1
7.498,1,1
7.5,1,1
7.5,0,1
7.502,0,1
7.504,0,1
7.506,0,1
7.508,0,1
7.51,0,1
7.512,0,1
7.514,0,1
7.516,0,1
7.518,0,1
7.52,0,1
7.522,0,1
7.524,0,1
7.526,0,1
7.528,0,1
7.53,0,1
7.532,0,1
7.534,0,1
7.536,0,1
7.538,0,1
7.54,0,1
7.542,0,1
7.544,0,1
7.546,0,1
7.548,0,1
7.55,0,1
7.552,0,1
7.554,0,1
7.556,0,1
7.558,0,1
7.56,0,1
7.562,0,1
7.564,0,1
7.566,0,1
7.568,0,1
7.57,0,1
7.572,0,1
7.574,0,1
7.576,0,1
7.578,0,1
7.58,0,1
7.582,0,1
7.584,0,1
7.586,0,1
7.588,0,1
7.59,0,1
7.592,0,1
7.594,0,1
7.596,0,1
7.598,0,1
7.6,0,1
7.6,0,0
7.602,0,0
7.604,0,0
7.606,0,0
7.608,0,0
7.61,0,0
7.612,0,0
7.614,0,0
7.616,0,0
7.618,0,0
7.62,0,0
7.622,0,0
7.624,0,0
7.626,0,0
7.628,0,0
7.63,0,0
7.632,0,0
7.634,0,0
7.636,0,0
7.638,0,0
7.64,0,0
7.642,0,0
7.644,0,0
7.646,0,0
7.648,0,0
7.65,0,0
7.652,0,0
7.654,0,0
7.656,0,0
7.658,0,0
7.66,0,0
7.662,0,0
7.664,0,0
7.666,0,0
7.668,0,0
7.67,0,0
7.672,0,0
7.674,0,0
7.676,0,0
7.678,0,0
7.68,0,0
7.682,0,0
7.684,0,0
7.686,0,0
7.688,0,0
7.69,0,0
7.692,0,0
7.694,0,0
7.696,0,0
7.698,0,0
7.7,0,0
7.702,0,0
7.704,0,0
7.706,0,0
7.708,0,0
7.71,0,0
7.712,0,0
7.714,0,0
7.716,0,0
7.718,0,0
7.72,0,0
7.722,0,0
7.724,0,0
7.726,0,0
7.728,0,0
7.73,0,0
7.732,0,0
7.734,0,0
7.736,0,0
7.738,0,0
7.74,0,0
7.742,0,0
7.744,0,0
7.746,0,0
7.748,0,0
7.75,0,0
7.752,0,0
7.754,0,0
7.756,0,0
7.758,0,0
7.76,0,0
7.762,0,0
7.764,0,0
7.766,0,0
7.768,0,0
7.77,0,0
7.772,0,0
7.774,0,0
7.776,0,0
7.778,0,0
7.78,0,0
7.782,0,0
7.784,0,0
7.786,0,0
7.788,0,0
7.79,0,0
7.792,0,0
7.794,0,0
7.796,0,0
7.798,0,0
7.8,0,0
7.802,0,0
7.804,0,0
7.806,0,0
7.808,0,0
7.81,0,0
7.812,0,0
7.814,0,0
7.816,0,0
7.818,0,0
7.82,0,0
7.822,0,0
7.824,0,0
7.826,0,0
7.828,0,0
7.83,0,0
7.832,0,0
7.834,0,0
7.836,0,0
7.838,0,0
7.84,0,0
7.842,0,0
7.844,0,0
7.846,0,0
7.848,0,0
7.85,0,0
7.852,0,0
7.854,0,0
7.856,0,0
7.858,0,0
7.86,0,0
7.862,0,0
7.864,0,0
7.866,0,0
7.868,0,0
7.87,0,0
7.872,0,0
7.874,0,0
7.876,0,0
7.878,0,0
7.88,0,0
7.882,0,0
7.884,0,0
7.886,0,0
7.888,0,0
7.89,0,0
7.892,0,0
7.894,0,0
7.896,0,0
7.898,0,0
7.9,0,0
7.902,0,0
7.904,0,0
7.906,0,0
7.908,0,0
7.91,0,0
7.912,0,0
7.914,0,0
7.916,0,0
7.918,0,0
7.92,0,0
7.922,0,0
7.924,0,0
7.926,0,0
7.928,0,0
7.93,0,0
7.932,0,0
7.934,0,0
7.936,0,0
7.938,0,0
7.94,0,0
7.942,0,0
7.944,0,0
7.946,0,0
7.948,0,0
7.95,0,0
7.952,0,0
7.954,0,0
7.956,0,0
7.958,0,0
7.96,0,0
7.962,0,0
7.964,0,0
7.966,0,0
7.968,0,0
7.97,0,0
7.972,0,0
7.974,0,0
7.976,0,0
7.978,0,0
7.98,0,0
7.982,0,0
7.984,0,0
7.986,0,0
7.988,0,0
7.99,0,0
7.992,0,0
7.994,0,0
7.996,0,0
7.998,0,0
8,0,0
8,1,1
8.002,1,1
8.004,1,1
8.006,1,1
8.008,1,1
8.01,1,1
8.012,1,1
8.014,1,1
8.016,1,1
8.018,1,1
8.02,1,1
8.022,1,1
8.024,1,1
8.026,1,1
8.028,1,1
8.03,1,1
8.032,1,1
8.034,1,1
8.036,1,1
8.038,1,1
8.04,1,1
8.042,1,1
8.044,1,1
8.046,1,1
8.048,1,1
8.05,1,1
8.052,1,1
8.054,1,1
8.056,1,1
8.058,1,1
8.06,1,1
8.062,1,1
8.064,1,1
8.066,1,1
8.068,1,1
8.07,1,1
8.072,1,1
8.074,1,1
8.076,1,1
8.078,1,1
8.08,1,1
8.082,1,1
8.084,1,1
8.086,1,1
8.088,1,1
8.09,1,1
8.092,1,1
8.094,1,1
8.096,1,1
8.098,1,1
8.1,1,1
8.102,1,1
8.104,1,1
8.106,1,1
8.108,1,1
8.11,1,1
8.112,1,1
8.114,1,1
8.116,1,1
8.118,1,1
8.12,1,1
8.122,1,1
8.124,1,1
8.126,1,1
8.128,1,1
8.13,1,1
8.132,1,1
8.134,1,1
8.136,1,1
8.138,1,1
8.14,1,1
8.142,1,1
8.144,1,1
8.146,1,1
8.148,1,1
8.15,1,1
8.152,1,1
8.154,1,1
8.156,1,1
8.158,1,1
8.16,1,1
8.162,1,1
8.164,1,1
8.166,1,1
8.168,1,1
8.17,1,1
8.172,1,1
8.174,1,1
8.176,1,1
8.178,1,1
8.18,1,1
8.182,1,1
8.184,1,1
8.186,1,1
8.188,1,1
8.19,1,1
8.192,1,1
8.194,1,1
8.196,1,1
8.198,1,1
8.2,1,1
8.202,1,1
8.204,1,1
8.206,1,1
8.208,1,1
8.21,1,1
8.212,1,1
8.214,1,1
8.216,1,1
8.218,1,1
8.22,1,1
8.222,1,1
8.224,1,1
8.226,1,1
8.228,1,1
8.23,1,1
8.232,1,1
8.234,1,1
8.236,1,1
8.238,1,1
8.24,1,1
8.242,1,1
8.244,1,1
8.246,1,1
8.248,1,1
8.25,1,1
8.252,1,1
8.254,1,1
8.256,1,1
8.258,1,1
8.26,1,1
8.262,1,1
8.264,1,1
8.266,1,1
8.268,1,1
8.27,1,1
8.272,1,1
8.274,1,1
8.276,1,1
8.278,1,1
8.28,1,1
8.282,1,1
8.284,1,1
8.286,1,1
8.288,1,1
8.29,1,1
8.292,1,1
8.294,1,1
8.296,1,1
8.298,1,1
8.3,1,1
8.302,1,1
8.304,1,1
8.306,1,1
8.308,1,1
8.31,1,1
8.312,1,1
8.314,1,1
8.316,1,1
8.318,1,1
8.32,1,1
8.322,1,1
8.324,1,1
8.326,1,1
8.328,1,1
8.33,1,1
8.332,1,1
8.334,1,1
8.336,1,1
8.338,1,1
8.34,1,1
8.342,1,1
8.344,1,1
8.346,1,1
8.348,1,1
8.35,1,1
8.352,1,1
8.354,1,1
8.356,1,1
8.358,1,1
8.36,1,1
8.362,1,1
8.364,1,1
8.366,1,1
8.368,1,1
8.37,1,1
8.372,1,1
8.374,1,1
8.376,1,1
8.378,1,1
8.38,1,1
8.382,1,1
8.384,1,1
8.386,1,1
8.388,1,1
8.39,1,1
8.392,1,1
8.394,1,1
8.396,1,1
8.398,1,1
8.4,1,1
8.402,1,1
8.404,1,1
8.406,1,1
8.408,1,1
8.41,1,1
8.412,1,1
8.414,1,1
8.416,1,1
8.418,1,1
8.42,1,1
8.422,1,1
8.424,1,1
8.426,1,1
8.428,1,1
8.43,1,1
8.432,1,1
8.434,1,1
8.436,1,1
8.438,1,1
8.44,1,1
8.442,1,1
8.444,1,1
8.446,1,1
8.448,1,1
8.45,1,1
8.452,1,1
8.454,1,1
8.456,1,1
8.458,1,1
8.46,1,1
8.462,1,1
8.464,1,1
8.466,1,1
8.468,1,1
8.47,1,1
8.472,1,1
8.474,1,1
8.476,1,1
8.478,1,1
8.48,1,1
8.482,1,1
8.484,1,1
8.486,1,1
8.488,1,1
8.49,1,1
8.492,1,1
8.494,1,1
8.496,1,1
8.498,1,1
8.5,1,1
8.5,0,1
8.502,0,1
8.504,0,1
8.506,0,1
8.508,0,1
8.51,0,1
8.512,0,1
8.514,0,1
8.516,0,1
8.518,0,1
8.52,0,1
8.522,0,1
8.524,0,1
8.526,0,1
8.528,0,1
8.53,0,1
8.532,0,1
8.534,0,1
8.536,0,1
8.538,0,1
8.54,0,1
8.542,0,1
8.544,0,1
8.546,0,1
8.548,0,1
8.55,0,1
8.552,0,1
8.554,0,1
8.556,0,1
8.558,0,1
8.56,0,1
8.562,0,1
8.564,0,1
8.566,0,1
8.568,0,1
8.57,0,1
8.572,0,1
8.574,0,1
8.576,0,1
8.578,0,1
8.58,0,1
8.582,0,1
8.584,0,1
8.586,0,1
8.588,0,1
8.59,0,1
8.592,0,1
8.594,0,1
8.596,0,1
8.598,0,1
8.6,0,1
8.602,0,1
8.604,0,1
8.606,0,1
8.608,0,1
8.61,0,1
8.612,0,1
8.614,0,1
8.616,0,1
8.618,0,1
8.62,0,1
8.622,0,1
8.624,0,1
8.626,0,1
8.628,0,1
8.63,0,1
8.632,0,1
8.634,0,1
8.636,0,1
8.638,0,1
8.64,0,1
8.642,0,1
8.644,0,1
8.646,0,1
8.648,0,1
8.65,0,1
8.652,0,1
8.654,0,1
8.656,0,1
8.658,0,1
8.66,0,1
8.662,0,1
8.664,0,1
8.666,0,1
8.668,0,1
8.67,0,1
8.672,0,1
8.674,0,1
8.676,0,1
8.678,0,1
8.68,0,1
8.682,0,1
8.684,0,1
8.686,0,1
8.688,0,1
8.69,0,1
8.692,0,1
8.694,0,1
8.696,0,1
8.698,0,1
8.7,0,1
8.702,0,1
8.704,0,1
8.706,0,1
8.708,0,1
8.71,0,1
8.712,0,1
8.714,0,1
8.716,0,1
8.718,0,1
8.72,0,1
8.722,0,1
8.724,0,1
8.726,0,1
8.728,0,1
8.73,0,1
8.732,0,1
8.734,0,1
8.736,0,1
8.738,0,1
8.74,0,1
8.742,0,1
8.744,0,1
8.746,0,1
8.748,0,1
8.75,0,1
8.752,0,1
8.754,0,1
8.756,0,1
8.758,0,1
8.76,0,1
8.762,0,1
8.764,0,1
8.766,0,1
8.768,0,1
8.77,0,1
8.772,0,1
8.774,0,1
8.776,0,1
8.778,0,1
8.78,0,1
8.782,0,1
8.784,0,1
8.786,0,1
8.788,0,1
8.79,0,1
8.792,0,1
8.794,0,1
8.796,0,1
8.798,0,1
8.8,0,1
8.802,0,1
8.804,0,1
8.806,0,1
8.808,0,1
8.81,0,1
8.812,0,1
8.814,0,1
8.816,0,1
8.818,0,1
8.82,0,1
8.822,0,1
8.824,0,1
8.826,0,1
8.828,0,1
8.83,0,1
8.832,0,1
8.834,0,1
8.836,0,1
8.838,0,1
8.84,0,1
8.842,0,1
8.844,0,1
8.846,0,1
8.848,0,1
8.85,0,1
8.852,0,1
8.854,0,1
8.856,0,1
8.858,0,1
8.86,0,1
8.862,0,1
8.864,0,1
8.866,0,1
8.868,0,1
8.87,0,1
8.872,0,1
8.874,0,1
8.876,0,1
8.878,0,1
8.88,0,1
8.882,0,1
8.884,0,1
8.886,0,1
8.888,0,1
8.89,0,1
8.892,0,1
8.894,0,1
8.896,0,1
8.898,0,1
8.9,0,1
8.902,0,1
8.904,0,1
8.906,0,1
8.908,0,1
8.91,0,1
8.912,0,1
8.914,0,1
8.916,0,1
8.918,0,1
8.92,0,1
8.922,0,1
8.924,0,1
8.926,0,1
8.928,0,1
8.93,0,1
8.932,0,1
8.934,0,1
8.936,0,1
8.938,0,1
8.94,0,1
8.942,0,1
8.944,0,1
8.946,0,1
8.948,0,1
8.95,0,1
8.952,0,1
8.954,0,1
8.956,0,1
8.958,0,1
8.96,0,1
8.962,0,1
8.964,0,1
8.966,0,1
8.968,0,1
8.97,0,1
8.972,0,1
8.974,0,1
8.976,0,1
8.978,0,1
8.98,0,1
8.982,0,1
8.984,0,1
8.986,0,1
8.988,0,1
8.99,0,1
8.992,0,1
8.994,0,1
8.996,0,1
8.998,0,1
9,0,1
9,1,1
9.002,1,1
9.004,1,1
9.006,1,1
9.008,1,1
9.01,1,1
9.012,1,1
9.014,1,1
9.016,1,1
9.018,1,1
9.02,1,1
9.022,1,1
9.024,1,1
9.026,1,1
9.028,1,1
9.03,1,1
9.032,1,1
9.034,1,1
9.036,1,1
9.038,1,1
9.04,1,1
9.042,1,1
9.044,1,1
9.046,1,1
9.048,1,1
9.05,1,1
9.052,1,1
9.054,1,1
9.056,1,1
9.058,1,1
9.06,1,1
9.062,1,1
9.064,1,1
9.066,1,1
9.068,1,1
9.07,1,1
9.072,1,1
9.074,1,1
9.076,1,1
9.078,1,1
9.08,1,1
9.082,1,1
9.084,1,1
9.086,1,1
9.088,1,1
9.09,1,1
9.092,1,1
9.094,1,1
9.096,1,1
9.098,1,1
9.1,1,1
9.102,1,1
9.104,1,1
9.106,1,1
9.108,1,1
9.11,1,1
9.112,1,1
9.114,1,1
9.116,1,1
9.118,1,1
9.12,1,1
9.122,1,1
9.124,1,1
9.126,1,1
9.128,1,1
9.13,1,1
9.132,1,1
9.134,1,1
9.136,1,1
9.138,1,1
9.14,1,1
9.142,1,1
9.144,1,1
9.146,1,1
9.148,1,1
9.15,1,1
9.152,1,1
9.154,1,1
9.156,1,1
9.158,1,1
9.16,1,1
9.162,1,1
9.164,1,1
9.166,1,1
9.168,1,1
9.17,1,1
9.172,1,1
9.174,1,1
9.176,1,1
9.178,1,1
9.18,1,1
9.182,1,1
9.184,1,1
9.186,1,1
9.188,1,1
9.19,1,1
9.192,1,1
9.194,1,1
9.196,1,1
9.198,1,1
9.2,1,1
9.202,1,1
9.204,1,1
9.206,1,1
9.208,1,1
9.21,1,1
9.212,1,1
9.214,1,1
9.216,1,1
9.218,1,1
9.22,1,1
9.222,1,1
9.224,1,1
9.226,1,1
9.228,1,1
9.23,1,1
9.232,1,1
9.234,1,1
9.236,1,1
9.238,1,1
9.24,1,1
9.242,1,1
9.244,1,1
9.246,1,1
9.248,1,1
9.25,1,1
9.252,1,1
9.254,1,1
9.256,1,1
9.258,1,1
9.26,1,1
9.262,1,1
9.264,1,1
9.266,1,1
9.268,1,1
9.27,1,1
9.272,1,1
9.274,1,1
9.276,1,1
9.278,1,1
9.28,1,1
9.282,1,1
9.284,1,1
9.286,1,1
9.288,1,1
9.29,1,1
9.292,1,1
9.294,1,1
9.296,1,1
9.298,1,1
9.3,1,1
9.302,1,1
9.304,1,1
9.306,1,1
9.308,1,1
9.31,1,1
9.312,1,1
9.314,1,1
9.316,1,1
9.318,1,1
9.32,1,1
9.322,1,1
9.324,1,1
9.326,1,1
9.328,1,1
9.33,1,1
9.332,1,1
9.334,1,1
9.336,1,1
9.338,1,1
9.34,1,1
9.342,1,1
9.344,1,1
9.346,1,1
9.348,1,1
9.35,1,1
9.352,1,1
9.354,1,1
9.356,1,1
9.358,1,1
9.36,1,1
9.362,1,1
9.364,1,1
9.366,1,1
9.368,1,1
9.37,1,1
9.372,1,1
9.374,1,1
9.376,1,1
9.378,1,1
9.38,1,1
9.382,1,1
9.384,1,1
9.386,1,1
9.388,1,1
9.39,1,1
9.392,1,1
9.394,1,1
9.396,1,1
9.398,1,1
9.4,1,1
9.402,1,1
9.404,1,1
9.406,1,1
9.408,1,1
9.41,1,1
9.412,1,1
9.414,1,1
9.416,1,1
9.418,1,1
9.42,1,1
9.422,1,1
9.424,1,1
9.426,1,1
9.428,1,1
9.43,1,1
9.432,1,1
9.434,1,1
9.436,1,1
9.438,1,1
9.44,1,1
9.442,1,1
9.444,1,1
9.446,1,1
9.448,1,1
9.45,1,1
9.452,1,1
9.454,1,1
9.456,1,1
9.458,1,1
9.46,1,1
9.462,1,1
9.464,1,1
9.466,1,1
9.468,1,1
9.47,1,1
9.472,1,1
9.474,1,1
9.476,1,1
9.478,1,1
9.48,1,1
9.482,1,1
9.484,1,1
9.486,1,1
9.488,1,1
9.49,1,1
9.492,1,1
9.494,1,1
9.496,1,1
9.498,1,1
9.5,1,1
9.5,0,1
9.502,0,1
9.504,0,1
9.506,0,1
9.508,0,1
9.51,0,1
9.512,0,1
9.514,0,1
9.516,0,1
9.518,0,1
9.52,0,1
9.522,0,1
9.524,0,1
9.526,0,1
9.528,0,1
9.53,0,1
9.532,0,1
9.534,0,1
9.536,0,1
9.538,0,1
9.54,0,1
9.542,0,1
9.544,0,1
9.546,0,1
9.548,0,1
9.55,0,1
9.552,0,1
9.554,0,1
9.556,0,1
9.558,0,1
9.56,0,1
9.562,0,1
9.564,0,1
9.566,0,1
9.568,0,1
9.57,0,1
9.572,0,1
9.574,0,1
9.576,0,1
9.578,0,1
9.58,0,1
9.582,0,1
9.584,0,1
9.586,0,1
9.588,0,1
9.59,0,1
9.592,0,1
9.594,0,1
9.596,0,1
9.598,0,1
9.6,0,1
9.6,0,0
9.602,0,0
9.604,0,0
9.606,0,0
9.608,0,0
9.61,0,0
9.612,0,0
9.614,0,0
9.616,0,0
9.618,0,0
9.62,0,0
9.622,0,0
9.624,0,0
9.626,0,0
9.628,0,0
9.63,0,0
9.632,0,0
9.634,0,0
9.636,0,0
9.638,0,0
9.64,0,0
9.642,0,0
9.644,0,0
9.646,0,0
9.648,0,0
9.65,0,0
9.652,0,0
9.654,0,0
9.656,0,0
9.658,0,0
9.66,0,0
9.662,0,0
9.664,0,0
9.666,0,0
9.668,0,0
9.67,0,0
9.672,0,0
9.674,0,0
9.676,0,0
9.678,0,0
9.68,0,0
9.682,0,0
9.684,0,0
9.686,0,0
9.688,0,0
9.69,0,0
9.692,0,0
9.694,0,0
9.696,0,0
9.698,0,0
9.7,0,0
9.702,0,0
9.704,0,0
9.706,0,0
9.708,0,0
9.71,0,0
9.712,0,0
9.714,0,0
9.716,0,0
9.718,0,0
9.72,0,0
9.722,0,0
9.724,0,0
9.726,0,0
9.728,0,0
9.73,0,0
9.732,0,0
9.734,0,0
9.736,0,0
9.738,0,0
9.74,0,0
9.742,0,0
9.744,0,0
9.746,0,0
9.748,0,0
9.75,0,0
9.752,0,0
9.754,0,0
9.756,0,0
9.758,0,0
9.76,0,0
9.762,0,0
9.764,0,0
9.766,0,0
9.768,0,0
9.77,0,0
9.772,0,0
9.774,0,0
9.776,0,0
9.778,0,0
9.78,0,0
9.782,0,0
9.784,0,0
9.786,0,0
9.788,0,0
9.79,0,0
9.792,0,0
9.794,0,0
9.796,0,0
9.798,0,0
9.8,0,0
9.802,0,0
9.804,0,0
9.806,0,0
9.808,0,0
9.81,0,0
9.812,0,0
9.814,0,0
9.816,0,0
9.818,0,0
9.82,0,0
9.822,0,0
9.824,0,0
9.826,0,0
9.828,0,0
9.83,0,0
9.832,0,0
9.834,0,0
9.836,0,0
9.838,0,0
9.84,0,0
9.842,0,0
9.844,0,0
9.846,0,0
9.848,0,0
9.85,0,0
9.852,0,0
9.854,0,0
9.856,0,0
9.858,0,0
9.86,0,0
9.862,0,0
9.864,0,0
9.866,0,0
9.868,0,0
9.87,0,0
9.872,0,0
9.874,0,0
9.876,0,0
9.878,0,0
9.88,0,0
9.882,0,0
9.884,0,0
9.886,0,0
9.888,0,0
9.89,0,0
9.892,0,0
9.894,0,0
9.896,0,0
9.898,0,0
9.9,0,0
9.902,0,0
9.904,0,0
9.906,0,0
9.908,0,0
9.91,0,0
9.912,0,0
9.914,0,0
9.916,0,0
9.918,0,0
9.92,0,0
9.922,0,0
9.924,0,0
9.926,0,0
9.928,0,0
9.93,0,0
9.932,0,0
9.934,0,0
9.936,0,0
9.938,0,0
9.94,0,0
9.942,0,0
9.944,0,0
9.946,0,0
9.948,0,0
9.95,0,0
9.952,0,0
9.954,0,0
9.956,0,0
9.958,0,0
9.96,0,0
9.962,0,0
9.964,0,0
9.966,0,0
9.968,0,0
9.97,0,0
9.972,0,0
9.974,0,0
9.976,0,0
9.978,0,0
9.98,0,0
9.982,0,0
9.984,0,0
9.986,0,0
9.988,0,0
9.99,0,0
9.992,0,0
9.994,0,0
9.996,0,0
9.998,0,0
10,0,0
10,1,1
