"time","der_.c.v","der_.opAmp.out.v","der_.opAmp.out.i"
0,0,-15,0.02
0.0005,0.311704799315896,-15,0.0196882952006841
0.001,0.618551495622058,-15,0.0193814485043779
0.0015,0.92061588125701,-15,0.019079384118743
0.002,1.21797254745869,-15,0.0187820274525413
0.0025,1.51069483823998,-15,0.01848930516176
0.003,1.7988550044378,-15,0.0182011449955622
0.0035,2.08252415744267,-15,0.0179174758425573
0.004,2.36177226593403,-15,0.017638227734066
0.0045,2.63666822560838,-15,0.0173633317743916
0.005,2.9072798628417,-15,0.0170927201371583
0.0055,3.17367395226808,-15,0.0168263260477319
0.006,3.43591622738229,-15,0.0165640837726177
0.0065,3.69407139796225,-15,0.0163059286020378
0.007,3.94820316193554,-15,0.0160517968380645
0.0075,4.1983742241462,-15,0.0158016257758538
0.008,4.44464631017569,-15,0.0155553536898243
0.0085,4.68708018170973,-15,0.0153129198182903
0.009,4.92573565963008,-15,0.0150742643403699
0.0095,4.99999999999999,-7.99360577730113e-11,7.99413868435295e-14
0.01,5,0,-0
0.0105,5,0,-0
0.011,5,0,-0
0.0115,5,0,-0
0.012,5,0,-0
0.0125,5,0,-0
0.013,5,0,-0
0.0135,5,0,-0
0.014,5,0,-0
0.0145,5,0,-0
0.015,5,0,-0
0.015,5,-2.66453525910038e-11,2.66471289478432e-14
0.0155,4.76508075991197,15,-0.015015080759912
0.016,4.52911418413995,15,-0.0150291141841399
0.0165,4.29292887311465,15,-0.0150429288731146
0.017,4.05652809939925,15,-0.0150565280993992
0.0175,3.8199152845548,15,-0.0150699152845548
0.018,3.58309380696726,15,-0.0150830938069673
0.0185,3.34606691642144,15,-0.0150960669164214
0.019,3.10883783305184,15,-0.0151088378330518
0.0195,2.8714097284537,15,-0.0151214097284537
0.02,2.63378568856781,15,-0.0151337856885678
0.0205,2.39596876625067,15,-0.0151459687662507
0.021,2.15796197814771,15,-0.0151579619781477
0.0215,1.91976827314779,15,-0.0151697682731478
0.022,1.68139056812582,15,-0.0151813905681258
0.0225,1.44283173566181,15,-0.0151928317356618
0.023,1.20409460691883,15,-0.0152040946069188
0.0235,0.965181946918112,15,-0.0152151819469181
0.024,0.726096489726168,15,-0.0152260964897262
0.0245,0.486840920164079,15,-0.0152368409201641
0.025,0.24741790738372,15,-0.0152474179073837
0.0255,0.00783004839259993,15,-0.0152578300483926
0.026,-0.231920091395875,15,-0.0152680799086041
0.0265,-0.471829971892942,15,-0.0152781700281071
0.027,-0.711897112334201,15,-0.0152881028876658
0.0275,-0.952119063558698,15,-0.0152978809364413
0.028,-1.19249340310135,15,-0.0153075065968987
0.0285,-1.43301776343491,15,-0.0153169822365651
0.029,-1.67368980673904,15,-0.015326310193261
0.0295,-1.91450722408679,15,-0.0153354927759132
0.03,-2.15546775646736,15,-0.0153445322435326
0.0305,-2.39656917404584,15,-0.0153534308259542
0.031,-2.63780927660116,15,-0.0153621907233988
0.0315,-2.87918590619399,15,-0.015370814093806
0.032,-3.12069693489312,15,-0.0153793030651069
0.0325,-3.36234026668786,15,-0.0153876597333121
0.033,-3.60411383948189,15,-0.0153958861605181
0.0335,-3.84601562216636,15,-0.0154039843778336
0.034,-4.088043614596,15,-0.015411956385404
0.0345,-4.33019584695922,15,-0.0154198041530408
0.035,-4.57247038705699,15,-0.015427529612943
0.0355,-4.81291239526815,15,-0.0151870876047318
0.036,-4.99999999998762,1.85731430235592e-07,-1.85743812330941e-10
0.0365,-5,0,-0
0.037,-5,0,-0
0.0375,-5,0,-0
0.038,-5,0,-0
0.0385,-5,0,-0
0.039,-5,0,-0
0.0395,-5,0,-0
0.04,-5,0,-0
0.0405,-5,0,-0
0.041,-5,0,-0
0.0415,-5,0,-0
0.042,-5,0,-0
0.0425,-5,0,-0
0.043,-5,0,-0
0.0435,-5,0,-0
0.044,-5,0,-0
0.0445,-5,0,-0
0.045,-5,0,-0
0.0455,-5,0,-0
0.046,-5,0,-0
0.0465,-5,0,-0
0.047,-5,0,-0
0.0475,-5,0,-0
0.048,-5,0,-0
0.0485,-5,0,-0
0.049,-5,0,-0
0.0495,-5,0,-0
0.05,-5,0,-0
0.0505,-5,0,-0
0.051,-5,0,-0
0.0515,-5,0,-0
0.052,-5,0,-0
0.0525,-5,0,-0
0.053,-5,0,-0
0.0535,-5,0,-0
0.054,-5,0,-0
0.0545,-5,0,-0
0.055,-5,0,-0
0.0555,-5,0,-0
0.056,-5,0,-0
0.0565,-5,0,-0
0.057,-5,0,-0
0.0575,-5,0,-0
0.058,-5,0,-0
0.0585,-5,0,-0
0.059,-5,0,-0
0.0595,-5,0,-0
0.06,-5,0,-0
0.0605,-5,0,-0
0.061,-5,0,-0
0.0615,-5,0,-0
0.062,-5,0,-0
0.0625,-5,0,-0
0.063,-5,0,-0
0.0635,-5,0,-0
0.064,-5,0,-0
0.0645,-5,0,-0
0.065,-5,0,-0
0.06500000001,-5,0,-0
0.06500000001,-5,0,-0
0.0655,-4.76508076462909,-15,0.0150150807596291
0.066,-4.5291141888615,-15,0.0150291141838615
0.0665,-4.29292887784054,-15,0.0150429288728405
0.067,-4.05652810412941,-15,0.0150565280991294
0.0675,-3.81991528928917,-15,0.0150699152842892
0.068,-3.58309381170578,-15,0.0150830938067058
0.0685,-3.34606692116403,-15,0.015096066916164
0.069,-3.10883783779844,-15,0.0151088378327984
0.0695,-2.87140973320425,-15,0.0151214097282043
0.07,-2.63378569332225,-15,0.0151337856883223
0.0705,-2.39596877100894,-15,0.0151459687660089
0.071,-2.15796198290975,-15,0.0151579619779098
0.0715,-1.91976827791354,-15,0.0151697682729135
0.072,-1.68139057289522,-15,0.0151813905678952
0.0725,-1.44283174043481,-15,0.0151928317354348
0.073,-1.20409461169536,-15,0.0152040946066954
0.0735,-0.965181951698132,-15,0.0152151819466981
0.074,-0.726096494509616,-15,0.0152260964895096
0.0745,-0.486840924950902,-15,0.0152368409199509
0.075,-0.247417912173865,-15,0.0152474179071739
0.0755,-0.00783005318601576,-15,0.015257830048186
0.076,0.231920086599239,-15,0.0152680799084008
0.0765,0.471829967093139,-15,0.0152781700279069
0.077,0.711897107531278,-15,0.0152881028874687
0.0775,0.952119058752703,-15,0.0152978809362473
0.078,1.19249339829233,-15,0.0153075065967077
0.0785,1.43301775862291,-15,0.0153169822363771
0.079,1.67368980192412,-15,0.0153263101930759
0.0795,1.91450721926898,-15,0.015335492775731
0.08,2.15546775164671,-15,0.0153445322433533
0.0805,2.39656916922239,-15,0.0153534308257776
0.081,2.63780927177496,-15,0.015362190723225
0.0815,2.87918590136508,-15,0.0153708140936349
0.082,3.12069693006155,-15,0.0153793030649384
0.0825,3.36234026185366,-15,0.0153876597331463
0.083,3.60411383464511,-15,0.0153958861603549
0.0835,3.84601561732704,-15,0.015403984377673
0.084,4.08804360975417,-15,0.0154119563852458
0.0845,4.33019584211493,-15,0.0154198041528851
0.085,4.57247038221028,-15,0.0154275296127897
0.08500000001,4.57247038705698,-15,0.015427529612943
0.08500000001,4.57247038705698,-15,0.015427529612943
0.0855,4.81291239049697,-15,0.015187087609503
0.086,4.99999999998762,-1.85731430235592e-07,1.85743812330941e-10
0.0865,5,0,-0
0.087,5,0,-0
0.0875,5,0,-0
0.088,5,0,-0
0.0885,5,0,-0
0.089,5,0,-0
0.0895,5,0,-0
0.09,5,0,-0
0.0905,5,0,-0
0.091,5,0,-0
0.0915,5,0,-0
0.092,5,0,-0
0.0925,5,0,-0
0.093,5,0,-0
0.0935,5,0,-0
0.094,5,0,-0
0.0945,5,0,-0
0.095,5,0,-0
0.0955,5,0,-0
0.096,5,0,-0
0.0965,5,0,-0
0.097,5,0,-0
0.0975,5,0,-0
0.098,5,0,-0
0.0985,5,0,-0
0.099,5,0,-0
0.0995,5,0,-0
0.1,5,0,-0
0.1005,5,0,-0
0.101,5,0,-0
0.1015,5,0,-0
0.102,5,0,-0
0.1025,5,0,-0
0.103,5,0,-0
0.1035,5,0,-0
0.104,5,0,-0
0.1045,5,0,-0
0.105,5,0,-0
0.1055,5,0,-0
0.106,5,0,-0
0.1065,5,0,-0
0.107,5,0,-0
0.1075,5,0,-0
0.108,5,0,-0
0.1085,5,0,-0
0.109,5,0,-0
0.1095,5,0,-0
0.11,5,0,-0
0.1105,5,0,-0
0.111,5,0,-0
0.1115,5,0,-0
0.112,5,0,-0
0.1125,5,0,-0
0.113,5,0,-0
0.1135,5,0,-0
0.114,5,0,-0
0.1145,5,0,-0
0.115,5,0,-0
0.11500000001,5,0,-0
0.11500000001,5,-2.66453525910038e-11,2.66471289478432e-14
0.1155,4.76508076462908,15,-0.0150150807596291
0.116,4.52911418886147,15,-0.0150291141838615
0.1165,4.29292887784052,15,-0.0150429288728405
0.117,4.05652810412939,15,-0.0150565280991294
0.1175,3.81991528928916,15,-0.0150699152842892
0.118,3.58309381170576,15,-0.0150830938067058
0.1185,3.34606692116401,15,-0.015096066916164
0.119,3.10883783779843,15,-0.0151088378327984
0.1195,2.87140973320423,15,-0.0151214097282042
0.12,2.63378569332223,15,-0.0151337856883222
0.1205,2.39596877100892,15,-0.0151459687660089
0.121,2.15796198290973,15,-0.0151579619779097
0.1215,1.91976827791352,15,-0.0151697682729135
0.122,1.6813905728952,15,-0.0151813905678952
0.1225,1.44283174043479,15,-0.0151928317354348
0.123,1.20409461169534,15,-0.0152040946066953
0.1235,0.96518195169811,15,-0.0152151819466981
0.124,0.726096494509595,15,-0.0152260964895096
0.1245,0.486840924950882,15,-0.0152368409199509
0.125,0.247417912173846,15,-0.0152474179071738
0.1255,0.00783005318599671,15,-0.015257830048186
0.126,-0.231920086599257,15,-0.0152680799084007
0.1265,-0.471829967093156,15,-0.0152781700279068
0.127,-0.711897107531295,15,-0.0152881028874687
0.1275,-0.952119058752719,15,-0.0152978809362473
0.128,-1.19249339829234,15,-0.0153075065967077
0.1285,-1.43301775862293,15,-0.0153169822363771
0.129,-1.67368980192413,15,-0.0153263101930759
0.1295,-1.914507219269,15,-0.015335492775731
0.13,-2.15546775164673,15,-0.0153445322433533
0.1305,-2.3965691692224,15,-0.0153534308257776
0.131,-2.63780927177497,15,-0.015362190723225
0.1315,-2.87918590136509,15,-0.0153708140936349
0.132,-3.12069693006156,15,-0.0153793030649384
0.1325,-3.36234026185367,15,-0.0153876597331463
0.133,-3.60411383464512,15,-0.0153958861603549
0.1335,-3.84601561732705,15,-0.015403984377673
0.134,-4.08804360975418,15,-0.0154119563852458
0.1345,-4.33019584211494,15,-0.0154198041528851
0.135,-4.57247038221028,15,-0.0154275296127897
0.13500000001,-4.57247038705698,15,-0.015427529612943
0.1355,-4.81291239049695,15,-0.015187087609503
0.136,-4.99999999998762,1.85731430235592e-07,-1.85743812330941e-10
0.1365,-5,0,-0
0.137,-5,0,-0
0.1375,-5,0,-0
0.138,-5,0,-0
0.1385,-5,0,-0
0.139,-5,0,-0
0.1395,-5,0,-0
0.14,-5,0,-0
0.1405,-5,0,-0
0.141,-5,0,-0
0.1415,-5,0,-0
0.142,-5,0,-0
0.1425,-5,0,-0
0.143,-5,0,-0
0.1435,-5,0,-0
0.144,-5,0,-0
0.1445,-5,0,-0
0.145,-5,0,-0
0.1455,-5,0,-0
0.146,-5,0,-0
0.1465,-5,0,-0
0.147,-5,0,-0
0.1475,-5,0,-0
0.148,-5,0,-0
0.1485,-5,0,-0
0.149,-5,0,-0
0.1495,-5,0,-0
0.15,-5,0,-0
0.1505,-5,0,-0
0.151,-5,0,-0
0.1515,-5,0,-0
0.152,-5,0,-0
0.1525,-5,0,-0
0.153,-5,0,-0
0.1535,-5,0,-0
0.154,-5,0,-0
0.1545,-5,0,-0
0.155,-5,0,-0
0.1555,-5,0,-0
0.156,-5,0,-0
0.1565,-5,0,-0
0.157,-5,0,-0
0.1575,-5,0,-0
0.158,-5,0,-0
0.1585,-5,0,-0
0.159,-5,0,-0
0.1595,-5,0,-0
0.16,-5,0,-0
0.1605,-5,0,-0
0.161,-5,0,-0
0.1615,-5,0,-0
0.162,-5,0,-0
0.1625,-5,0,-0
0.163,-5,0,-0
0.1635,-5,0,-0
0.164,-5,0,-0
0.1645,-5,0,-0
0.165,-5,0,-0
0.16500000001,-5,0,-0
0.16500000001,-5,0,-0
0.1655,-4.76508076462909,-15,0.0150150807596291
0.166,-4.52911418886149,-15,0.0150291141838615
0.1665,-4.29292887784053,-15,0.0150429288728405
0.167,-4.0565281041294,-15,0.0150565280991294
0.1675,-3.81991528928917,-15,0.0150699152842892
0.168,-3.58309381170577,-15,0.0150830938067058
0.1685,-3.34606692116402,-15,0.015096066916164
0.169,-3.10883783779843,-15,0.0151088378327984
0.1695,-2.87140973320424,-15,0.0151214097282042
0.17,-2.63378569332223,-15,0.0151337856883222
0.1705,-2.39596877100892,-15,0.0151459687660089
0.171,-2.15796198290973,-15,0.0151579619779097
0.1715,-1.91976827791352,-15,0.0151697682729135
0.172,-1.6813905728952,-15,0.0151813905678952
0.1725,-1.44283174043479,-15,0.0151928317354348
0.173,-1.20409461169534,-15,0.0152040946066953
0.1735,-0.965181951698106,-15,0.0152151819466981
0.174,-0.72609649450959,-15,0.0152260964895096
0.1745,-0.486840924950877,-15,0.0152368409199509
0.175,-0.24741791217384,-15,0.0152474179071738
0.1755,-0.00783005318599124,-15,0.015257830048186
0.176,0.23192008659925,-15,0.0152680799084007
0.1765,0.47182996709315,-15,0.0152781700279068
0.177,0.711897107531288,-15,0.0152881028874687
0.1775,0.952119058752713,-15,0.0152978809362473
0.178,1.19249339829234,-15,0.0153075065967077
0.1785,1.43301775862292,-15,0.0153169822363771
0.179,1.67368980192413,-15,0.0153263101930759
0.1795,1.91450721926899,-15,0.015335492775731
0.18,2.15546775164672,-15,0.0153445322433533
0.1805,2.3965691692224,-15,0.0153534308257776
0.181,2.63780927177497,-15,0.015362190723225
0.1815,2.87918590136509,-15,0.0153708140936349
0.182,3.12069693006156,-15,0.0153793030649384
0.1825,3.36234026185367,-15,0.0153876597331463
0.183,3.60411383464512,-15,0.0153958861603549
0.1835,3.84601561732704,-15,0.0154039843776729
0.184,4.08804360975417,-15,0.0154119563852458
0.1845,4.33019584211493,-15,0.0154198041528851
0.185,4.57247038221028,-15,0.0154275296127897
0.18500000001,4.57247038705698,-15,0.015427529612943
0.18500000001,4.57247038705698,-15,0.015427529612943
0.1855,4.81291239049695,-15,0.015187087609503
0.186,4.99999999998762,-1.85731430235592e-07,1.85743812330941e-10
0.1865,5,0,-0
0.187,5,0,-0
0.1875,5,0,-0
0.188,5,0,-0
0.1885,5,0,-0
0.189,5,0,-0
0.1895,5,0,-0
0.19,5,0,-0
0.1905,5,0,-0
0.191,5,0,-0
0.1915,5,0,-0
0.192,5,0,-0
0.1925,5,0,-0
0.193,5,0,-0
0.1935,5,0,-0
0.194,5,0,-0
0.1945,5,0,-0
0.195,5,0,-0
0.1955,5,0,-0
0.196,5,0,-0
0.1965,5,0,-0
0.197,5,0,-0
0.1975,5,0,-0
0.198,5,0,-0
0.1985,5,0,-0
0.199,5,0,-0
0.1995,5,0,-0
0.2,5,0,-0
0.2005,5,0,-0
0.201,5,0,-0
0.2015,5,0,-0
0.202,5,0,-0
0.2025,5,0,-0
0.203,5,0,-0
0.2035,5,0,-0
0.204,5,0,-0
0.2045,5,0,-0
0.205,5,0,-0
0.2055,5,0,-0
0.206,5,0,-0
0.2065,5,0,-0
0.207,5,0,-0
0.2075,5,0,-0
0.208,5,0,-0
0.2085,5,0,-0
0.209,5,0,-0
0.2095,5,0,-0
0.21,5,0,-0
0.2105,5,0,-0
0.211,5,0,-0
0.2115,5,0,-0
0.212,5,0,-0
0.2125,5,0,-0
0.213,5,0,-0
0.2135,5,0,-0
0.214,5,0,-0
0.2145,5,0,-0
0.215,5,0,-0
0.21500000001,5,0,-0
0.21500000001,5,7.99360577730113e-11,-7.99413868435295e-14
0.2155,4.76508076462912,15,-0.0150150807596291
0.216,4.52911418886151,15,-0.0150291141838615
0.2165,4.29292887784054,15,-0.0150429288728405
0.217,4.05652810412941,15,-0.0150565280991294
0.2175,3.81991528928917,15,-0.0150699152842892
0.218,3.58309381170578,15,-0.0150830938067058
0.2185,3.34606692116403,15,-0.015096066916164
0.219,3.10883783779844,15,-0.0151088378327984
0.2195,2.87140973320425,15,-0.0151214097282042
0.22,2.63378569332225,15,-0.0151337856883222
0.2205,2.39596877100894,15,-0.0151459687660089
0.221,2.15796198290975,15,-0.0151579619779097
0.2215,1.91976827791354,15,-0.0151697682729135
0.222,1.68139057289523,15,-0.0151813905678952
0.2225,1.44283174043481,15,-0.0151928317354348
0.223,1.20409461169537,15,-0.0152040946066954
0.2235,0.96518195169814,15,-0.0152151819466981
0.224,0.726096494509625,15,-0.0152260964895096
0.2245,0.486840924950917,15,-0.0152368409199509
0.225,0.24741791217388,15,-0.0152474179071739
0.2255,0.00783005318603095,15,-0.015257830048186
0.226,-0.231920086599218,15,-0.0152680799084008
0.2265,-0.471829967093117,15,-0.0152781700279069
0.227,-0.711897107531257,15,-0.0152881028874687
0.2275,-0.952119058752675,15,-0.0152978809362473
0.228,-1.1924933982923,15,-0.0153075065967077
0.2285,-1.43301775862288,15,-0.0153169822363771
0.229,-1.67368980192409,15,-0.0153263101930759
0.2295,-1.91450721926895,15,-0.015335492775731
0.23,-2.15546775164668,15,-0.0153445322433533
0.2305,-2.39656916922235,15,-0.0153534308257776
0.231,-2.63780927177492,15,-0.0153621907232251
0.2315,-2.87918590136504,15,-0.015370814093635
0.232,-3.12069693006151,15,-0.0153793030649385
0.2325,-3.36234026185363,15,-0.0153876597331464
0.233,-3.60411383464508,15,-0.0153958861603549
0.2335,-3.846015617327,15,-0.015403984377673
0.234,-4.08804360975413,15,-0.0154119563852459
0.2345,-4.33019584211489,15,-0.0154198041528851
0.235,-4.57247038221024,15,-0.0154275296127898
0.23500000001,-4.57247038705694,15,-0.0154275296129431
0.2355,-4.81291239049691,15,-0.0151870876095031
0.236,-4.99999999998762,1.85731430235592e-07,-1.85743812330941e-10
0.2365,-5,0,-0
0.237,-5,0,-0
0.2375,-5,0,-0
0.238,-5,0,-0
0.2385,-5,0,-0
0.239,-5,0,-0
0.2395,-5,0,-0
0.24,-5,0,-0
0.2405,-5,0,-0
0.241,-5,0,-0
0.2415,-5,0,-0
0.242,-5,0,-0
0.2425,-5,0,-0
0.243,-5,0,-0
0.2435,-5,0,-0
0.244,-5,0,-0
0.2445,-5,0,-0
0.245,-5,0,-0
0.2455,-5,0,-0
0.246,-5,0,-0
0.2465,-5,0,-0
0.247,-5,0,-0
0.2475,-5,0,-0
0.248,-5,0,-0
0.2485,-5,0,-0
0.249,-5,0,-0
0.2495,-5,0,-0
0.25,-5,0,-0
0.2505,-5,0,-0
0.251,-5,0,-0
0.2515,-5,0,-0
0.252,-5,0,-0
0.2525,-5,0,-0
0.253,-5,0,-0
0.2535,-5,0,-0
0.254,-5,0,-0
0.2545,-5,0,-0
0.255,-5,0,-0
0.2555,-5,0,-0
0.256,-5,0,-0
0.2565,-5,0,-0
0.257,-5,0,-0
0.2575,-5,0,-0
0.258,-5,0,-0
0.2585,-5,0,-0
0.259,-5,0,-0
0.2595,-5,0,-0
0.26,-5,0,-0
0.2605,-5,0,-0
0.261,-5,0,-0
0.2615,-5,0,-0
0.262,-5,0,-0
0.2625,-5,0,-0
0.263,-5,0,-0
0.2635,-5,0,-0
0.264,-5,0,-0
0.2645,-5,0,-0
0.265,-5,0,-0
0.265000000010145,-5,0,-0
0.265000000010145,-5,0,-0
0.2655,-4.76508076469733,-15,0.0150150807596251
0.266,-4.52911418892979,-15,0.0150291141838575
0.2665,-4.29292887790888,-15,0.0150429288728366
0.267,-4.05652810419781,-15,0.0150565280991255
0.2675,-3.81991528935763,-15,0.0150699152842854
0.268,-3.58309381177429,-15,0.015083093806702
0.2685,-3.3460669212326,-15,0.0150960669161603
0.269,-3.10883783786707,-15,0.0151088378327948
0.2695,-2.87140973327293,-15,0.0151214097282007
0.27,-2.63378569339098,-15,0.0151337856883187
0.2705,-2.39596877107772,-15,0.0151459687660054
0.271,-2.15796198297858,-15,0.0151579619779063
0.2715,-1.91976827798243,-15,0.0151697682729102
0.272,-1.68139057296416,-15,0.0151813905678919
0.2725,-1.4428317405038,-15,0.0151928317354315
0.273,-1.2040946117644,-15,0.0152040946066921
0.2735,-0.965181951767218,-15,0.0152151819466949
0.274,-0.726096494578752,-15,0.0152260964895065
0.2745,-0.486840925020086,-15,0.0152368409199478
0.275,-0.247417912243097,-15,0.0152474179071708
0.2755,-0.00783005325529498,-15,0.015257830048183
0.276,0.231920086529914,-15,0.0152680799083978
0.2765,0.471829967023768,-15,0.015278170027904
0.277,0.711897107461862,-15,0.0152881028874659
0.2775,0.952119058683243,-15,0.0152978809362445
0.278,1.19249339822282,-15,0.0153075065967049
0.2785,1.43301775855336,-15,0.0153169822363744
0.279,1.67368980185453,-15,0.0153263101930732
0.2795,1.91450721919935,-15,0.0153354927757284
0.28,2.15546775157704,-15,0.0153445322433507
0.2805,2.39656916915268,-15,0.0153534308257751
0.281,2.63780927170521,-15,0.0153621907232225
0.2815,2.87918590129529,-15,0.0153708140936324
0.282,3.12069692999172,-15,0.015379303064936
0.2825,3.3623402617838,-15,0.0153876597331439
0.283,3.60411383457521,-15,0.0153958861603525
0.2835,3.8460156172571,-15,0.0154039843776706
0.284,4.08804360968419,-15,0.0154119563852435
0.2845,4.33019584204492,-15,0.0154198041528828
0.285,4.57247038214023,-15,0.0154275296127875
0.285000000010145,4.57247038705699,-15,0.015427529612943
0.285000000010145,4.57247038705699,-15,0.015427529612943
0.2855,4.81291239042798,-15,0.015187087609572
0.286,4.99999999998762,-1.85744752911887e-07,1.85757135895415e-10
0.2865,5,0,-0
0.287,5,0,-0
0.2875,5,0,-0
0.288,5,0,-0
0.2885,5,0,-0
0.289,5,0,-0
0.2895,5,0,-0
0.29,5,0,-0
0.2905,5,0,-0
0.291,5,0,-0
0.2915,5,0,-0
0.292,5,0,-0
0.2925,5,0,-0
0.293,5,0,-0
0.2935,5,0,-0
0.294,5,0,-0
0.2945,5,0,-0
0.295,5,0,-0
0.2955,5,0,-0
0.296,5,0,-0
0.2965,5,0,-0
0.297,5,0,-0
0.2975,5,0,-0
0.298,5,0,-0
0.2985,5,0,-0
0.299,5,0,-0
0.2995,5,0,-0
0.3,5,0,-0
0.3005,5,0,-0
0.301,5,0,-0
0.3015,5,0,-0
0.302,5,0,-0
0.3025,5,0,-0
0.303,5,0,-0
0.3035,5,0,-0
0.304,5,0,-0
0.3045,5,0,-0
0.305,5,0,-0
0.3055,5,0,-0
0.306,5,0,-0
0.3065,5,0,-0
0.307,5,0,-0
0.3075,5,0,-0
0.308,5,0,-0
0.3085,5,0,-0
0.309,5,0,-0
0.3095,5,0,-0
0.31,5,0,-0
0.3105,5,0,-0
0.311,5,0,-0
0.3115,5,0,-0
0.312,5,0,-0
0.3125,5,0,-0
0.313,5,0,-0
0.3135,5,0,-0
0.314,5,0,-0
0.3145,5,0,-0
0.315,5,0,-0
0.315000000010145,5,0,-0
0.315000000010145,5,-1.33226762955019e-10,1.33235644739216e-13
0.3155,4.7650807646973,15,-0.015015080759625
0.316,4.52911418892976,15,-0.0150291141838575
0.3165,4.29292887790887,15,-0.0150429288728366
0.317,4.05652810419781,15,-0.0150565280991255
0.3175,3.81991528935763,15,-0.0150699152842853
0.318,3.58309381177429,15,-0.015083093806702
0.3185,3.3460669212326,15,-0.0150960669161603
0.319,3.10883783786707,15,-0.0151088378327948
0.3195,2.87140973327293,15,-0.0151214097282006
0.32,2.63378569339098,15,-0.0151337856883187
0.3205,2.39596877107773,15,-0.0151459687660054
0.321,2.15796198297859,15,-0.0151579619779063
0.3215,1.91976827798243,15,-0.0151697682729101
0.322,1.68139057296416,15,-0.0151813905678919
0.3225,1.4428317405038,15,-0.0151928317354315
0.323,1.2040946117644,15,-0.0152040946066921
0.3235,0.965181951767216,15,-0.0152151819466949
0.324,0.72609649457875,15,-0.0152260964895065
0.3245,0.486840925020082,15,-0.0152368409199478
0.325,0.247417912243093,15,-0.0152474179071708
0.3255,0.0078300532552917,15,-0.015257830048183
0.326,-0.23192008652992,15,-0.0152680799083978
0.3265,-0.471829967023773,15,-0.0152781700279039
0.327,-0.711897107461867,15,-0.0152881028874659
0.3275,-0.95211905868325,15,-0.0152978809362445
0.328,-1.19249339822283,15,-0.0153075065967049
0.3285,-1.43301775855337,15,-0.0153169822363744
0.329,-1.67368980185454,15,-0.0153263101930732
0.3295,-1.91450721919936,15,-0.0153354927757284
0.33,-2.15546775157705,15,-0.0153445322433507
0.3305,-2.39656916915269,15,-0.015353430825775
0.331,-2.63780927170522,15,-0.0153621907232225
0.3315,-2.8791859012953,15,-0.0153708140936324
0.332,-3.12069692999174,15,-0.015379303064936
0.3325,-3.36234026178381,15,-0.0153876597331439
0.333,-3.60411383457522,15,-0.0153958861603525
0.3335,-3.84601561725711,15,-0.0154039843776706
0.334,-4.0880436096842,15,-0.0154119563852435
0.3345,-4.33019584204493,15,-0.0154198041528828
0.335,-4.57247038214024,15,-0.0154275296127875
0.335000000010145,-4.572470387057,15,-0.015427529612943
0.3355,-4.81291239042799,15,-0.015187087609572
0.336,-4.99999999998762,1.85744752911887e-07,-1.85757135895415e-10
0.3365,-5,0,-0
0.337,-5,0,-0
0.3375,-5,0,-0
0.338,-5,0,-0
0.3385,-5,0,-0
0.339,-5,0,-0
0.3395,-5,0,-0
0.34,-5,0,-0
0.3405,-5,0,-0
0.341,-5,0,-0
0.3415,-5,0,-0
0.342,-5,0,-0
0.3425,-5,0,-0
0.343,-5,0,-0
0.3435,-5,0,-0
0.344,-5,0,-0
0.3445,-5,0,-0
0.345,-5,0,-0
0.3455,-5,0,-0
0.346,-5,0,-0
0.3465,-5,0,-0
0.347,-5,0,-0
0.3475,-5,0,-0
0.348,-5,0,-0
0.3485,-5,0,-0
0.349,-5,0,-0
0.3495,-5,0,-0
0.35,-5,0,-0
0.3505,-5,0,-0
0.351,-5,0,-0
0.3515,-5,0,-0
0.352,-5,0,-0
0.3525,-5,0,-0
0.353,-5,0,-0
0.3535,-5,0,-0
0.354,-5,0,-0
0.3545,-5,0,-0
0.355,-5,0,-0
0.3555,-5,0,-0
0.356,-5,0,-0
0.3565,-5,0,-0
0.357,-5,0,-0
0.3575,-5,0,-0
0.358,-5,0,-0
0.3585,-5,0,-0
0.359,-5,0,-0
0.3595,-5,0,-0
0.36,-5,0,-0
0.3605,-5,0,-0
0.361,-5,0,-0
0.3615,-5,0,-0
0.362,-5,0,-0
0.3625,-5,0,-0
0.363,-5,0,-0
0.3635,-5,0,-0
0.364,-5,0,-0
0.3645,-5,0,-0
0.365,-5,0,-0
0.36500000001,-5,0,-0
0.36500000001,-5,0,-0
0.3655,-4.76508076462909,-15,0.0150150807596291
0.366,-4.52911418886151,-15,0.0150291141838615
0.3665,-4.29292887784055,-15,0.0150429288728406
0.367,-4.05652810412942,-15,0.0150565280991294
0.3675,-3.81991528928918,-15,0.0150699152842892
0.368,-3.58309381170578,-15,0.0150830938067058
0.3685,-3.34606692116403,-15,0.015096066916164
0.369,-3.10883783779843,-15,0.0151088378327984
0.3695,-2.87140973320423,-15,0.0151214097282042
0.37,-2.63378569332223,-15,0.0151337856883222
0.3705,-2.39596877100891,-15,0.0151459687660089
0.371,-2.15796198290971,-15,0.0151579619779097
0.3715,-1.9197682779135,-15,0.0151697682729135
0.372,-1.68139057289517,-15,0.0151813905678952
0.3725,-1.44283174043476,-15,0.0151928317354348
0.373,-1.2040946116953,-15,0.0152040946066953
0.3735,-0.965181951698064,-15,0.0152151819466981
0.374,-0.726096494509548,-15,0.0152260964895096
0.3745,-0.486840924950823,-15,0.0152368409199508
0.375,-0.247417912173787,-15,0.0152474179071738
0.3755,-0.00783005318593858,-15,0.0152578300481859
0.376,0.231920086599329,-15,0.0152680799084007
0.3765,0.471829967093227,-15,0.0152781700279068
0.377,0.711897107531365,-15,0.0152881028874686
0.3775,0.952119058752802,-15,0.0152978809362472
0.378,1.19249339829243,-15,0.0153075065967076
0.3785,1.43301775862301,-15,0.015316982236377
0.379,1.67368980192423,-15,0.0153263101930758
0.3795,1.91450721926909,-15,0.0153354927757309
0.38,2.15546775164682,-15,0.0153445322433532
0.3805,2.39656916922251,-15,0.0153534308257775
0.381,2.63780927177507,-15,0.0153621907232249
0.3815,2.8791859013652,-15,0.0153708140936348
0.382,3.12069693006166,-15,0.0153793030649383
0.3825,3.36234026185377,-15,0.0153876597331462
0.383,3.60411383464522,-15,0.0153958861603548
0.3835,3.84601561732714,-15,0.0154039843776729
0.384,4.08804360975427,-15,0.0154119563852457
0.3845,4.33019584211503,-15,0.015419804152885
0.385,4.57247038221038,-15,0.0154275296127896
0.38500000001,4.57247038705708,-15,0.0154275296129429
0.38500000001,4.57247038705708,-15,0.0154275296129429
0.3855,4.81291239049703,-15,0.015187087609503
0.386,4.99999999998762,-1.85731430235592e-07,1.85743812330941e-10
0.3865,5,0,-0
0.387,5,0,-0
0.3875,5,0,-0
0.388,5,0,-0
0.3885,5,0,-0
0.389,5,0,-0
0.3895,5,0,-0
0.39,5,0,-0
0.3905,5,0,-0
0.391,5,0,-0
0.3915,5,0,-0
0.392,5,0,-0
0.3925,5,0,-0
0.393,5,0,-0
0.3935,5,0,-0
0.394,5,0,-0
0.3945,5,0,-0
0.395,5,0,-0
0.3955,5,0,-0
0.396,5,0,-0
0.3965,5,0,-0
0.397,5,0,-0
0.3975,5,0,-0
0.398,5,0,-0
0.3985,5,0,-0
0.399,5,0,-0
0.3995,5,0,-0
0.4,5,0,-0
0.4005,5,0,-0
0.401,5,0,-0
0.4015,5,0,-0
0.402,5,0,-0
0.4025,5,0,-0
0.403,5,0,-0
0.4035,5,0,-0
0.404,5,1.33226762955019e-11,-1.33235644739216e-14
0.4045,5,1.33226762955019e-11,-1.33235644739216e-14
0.405,5,1.33226762955019e-11,-1.33235644739216e-14
0.4055,5,1.33226762955019e-11,-1.33235644739216e-14
0.406,5,1.33226762955019e-11,-1.33235644739216e-14
0.4065,5,1.33226762955019e-11,-1.33235644739216e-14
0.407,5,1.33226762955019e-11,-1.33235644739216e-14
0.4075,5,1.33226762955019e-11,-1.33235644739216e-14
0.408,5,1.33226762955019e-11,-1.33235644739216e-14
0.4085,5,1.33226762955019e-11,-1.33235644739216e-14
0.409,5,1.33226762955019e-11,-1.33235644739216e-14
0.4095,5,1.33226762955019e-11,-1.33235644739216e-14
0.41,5,1.33226762955019e-11,-1.33235644739216e-14
0.4105,5,1.33226762955019e-11,-1.33235644739216e-14
0.411,5,1.33226762955019e-11,-1.33235644739216e-14
0.4115,5,1.33226762955019e-11,-1.33235644739216e-14
0.412,5,1.33226762955019e-11,-1.33235644739216e-14
0.4125,5,1.33226762955019e-11,-1.33235644739216e-14
0.413,5,1.33226762955019e-11,-1.33235644739216e-14
0.4135,5,1.33226762955019e-11,-1.33235644739216e-14
0.414,5,1.33226762955019e-11,-1.33235644739216e-14
0.4145,5,1.33226762955019e-11,-1.33235644739216e-14
0.415,5,1.33226762955019e-11,-1.33235644739216e-14
0.41500000001,5,1.33226762955019e-11,-1.33235644739216e-14
0.41500000001,5,-1.19904086659517e-10,1.19912080265294e-13
0.4155,4.76508076462906,15,-0.0150150807596291
0.416,4.52911418886143,15,-0.0150291141838615
0.4165,4.2929288778405,15,-0.0150429288728405
0.417,4.05652810412938,15,-0.0150565280991294
0.4175,3.81991528928915,15,-0.0150699152842891
0.418,3.58309381170576,15,-0.0150830938067058
0.4185,3.34606692116401,15,-0.015096066916164
0.419,3.10883783779843,15,-0.0151088378327984
0.4195,2.87140973320424,15,-0.0151214097282042
0.42,2.63378569332223,15,-0.0151337856883222
0.4205,2.39596877100892,15,-0.0151459687660089
0.421,2.15796198290973,15,-0.0151579619779097
0.4215,1.91976827791352,15,-0.0151697682729135
0.422,1.68139057289521,15,-0.0151813905678952
0.4225,1.4428317404348,15,-0.0151928317354348
0.423,1.20409461169536,15,-0.0152040946066954
0.4235,0.965181951698124,15,-0.0152151819466981
0.424,0.726096494509609,15,-0.0152260964895096
0.4245,0.486840924950902,15,-0.0152368409199509
0.425,0.247417912173865,15,-0.0152474179071739
0.4255,0.00783005318601578,15,-0.015257830048186
0.426,-0.231920086599233,15,-0.0152680799084008
0.4265,-0.471829967093132,15,-0.0152781700279069
0.427,-0.711897107531271,15,-0.0152881028874687
0.4275,-0.952119058752689,15,-0.0152978809362473
0.428,-1.19249339829231,15,-0.0153075065967077
0.4285,-1.4330177586229,15,-0.0153169822363771
0.429,-1.6736898019241,15,-0.0153263101930759
0.4295,-1.91450721926896,15,-0.015335492775731
0.43,-2.15546775164669,15,-0.0153445322433533
0.4305,-2.39656916922237,15,-0.0153534308257776
0.431,-2.63780927177493,15,-0.0153621907232251
0.4315,-2.87918590136506,15,-0.0153708140936349
0.432,-3.12069693006154,15,-0.0153793030649385
0.4325,-3.36234026185365,15,-0.0153876597331463
0.433,-3.6041138346451,15,-0.0153958861603549
0.4335,-3.84601561732703,15,-0.015403984377673
0.434,-4.08804360975416,15,-0.0154119563852458
0.4345,-4.33019584211492,15,-0.0154198041528851
0.435,-4.57247038221026,15,-0.0154275296127897
0.43500000001,-4.57247038705697,15,-0.015427529612943
0.4355,-4.81291239049692,15,-0.0151870876095031
0.436,-4.99999999998762,1.85731430235592e-07,-1.85743812330941e-10
0.4365,-5,0,-0
0.437,-5,0,-0
0.4375,-5,0,-0
0.438,-5,0,-0
0.4385,-5,0,-0
0.439,-5,0,-0
0.4395,-5,0,-0
0.44,-5,0,-0
0.4405,-5,0,-0
0.441,-5,0,-0
0.4415,-5,0,-0
0.442,-5,0,-0
0.4425,-5,0,-0
0.443,-5,0,-0
0.4435,-5,0,-0
0.444,-5,0,-0
0.4445,-5,0,-0
0.445,-5,0,-0
0.4455,-5,0,-0
0.446,-5,0,-0
0.4465,-5,0,-0
0.447,-5,0,-0
0.4475,-5,0,-0
0.448,-5,0,-0
0.4485,-5,0,-0
0.449,-5,0,-0
0.4495,-5,0,-0
0.45,-5,0,-0
0.4505,-5,0,-0
0.451,-5,0,-0
0.4515,-5,0,-0
0.452,-5,0,-0
0.4525,-5,0,-0
0.453,-5,0,-0
0.4535,-5,0,-0
0.454,-5,0,-0
0.4545,-5,0,-0
0.455,-5,0,-0
0.4555,-5,0,-0
0.456,-5,0,-0
0.4565,-5,0,-0
0.457,-5,0,-0
0.4575,-5,0,-0
0.458,-5,0,-0
0.4585,-5,0,-0
0.459,-5,0,-0
0.4595,-5,0,-0
0.46,-5,0,-0
0.4605,-5,0,-0
0.461,-5,0,-0
0.4615,-5,0,-0
0.462,-5,0,-0
0.4625,-5,0,-0
0.463,-5,0,-0
0.4635,-5,0,-0
0.464,-5,0,-0
0.4645,-5,0,-0
0.465,-5,0,-0
0.46500000001,-5,0,-0
0.46500000001,-5,0,-0
0.4655,-4.76508076462909,-15,0.0150150807596291
0.466,-4.52911418886151,-15,0.0150291141838615
0.4665,-4.29292887784055,-15,0.0150429288728406
0.467,-4.05652810412942,-15,0.0150565280991294
0.4675,-3.81991528928918,-15,0.0150699152842892
0.468,-3.58309381170578,-15,0.0150830938067058
0.4685,-3.34606692116403,-15,0.015096066916164
0.469,-3.10883783779843,-15,0.0151088378327984
0.4695,-2.87140973320423,-15,0.0151214097282042
0.47,-2.63378569332223,-15,0.0151337856883222
0.4705,-2.39596877100891,-15,0.0151459687660089
0.471,-2.15796198290971,-15,0.0151579619779097
0.4715,-1.9197682779135,-15,0.0151697682729135
0.472,-1.68139057289517,-15,0.0151813905678952
0.4725,-1.44283174043476,-15,0.0151928317354348
0.473,-1.2040946116953,-15,0.0152040946066953
0.4735,-0.965181951698064,-15,0.0152151819466981
0.474,-0.726096494509548,-15,0.0152260964895096
0.4745,-0.486840924950823,-15,0.0152368409199508
0.475,-0.247417912173787,-15,0.0152474179071738
0.4755,-0.00783005318593858,-15,0.0152578300481859
0.476,0.231920086599329,-15,0.0152680799084007
0.4765,0.471829967093227,-15,0.0152781700279068
0.477,0.711897107531365,-15,0.0152881028874686
0.4775,0.952119058752802,-15,0.0152978809362472
0.478,1.19249339829243,-15,0.0153075065967076
0.4785,1.43301775862301,-15,0.015316982236377
0.479,1.67368980192423,-15,0.0153263101930758
0.4795,1.91450721926909,-15,0.0153354927757309
0.48,2.15546775164679,-15,0.0153445322433532
0.4805,2.39656916922248,-15,0.0153534308257775
0.481,2.63780927177505,-15,0.0153621907232249
0.4815,2.87918590136517,-15,0.0153708140936348
0.482,3.12069693006163,-15,0.0153793030649383
0.4825,3.36234026185375,-15,0.0153876597331462
0.483,3.60411383464519,-15,0.0153958861603548
0.4835,3.84601561732712,-15,0.0154039843776729
0.484,4.08804360975424,-15,0.0154119563852457
0.4845,4.330195842115,-15,0.015419804152885
0.485,4.57247038221035,-15,0.0154275296127896
0.48500000001,4.57247038705708,-15,0.0154275296129429
0.48500000001,4.57247038705708,-15,0.0154275296129429
0.4855,4.81291239049701,-15,0.015187087609503
0.486,4.99999999998762,-1.85731430235592e-07,1.85743812330941e-10
0.4865,5,0,-0
0.487,5,0,-0
0.4875,5,0,-0
0.488,5,0,-0
0.4885,5,0,-0
0.489,5,0,-0
0.4895,5,0,-0
0.49,5,0,-0
0.4905,5,0,-0
0.491,5,0,-0
0.4915,5,0,-0
0.492,5,0,-0
0.4925,5,0,-0
0.493,5,0,-0
0.4935,5,0,-0
0.494,5,0,-0
0.4945,5,0,-0
0.495,5,0,-0
0.4955,5,0,-0
0.496,5,0,-0
0.4965,5,0,-0
0.497,5,0,-0
0.4975,5,0,-0
0.498,5,0,-0
0.4985,5,0,-0
0.499,5,0,-0
0.4995,5,0,-0
0.5,5,0,-0
0.5005,5,0,-0
0.501,5,0,-0
0.5015,5,0,-0
0.502,5,0,-0
0.5025,5,0,-0
0.503,5,0,-0
0.5035,5,0,-0
0.504,5,0,-0
0.5045,5,0,-0
0.505,5,0,-0
0.5055,5,0,-0
0.506,5,0,-0
0.5065,5,0,-0
0.507,5,0,-0
0.5075,5,0,-0
0.508,5,0,-0
0.5085,5,0,-0
0.509,5,0,-0
0.5095,5,0,-0
0.51,5,0,-0
0.5105,5,0,-0
0.511,5,0,-0
0.5115,5,0,-0
0.512,5,0,-0
0.5125,5,0,-0
0.513,5,0,-0
0.5135,5,0,-0
0.514,5,0,-0
0.5145,5,0,-0
0.515,5,0,-0
0.51500000001,5,0,-0
0.51500000001,5,-1.33226762955019e-10,1.33235644739216e-13
0.5155,4.76508076462907,15,-0.015015080759629
0.516,4.52911418886148,15,-0.0150291141838615
0.5165,4.29292887784055,15,-0.0150429288728405
0.517,4.05652810412939,15,-0.0150565280991294
0.5175,3.81991528928917,15,-0.0150699152842891
0.518,3.58309381170574,15,-0.0150830938067057
0.5185,3.34606692116402,15,-0.015096066916164
0.519,3.10883783779841,15,-0.0151088378327984
0.5195,2.87140973320424,15,-0.0151214097282042
0.52,2.63378569332221,15,-0.0151337856883222
0.5205,2.39596877100893,15,-0.0151459687660089
0.521,2.15796198290971,15,-0.0151579619779097
0.5215,1.91976827791353,15,-0.0151697682729135
0.522,1.68139057289519,15,-0.0151813905678952
0.5225,1.4428317404348,15,-0.0151928317354348
0.523,1.20409461169533,15,-0.0152040946066953
0.5235,0.965181951698125,15,-0.0152151819466981
0.524,0.726096494509583,15,-0.0152260964895096
0.5245,0.4868409249509,15,-0.0152368409199509
0.525,0.247417912173837,15,-0.0152474179071738
0.5255,0.00783005318601462,15,-0.015257830048186
0.526,-0.231920086599263,15,-0.0152680799084007
0.5265,-0.471829967093136,15,-0.0152781700279068
0.527,-0.711897107531301,15,-0.0152881028874687
0.5275,-0.952119058752696,15,-0.0152978809362473
0.528,-1.19249339829235,15,-0.0153075065967077
0.5285,-1.4330177586229,15,-0.0153169822363771
0.529,-1.67368980192414,15,-0.0153263101930759
0.5295,-1.91450721926897,15,-0.015335492775731
0.53,-2.15546775164673,15,-0.0153445322433533
0.5305,-2.39656916922238,15,-0.0153534308257776
0.531,-2.63780927177497,15,-0.015362190723225
0.5315,-2.87918590136507,15,-0.0153708140936349
0.532,-3.12069693006155,15,-0.0153793030649384
0.5325,-3.36234026185364,15,-0.0153876597331463
0.533,-3.60411383464512,15,-0.0153958861603549
0.5335,-3.84601561732702,15,-0.015403984377673
0.534,-4.08804360975417,15,-0.0154119563852458
0.5345,-4.33019584211491,15,-0.0154198041528851
0.535,-4.57247038221028,15,-0.0154275296127897
0.53500000001,-4.57247038705698,15,-0.015427529612943
0.5355,-4.81291239049699,15,-0.015187087609503
0.536,-4.99999999998762,1.85744752911887e-07,-1.85757135895415e-10
0.5365,-5,0,-0
0.537,-5,0,-0
0.5375,-5,0,-0
0.538,-5,0,-0
0.5385,-5,0,-0
0.539,-5,0,-0
0.5395,-5,0,-0
0.54,-5,0,-0
0.5405,-5,0,-0
0.541,-5,0,-0
0.5415,-5,0,-0
0.542,-5,0,-0
0.5425,-5,0,-0
0.543,-5,0,-0
0.5435,-5,0,-0
0.544,-5,0,-0
0.5445,-5,0,-0
0.545,-5,0,-0
0.5455,-5,0,-0
0.546,-5,0,-0
0.5465,-5,0,-0
0.547,-5,0,-0
0.5475,-5,0,-0
0.548,-5,0,-0
0.5485,-5,0,-0
0.549,-5,0,-0
0.5495,-5,0,-0
0.55,-5,0,-0
0.5505,-5,0,-0
0.551,-5,0,-0
0.5515,-5,0,-0
0.552,-5,0,-0
0.5525,-5,0,-0
0.553,-5,0,-0
0.5535,-5,0,-0
0.554,-5,0,-0
0.5545,-5,0,-0
0.555,-5,0,-0
0.5555,-5,0,-0
0.556,-5,0,-0
0.5565,-5,0,-0
0.557,-5,0,-0
0.5575,-5,0,-0
0.558,-5,0,-0
0.5585,-5,0,-0
0.559,-5,0,-0
0.5595,-5,0,-0
0.56,-5,0,-0
0.5605,-5,0,-0
0.561,-5,0,-0
0.5615,-5,0,-0
0.562,-5,0,-0
0.5625,-5,0,-0
0.563,-5,0,-0
0.5635,-5,0,-0
0.564,-5,0,-0
0.5645,-5,0,-0
0.565,-5,0,-0
0.565000000010294,-5,0,-0
0.565000000010294,-5,0,-0
0.5655,-4.76508076476791,-15,0.0150150807596207
0.566,-4.52911418900046,-15,0.0150291141838532
0.5665,-4.29292887797966,-15,0.0150429288728324
0.567,-4.05652810426863,-15,0.0150565280991214
0.5675,-3.81991528942854,-15,0.0150699152842813
0.568,-3.58309381184521,-15,0.015083093806698
0.5685,-3.34606692130361,-15,0.0150960669161564
0.569,-3.1088378379381,-15,0.0151088378327909
0.5695,-2.87140973334403,-15,0.0151214097281968
0.57,-2.63378569346212,-15,0.0151337856883149
0.5705,-2.39596877114893,-15,0.0151459687660017
0.571,-2.1579619830498,-15,0.0151579619779026
0.5715,-1.91976827805373,-15,0.0151697682729065
0.572,-1.68139057303551,-15,0.0151813905678883
0.5725,-1.44283174057522,-15,0.015192831735428
0.573,-1.20409461183587,-15,0.0152040946066887
0.5735,-0.965181951838769,-15,0.0152151819466915
0.574,-0.72609649465033,-15,0.0152260964895031
0.5745,-0.486840925091758,-15,0.0152368409199445
0.575,-0.247417912314794,-15,0.0152474179071676
0.5755,-0.00783005332706924,-15,0.0152578300481798
0.576,0.231920086458102,-15,0.0152680799083947
0.5765,0.47182996695188,-15,0.0152781700279009
0.577,0.711897107389899,-15,0.0152881028874628
0.5775,0.952119058611245,-15,0.0152978809362415
0.578,1.19249339815075,-15,0.015307506596702
0.5785,1.43301775848128,-15,0.0153169822363715
0.579,1.67368980178236,-15,0.0153263101930704
0.5795,1.91450721912716,-15,0.0153354927757256
0.58,2.15546775150478,-15,0.015344532243348
0.5805,2.39656916908039,-15,0.0153534308257724
0.581,2.63780927163285,-15,0.0153621907232199
0.5815,2.87918590122291,-15,0.0153708140936298
0.582,3.1206969299193,-15,0.0153793030649334
0.5825,3.36234026171136,-15,0.0153876597331414
0.583,3.60411383450271,-15,0.01539588616035
0.5835,3.84601561718459,-15,0.0154039843776682
0.584,4.08804360961162,-15,0.0154119563852411
0.5845,4.33019584197233,-15,0.0154198041528804
0.585,4.57247038206758,-15,0.0154275296127852
0.585000000010295,4.57247038705703,-15,0.015427529612943
0.585000000010295,4.57247038705703,-15,0.015427529612943
0.5855,4.81291239035656,-15,0.0151870876096434
0.586,4.99999999998762,-1.85744752911887e-07,1.85757135895415e-10
0.5865,5,0,-0
0.587,5,0,-0
0.5875,5,0,-0
0.588,5,0,-0
0.5885,5,0,-0
0.589,5,0,-0
0.5895,5,0,-0
0.59,5,0,-0
0.5905,5,0,-0
0.591,5,0,-0
0.5915,5,0,-0
0.592,5,0,-0
0.5925,5,0,-0
0.593,5,0,-0
0.5935,5,0,-0
0.594,5,0,-0
0.5945,5,0,-0
0.595,5,0,-0
0.5955,5,0,-0
0.596,5,0,-0
0.5965,5,0,-0
0.597,5,0,-0
0.5975,5,0,-0
0.598,5,0,-0
0.5985,5,0,-0
0.599,5,0,-0
0.5995,5,0,-0
0.6,5,0,-0
0.6005,5,0,-0
0.601,5,0,-0
0.6015,5,0,-0
0.602,5,0,-0
0.6025,5,0,-0
0.603,5,0,-0
0.6035,5,0,-0
0.604,5,0,-0
0.6045,5,0,-0
0.605,5,0,-0
0.6055,5,0,-0
0.606,5,0,-0
0.6065,5,0,-0
0.607,5,0,-0
0.6075,5,0,-0
0.608,5,0,-0
0.6085,5,0,-0
0.609,5,0,-0
0.6095,5,0,-0
0.61,5,0,-0
0.6105,5,0,-0
0.611,5,0,-0
0.6115,5,0,-0
0.612,5,0,-0
0.6125,5,0,-0
0.613,5,0,-0
0.6135,5,0,-0
0.614,5,0,-0
0.6145,5,0,-0
0.615,5,0,-0
0.615000000010295,5,0,-0
0.615000000010295,5,6.92779167366098e-10,-6.92825352643922e-13
0.6155,4.76508076476799,15,-0.0150150807596208
0.616,4.52911418900058,15,-0.0150291141838534
0.6165,4.29292887797974,15,-0.0150429288728325
0.617,4.05652810426876,15,-0.0150565280991215
0.6175,3.81991528942861,15,-0.0150699152842814
0.618,3.58309381184536,15,-0.0150830938066981
0.6185,3.34606692130371,15,-0.0150960669161565
0.619,3.10883783793826,15,-0.015108837832791
0.6195,2.87140973334416,15,-0.015121409728197
0.62,2.63378569346229,15,-0.0151337856883151
0.6205,2.39596877114907,15,-0.0151459687660019
0.621,2.15796198305001,15,-0.0151579619779028
0.6215,1.91976827805389,15,-0.0151697682729067
0.622,1.6813905730357,15,-0.0151813905678885
0.6225,1.44283174057536,15,-0.0151928317354282
0.623,1.20409461183605,15,-0.0152040946066888
0.6235,0.965181951838891,15,-0.0152151819466917
0.624,0.726096494650502,15,-0.0152260964895033
0.6245,0.486840925091862,15,-0.0152368409199447
0.625,0.247417912314949,15,-0.0152474179071677
0.6255,0.00783005332716866,15,-0.01525783004818
0.626,-0.231920086457964,15,-0.0152680799083948
0.6265,-0.471829966951797,15,-0.015278170027901
0.627,-0.711897107389819,15,-0.015288102887463
0.6275,-0.952119058611179,15,-0.0152978809362416
0.628,-1.19249339815069,15,-0.0153075065967021
0.6285,-1.43301775848121,15,-0.0153169822363716
0.629,-1.67368980178231,15,-0.0153263101930705
0.6295,-1.91450721912711,15,-0.0153354927757257
0.63,-2.15546775150473,15,-0.015344532243348
0.6305,-2.39656916908035,15,-0.0153534308257725
0.631,-2.63780927163282,15,-0.01536219072322
0.6315,-2.87918590122288,15,-0.0153708140936299
0.632,-3.12069692991924,15,-0.0153793030649335
0.6325,-3.36234026171131,15,-0.0153876597331415
0.633,-3.60411383450265,15,-0.0153958861603501
0.6335,-3.84601561718453,15,-0.0154039843776683
0.634,-4.08804360961156,15,-0.0154119563852412
0.6345,-4.33019584197228,15,-0.0154198041528805
0.635,-4.57247038206753,15,-0.0154275296127853
0.635000000010294,-4.57247038705693,15,-0.0154275296129431
0.6355,-4.81291239035651,15,-0.0151870876096435
0.636,-4.99999999998762,1.85744752911887e-07,-1.85757135895415e-10
0.6365,-5,0,-0
0.637,-5,0,-0
0.6375,-5,0,-0
0.638,-5,0,-0
0.6385,-5,0,-0
0.639,-5,0,-0
0.6395,-5,0,-0
0.64,-5,0,-0
0.6405,-5,0,-0
0.641,-5,0,-0
0.6415,-5,0,-0
0.642,-5,0,-0
0.6425,-5,0,-0
0.643,-5,0,-0
0.6435,-5,0,-0
0.644,-5,0,-0
0.6445,-5,0,-0
0.645,-5,0,-0
0.6455,-5,0,-0
0.646,-5,0,-0
0.6465,-5,0,-0
0.647,-5,0,-0
0.6475,-5,0,-0
0.648,-5,0,-0
0.6485,-5,0,-0
0.649,-5,0,-0
0.6495,-5,0,-0
0.65,-5,0,-0
0.6505,-5,0,-0
0.651,-5,0,-0
0.6515,-5,0,-0
0.652,-5,0,-0
0.6525,-5,0,-0
0.653,-5,0,-0
0.6535,-5,0,-0
0.654,-5,0,-0
0.6545,-5,0,-0
0.655,-5,0,-0
0.6555,-5,0,-0
0.656,-5,0,-0
0.6565,-5,0,-0
0.657,-5,0,-0
0.6575,-5,0,-0
0.658,-5,0,-0
0.6585,-5,0,-0
0.659,-5,0,-0
0.6595,-5,0,-0
0.66,-5,0,-0
0.6605,-5,0,-0
0.661,-5,0,-0
0.6615,-5,0,-0
0.662,-5,0,-0
0.6625,-5,0,-0
0.663,-5,0,-0
0.6635,-5,0,-0
0.664,-5,0,-0
0.6645,-5,0,-0
0.665,-5,0,-0
0.66500000001,-5,0,-0
0.66500000001,-5,0,-0
0.6655,-4.76508076462908,-15,0.0150150807596291
0.666,-4.52911418886146,-15,0.0150291141838615
0.6665,-4.29292887784054,-15,0.0150429288728405
0.667,-4.0565281041294,-15,0.0150565280991294
0.6675,-3.8199152892892,-15,0.0150699152842892
0.668,-3.58309381170578,-15,0.0150830938067058
0.6685,-3.34606692116406,-15,0.015096066916164
0.669,-3.10883783779845,-15,0.0151088378327984
0.6695,-2.87140973320428,-15,0.0151214097282043
0.67,-2.63378569332225,-15,0.0151337856883223
0.6705,-2.39596877100897,-15,0.0151459687660089
0.671,-2.15796198290975,-15,0.0151579619779098
0.6715,-1.91976827791357,-15,0.0151697682729135
0.672,-1.68139057289523,-15,0.0151813905678952
0.6725,-1.44283174043484,-15,0.0151928317354348
0.673,-1.20409461169538,-15,0.0152040946066954
0.6735,-0.965181951698172,-15,0.0152151819466981
0.674,-0.726096494509629,-15,0.0152260964895096
0.6745,-0.48684092495095,-15,0.0152368409199509
0.675,-0.247417912173886,-15,0.0152474179071739
0.6755,-0.00783005318606299,-15,0.015257830048186
0.676,0.231920086599211,-15,0.0152680799084008
0.6765,0.471829967093084,-15,0.0152781700279069
0.677,0.71189710753125,-15,0.0152881028874688
0.6775,0.952119058752641,-15,0.0152978809362473
0.678,1.19249339829229,-15,0.0153075065967077
0.6785,1.43301775862285,-15,0.0153169822363771
0.679,1.67368980192408,-15,0.0153263101930759
0.6795,1.91450721926891,-15,0.0153354927757311
0.68,2.15546775164667,-15,0.0153445322433533
0.6805,2.39656916922232,-15,0.0153534308257777
0.681,2.63780927177491,-15,0.0153621907232251
0.6815,2.87918590136501,-15,0.015370814093635
0.682,3.12069693006149,-15,0.0153793030649385
0.6825,3.36234026185357,-15,0.0153876597331464
0.683,3.60411383464505,-15,0.015395886160355
0.6835,3.84601561732695,-15,0.015403984377673
0.684,4.08804360975411,-15,0.0154119563852459
0.6845,4.33019584211484,-15,0.0154198041528851
0.685,4.57247038221022,-15,0.0154275296127898
0.68500000001,4.57247038705692,-15,0.0154275296129431
0.68500000001,4.57247038705692,-15,0.0154275296129431
0.6855,4.81291239049692,-15,0.0151870876095031
0.686,4.99999999998762,-1.85744752911887e-07,1.85757135895415e-10
0.6865,5,0,-0
0.687,5,0,-0
0.6875,5,0,-0
0.688,5,0,-0
0.6885,5,0,-0
0.689,5,0,-0
0.6895,5,0,-0
0.69,5,0,-0
0.6905,5,0,-0
0.691,5,0,-0
0.6915,5,0,-0
0.692,5,0,-0
0.6925,5,0,-0
0.693,5,0,-0
0.6935,5,0,-0
0.694,5,0,-0
0.6945,5,0,-0
0.695,5,0,-0
0.6955,5,0,-0
0.696,5,0,-0
0.6965,5,0,-0
0.697,5,0,-0
0.6975,5,0,-0
0.698,5,0,-0
0.6985,5,0,-0
0.699,5,0,-0
0.6995,5,0,-0
0.7,5,0,-0
0.7005,5,0,-0
0.701,5,0,-0
0.7015,5,0,-0
0.702,5,0,-0
0.7025,5,0,-0
0.703,5,0,-0
0.7035,5,0,-0
0.704,5,0,-0
0.7045,5,0,-0
0.705,5,0,-0
0.7055,5,0,-0
0.706,5,0,-0
0.7065,5,0,-0
0.707,5,0,-0
0.7075,5,0,-0
0.708,5,0,-0
0.7085,5,0,-0
0.709,5,0,-0
0.7095,5,0,-0
0.71,5,0,-0
0.7105,5,0,-0
0.711,5,0,-0
0.7115,5,0,-0
0.712,5,0,-0
0.7125,5,0,-0
0.713,5,0,-0
0.7135,5,0,-0
0.714,5,0,-0
0.7145,5,0,-0
0.715,5,0,-0
0.71500000001,5,0,-0
0.71500000001,5,-1.33226762955019e-10,1.33235644739216e-13
0.7155,4.76508076462907,15,-0.015015080759629
0.716,4.52911418886153,15,-0.0150291141838615
0.7165,4.29292887784055,15,-0.0150429288728405
0.717,4.05652810412944,15,-0.0150565280991294
0.7175,3.81991528928917,15,-0.0150699152842891
0.718,3.5830938117058,15,-0.0150830938067057
0.7185,3.34606692116402,15,-0.015096066916164
0.719,3.10883783779846,15,-0.0151088378327984
0.7195,2.87140973320424,15,-0.0151214097282042
0.72,2.63378569332227,15,-0.0151337856883222
0.7205,2.39596877100893,15,-0.0151459687660089
0.721,2.15796198290977,15,-0.0151579619779097
0.7215,1.91976827791353,15,-0.0151697682729135
0.722,1.68139057289524,15,-0.0151813905678952
0.7225,1.4428317404348,15,-0.0151928317354348
0.723,1.20409461169538,15,-0.0152040946066953
0.7235,0.965181951698125,15,-0.0152151819466981
0.724,0.726096494509636,15,-0.0152260964895096
0.7245,0.4868409249509,15,-0.0152368409199509
0.725,0.24741791217389,15,-0.0152474179071738
0.7255,0.00783005318601462,15,-0.015257830048186
0.726,-0.23192008659921,15,-0.0152680799084007
0.7265,-0.471829967093136,15,-0.0152781700279068
0.727,-0.711897107531248,15,-0.0152881028874687
0.7275,-0.952119058752696,15,-0.0152978809362473
0.728,-1.19249339829229,15,-0.0153075065967076
0.7285,-1.4330177586229,15,-0.0153169822363771
0.729,-1.67368980192408,15,-0.0153263101930759
0.7295,-1.91450721926897,15,-0.015335492775731
0.73,-2.15546775164668,15,-0.0153445322433533
0.7305,-2.39656916922238,15,-0.0153534308257776
0.731,-2.63780927177492,15,-0.015362190723225
0.7315,-2.87918590136507,15,-0.0153708140936349
0.732,-3.1206969300615,15,-0.0153793030649384
0.7325,-3.36234026185364,15,-0.0153876597331463
0.733,-3.60411383464506,15,-0.0153958861603549
0.7335,-3.84601561732702,15,-0.015403984377673
0.734,-4.08804360975412,15,-0.0154119563852458
0.7345,-4.33019584211491,15,-0.0154198041528851
0.735,-4.57247038221022,15,-0.0154275296127897
0.73500000001,-4.57247038705698,15,-0.015427529612943
0.7355,-4.81291239049699,15,-0.015187087609503
0.736,-4.99999999998762,1.85731430235592e-07,-1.85743812330941e-10
0.7365,-5,0,-0
0.737,-5,0,-0
0.7375,-5,0,-0
0.738,-5,0,-0
0.7385,-5,0,-0
0.739,-5,0,-0
0.7395,-5,0,-0
0.74,-5,0,-0
0.7405,-5,0,-0
0.741,-5,0,-0
0.7415,-5,0,-0
0.742,-5,0,-0
0.7425,-5,0,-0
0.743,-5,0,-0
0.7435,-5,0,-0
0.744,-5,0,-0
0.7445,-5,0,-0
0.745,-5,0,-0
0.7455,-5,0,-0
0.746,-5,0,-0
0.7465,-5,0,-0
0.747,-5,0,-0
0.7475,-5,0,-0
0.748,-5,0,-0
0.7485,-5,0,-0
0.749,-5,0,-0
0.7495,-5,0,-0
0.75,-5,0,-0
0.7505,-5,0,-0
0.751,-5,0,-0
0.7515,-5,0,-0
0.752,-5,0,-0
0.7525,-5,0,-0
0.753,-5,0,-0
0.7535,-5,0,-0
0.754,-5,0,-0
0.7545,-5,0,-0
0.755,-5,0,-0
0.7555,-5,0,-0
0.756,-5,0,-0
0.7565,-5,0,-0
0.757,-5,0,-0
0.7575,-5,0,-0
0.758,-5,0,-0
0.7585,-5,0,-0
0.759,-5,0,-0
0.7595,-5,0,-0
0.76,-5,0,-0
0.7605,-5,0,-0
0.761,-5,0,-0
0.7615,-5,0,-0
0.762,-5,0,-0
0.7625,-5,0,-0
0.763,-5,0,-0
0.7635,-5,0,-0
0.764,-5,0,-0
0.7645,-5,0,-0
0.765,-5,0,-0
0.76500000001,-5,0,-0
0.76500000001,-5,0,-0
0.7655,-4.76508076462906,-15,0.0150150807596291
0.766,-4.52911418886145,-15,0.0150291141838614
0.7665,-4.29292887784048,-15,0.0150429288728405
0.767,-4.0565281041294,-15,0.0150565280991294
0.7675,-3.81991528928916,-15,0.0150699152842892
0.768,-3.58309381170579,-15,0.0150830938067058
0.7685,-3.34606692116407,-15,0.015096066916164
0.769,-3.10883783779846,-15,0.0151088378327985
0.7695,-2.87140973320429,-15,0.0151214097282043
0.77,-2.63378569332226,-15,0.0151337856883223
0.7705,-2.39596877100897,-15,0.0151459687660089
0.771,-2.15796198290975,-15,0.0151579619779098
0.7715,-1.91976827791357,-15,0.0151697682729135
0.772,-1.68139057289522,-15,0.0151813905678952
0.7725,-1.44283174043483,-15,0.0151928317354348
0.773,-1.20409461169536,-15,0.0152040946066954
0.7735,-0.965181951698152,-15,0.0152151819466981
0.774,-0.72609649450961,-15,0.0152260964895096
0.7745,-0.486840924950923,-15,0.0152368409199509
0.775,-0.247417912173859,-15,0.0152474179071739
0.7755,-0.00783005318603658,-15,0.015257830048186
0.776,0.231920086599245,-15,0.0152680799084008
0.7765,0.471829967093118,-15,0.0152781700279069
0.777,0.711897107531284,-15,0.0152881028874687
0.7775,0.952119058752682,-15,0.0152978809362473
0.778,1.19249339829233,-15,0.0153075065967077
0.7785,1.43301775862289,-15,0.0153169822363771
0.779,1.67368980192413,-15,0.0153263101930759
0.7795,1.91450721926896,-15,0.015335492775731
0.78,2.15546775164672,-15,0.0153445322433533
0.7805,2.39656916922237,-15,0.0153534308257776
0.781,2.63780927177497,-15,0.015362190723225
0.7815,2.87918590136506,-15,0.0153708140936349
0.782,3.12069693006155,-15,0.0153793030649385
0.7825,3.36234026185364,-15,0.0153876597331463
0.783,3.60411383464512,-15,0.0153958861603549
0.7835,3.84601561732702,-15,0.015403984377673
0.784,4.08804360975417,-15,0.0154119563852458
0.7845,4.33019584211491,-15,0.0154198041528851
0.785,4.57247038221028,-15,0.0154275296127897
0.78500000001,4.57247038705698,-15,0.015427529612943
0.78500000001,4.57247038705698,-15,0.015427529612943
0.7855,4.81291239049699,-15,0.015187087609503
0.786,4.99999999998762,-1.85731430235592e-07,1.85743812330941e-10
0.7865,5,0,-0
0.787,5,0,-0
0.7875,5,0,-0
0.788,5,0,-0
0.7885,5,0,-0
0.789,5,0,-0
0.7895,5,0,-0
0.79,5,0,-0
0.7905,5,0,-0
0.791,5,0,-0
0.7915,5,0,-0
0.792,5,0,-0
0.7925,5,0,-0
0.793,5,0,-0
0.7935,5,0,-0
0.794,5,0,-0
0.7945,5,0,-0
0.795,5,0,-0
0.7955,5,0,-0
0.796,5,0,-0
0.7965,5,0,-0
0.797,5,0,-0
0.7975,5,0,-0
0.798,5,0,-0
0.7985,5,0,-0
0.799,5,0,-0
0.7995,5,0,-0
0.8,5,0,-0
0.8005,5,0,-0
0.801,5,0,-0
0.8015,5,0,-0
0.802,5,0,-0
0.8025,5,0,-0
0.803,5,0,-0
0.8035,5,0,-0
0.804,5,0,-0
0.8045,5,0,-0
0.805,5,0,-0
0.8055,5,0,-0
0.806,5,0,-0
0.8065,5,0,-0
0.807,5,0,-0
0.8075,5,0,-0
0.808,5,0,-0
0.8085,5,0,-0
0.809,5,0,-0
0.8095,5,0,-0
0.81,5,0,-0
0.8105,5,0,-0
0.811,5,0,-0
0.8115,5,0,-0
0.812,5,0,-0
0.8125,5,0,-0
0.813,5,0,-0
0.8135,5,0,-0
0.814,5,0,-0
0.8145,5,0,-0
0.815,5,0,-0
0.81500000001,5,0,-0
0.81500000001,5,6.92779167366098e-10,-6.92825352643922e-13
0.8155,4.76508076462906,15,-0.0150150807596291
0.816,4.52911418886144,15,-0.0150291141838615
0.8165,4.29292887784053,15,-0.0150429288728405
0.817,4.05652810412939,15,-0.0150565280991294
0.8175,3.81991528928919,15,-0.0150699152842892
0.818,3.58309381170574,15,-0.0150830938067058
0.8185,3.34606692116402,15,-0.015096066916164
0.819,3.10883783779838,15,-0.0151088378327984
0.8195,2.87140973320419,15,-0.0151214097282042
0.82,2.63378569332216,15,-0.0151337856883222
0.8205,2.39596877100885,15,-0.0151459687660089
0.821,2.15796198290961,15,-0.0151579619779097
0.8215,1.91976827791343,15,-0.0151697682729134
0.822,1.68139057289509,15,-0.0151813905678951
0.8225,1.4428317404347,15,-0.0151928317354347
0.823,1.20409461169524,15,-0.0152040946066953
0.8235,0.965181951698031,15,-0.0152151819466981
0.824,0.726096494509489,15,-0.0152260964895095
0.8245,0.48684092495081,15,-0.0152368409199508
0.825,0.247417912173747,15,-0.0152474179071738
0.8255,0.00783005318592564,15,-0.015257830048186
0.826,-0.231920086599349,15,-0.0152680799084007
0.8265,-0.471829967093221,15,-0.0152781700279068
0.827,-0.711897107531386,15,-0.0152881028874687
0.8275,-0.952119058752777,15,-0.0152978809362472
0.828,-1.19249339829243,15,-0.0153075065967076
0.8285,-1.43301775862298,15,-0.015316982236377
0.829,-1.67368980192421,15,-0.0153263101930758
0.8295,-1.91450721926905,15,-0.015335492775731
0.83,-2.15546775164681,15,-0.0153445322433532
0.8305,-2.39656916922245,15,-0.0153534308257776
0.831,-2.63780927177504,15,-0.015362190723225
0.8315,-2.87918590136514,15,-0.0153708140936349
0.832,-3.12069693006162,15,-0.0153793030649384
0.8325,-3.36234026185371,15,-0.0153876597331463
0.833,-3.60411383464513,15,-0.0153958861603549
0.8335,-3.84601561732708,15,-0.0154039843776729
0.834,-4.08804360975418,15,-0.0154119563852458
0.8345,-4.33019584211497,15,-0.0154198041528851
0.835,-4.57247038221029,15,-0.0154275296127897
0.83500000001,-4.57247038705699,15,-0.015427529612943
0.8355,-4.81291239049705,15,-0.0151870876095029
0.836,-4.99999999998762,1.85744752911887e-07,-1.85757135895415e-10
0.8365,-5,0,-0
0.837,-5,0,-0
0.8375,-5,0,-0
0.838,-5,0,-0
0.8385,-5,0,-0
0.839,-5,0,-0
0.8395,-5,0,-0
0.84,-5,0,-0
0.8405,-5,0,-0
0.841,-5,0,-0
0.8415,-5,0,-0
0.842,-5,0,-0
0.8425,-5,0,-0
0.843,-5,0,-0
0.8435,-5,0,-0
0.844,-5,0,-0
0.8445,-5,0,-0
0.845,-5,0,-0
0.8455,-5,0,-0
0.846,-5,0,-0
0.8465,-5,0,-0
0.847,-5,0,-0
0.8475,-5,0,-0
0.848,-5,0,-0
0.8485,-5,0,-0
0.849,-5,0,-0
0.8495,-5,0,-0
0.85,-5,0,-0
0.8505,-5,0,-0
0.851,-5,0,-0
0.8515,-5,0,-0
0.852,-5,0,-0
0.8525,-5,0,-0
0.853,-5,0,-0
0.8535,-5,0,-0
0.854,-5,0,-0
0.8545,-5,0,-0
0.855,-5,0,-0
0.8555,-5,0,-0
0.856,-5,0,-0
0.8565,-5,0,-0
0.857,-5,0,-0
0.8575,-5,0,-0
0.858,-5,0,-0
0.8585,-5,0,-0
0.859,-5,0,-0
0.8595,-5,0,-0
0.86,-5,0,-0
0.8605,-5,0,-0
0.861,-5,0,-0
0.8615,-5,0,-0
0.862,-5,0,-0
0.8625,-5,0,-0
0.863,-5,0,-0
0.8635,-5,0,-0
0.864,-5,0,-0
0.8645,-5,0,-0
0.865,-5,0,-0
0.86500000001,-5,0,-0
0.86500000001,-5,0,-0
0.8655,-4.76508076462906,-15,0.0150150807596291
0.866,-4.52911418886145,-15,0.0150291141838614
0.8665,-4.29292887784048,-15,0.0150429288728405
0.867,-4.0565281041294,-15,0.0150565280991294
0.8675,-3.81991528928916,-15,0.0150699152842892
0.868,-3.58309381170579,-15,0.0150830938067058
0.8685,-3.34606692116402,-15,0.015096066916164
0.869,-3.10883783779846,-15,0.0151088378327985
0.8695,-2.87140973320423,-15,0.0151214097282043
0.87,-2.63378569332226,-15,0.0151337856883223
0.8705,-2.39596877100892,-15,0.0151459687660089
0.871,-2.15796198290975,-15,0.0151579619779098
0.8715,-1.91976827791351,-15,0.0151697682729135
0.872,-1.68139057289522,-15,0.0151813905678952
0.8725,-1.44283174043478,-15,0.0151928317354348
0.873,-1.20409461169536,-15,0.0152040946066954
0.8735,-0.965181951698099,-15,0.0152151819466981
0.874,-0.72609649450961,-15,0.0152260964895096
0.8745,-0.48684092495087,-15,0.0152368409199509
0.875,-0.247417912173859,-15,0.0152474179071739
0.8755,-0.00783005318598335,-15,0.015257830048186
0.876,0.231920086599245,-15,0.0152680799084008
0.8765,0.471829967093171,-15,0.0152781700279069
0.877,0.711897107531284,-15,0.0152881028874687
0.8775,0.952119058752735,-15,0.0152978809362473
0.878,1.19249339829233,-15,0.0153075065967077
0.8785,1.43301775862294,-15,0.0153169822363771
0.879,1.67368980192413,-15,0.0153263101930759
0.8795,1.91450721926901,-15,0.015335492775731
0.88,2.15546775164672,-15,0.0153445322433533
0.8805,2.39656916922242,-15,0.0153534308257776
0.881,2.63780927177497,-15,0.015362190723225
0.8815,2.87918590136511,-15,0.0153708140936349
0.882,3.12069693006155,-15,0.0153793030649385
0.8825,3.36234026185369,-15,0.0153876597331463
0.883,3.60411383464512,-15,0.0153958861603549
0.8835,3.84601561732707,-15,0.015403984377673
0.884,4.08804360975417,-15,0.0154119563852458
0.8845,4.33019584211496,-15,0.0154198041528851
0.885,4.57247038221028,-15,0.0154275296127897
0.88500000001,4.57247038705698,-15,0.015427529612943
0.88500000001,4.57247038705698,-15,0.015427529612943
0.8855,4.81291239049704,-15,0.015187087609503
0.886,4.99999999998762,-1.85731430235592e-07,1.85743812330941e-10
0.8865,5,0,-0
0.887,5,0,-0
0.8875,5,0,-0
0.888,5,0,-0
0.8885,5,0,-0
0.889,5,0,-0
0.8895,5,0,-0
0.89,5,0,-0
0.8905,5,0,-0
0.891,5,0,-0
0.8915,5,0,-0
0.892,5,0,-0
0.8925,5,0,-0
0.893,5,0,-0
0.8935,5,0,-0
0.894,5,0,-0
0.8945,5,0,-0
0.895,5,0,-0
0.8955,5,0,-0
0.896,5,0,-0
0.8965,5,0,-0
0.897,5,0,-0
0.8975,5,0,-0
0.898,5,0,-0
0.8985,5,0,-0
0.899,5,0,-0
0.8995,5,0,-0
0.9,5,0,-0
0.9005,5,0,-0
0.901,5,0,-0
0.9015,5,0,-0
0.902,5,0,-0
0.9025,5,0,-0
0.903,5,0,-0
0.9035,5,0,-0
0.904,5,0,-0
0.9045,5,0,-0
0.905,5,0,-0
0.9055,5,0,-0
0.906,5,0,-0
0.9065,5,0,-0
0.907,5,0,-0
0.9075,5,0,-0
0.908,5,0,-0
0.9085,5,0,-0
0.909,5,0,-0
0.9095,5,0,-0
0.91,5,0,-0
0.9105,5,0,-0
0.911,5,0,-0
0.9115,5,0,-0
0.912,5,0,-0
0.9125,5,0,-0
0.913,5,0,-0
0.9135,5,0,-0
0.914,5,0,-0
0.9145,5,0,-0
0.915,5,0,-0
0.91500000001,5,0,-0
0.91500000001,5,-1.33226762955019e-10,1.33235644739216e-13
0.9155,4.76508076462907,15,-0.015015080759629
0.916,4.52911418886148,15,-0.0150291141838615
0.9165,4.29292887784055,15,-0.0150429288728405
0.917,4.05652810412939,15,-0.0150565280991294
0.9175,3.81991528928917,15,-0.0150699152842891
0.918,3.58309381170574,15,-0.0150830938067057
0.9185,3.34606692116402,15,-0.015096066916164
0.919,3.10883783779841,15,-0.0151088378327984
0.9195,2.87140973320424,15,-0.0151214097282042
0.92,2.63378569332221,15,-0.0151337856883222
0.9205,2.39596877100893,15,-0.0151459687660089
0.921,2.15796198290971,15,-0.0151579619779097
0.9215,1.91976827791353,15,-0.0151697682729135
0.922,1.68139057289519,15,-0.0151813905678952
0.9225,1.4428317404348,15,-0.0151928317354348
0.923,1.20409461169533,15,-0.0152040946066953
0.9235,0.965181951698125,15,-0.0152151819466981
0.924,0.726096494509583,15,-0.0152260964895096
0.9245,0.4868409249509,15,-0.0152368409199509
0.925,0.247417912173837,15,-0.0152474179071738
0.9255,0.00783005318601462,15,-0.015257830048186
0.926,-0.231920086599263,15,-0.0152680799084007
0.9265,-0.471829967093136,15,-0.0152781700279068
0.927,-0.711897107531301,15,-0.0152881028874687
0.9275,-0.952119058752696,15,-0.0152978809362473
0.928,-1.19249339829235,15,-0.0153075065967077
0.9285,-1.4330177586229,15,-0.0153169822363771
0.929,-1.67368980192414,15,-0.0153263101930759
0.9295,-1.91450721926897,15,-0.015335492775731
0.93,-2.15546775164673,15,-0.0153445322433533
0.9305,-2.39656916922238,15,-0.0153534308257776
0.931,-2.63780927177497,15,-0.015362190723225
0.9315,-2.87918590136507,15,-0.0153708140936349
0.932,-3.12069693006155,15,-0.0153793030649384
0.9325,-3.36234026185364,15,-0.0153876597331463
0.933,-3.60411383464512,15,-0.0153958861603549
0.9335,-3.84601561732702,15,-0.015403984377673
0.934,-4.08804360975417,15,-0.0154119563852458
0.9345,-4.33019584211491,15,-0.0154198041528851
0.935,-4.57247038221028,15,-0.0154275296127897
0.93500000001,-4.57247038705698,15,-0.015427529612943
0.9355,-4.81291239049699,15,-0.015187087609503
0.936,-4.99999999998762,1.85731430235592e-07,-1.85743812330941e-10
0.9365,-5,0,-0
0.937,-5,0,-0
0.9375,-5,0,-0
0.938,-5,0,-0
0.9385,-5,0,-0
0.939,-5,0,-0
0.9395,-5,0,-0
0.94,-5,0,-0
0.9405,-5,0,-0
0.941,-5,0,-0
0.9415,-5,0,-0
0.942,-5,0,-0
0.9425,-5,0,-0
0.943,-5,0,-0
0.9435,-5,0,-0
0.944,-5,0,-0
0.9445,-5,0,-0
0.945,-5,0,-0
0.9455,-5,0,-0
0.946,-5,0,-0
0.9465,-5,0,-0
0.947,-5,0,-0
0.9475,-5,0,-0
0.948,-5,0,-0
0.9485,-5,0,-0
0.949,-5,0,-0
0.9495,-5,0,-0
0.95,-5,0,-0
0.9505,-5,0,-0
0.951,-5,0,-0
0.9515,-5,0,-0
0.952,-5,0,-0
0.9525,-5,0,-0
0.953,-5,0,-0
0.9535,-5,0,-0
0.954,-5,0,-0
0.9545,-5,0,-0
0.955,-5,0,-0
0.9555,-5,0,-0
0.956,-5,0,-0
0.9565,-5,0,-0
0.957,-5,0,-0
0.9575,-5,0,-0
0.958,-5,0,-0
0.9585,-5,0,-0
0.959,-5,0,-0
0.9595,-5,0,-0
0.96,-5,0,-0
0.9605,-5,0,-0
0.961,-5,0,-0
0.9615,-5,0,-0
0.962,-5,0,-0
0.9625,-5,0,-0
0.963,-5,0,-0
0.9635,-5,0,-0
0.964,-5,0,-0
0.9645,-5,0,-0
0.965,-5,0,-0
0.96500000001,-5,0,-0
0.96500000001,-5,0,-0
0.9655,-4.76508076462906,-15,0.0150150807596291
0.966,-4.52911418886145,-15,0.0150291141838614
0.9665,-4.29292887784048,-15,0.0150429288728405
0.967,-4.0565281041294,-15,0.0150565280991294
0.9675,-3.81991528928916,-15,0.0150699152842892
0.968,-3.58309381170579,-15,0.0150830938067058
0.9685,-3.34606692116402,-15,0.015096066916164
0.969,-3.10883783779846,-15,0.0151088378327985
0.9695,-2.87140973320423,-15,0.0151214097282043
0.97,-2.63378569332226,-15,0.0151337856883223
0.9705,-2.39596877100892,-15,0.0151459687660089
0.971,-2.15796198290975,-15,0.0151579619779098
0.9715,-1.91976827791351,-15,0.0151697682729135
0.972,-1.68139057289522,-15,0.0151813905678952
0.9725,-1.44283174043478,-15,0.0151928317354348
0.973,-1.20409461169536,-15,0.0152040946066954
0.9735,-0.965181951698099,-15,0.0152151819466981
0.974,-0.72609649450961,-15,0.0152260964895096
0.9745,-0.48684092495087,-15,0.0152368409199509
0.975,-0.247417912173859,-15,0.0152474179071739
0.9755,-0.00783005318598335,-15,0.015257830048186
0.976,0.231920086599245,-15,0.0152680799084008
0.9765,0.471829967093171,-15,0.0152781700279069
0.977,0.711897107531284,-15,0.0152881028874687
0.9775,0.952119058752735,-15,0.0152978809362473
0.978,1.19249339829233,-15,0.0153075065967077
0.9785,1.43301775862294,-15,0.0153169822363771
0.979,1.67368980192413,-15,0.0153263101930759
0.9795,1.91450721926901,-15,0.015335492775731
0.98,2.15546775164672,-15,0.0153445322433533
0.9805,2.39656916922242,-15,0.0153534308257776
0.981,2.63780927177497,-15,0.015362190723225
0.9815,2.87918590136511,-15,0.0153708140936349
0.982,3.12069693006155,-15,0.0153793030649385
0.9825,3.36234026185369,-15,0.0153876597331463
0.983,3.60411383464512,-15,0.0153958861603549
0.9835,3.84601561732707,-15,0.015403984377673
0.984,4.08804360975417,-15,0.0154119563852458
0.9845,4.33019584211496,-15,0.0154198041528851
0.985,4.57247038221028,-15,0.0154275296127897
0.98500000001,4.57247038705698,-15,0.015427529612943
0.98500000001,4.57247038705698,-15,0.015427529612943
0.9855,4.81291239049704,-15,0.015187087609503
0.986,4.99999999998762,-1.85731430235592e-07,1.85743812330941e-10
0.9865,5,0,-0
0.987,5,0,-0
0.9875,5,0,-0
0.988,5,0,-0
0.9885,5,0,-0
0.989,5,0,-0
0.9895,5,0,-0
0.99,5,0,-0
0.9905,5,0,-0
0.991,5,0,-0
0.9915,5,0,-0
0.992,5,0,-0
0.9925,5,0,-0
0.993,5,0,-0
0.9935,5,0,-0
0.994,5,0,-0
0.9945,5,0,-0
0.995,5,0,-0
0.9955,5,0,-0
0.996,5,0,-0
0.9965,5,0,-0
0.997,5,0,-0
0.9975,5,0,-0
0.998,5,0,-0
0.9985,5,0,-0
0.999,5,0,-0
0.9995,5,0,-0
1,5,0,-0
1,5,0,-0
